:100000000040022011EE04003F910200FFD60100E3
:1000100043E4010093A6010043E4010043E401002E
:1000200043E4010043E4010043E40100D1A70400DC
:1000300043E4010043E40100919603006D7E040057
:1000400043E4010043E4010043E4010043E4010010
:1000500043E4010043E4010043E4010043E4010000
:1000600043E4010043E4010043E4010043E40100F0
:1000700043E4010043E4010043E4010043E40100E0
:1000800043E4010043E4010043E4010043E40100D0
:1000900043E4010043E4010043E4010043E40100C0
:1000A00043E4010043E4010043E4010043E40100B0
:1000B00043E4010043E4010043E4010043E40100A0
:1000C00043E4010043E4010043E4010043E4010090
:0800D00043E4010043E40100D8
:0800D800000000000000000020
:1000E000A9CC00002C1F00004906040003000000FA
:1000F00003000000030000000300000000000000F7
:10010000ABCC0000522100004906050003000000AE
:1001100003000000030000000300000000000000D6
:10012000ACCC0000B51F0000490608000300000029
:1001300003000000030000000300000000000000B6
:1001400009C00000C32100000504040003000000F2
:100150000100000003000000030000000000000098
:100160000AC000009E2100000704040003000000F4
:100170000100000003000000030000000000000078
:1001800023C00000B42000000506040003000000A6
:100190000300000003000000030000000000000056
:1001A0002BC00000DC2000000E060400030000004D
:1001B0000300000003000000030000000000000036
:1001C000ADC00000052300002D0604000300000060
:1001D0000300000003000000030000000000000016
:1001E000AFC000007B2200002D06040003000000C9
:1001F00003000000030000000300000002000000F4
:10020000ACC00000E42200002B0604000300000044
:1002100003000000030000000300000000000000D5
:10022000AEC00000C12200002B0604000300000045
:1002300003000000030000000300000002000000B3
:10024000A8000000082700000E06050003000000BB
:100250000300000003000000030000000000000095
:10026000AE000000E82600000506050003000000BF
:100270000100000003000000030000000000000077
:100280008C000000A1270000050405000300000009
:100290000000000003000000030000000000000058
:1002A0008D00000084270000070405000300000003
:1002B0000000000003000000030000000000000038
:1002C000A5C00000162C00002D060500030000004C
:1002D0000300000003000000030000000000000015
:1002E000A9C00000782B00002D06050003000000C7
:1002F00003000000030000000300000002000000F3
:10030000A4C00000482C00002B06050003000000DC
:1003100003000000030000000300000000000000D4
:10032000A8C00000932B00002B060500030000006E
:1003300003000000030000000300000002000000B2
:1003400037C000002C210000050608000300000053
:100350000100000003000000030000000000000096
:1003600035C000005822000005040800030000000A
:100370000100000003000000030000000000000076
:1003800036C000009E2200000704080003000000A1
:100390000100000003000000030000000000000056
:1003A00000000000BF270000000000000000000067
:1003B000000000000000000000000000000000003D
:1003C00071400021DB4000219D40002109410021B6
:1003D00015410021214100213941002151410021D5
:1003E000DB420021074C657900F009F8617969402A
:1003F000490703D50121044A8903116070BD70B516
:100400000249084780030021081104402D590000CB
:1004100000F019F8E1B26C290BD0042801D00628AD
:1004200007D110490978C90703D12178090700D4F9
:1004300002200D490A780C21114202D00B4980227A
:100440000A6003B0F0BDF0B583B009490847002049
:1004500008498847044801784022914301700648C2
:1004600000470000C80000213301002100E200E045
:1004700041160300F7630000231B030000F088F817
:1004800000480047577F000000F088F80048004708
:100490001B880000094B1A780824A243002800D0CA
:1004A00022431A70004A1047838E000003490878DF
:1004B000000701D402480047704700008003002174
:1004C0005F7E0000044A28209047044801214160D3
:1004D0000348044A416010474F4200000050044066
:1004E0000060044085420000F8B50149084700005B
:1004F0000D64000070B51F4D2878C4B21E488047B7
:100500002878032834D1032C32D01C488068400D51
:10051000C2071A48014660318030002A03D01F24E8
:100520000C57458802E01E240C570588002C1FD06C
:100530001348154A416900794143481011494969F6
:10054000401810494039497F90474005401569429D
:1005500088420DDBA8420BDC0C4B996988B202463D
:10056000090C624309045212801880B20843986152
:1005700070BD0000E4020021794100002800002144
:100580008003002100030021CB8100004040044093
:10059000806B0C490007000F48717047094A0A49EF
:1005A00018235079CB56497EC018814201DD084698
:1005B00002E00F2800DD0F20D1890909090101435C
:1005C000D1817047E00200218800002110B501466A
:1005D0002B4B2C4800E020BF42699207FBD12948F1
:1005E000DA7A403000680B2A01D100F043F810BDE0
:1005F0002022521A9040244A00BA9369434021486D
:1006000000E020BF42699207FBD488001F494018D0
:10061000C3631C4840300360704710B5194800E0C0
:1006200020BF42699207FBD4426B174B9869504038
:100630005A8AD40701D00124604052085A822022ED
:10064000511A88400F4900BA4031086010BD10B5FA
:100650000446FFF749FF0C49097C8909C80708D0FF
:100660000B48E10701D00B4900E00B4901620B493F
:10067000416210BD2022511A884000BA7047000024
:10068000600100210020044028000021C021044016
:1006900080030021A74200217D4200215942002110
:1006A0002D2D2D2D2D424547494E2043455254496D
:1006B0004649434154452D2D2D2D2D0D0A4D4949B7
:1006C00042627A434341525543464873582F614F23
:1006D0002F38736B5A2F334E4151727A5139353757
:1006E000482F614E5A4D416F4743437147534D3434
:1006F0003942414D434D413078437A414A0D0A42D7
:10070000674E5642414D54416B4E424D4349594408
:100710007A41774D4441774D5441784D4441774D6E
:10072000444177576867504F546B354F5445794D66
:100730007A45794D7A55354E546C614D474D780D5B
:100740000A437A414A42674E5642415954416B5AD4
:100750004A4D51307743775944565151494441529B
:1007600050645778314D5130774377594456515141
:100770004844415250645778314D5130774377594E
:10078000440D0A5651514B444152305A584E304D47
:100790005130774377594456515144444152305A6D
:1007A000584E304D5267774667594A4B6F5A4968E1
:1007B00076634E41516B4246676C305A584E305109
:1007C00048526C0D0A633351775754415442676362
:1007D00071686B6A4F5051494242676771686B6A32
:1007E0004F50514D4242774E43414152494A306841
:1007F0005664596D507354466D5933676C56417A3F
:1008000045366452450D0A36567033724555777138
:100810004B71664D614A577678643845737A614DFD
:1008200050365055776E346270724D6B5550526D24
:1008300049535465385431374B385A5352693867E5
:10084000756E374D416F470D0A43437147534D3421
:100850003942414D43413067414D4555434951432C
:100860007451776E56656D776C49556F58654D5A62
:10087000315745334A486A39584149627867326C82
:100880007765524A39315861560D0A5667496744AF
:10089000796674362B474633753331566D546C6A1E
:1008A000544D415A5A63434E5258445030654E6835
:1008B000612B674230546C4768593D0D0A2D2D2D30
:1008C0002D2D454E442043455254494649434154F9
:1008D000452D2D2D2D2D002D2D2D2D2D42454749FA
:1008E0004E2043455254494649434154452D2D2DF0
:1008F0002D2D0D0A4D4949424C7A434231714144F4
:10090000416745434168516F6F44744232444657D2
:100910004673446C6B5679654B4C6B6B4671323742
:100920007654414B42676771686B6A4F505151442E
:10093000416A414E0D0A4D51737743515944565106
:10094000514445774A4451544169474138774D44B1
:1009500041774D4445774D5441774D4441774D465D
:100960006F59447A6B354F546B784D6A4D784D6AA8
:100970004D314F5455350D0A576A414E4D517377DD
:10098000435159445651514445774A445154425A6F
:100990004D424D4742797147534D34394167454780
:1009A00043437147534D34394177454841304941BC
:1009B0004247305A4142442B0D0A67384E7663391C
:1009C0004B4270772F6148686F696D394B72717A4D
:1009D0004F59503571546D5A67533875784D2F659E
:1009E0007165414A36767253697657465432667855
:1009F00048757A58472B796676730D0A6F504E67A3
:100A0000424A68762F594E684D394B6A4544414FEA
:100A10004D41774741315564457751464D414D42EF
:100A200041663877436759494B6F5A497A6A30456E
:100A30004177494453414177525149670D0A434B2D
:100A400030302F574E71724C7A537437517475731E
:100A50007467624C2B6B6962584275574665594200
:100A60006A55357950626148454349514438614679
:100A7000775074322F6F584C4F53613767420D0ACD
:100A8000396E7770413172736D7A434A4C766238B1
:100A90006F7578513375685862673D3D0D0A2D2D8D
:100AA0002D2D2D454E44204345525449464943413E
:100AB00054452D2D2D2D2D000008000000000000B4
:100AC0000000080400000000FFFFFF000C11000000
:100AD0000000000000001D110000000000000000E8
:100AE0002E010F000000FF0000002F010000000099
:100AF000FF000000300100000000FF000000310195
:100B000000000000FF0000003201000000000300B0
:100B10000000330100000000030000003401000069
:100B2000000001000000350200000000FFFF00008F
:100B3000370200000000FF00000039020000000042
:100B4000FF0000003B0200000000FFFF00003D022C
:100B500000000000FFFF00003E0100000000010057
:100B600000003F0100000000010000004001000003
:100B7000000007000000412000000000000000000D
:100B8000610200000000FFFF000063080000000099
:100B9000000000006B080000000000000000730867
:100BA00000000000000000007B08000000000000C2
:100BB00000008302050000005802000085010000CB
:100BC000000010000000860200000000010000008C
:100BD000880200000000010000008A0200000000FE
:100BE0000A00000000F5960300001DD8030002CFA4
:100BF000CC0000007F02050001CFCC0000007F0286
:100C0000050003AD520200007F02050004690005E3
:100C100000046300050000CFCC0000017500050052
:100C2000016F000500017F020500017F0205000140
:100C30007F02050000E1090400017F020500017F39
:100C400002050001CFCC0000017F020500017F02F8
:100C500005000275000500026F000500027F020515
:100C60000000E1090400027F020500027F02050086
:100C7000029DCD0300027F02050002CFCC000004DC
:100C800063000500027F0205000375000500036F85
:100C900000050003CFCC000003CFCC0000037F028F
:100CA000050003AD520200037F02050000E10904C4
:100CB00000037F020500037F020500037F02050099
:100CC0000475000500046F00050004CFCC0000048B
:100CD000CFCC000004CFCC000004CFCC0000049D9A
:100CE000CD0300047F02050004CFCC0000046300A4
:100CF000050000E10904007061655F6B65797300B0
:100D00000080808080808080808090909090908013
:100D100080808080808080808080808080808080D3
:100D200080180404040404040404040404040404F3
:100D30000402020202020202020202040404040487
:100D40000404434343434343414141414141414101
:100D50004141414141414141414141410404040477
:100D600004042323232323232121212121212121A1
:100D700021212121212121212121212104040404D7
:100D800080000000000000000000000000000000E3
:100D90000000000000000000000000000000000053
:100DA0000000000000000000000000000000000043
:100DB0000000000000000000000000000000000033
:100DC0000000000000000000000000000000000023
:100DD0000000000000000000000000000000000013
:100DE0000000000000000000000000000000000003
:100DF00000000000000000000000000000000000F3
:100E000000000FAC982F8A4291443771CFFBC0B5D8
:100E1000A5DBB5E95BC25639F111F159A4823F92C5
:100E2000D55E1CAB98AA07D8015B8312BE8531241E
:100E3000C37D0C55745DBE72FEB1DE80A706DC9BDF
:100E400074F19BC1C1699BE48647BEEFC69DC10F8B
:100E5000CCA10C246F2CE92DAA84744ADCA9B05CC7
:100E6000DA88F97652513E986DC631A8C82703B08A
:100E7000C77F59BFF30BE0C64791A7D55163CA0698
:100E800067292914850AB72738211B2EFC6D2C4DA4
:100E9000130D385354730A65BB0A6A762EC9C28192
:100EA000852C7292A1E8BFA24B661AA8708B4BC228
:100EB000A3516CC719E892D1240699D685350EF452
:100EC00070A06A1016C1A419086C371E4C77482709
:100ED000B5BCB034B30C1C394AAAD84E4FCA9C5B7F
:100EE000F36F2E68EE828F746F63A5781478C884D0
:100EF0000802C78CFAFFBE90EB6C50A4F7A3F9BEB2
:100F0000F27871C6982F8A4291443771CFFBC0B5F1
:100F1000A5DBB5E95BC25639F111F159A4823F92C4
:100F2000D55E1CAB98AA07D8015B8312BE8531241D
:100F3000C37D0C55745DBE72FEB1DE80A706DC9BDE
:100F400074F19BC1C1699BE48647BEEFC69DC10F8A
:100F5000CCA10C246F2CE92DAA84744ADCA9B05CC6
:100F6000DA88F97652513E986DC631A8C82703B089
:100F7000C77F59BFF30BE0C64791A7D55163CA0697
:100F800067292914850AB72738211B2EFC6D2C4DA3
:100F9000130D385354730A65BB0A6A762EC9C28191
:100FA000852C7292A1E8BFA24B661AA8708B4BC227
:100FB000A3516CC719E892D1240699D685350EF451
:100FC00070A06A1016C1A419086C371E4C77482708
:100FD000B5BCB034B30C1C394AAAD84E4FCA9C5B7E
:100FE000F36F2E68EE828F746F63A5781478C884CF
:100FF0000802C78CFAFFBE90EB6C50A4F7A3F9BEB1
:10100000F27871C60097B92EE5725CCB5DCAE473C5
:10101000B82F0196BA2D03945FC8E671E7705EC9D8
:101020000295BB2CE3745ACD0691BF28BE290790C8
:101030005BCCE27559CEE077BC2B05920493BD2AB8
:10104000E17658CF51C6E87FB4230D9A0C9BB522A8
:10105000E97E50C7EB7C52C50E99B720B6210F9898
:1010600053C4EA7DB2250B9C57C0EE79EF7856C188
:101070000A9DB324089FB126ED7A54C355C2EC7B78
:10108000B027099EA2351B8C47D0FE69FF6846D168
:101090001A8DA334188FA136FD6A44D345D2FC6B58
:1010A000A037198E41D6F86FA4331D8A1C8BA53248
:1010B000F96E40D7FB6C42D51E89A730A6311F8838
:1010C00043D4FA6DF3644ADD1681AF38AE39178028
:1010D0004BDCF26549DEF067AC3B15821483AD3A18
:1010E000F16648DF1087A93EF5624CDB4DDAF46308
:1010F000A83F1186AA3D13844FD8F661F7604ED9F8
:101100001285AB3C000136360101000102010001ED
:101110000301000104010606080400000C0100346C
:101120000D01000F10040101140100FF160800005A
:1011300020020000220100FF23010001240100FE23
:1011400025010008260200002801000129010001F4
:101150002A0200002C01000F2E02000030010001C5
:1011600031010008320200FF34010014350102FF92
:10117000360100003701000138010001390100FF8C
:101180003A01000F3C0200FF3E01010F3F01000148
:101190004001041F41010001420100FF43010080A2
:1011A000440800004E0100084F01000F50010001EB
:1011B000510100FF5201000A53010089540100014E
:1011C000580400005C040000600400006404000097
:1011D000680400006C040000700400007404000047
:1011E000780400007C040000800100FF8101000100
:1011F0008201000183010102840100012D2D2D2DAA
:101200002D424547494E20454320505249564154AE
:1012100045204B45592D2D2D2D2D0D0A4D4863434D
:1012200041514545494F784F7131784C2B487635BF
:101230006867365A673431705658706B6A4C546B15
:101240005A78587242484A63457854554D416674FD
:101250006F416F4743437147534D34390D0A41770E
:1012600045486F5551445167414553436449565869
:10127000574A6A3745785A6D4E344A56514D784F21
:101280006E55524F6C61643678464D4B69716E7A7B
:1012900047695672385866424C4D326A442B0D0AE3
:1012A0006A314D4A2B4736617A4A4644305A69457D
:1012B0006B3376453965797647556B5976494C706D
:1012C0002B773D3D0D0A2D2D2D2D2D454E442045CE
:1012D000432050524956415445204B45592D2D2D00
:1012E0002D2D002F55736572732F646965676F73B9
:1012F0006D6163626F6F6B2F74692F73696D706CB2
:10130000656C696E6B5F6363313378785F636332FA
:101310003678785F73646B5F385F33325F30305F8D
:1013200030372F736F757263652F74692F74695F1F
:10133000776973756E66616E2F6D6265645F706F3D
:1013400072742F6D6265646E616E6F737461636B2E
:1013500032746972746F732F6E616E6F7374616330
:101360006B2F6E616E6F737461636B2D68616C2D92
:101370006D6265642D636D7369732D72746F732F65
:101380006E735F68616C5F696E69742E63007800CC
:10139000020000001029000003000000B82900002E
:1013A00004000000602A000005000000D8280000AA
:1013B000060000008029000007000000282A000025
:1013C0000E0000002C2900000F000000D4290000AE
:1013D000100000007C2A00002B000000F428000010
:1013E0002C0000009C2900002D000000442A000071
:1013F00048000000D02A000049000000EC2A00004C
:101400004A000000482900004B000000F0290000BD
:101410004C000000982A00004D00000064290000E4
:101420004E0000000C2A00004F000000B42A00000B
:10143000000000000000000019000500E990040011
:101440003539010000000000DDBB040009A60300DF
:101450007D2C030000000000119104007D2D03008D
:10146000F55A02002800000061A80400F987030073
:1014700099E202003E000000316C040079C50300CF
:10148000653804004C00000061E30400010304001F
:1014900089AB0200900000005995030055760300C7
:1014A000253B03005C000000DD58040069A6030032
:1014B00029C60300980000000D7D0400C1760300DA
:1014C000D1C50300B0000000FFFFFFFFFFFFFFFFDB
:1014D000000000000000000000000000000000000C
:1014E00000000000000000000000000000000000FC
:1014F00000000000000000001400000000000000D8
:1015000000000000000001010000000000000000D9
:1015100000000000000000000000000000000000CB
:1015200000000000000000000000000000000000BB
:1015300000000000000000000000000000000000AB
:101540000000000000000000000000780008020019
:10155000FFFF0A00E436000003000000E22D000057
:10156000212F000000010000C83600000300000029
:1015700004320000BA34000004000000C436000049
:1015800003000000572F0000B42E000000080000E8
:10159000CC360000030000003A2E00007A2F000035
:1015A00020000000A3340000090000004F2E0000BE
:1015B000C82B000000000100D0360000030000002E
:1015C000AE2B0000252E00000800000000000000E7
:1015D000000000000000000000000000000000000B
:1015E000360001000600000000000000000F0000AF
:1015F00000000000000000000000000000000300E8
:10160000FFFF00000403FFFF0000FFFF0F00E803DF
:101610000005401F0610000101000000FF3F0F0001
:1016200008000E0000000000000000000300010F91
:1016300000000901000000000000000000000000A0
:10164000000000000000000000000000000000009A
:10165000000000000000000000000000000000008A
:10166000AD000001000000007F7F7F7F7F7F7F7FD4
:101670007F7F7F7F7F7F7F7F7F7F7F7F7F7F7F7F7A
:101680007F7F7F7F7F7F7F7F7F7F7F7F7F7F7F7F6A
:101690007F7F7F3E7F7F7F3F3435363738393A3B17
:1016A0003C3D7F7F7F407F7F7F0001020304050672
:1016B0000708090A0B0C0D0E0F1011121314151642
:1016C0001718197F7F7F7F7F7F1A1B1C1D1E1F200D
:1016D0002122232425262728292A2B2C2D2E2F3082
:1016E0003132337F7F7F7F7F0000000000000000E9
:1016F000201C000000000000403800000000000036
:101700006024000000000000807000000000000065
:10171000A06C000000000000C048000000000000B5
:10172000E05400000000000000E1000000000000A4
:1017300020FD00000000000040D900000000000073
:1017400060C5000000000000809100000000000063
:10175000A08D000000000000C0A9000000000000F3
:10176000E0B50000000000006E616E6F737461638D
:101770006B4E6574776F726B48616E646C65723A1C
:1017800020434F4E5F5354415455535F474C4F4293
:10179000414C5F55502C204950202530327825305F
:1017A00032783A25303278253032783A253032781E
:1017B000253032783A25303278253032783A253063
:1017C0003278253032783A25303278253032783AFE
:1017D00025303278253032783A253032782530324B
:1017E00078006E616E6F737461636B4E6574776FB2
:1017F000726B48616E646C65723A20434F4E5F5362
:1018000054415455535F4C4F43414C5F55502C202D
:1018100049502025303278253032783A25303278D8
:10182000253032783A25303278253032783A2530F2
:101830003278253032783A25303278253032783A8D
:1018400025303278253032783A25303278253032DA
:10185000783A253032782530327800054906010083
:1018600089050200000000000000000000000000E8
:1018700021D20400F1DF0400D5200300D1F50400DB
:101880005901050053010500D7DB040000000000EA
:10189000470105006D320300E9CF0300DDB204000B
:1018A00051200300FDE4040031690200195E0100CB
:1018B000E56D03003DB3040000000000790B040057
:1018C00009D20400EDD602008E0000008E00010057
:1018D0008E0002008E0003008F0000018F000002C6
:1018E0008F0000038E0001048E0000058E000804A6
:1018F0008E00000489000006500000007F000100F7
:101900003F0004003F0002003F0001007F00020092
:101910008E0002048E0001028E0001019934000045
:10192000090000006D320000E036000001000000F8
:10193000A435000007000000403200002232000001
:10194000020000005036000005000000C435000011
:10195000C43100000300000000000000000000008F
:10196000000000000000000000000000BC35000086
:1019700007000000D4310000B4310000040400006E
:10198000FA34000008000000452F0000D92E0000A6
:1019900005040000CD34000008000000C72E000040
:1019A000FD2E000006040000000000000000000002
:1019B000000000000000000000000000EDDE040058
:1019C00031E904008596030021E90400D7F90400F9
:1019D0004B0005004500050000000000000000006D
:1019E00000000000000000000000000000000000F7
:1019F0000000000075F4040069F40400C003000056
:101A000080070000000F0000001E0000003C0000E6
:101A10000078000000F0000000E0010000C00300BA
:101A20000080070000000F0000001E0000003C00C6
:101A3000000078000000F0000000F000383333357B
:101A40004443313633424231323442363531323911
:101A500043393646444539333344384437323341C9
:101A600037304141444338373344364435344137C5
:101A7000424230440057692D53554E2073746163C0
:101A80006B2076657273696F6E3A2025732C205730
:101A9000692D53554E2070726F746F636F6C207692
:101AA000657273696F6E3A2025730049EF0000007C
:101AB000000000000000000000000000000E000018
:101AC00000000103150300000515010400000002D9
:101AD0001504000615020000000000803F6E616ED4
:101AE0006F737461636B4E6574776F726B48616E70
:101AF000646C65723A20434F4E5F535441545553C2
:101B00005F444953434F4E4E4543544544001E01E4
:101B10000738000000000000000000000001210361
:101B20000F000001540798E00800C810604E012023
:101B3000930399050500000000000000000000006C
:101B4000073800000000000000000000000141060E
:101B50000F000001560798E00800C810B04D0120A2
:101B60009803CC0805000000000000000000000001
:101B70000738000000000000000000000001B10470
:101B80000F008001580798E00800C810CC4B0120D6
:101B90009303CC08050000000000000000000000D6
:101BA0000738000000000000000000000001810C68
:101BB0000F000002580798E00800C810EC4D012003
:101BC000980333070500000000000000000000003B
:101BD000073800000000000000000000000141067E
:101BE0000F000002580798E00800C8108C4F012031
:101BF000960300080500000000000000000000003F
:101C0000073800000000000000000000000161092A
:101C10000F0000035B0798E00800C8101C4F01206C
:101C200093033307050000000000000000000000DF
:101C300007380000000000000000000000019101D2
:101C40000F008000500798E00800C810184C0120D1
:101C5000640399030500000000000000000000007C
:101C60000738000000000000000000000001210310
:101C70000F008000520798E00800C8103C4A01207D
:101C80009603990505000000000000000000000018
:101C9000043800000000000000000000000188F986
:101CA0004E90550000000000FF0710580000FC0196
:101CB0000000000000000000000000000000000024
:101CC000043800000000000000000000000188F956
:101CD0004E90550000000000FF0710580000FC0166
:101CE00000000000000000000000000000000000F4
:101CF000043800000000000000000000000188F926
:101D00004E90550000000000FF0710580000FC0135
:101D100000000000000000000000000000000000C3
:101D2000043800000000000000000000000188F9F5
:101D30004E90550000000000FF0710580000FC0105
:101D40000000000000000000000000000000000093
:101D5000043800000000000000000000000188F9C5
:101D60004E90550000000000FF0710580000FC01D5
:101D70000000000000000000000000000000000063
:101D8000043800000000000000000000000188F995
:101D90004E90550000000000FF0710580000FC01A5
:101DA0000000000000000000000000000000000033
:101DB000043800000000000000000000000188F965
:101DC0004E90550000000000FF0710580000FC0175
:101DD0000000000000000000000000000000000003
:101DE000043800000000000000000000000188F935
:101DF0004E90550000000000FF0710580000FC0145
:101E000000000000000000000000000000000000D2
:101E1000040000002C360000F10205001BFC040049
:101E2000A59F0400C3CC04000000000000000000D7
:101E3000ED02050089D304008DE5040091E0040063
:101E4000020000000D220000F1020500B9D30400D9
:101E5000391E0400EBE50300000000000000000054
:101E6000ED020500A1D304009FE5040091E0040009
:101E70000300000038360000F102050025F10400DF
:101E80000000000000000000000000000000000052
:101E9000ED020500A1D304009FE5040091E00400D9
:101EA0006E616E6F737461636B4E6574776F726B86
:101EB00048616E646C65723A20434F4E5F535441E3
:101EC0005455535F434F4E4E454354494E47004C83
:101ED00069627261727920696E666F207C2044614C
:101EE00074653A2025732C2054696D653A2025735A
:101EF0002C2056657273696F6E3A202573006E61EF
:101F00006E6F737461636B4E6574776F726B48614B
:101F10006E646C65723A20434F4E5F535441545582
:101F2000535F474C4F42414C5F555000544C532D2A
:101F300045434448452D45434453412D5749544852
:101F40002D43484143484132302D504F4C59313395
:101F500030352D534841323536004AEE000000003E
:101F6000000000000000000000000000000E000063
:101F7000000001051501050000000215040006150A
:101F8000020000000000803F6E616E6F7374616339
:101F90006B4E6574776F726B48616E646C65723AF4
:101FA00020434F4E5F5354415455535F4C4F434170
:101FB0004C5F555000544C532D45434448452D50DB
:101FC000534B2D574954482D4348414348413230E3
:101FD0002D504F4C59313330352D53484132353621
:101FE0000041EF00000000000000000000000000C1
:101FF00000000003150300000515010400000002A5
:102000001504000615020000000000803F417373B4
:10201000657274696F6E206661696C65642C202836
:102020002573292C2066696C652025732C206C692A
:102030006E652025640A0049EF00000000000000E2
:102040000000000000000000000E0000000001037E
:1020500015030000051501040000000215040080AE
:102060003F2578004FFE04008D000500C16004008C
:102070003DB2040041E90300C1D10400E93F03007F
:102080008DE90300A5F40400612D0200F134000085
:10209000080000008F3400008F34000003000000AF
:1020A0000000000000000000000000000000000030
:1020B00000000000544C532D45434448452D4543F2
:1020C0004453412D574954482D4145532D31323801
:1020D0002D4342432D53484132353600544C532D45
:1020E00045434448452D45434453412D57495448A1
:1020F0002D4145532D3132382D47434D2D53484105
:102100003235360042EE0000000000000000000002
:102110000000000000000005150105000000021588
:1021200004000615020000000000803F544C532DAF
:1021300045434448452D50534B2D574954482D4154
:1021400045532D3132382D4342432D5348413235CA
:102150003600544C532D50534B2D574954482D4362
:10216000484143484132302D504F4C59313330357E
:102170002D534841323536004AEE00000000000081
:1021800000000000000000000000000E0000000041
:10219000010515010500000002150400803F544CA4
:1021A000532D45434448452D45434453412D5749FC
:1021B00054482D4145532D3235362D4342432D533E
:1021C000484100544C532D45434448452D45434414
:1021D00053412D574954482D4145532D3132382D07
:1021E0004342432D5348410066657463685F6E65E2
:1021F000696768626F725F64657461696C733A20C5
:102200004E554C4C20706F696E74657200454300EA
:1022100001000000010000000000000000000000BC
:1022200000000000010000000100000001000000AB
:102230000100000041EF000000000000000000006D
:102240000000000000000315030000051501040054
:10225000000002150400803F544C532D4543444870
:10226000452D50534B2D574954482D4145532D3141
:1022700032382D4342432D53484100544C532D4591
:10228000434448452D45434453412D574954482D17
:102290004145532D3235362D43434D2D3800544C96
:1022A000532D45434448452D50534B2D57495448D1
:1022B0002D4145532D3235362D4342432D53484150
:1022C00000544C532D45434448452D454344534108
:1022D0002D574954482D4145532D3132382D434314
:1022E0004D2D3800544C532D45434448452D45430E
:1022F0004453412D574954482D4145532D313238CF
:102300002D43434D00544C532D45434448452D45E2
:10231000434453412D574954482D4145532D32359F
:10232000362D43434D00FFFF3052012080490120EC
:10233000301C00000C2D0000E8240000B01D00003F
:10234000A028000000000000405201208049012028
:10235000601C0000242D000008250000E01D000086
:10236000BC28000000000000D0510120804901205D
:10237000101B00007C2C000028240000901C000092
:10238000F827000000000000E051012080490120F2
:10239000401B0000942C000048240000C01C0000DA
:1023A0001428000000000000F051012080490120A5
:1023B000701B0000AC2C000068240000F01C000022
:1023C0003028000000000000005201208049012058
:1023D000D01B0000C42C000088240000201D000039
:1023E0004C2800000000000010520120804901200C
:1023F000A01B0000DC2C0000A8240000501D0000E1
:1024000068280000000000002052012080490120BF
:10241000001C0000F42C0000C8240000801D0000F7
:1024200084280000000000000338000000000000C5
:102430000000000082010810140000840000000069
:102440004E9055000000000003380000000000001E
:102450000000000082010810140000840000000049
:102460004E905500000000000338000000000000FE
:102470000000000082010810140000840000000029
:102480004E905500000000000338000000000000DE
:102490000000000082010810140000840000000009
:1024A0004E905500000000000338000000000000BE
:1024B00000000000820108101400008400000000E9
:1024C0004E9055000000000003380000000000009E
:1024D00000000000820108101400008400000000C9
:1024E0004E9055000000000003380000000000007E
:1024F00000000000820108101400008400000000A9
:102500004E9055000000000003380000000000005D
:102510000000000082010810140000840000000088
:102520004E90550000000000000000000000000078
:10253000000000000000000000000000000000009B
:10254000000000000000000002000000C1020500C1
:1025500021E5040000000000C9020500C5020500D5
:10256000E1D2040033E50400020000000000000096
:102570000000000000000000DFFB0400DFFB04009F
:1025800011D3040045E5040009000000000000002C
:102590000000000045DC040069C3040069C30400B6
:1025A00029D3040057E504000900000000000000E2
:1025B000000000000000000085C3040085C3040083
:1025C00041D3040069E504000000000000000000A1
:1025D000FFFFFFFF000000000000000004000000FB
:1025E0000800000000000000FFFFFFFF00000000E7
:1025F00000000000000000003A013A010000000065
:1026000000000000000000000200000000000000C8
:10261000000000000000000025FC040025FC040070
:10262000DDCC0400B1E50400020000000000000061
:102630000000000000000000F9E50400E7E50400E8
:10264000D9D404000BE604004B60D2273E3CCE3BBD
:10265000F6B053CCB0061D65BC86987655BDEBB37D
:10266000E7933AAAD835C65A96C298D84539A1F404
:10267000A033EB2D817D0377F240A463E5E6BCF83F
:1026800047422CE1F2D1176BF551BF376840B6CB0A
:10269000CE5E316B5733CE2B169E0F7C4AEBE78E06
:1026A0009B7F1AFEE242E34F512563FCC2CAB9F395
:1026B000849E17A7ADFAE6BCFFFFFFFFFFFFFFFFF9
:1026C00000000000FFFFFFFFFFFFFFFFFFFFFFFF16
:1026D000FFFFFFFF000000000000000000000000FE
:1026E00001000000FFFFFFFF544C532D50534B2DB2
:1026F000574954482D4145532D3132382D434243DB
:102700002D53484132353600544C532D50534B2DE8
:10271000574954482D4145532D3132382D47434DAB
:102720002D5348413235360042EE000000000000D3
:102730000000000000000000000000051501050079
:10274000000002150400803F2D2D2D2D2D42454700
:10275000494E2045432050524956415445204B454F
:10276000592D2D2D2D2D002D2D2D2D2D454E442057
:1027700045432050524956415445204B45592D2D33
:102780002D2D2D00544C532D50534B2D574954484B
:102790002D4145532D3235362D4342432D5348416B
:1027A00000544C532D50534B2D574954482D4145FF
:1027B000532D3132382D4342432D53484100FF0001
:1027C00004000000080000001000000000000000ED
:1027D000040000000800000010000000400D03008D
:1027E000801A0600C0270900A086010090D00300CF
:1027F00000350C00804F120005380000000000007A
:1028000000000000000000000000000000000000C8
:10281000000000000538000000000000000000007B
:1028200000000000000000000000000000000000A8
:10283000053800000000000000000000000000005B
:10284000000000000000000000000000053800004B
:102850000000000000000000000000000000000078
:10286000000000000000000005380000000000002B
:102870000000000000000000000000000000000058
:10288000000000000538000000000000000000000B
:102890000000000000000000000000000000000038
:1028A00005380000000000000000000000000000EB
:1028B00000000000000000000000000005380000DB
:1028C0000000000000000000000000000000000008
:1028D0000000000000000000050200008000000071
:1028E000B4330000100000000000000010000000E1
:1028F000482500002B08000080000000C0330000C5
:102900000C0000000100000010000000682500001D
:102910000201000080000000CC3300000000000035
:102920000000000010000000482500000E06000016
:1029300080000000203400000C00000001000000B6
:1029400010000000082600004A0B00008000000074
:102950005B340000000000000000000010000000D8
:10296000282600004D0C000080000000E433000029
:1029700000000000000000001000000028260000F9
:1029800006020000C00000006C33000010000000D0
:102990000000000010000000482500002C08000086
:1029A000C0000000A83300000C000000010000007F
:1029B000100000006825000003010000C0000000B6
:1029C00008340000000000000000000010000000BB
:1029D000482500000F060000C000000090330000F2
:1029E0000C0000000100000010000000082600009C
:1029F0004B0B0000C000000050340000000000003D
:102A00000000000010000000282600004E0C00000E
:102A1000C00000004434000000000000000000007E
:102A2000100000002826000007020000000100003E
:102A3000143400001000000000000000100000002E
:102A4000482500002D08000000010000843300002C
:102A50000C000000010000001000000068250000CC
:102A600004010000000100003834000000000000F4
:102A700000000000100000004825000010060000C3
:102A8000000100009C3300000C0000000100000069
:102A900010000000082600004C0B000000010000A0
:102AA000663400000000000000000000100000007C
:102AB000282600004F0C000000010000D833000061
:102AC00000000000000000001000000028260000A8
:102AD0004807000000010000D63400000C00000090
:102AE000000000000100000088250000490A0000E5
:102AF000000100000F2F00000C000000000000008B
:102B000001000000A82500006E616E6F73746163A0
:102B10006B4E6574776F726B48616E646C65723A68
:102B2000202578002D2D2D2D2D424547494E20433F
:102B3000455254494649434154452D2D2D2D2D00D4
:102B40002D2D2D2D2D424547494E204345525449A8
:102B50004649434154452D2D2D2D2D002D2D2D2D34
:102B60002D424547494E2050524956415445204B2D
:102B700045592D2D2D2D2D00544C532D50534B2D9B
:102B8000574954482D4145532D3235362D43434D39
:102B90002D3800544C532D50534B2D574954482D2C
:102BA0004145532D3132382D43434D2D3800696452
:102BB0002D63652D63657274696669636174655020
:102BC0006F6C6963696573004E65747363617065EA
:102BD0002043657274696669636174652054797015
:102BE00065002D2D2D2D2D454E4420505249564126
:102BF0005445204B45592D2D2D2D2D002D2D2D2D9E
:102C00002D454E442043455254494649434154457D
:102C10002D2D2D2D2D00544C532D50534B2D5749F8
:102C200054482D4145532D3235362D43434D002D0B
:102C30002D2D2D2D424547494E2058353039204302
:102C4000524C2D2D2D2D2D00544C532D50534B2DCA
:102C5000574954482D4145532D3132382D43434D6A
:102C6000001A1B2A2B034A4B051A1A1A1A1A1A1A87
:102C70001A1A1B2A2B034A4B050C5A9E0308000004
:102C800000000000000000000001930300000000AD
:102C90000000000003080000000000000000000029
:102CA0000001980367E60000000000000308000030
:102CB0000000000000000000000193033433000016
:102CC00000000000030800000000000000000000F9
:102CD0000001960367660000000000000308000082
:102CE000000000000000000000019803CDCC0000AF
:102CF00000000000030800000000000000000000C9
:102D00000001930300000000000000000308000021
:102D1000000000000000000000016403000000004B
:102D20000000000003080000000000000000000098
:102D30000001960334330000000000000300170078
:102D400000010000853400000000000000000000C9
:102D5000000000006D616C6C6F63206661696C65DA
:102D60006420696E2061737365727400FF00000057
:102D70000000000080A90300FF0000000000000028
:102D800080A9030000000000000101010100000112
:102D900001000000000000000000002D2D2D2D2D51
:102DA000454E4420583530392043524C2D2D2D2D81
:102DB0002D0000005061697277697365206B657939
:102DC00020657870616E73696F6E0050726F632D4D
:102DD000547970653A20342C454E4352595054452D
:102DE000440069642D63652D6261736963436F6E8E
:102DF00073747261696E7473000100700050000496
:102E000000030060000200000005000600070063E8
:102E10006C69656E742045415020656E63727970EF
:102E200074696F6E00436572746966696361746585
:102E300020506F6C69636965730069642D63652D4B
:102E40007375626A656374416C744E616D65006987
:102E5000642D6E657473636170652D63657274743F
:102E6000797065000000000041910200D9D1040092
:102E7000010101000000000002000000000000004D
:102E800000000000FFFFFFFF000000000100000045
:102E90000000000000020000000000000000000030
:102EA000000108011001200140018001000200041E
:102EB000FEFFFFFF457874656E646564204B65799D
:102EC0002055736167650065636473612D7769746C
:102ED000682D5348413235360045434453412077ED
:102EE00069746820534841323234007061655F660E
:102EF00072616D655F636F756E7465720045434402
:102F00005341207769746820534841323536004375
:102F1000484143484132302D504F4C5931333035C0
:102F200000426173696320436F6E73747261696EEE
:102F30007473007061655F6672616D655F636F7564
:102F40006E7465720065636473612D776974682DB2
:102F50005348413232340069642D63652D657874BD
:102F60004B657955736167650030313233343536DE
:102F7000373839414243444546005375626A6563B8
:102F80007420416C74204E616D650020202020204B
:102F900020202020202020202020200025735B4995
:102FA0004E464F5D5B252D34735D3A200030313243
:102FB00033343536373839616263646566002573AA
:102FC0005B455252205D5B252D34735D3A20003005
:102FD00031323334353637383961626364656600BF
:102FE00025735B444247205D5B252D34735D3A2099
:102FF00000FF0300000000000000000000000000CF
:10300000FCFF0100000000000000000000000000C4
:1030100001FF0100000000000000000000000000AF
:1030200002FF02000000000000000000000000009D
:1030300001FF02000000000000000000000000008E
:1030400002FF02000000000000000000000000007D
:103050001A00000000000000000000000000000056
:1030600001FF03000000000000000000000000005D
:1030700001FF03000000000000000000000000004D
:1030800002FF05000000000000000000000000003A
:10309000020000000000000000000000000000002E
:1030A000000000000200000000000000FFFFFFFF22
:1030B000000000000200000000000000FFFFFFFF12
:1030C000000000000200000000000000FFFFFFFF02
:1030D00000000000FF0300000000000000000000EE
:1030E000000000FDFF0200000000000000000000E2
:1030F000000000FDFF0500000000000000000000CF
:10310000000000FD18450120841600200017002053
:10311000FFFFFFFF500B00206C2D0000D40B0020A0
:10312000782D0000B7210000B7210000FD2100002C
:10313000FE2100000001020300010103000102035F
:10314000FF030303000000FF00010103000102036D
:10315000FF030303F0000000FFFFFF0FFFFFFF0F5F
:1031600000080000600000000A0000000C000000E1
:10317000000000000000000000000000000000004F
:10318000000000006B65795F73747267655F696E3C
:10319000646578007365727665722066696E69731E
:1031A00068656400636C69656E742066696E697336
:1031B000686564004543445341207769746820532F
:1031C000484131004543206B657920666F72204588
:1031D0004344480065636473612D776974682D53B7
:1031E000484131006B65795F73747267655F696E22
:1031F00064657800AEC00000000000000000000020
:103200000000000069642D63652D6B65795573615D
:103210006765006B65795F73746F726167655F30B6
:10322000300047656E65726963204543206B6579A0
:1032300000576953756E496E746572666163650007
:1032400069642D65635075626C69634B6579000034
:103250006B65795F73746F726167655F3030006DA5
:103260006173746572207365637265740072736153
:10327000456E6372797074696F6E006B6579206555
:103280007870616E73696F6E00000000FF020000CD
:103290000000000000000001FF000000496E69749A
:1032A00020436F756E74657200000000FF0000001F
:1032B0000000000000010000A0060000FC1100005A
:1032C00000000000D708000000000000000000001F
:1032D000843500008C35000094350000401E00004D
:1032E000701E0000101E0000F6230000F9230000ED
:1032F000F823000000000000000000000000FFFFB5
:103300000000000000000000000000006420000039
:10331000D43E01209C350000FF0001005BCC04007E
:103320000700000000000000000000000A0000008C
:10333000000000000000000000000000C8010000C4
:103340006D0405006191040000000000D903040031
:103350000D910300F1BE030011CB040019FD030021
:103360000014000212101110101111104145532DBC
:103370003139322D434243004465632031382032D5
:10338000303235004145532D3235362D43434D0003
:103390004145532D3139322D47434D004145532D81
:1033A0003235362D47434D004145532D3139322DAD
:1033B00043434D004145532D3132382D43424300A4
:1033C0004145532D3132382D43434D004145532D56
:1033D0003132382D454342004145532D3235362D8B
:1033E0004B5750004145532D3132382D4B5750002B
:1033F0007061655F6E775F696E666F007061655FB3
:103400006E775F696E666F004145532D3139322DFD
:10341000454342004145532D3235362D434243004A
:103420004145532D3132382D47434D0054495F52A9
:1034300046447269766572004145532D3235362D0A
:10344000454342004145532D3139322D4B575000F1
:103450004145532D3139322D4B57004145532D31C4
:1034600032382D4B57004145532D3235362D4B57B1
:10347000000100000000060700000A01010104002D
:1034800000010002027365637032353672310073D9
:103490006563703235367231002A864886F70D0131
:1034A0000101006086480186F84201010000000029
:1034B000416E6F6E796D6F7573004B657920557332
:1034C0006167650031393A33383A3337002A864824
:1034D000CE3D040302004348414348413230002BB3
:1034E00006010505070804002B0601050507080469
:1034F000002A8648CE3D030107002A8648CE3D04B7
:103500000301007061655F6B657973002C4A0120CF
:10351000304A0120FE8000000000000098380120A1
:1035200026230000D43C012027230000E8170020B8
:10353000BE270000A6A6A6A6A6A6A6A62130000025
:1035400001300000AEC000000000000001020003D6
:1035500002000103010102020304040545002300E7
:1035600037001B00000000000000000000040810ED
:10357000000408100000050038006401FF0000008E
:10358000000000007236000004144000E135000025
:10359000051C4000EF3500000620400000800A00B6
:1035A000004000002A8648CE3D020100546D722082
:1035B0005376630065636B65792E51002A8648CE89
:1035C0003D04010069642D6563444800040810004F
:1035D000040810286E756C6C290077735F746C7327
:1035E00000534841323234001B5B306D0A0D0053EA
:1035F000484132353600040A10000006FFFF000182
:103600008000260012000C00810040002A00020009
:1036100006000200000000FFFE00000000C6D4D437
:103620000B007017010A0B000B00010345434453C4
:103630004100312E312E300045435F4448001B5B72
:1036400033336D001B5B33316D001B5B33396D0011
:103650002B8104010C001B5B39306D0025642E2585
:103660006400312E362E3200551D200000312E30E0
:103670002B00534841310049444C45007273736933
:10368000006D61696E003938414100686561700004
:10369000A65959A6000000002200010044000100C4
:1036A00000BE020800000000000208103545251584
:1036B0000C0E0811000105090001341E35F4040048
:1036C00055040300551D2500551D0F00551D110003
:1036D000551D20002F2575002E2564006C656400A3
:0C36E00052534100551D1300090000006A
:0836EC0044000100220001006E
:103700002DE9F04F99B0D84E0446406806F528657B
:1037100010282F4600F06C80A06B002867D0204650
:1037200039F0AEFE0746002862D160680F285ED8E7
:10373000DFE810F0100012006200A300A900F00002
:103740003901500156019C0114021A02200226027E
:103750002C022E0201200DE322689069002800F05F
:103760001B8292F87600A06092F87700E06092F8F1
:103770007400E0B392F87510B2F87820D4F8A090F5
:10378000C2F3400209F104034CF01FFDA56B4CF09D
:103790004CFD00BA05F5E8711C22C5F8CC01206883
:1037A000D0E906309847074610BBA16B09F1060027
:1037B000202201F5E6714CF07DFD606B0069102858
:1037C00005D3202803D8A16BD1F8501201B90020ED
:1037D000002189F8260009EB0106884200F00082EA
:1037E000626B0A440131127D86F82720F3E72F46E9
:1037F000384619B0BDE8F08F4CF035FB074600287D
:10380000F6D1606F162840F0E781D4F8800006F505
:1038100000772A28C0F0BC84D4F86CA09AF8000085
:10382000022840F0B58420680AF1040804F10C096C
:103830004346B0F8781004F10800C1F3400249464D
:103840004CF086FA2168A26806F5506C91F8763043
:103850009A420EDBD9F8003091F87700834208DBFA
:1038600091F87400824204DC91F87500834240F3C1
:10387000A5834622674600F08CBC204619B0BDE8FF
:10388000F04F0EF067BAA06B0121D0F8C45120466A
:1038900014F0C0F807460028AAD1606F162840F03F
:1038A000F681E06E01780C2940F0E881AA7A011DCA
:1038B0001891D4F88010531F032B0CD8062921DB54
:1038C0008388A1F1060C1FBABCEB174F1AD35BBA61
:1038D00003440633189306F5786B082A00F26B83CD
:1038E000012303FA02F212F48C7F00F03C8200EB19
:1038F000010AA06B18A95246043040F0DBFD0028F5
:1039000000F0D982204602212F2242F0D9FE06F192
:1039100080076DE7A06BD0F8C401807A0A2800F216
:10392000AB814BF0C0FB00F0A7814CF09CFA07463E
:1039300000287FF45DAF606F162840F0A8816168B1
:10394000E06E0131616001780D39B1FA81F14FEA21
:103950005111C4F8B81040F0A281D4F880100429A5
:103960001CD90279931D994218D9E568032D0BD112
:103970001518C35C6D7943EA05231A44D31D994297
:103980000CD902F108030232C35C1044407943EAC7
:10399000002010440730814200F0ED814CF08EF899
:1039A00006F5807724E74CF05EFA074600287FF49E
:1039B0001FAF606F162840F06F81D4F88000042894
:1039C00004D1E06E00780E2800F0D2814CF076F839
:1039D00037460DE7204619B0BDE8F04F23F084B814
:1039E000A06BD0F8C451A97A0A2900F2D88001222C
:1039F00002FA01F111F4C36F00F0D1802168D4F80C
:103A0000A0200430D1E906310432CDE9003107A904
:103A10004FF47A733AF02CFA074600287FF4E8AEA8
:103A20002068A26B8023D0E90610CDE90010101D9C
:103A300002F5E47102F503722DF002FE074600283C
:103A40007FF4D6AE0426079916203144C4E9290133
:103A5000D4F8A00010210170606801306060204639
:103A600033F0DCFB0746C3E68084FFFFA06BD0F891
:103A7000C45100201890204622F062FB074600281F
:103A80007FF4B6AEA87A0A2800F272814BF00BFBE5
:103A900000F06E81D4F8B800002800F06981A56BB1
:103AA00015B1D5F8440120B92068C06C002800F099
:103AB0005F810068002800F05B81204649F0FCFD32
:103AC000002800F04A81D5F8B83107A917AA204686
:103AD0009847E068032840F04381A06BD4F8A01019
:103AE000D0F8C401457A0420072D08BF05200871CD
:103AF000204649F0E1FD4BF023F9D4F8A010002650
:103B000017964871204649F0D7FD2168D4F8A020C7
:103B1000D1E90631083218AF0496072DCDE9002708
:103B2000CDE9023118BF062507AA0023294636F041
:103B30004BFC074600287FF45BAE1899D4F8A00030
:103B40000A0A8271D4F8A000C17101F1080016219F
:103B5000C4E92910D4F8A0000F217CE7204619B051
:103B6000BDE8F04F49F0D8BD204619B0BDE8F04F90
:103B70002FF06CBD204619B0BDE8F04F3AF0C8B93F
:103B8000204619B0BDE8F04F27F08CBA0F20F1E0C5
:103B900020463EF02BFEEEE006F5F06728E62846CC
:103BA0004BF01BFB06F5786700283FF421AED4F8F4
:103BB0000080404649F018FF00283FF419AED8F8BD
:103BC0006C006FF48052A0F6FB710790914280F078
:103BD000A88006F58C570BE606F590670A22D8E216
:103BE0002068E16806F1290B4FF000084FF0000A49
:103BF00050F821703868F0B149F03AFD0546206868
:103C0000214690F8753090F87720284645F090F9D5
:103C100078B9284648F022FD39684AEA000A08F1D6
:103C20000108090A8BF8001039688BF801100BF1B4
:103C3000020B0437DEE74FF47F400BF10603ABF8CD
:103C4000000008F101004100C00986F827000120AA
:103C500086F82810ABF80200216891F87500032857
:103C600027D1D4F8A0008D6D002100F5805055F8C3
:103C70001120C2B10231FAE706207BE0A87A40F0B9
:103C80000200072803D10120C4F8880070E0204614
:103C900002210A2242F014FD06F59067A8E50120F2
:103CA000C4F8880067E0984203D3C01A06318842FE
:103CB00063D24FF00008BAF1000F00F0C280206814
:103CC000D4F8A01003EB080506270693D0F85CA0F3
:103CD00001F580569AF8000040B149F081FC0028B7
:103CE00000F0988002370AF1010AF3E7AE42C0F013
:103CF0009180701B0595B842C0F08C8020680BEB5A
:103D0000080A0627C56D2878002875D00AEB070633
:103D100049F066FCC17802370135B1718078F071E5
:103D2000F1E7D4F8A010020A0A71D4F8A010487183
:103D30002068D4F8A030D0E91A12981D4CF0BAFAD5
:103D40002168AA7AC86E861D082A39D0052A7FF410
:103D50004FAD00200521079046E006F5B06747E526
:103D600006F5786744E512F0A00F5F463FF440ADDA
:103D700060680130606000273AE500264FF00308D4
:103D8000069355F8160040B10BEB06074BF02CFAE2
:103D900087F80D8038730236F3E74FF45060069BC6
:103DA00006F106088BF80B60ABF80600300A8BF8BA
:103DB0000A00B01C8BF80900000A8BF808007AE7AB
:103DC000D1E90631D4F8A020A76BCDE9003140F647
:103DD000FA7132440B1A381D07A93AF049F8074620
:103DE00000287FF405ADA97A204624F089FE074615
:103DF00000287FF4FDAC26E6B81F0BD0059A4FF4DF
:103E000020615071000A11801071381FD070000AB3
:103E1000907000E00027D4F8A020069B07EB080074
:103E2000191802F580528A4202D3521A062A01D288
:103E3000002104E001228A80E14A0A60062101EBA8
:103E400000082068B0F8780010F4E07F0AD0D4F8B9
:103E5000A01003EB080001F58051814202D3091A3A
:103E600005291DD2002010EB080005D001BA184426
:103E7000090CABF8041001E00BF104001621A0EBD3
:103E80000900C4E92910D4F8A0000121017060687C
:103E900001306060204619B0BDE8F04F33F0BEB984
:103EA0004FF0012101602168B1F87810C1F382114F
:103EB00001710520D7E7A06B0779384649F090FBE0
:103EC00000283FF41FAD2046394648F0ABFB0028E0
:103ED0007FF418ADA87A053810F1030FFFF448AF4E
:103EE000E0685F4603287FF483ACDDF8609006F15C
:103EF000800709F10200504500F29580E06E0690BF
:103F000099F800004AF00CFF002800F08C808046F1
:103F1000189840784BF016FC0028059000F083803C
:103F20002046414648F08CFB00287CD1189802308E
:103F30001890284649F0A8FB0599814273D118983A
:103F4000AAF10201884200F2238130F8025B29BA0B
:103F50001890AAEB1141884240F01A810698031D7F
:103F6000A9EB0300CDE9000807A917AA20462FF006
:103F700004F8074600287FF43BAC606B406ED0B17C
:103F800000F1CC07059938464AF0BAFE002800F047
:103F90001981DDE9173168BA00220292CDE90010DB
:103FA00007AA3846414639F041FA00283FF4E0AE0E
:103FB00007463322EDE05F46FFF71ABCA06B0AF11B
:103FC0000601202200F5F6704CF074F99AF826B03C
:103FD000BBF1200F00F2DC80D4F880000BF12B0144
:103FE000884212D90BEB08014FF0FF33C98C0ABA93
:103FF00003EB1242032AC0F0CB8091FA91F90BEB4C
:1040000009012C31884207D0C2E00BF12A01884215
:1040100040F0BE804FF000090BEB080090F825102F
:1040200019B106F530672F22B3E0B0F8230046BA85
:10403000304649F01DFBA16BC1F8C401A06BD0F85C
:10404000C411002900F0AB8020464AF0D5F8D4F81E
:1040500038C0DCF8501211B3BBF1000F1FD0626BF7
:104060009168B1421BD1D168C9B91169594516D1BE
:104070000AF1270114325B460D781078A8420ED160
:10408000013B02F1010201F10101F5D10C20606058
:10409000204622F055F8D8B15022074679E06068F2
:1040A000002501306060CCF850524CF0BEF8626BD5
:1040B000C2E900010AF127015A46606B8660606B15
:1040C000C560606BC0F810B0606B14304CF0F2F853
:1040D0002068E16850F8211008680028A3D0626BBE
:1040E000043192689042F7D149F0C2FAE268214661
:1040F000134644F01DFF002895D1606B00214FF658
:10410000017E4FF0010CC1600AEB0B0004212C3042
:10411000B9F1000F46D0428813BA01EB1346B145FE
:1041200036D355BA028812BA120C012A0BD00B2AC8
:1041300016D0724523D1012D46D10279002A43D1F0
:10414000C4F8C0C01BE02822012D22D12368B3F897
:104150007830C3F38213E3B1027993420FD033E096
:10416000B5B10279531CAB4212D1451D62B315F8AB
:10417000013B013A012BF9D8A26BC2F8E030A9EB60
:1041800006093044A9F10102032AC1D2FFF730BB6E
:1041900032222046022142F093FAFFF729BB502237
:1041A0002F46F6E7D4F8C00000287FF4E4AD20687D
:1041B000B0F8780000F0300020287FF4DCAD03E098
:1041C000000B000206F568672822E2E72DE9F04FB0
:1041D000C7B083468A4691F9190017461E46DBF898
:1041E000581191F933208242C8BF81F833009AF800
:1041F000000000F00300032845D1584601210122A8
:104200000BF5AC782EF076FF022E03D3022E21D0D0
:10421000032E38D1BFB3D8F80000D0F84C0B441CA3
:1042200031D0798978681AAA45F09EF858B39DF87C
:10423000685020464BF0B8F8A84224D14DB11B98E5
:1042400010F8012B14F8011B91421CD109B1013D5A
:10425000F6D1DEB1398938680AAA42F061FD90B121
:104260007989786803AA1BF0C7FF60B103A8594693
:104270003AF0F6F838B19DF80F0000F03800172832
:1042800098BF032E27D947B0BDE8F08F00203FF03C
:10429000CBFA90B101203FF0C7FA0028DAD1BAF882
:1042A0000200DFF82C2800210529D3D002EB4103BE
:1042B00001315B8A9842F7D1E5E7BAF80200DFF8EE
:1042C000102800210329DED002EB410301319B8934
:1042D0009842F7D1BEE7DFE806F0021D466E584669
:1042E00003214BF0F1FE1AADB42128464BF000FE3D
:1042F000798978682A4638F0CBFA06467989786851
:1043000013AC224627F052F9002800F0CE809DF829
:104310004D00CFE0584602214BF0D6FE4BF0DFFDBA
:1043200000F0A5809BF834001A2840F0A0804BF0E4
:1043300038FC4A0700F19B80DFF894271278012AA5
:1043400040F0958041F0040180F8021BD8F800107D
:1043500001F11E00283147F0C0FED8F8000000210E
:1043600080F826108FE0584605214BF0ADFE9BF8F3
:10437000340000283FF487AF09283FF484AFD8F811
:104380000010BAF80200B1F8001B451A18BF012549
:104390003989386813AA41F0A5FB04467868798901
:1043A00011AA44F0F5FF002800F0678184F00100B5
:1043B00040EA050462E1584604214BF085FE4AF0CC
:1043C0004FFB7FF460AF0AF104041AAA5846002399
:1043D000214613F0A1FE78B11B9DDAF81C200AA932
:1043E000234628464BF01CFED8F8000003A900F62F
:1043F0000442284620F0E2FE9BF834001A280FD130
:104400004BF06DFD0CD0DBF86C0121464BF088FBC6
:1044100030B1007DC02803D35846002136F066FE37
:104420004BF05DFD00F08C809BF834001A2840F0C2
:1044300087804BF0B6FBCA0600F18280DFF8902639
:104440001278012A7CD141F01001002480F8021B6F
:10445000D8F80000A0F8044BD8F8001001F10A00C9
:10446000283147F03AFED8F8000084740BE7D8F8FA
:10447000001001F11E00283147F020FED8F800009E
:1044800014304BF06DFADFF84C169BF834000978C5
:1044900000295ED0002873D1BBF8320015286DD3F7
:1044A0000120142143F045FF66E000208DF84E0006
:1044B000ADF84C009BF82C1086F00106032918BFBC
:1044C00000281AD0042818D88DF87200DDF84F00A3
:1044D0009DF84C109DF84E20CDF87500DDF8530086
:1044E0008DF873108DF8742004F10B011022CDF8B3
:1044F000790005F115004BF0DDFE9DF86E000121FD
:104500009DF82420002300F00200202A81EA5000B8
:104510009DF80F1088BF012301F0C0018039B1FA66
:1045200081F14909194008439BF83410304309B11F
:1045300009293ED100287FF4A6AEBAF8023044E043
:10454000D8F800004BF00CFAD8F800104BF093FAB2
:1045500099E6A8B9584648F0A3FA02280ED8DBF825
:104560005801048DBBF83200B0EB440F06D900208F
:10457000214643F0DEFE2044ABF832009BF83400C5
:104580001A287FF480AE4BF0AAFC3FF47CAEDBF837
:104590006C010AF104014BF0C3FA00283FF473AE3A
:1045A000007DC028FFF46FAE5846002136F09EFD16
:1045B00069E6D8F80010BAF80230B1F8001B591AB1
:1045C00018BF012108437FF45EAEDFF80C65584642
:1045D0000521326831F080F80AF1040758460122BB
:1045E00039462BF047FB002800F0DD800446DDE96A
:1045F0000A011C22C4E9330104F1D40003A94BF0E1
:1046000059FE9DF80F008009022873D0012840F060
:104610008B80019704F1F807112138464BF068FCB4
:1046200094F8E8C0D4F8EC604FF0010902945FEA16
:104630000C6069D030464BF053FE0446B01C4BF082
:104640004FFE029A043692F8E810A1F1010C82F8AC
:10465000E8C00022802AEAD8A24201D3824202D9CD
:10466000824208D9E3E7D50802F00703795D09FA29
:1046700003F3194379550132ECE701244AF020FA9B
:1046800078B9D8F800003A89396800F5356037F014
:1046900099F9D8F8000079687A8900F5356028F032
:1046A00034FFDFF8309499F8080040B179897868D0
:1046B00048F0F5FC064610B900260124FFE7798989
:1046C00078681AAA1AF0AEF800283FF4DCAD002C86
:1046D0007FF4D9AD4BF003FC40F08A800AF104016D
:1046E0000CAA58460023002413F016FD002840F0C1
:1046F000388156E108999DF8242004F1F800C4F8A7
:10470000E8004BF0D7FD0FE0029C11200221F24E91
:1047100084F8EC0094F8D700C4F8E87061F39F10B7
:1047200084F8D7001AAD019F1A98A17FA0619DF867
:104730006E0001F0C40100F03B000844A0779DF832
:104740007200411E032914D8BDF8731084F82200AA
:10475000DDF875001022A4F82310DDF87910C4F8F4
:10476000250004F12D00C4F8291005F115014BF0C6
:10477000A1FDDAF81C00C4F8F000BAF802002081AC
:104780009AF81800A0749AF819002075DAE9010166
:10479000C4F80A003068C4F80E102146C4F8F400CA
:1047A000584626F04BFE9BF834001A2802D0062803
:1047B0007FF469ADBAF8023032685846022130F011
:1047C0008BFF4AF04DF97FF45EAD0020394600239F
:1047D000119011AA584613F09FFC20B11298BDF811
:1047E0006A10A0F858104BF07AFB12D103201EE09B
:1047F000D8F80000D0F8BC1A002900F09E80B0F86C
:10480000C01ABDF86C20914240F097804AF036FC07
:1048100039E5D8F80010BDF86830B1F8502B934254
:1048200005D101F11E004BF09BF89BF82C000328EA
:104830003FF429AD119800283FF425ADA7490A6837
:104840004968CDE90C21D0F80210D0F80600CDE976
:104850000E1081F002008DF838000CA9584641F086
:104860008AFA00283FF40FADD8F80000BDF86810B0
:10487000A0F8501BBDF86A10D8F80000A0F8521B31
:104880009DF86E00D8F8002000F0020192F8563B27
:1048900003F0FD03194482F8561B00F0010100F0FB
:1048A0003800D8F8002092F8563B03F0FE03194474
:1048B00082F8561BD8F8001091F8562B02F0C70268
:1048C000104481F8560B9DF87300D8F8001091F849
:1048D0005B2B90427FF6D7AC0022C1F85D2BD8F855
:1048E0000010C1F8612BD8F80010C1F8712BC1F885
:1048F0006D2BC1F8692BC1F8652B1022D8F8001078
:1049000081F85B0B9DF87410D8F8000080F85C1BF0
:10491000DDF87510D8F80000C0F85D1BDDF87910DF
:10492000D8F80000C0F8611B05F11501D8F80000A7
:1049300000F665304BF0BEFCA5E490F8021BC907F9
:1049400040F0A8800AF104040CAA5846012321462D
:1049500013F0E2FB00283FF496AC5846214646F09F
:1049600043FB0D9CDAF81C200AF104030AA9204637
:104970004BF056FBD8F8000003A900F6044220468D
:1049800020F01CFCDAF81C2013A9204649F098F806
:10499000D8F800001AA900F6044220461FF077F864
:1049A0000124D8F8001091F8020BC00730D0B1F8FC
:1049B000540BBDF84420904214D1B1F8040B18B93F
:1049C00001F10A004AF0CCFF002C3FF45CAC0C98DB
:1049D000007DC028FFF457AC0CA95846002221F0F6
:1049E00038FF50E44BF047F844B10C98007DC028E4
:1049F00004D30CA95846012221F02BFF4AF060F89D
:104A000000287FF440ACD8F800006421A0F8041B13
:104A10004BF065FA3FF437AC4BF0C3F8C90702D04E
:104A200090F82E1021B9584648F0C4FADBF8580126
:104A3000BDF84410A0F8541B99F8080050B158462E
:104A400031462EF0DBF99AF82B000138C1B25846F6
:104A500046F0ECFA4BF0A5F8CA077FF414AC41F02D
:104A6000010180F8021B0A20142143F062FCABF81C
:104A700032000CA95846012221F0EBFE9BF90D00F3
:104A800000213AF039FB0C98017D41F0C00101751D
:104A9000FFF7F9BB90F8561BC9073FF41FAEB0F8FB
:104AA000161CBDF86C208A423FF418AE01319142C9
:104AB0007FF4E9AB4AF0E2FADBF85801B0F8161CD3
:104AC000A0F8C01A584606214AF056FFFFF7DBBB94
:104AD0006C500120644C0120983E012014350000E8
:104AE0002DE9F04FADF5077DD0F8009006469B46C6
:104AF0001546869148464AF018FC4FF0000A09EB2B
:104B000000084FF0FF340027CDF814A2C14580F013
:104B1000D980839409F101048DF810A2CDE981AA0E
:104B200014F8010C002800F0CD80252805D0294676
:104B30003460D84701340137F2E73460859781AC9F
:104B40003146204600F0C3F82046314686AA00F0E0
:104B5000DAF830680178A1F168024FEA7202092A96
:104B60002AD84FF0FF34DFE802F0050E123232325D
:104B70001D3232210146819A11F8013F682B1ED166
:104B800042F400710BE0819941F4006111E00146AB
:104B9000819A11F8013F6C2B14D142F480718191FC
:104BA000023013E0819941F4005102E0819941F40F
:104BB00080510130819109E04FF0FF3407E042F06D
:104BC000200001E042F0400081900846017800F1A9
:104BD000010973298DF81012C6F8009022D0C24640
:104BE0006E292CD1819843F66071084020284AD064
:104BF00040284CD0B0F5005FD0464DD0B0F5007FD6
:104C00004ED0B0F5006F4FD0B0F5805F4FF0000A86
:104C100033D0B0F5807F30D18698FA1702C8C1E949
:104C200000722EE09DF8040240061DD4CDF800B0BD
:104C300081A886AA294685AB00F02BF93CE00DF14E
:104C4000060881A986AA404600F076F9909B0246A4
:104C5000404629469847411CD0464FF0000A18BFED
:104C600038448590074628E0CDF800B081A886AA90
:104C7000294685AB00F0A6F81EE0869850F8041B84
:104C80000F60869018E0869802C80F8002E0869830
:104C900002C80F60D0460CE0869802C80F6008E09A
:104CA000869802C80F7004E08698FA1702C8C1E916
:104CB000007286904FF0000A859F781C7FF426AF23
:104CC0004FF0FF3738460DF5077DBDE8F08F0A68D5
:104CD0001378202B0AD0232B0AD0302B0AD02D2B6F
:104CE0000AD02B2B18BF7047022306E0042304E0F0
:104CF000082302E0102300E0012301320A60026869
:104D00001A430260E3E7FEB50446086816460D46FE
:104D100003782A2B11D13068011D31600068B0F191
:104D2000FF3F606005DC40426060206840F00100A9
:104D300020602868471C2F6018E000210DF1020256
:104D4000303B092B07D843185F1C2F60475C5B780A
:104D500057540131F4E70023471853549DF80200DB
:104D600020B10DF102003CF0C7FF606038782E28BA
:104D700027D1781C28607A782A2A08D13068011D4A
:104D800031600068A060286801302860FEBD002006
:104D90000DF10201303A092A07D83A18931C2B600A
:104DA000537892780B540130F4E700220A549DF8AE
:104DB000020028B10DF102003CF09EFFA060FEBD94
:104DC000A260FEBD2DE9FE4F054610680C46011D90
:104DD000116007680C9AE7B3AE6898469146002EBA
:104DE00004D438464AF09CF8864203D338464AF049
:104DF00097F80646D5F804B00195B246B345C8BF4A
:104E0000DA46D8F80000CDF808805044C8F8000011
:104E1000B3450FDD01980078C0070BD1AAEB06055A
:104E20004FF00008A84505DA20202146C84708F1C0
:104E30000108F7E7DDF808800025B5420FDA57F8DA
:104E40002500B0F5807F1AD2C0B22146C84701358F
:104E5000F3E70020214603B0BDE8F04F1047B3450B
:104E600015DD01980078C00711D0AAEB06050026D1
:104E7000AE420CDA20202146C8470136F8E74FF051
:104E8000FF30C8F800003CF0D7FE58210160BDE8B3
:104E9000FE8F2DE9F84F054610680C46011D116084
:104EA00006680A9ACEB3AF689A469046002F04D49B
:104EB00030464AF03AFA874203D330464AF035FA90
:104EC0000746D5F804B00095B946BB45C8BFD946DA
:104ED000DAF800004844CAF80000BB450DDD009830
:104EE0000078C00709D1A9EB070A0025554504DA67
:104EF00020202146C0470135F8E70025BD4204DAED
:104F0000705D2146C0470135F8E7BB4503DD0098D9
:104F10000078C00706D1BDE8F88F00202146BDE823
:104F2000F84F1047A9EB07050026AE42F3DA202020
:104F30002146C0470136F8E72DE9FC4716464FF0F9
:104F4000000A0D46D1F8048040F2FD1120220446EB
:104F5000CDF800A04AF034FE04F5FE7084F8FDA1FF
:104F60000190287BA0F16301152900F29F800122A6
:104F70005E4B8A401A4200F08580694601AA2846A5
:104F8000334600F0B5F84FF0000A287BA0F16F011E
:104F90004FF0000909294AD8012202FA01F140F232
:104FA0004322114243D0287804EB08072646C00765
:104FB000019808D104F2FD116A682646091A914247
:104FC000DCBF791A4E1C411C304600224FF4FF739F
:104FD0004FF0000846F073FFBAF1000F01901CBFBC
:104FE00000F8018B0190B84207D8391A0138202205
:104FF00001314AF0E5FD002038702878C00605D45C
:10500000311B204620224AF0DBFD35E0A64233D09A
:10501000311B2046302230274AF0D2FD009850EA5A
:1050200009000FD1287840070CD4204610E05828FA
:10503000B9D02868009900F00209002941D00198F0
:105040002D214FE03178204600F8011B06F8017B46
:10505000297B41290CD0582905D0612908D078290D
:1050600001D0702908D12A78120701D4612903D10F
:10507000717841703020707020464AF056F95044E3
:10508000BDE8FC8791B93068011D3160006884F883
:10509000FC01C0B22968B0FA80F04FEA501A21F042
:1050A0000201296004F2FB1101916EE7252803D06B
:1050B00058283FF462AF69E7252020800120BDE831
:1050C000FC87B9F1000F09D1400704D501982021D0
:1050D00000F8011901904FF0000964E701982B21B5
:1050E0004FF0010900F8011901905CE742302400FB
:1050F000F8B50546806814460F46B0F1FF3F04DD61
:10510000286820F01000286001E00120A860287BBA
:105110001026582807D0782805D0702803D06F288B
:1051200014BF0A2608262846194600F053F8AA6834
:105130004AB950EA010206D12878000749D52B7BED
:105140000020002112E02B7B642B04D16423B1F1F9
:10515000FF3F0BDC04E0692B08D1002906D5692349
:1051600001223A600022404262EB01013246009483
:1051700000F0AAF83021AA68904205DA22680130CE
:10518000531E23601170F6E7287B582818BF782833
:1051900010D1297809070FD521684A1E702822608E
:1051A00008BF782008702068411E216030210170FE
:1051B000287B01E07028ECD06F280AD128780007FE
:1051C00007D520684178302903D0411E2160302165
:1051D0000170F8BD027B702A3FD0006843F660730F
:1051E0001840B0F5005F18BF402812D1A2F164004A
:1051F000142830D8012303FA00F0324B18422CD186
:1052000010F0210F27D00868021D0A600068C1173E
:105210007047B0F5807F26D0B0F5007F3CD0B0F568
:10522000006F20D0B0F5805FE0D02028DED1A2F161
:105230006400142808D8012303FA00F0214B184217
:1052400004D110F0210FDED1582A39D10868021D8F
:105250000A60008805E0582A32D10868021D0A60F9
:10526000006800217047A2F16400142808D80123C7
:1052700003FA00F0134B184204D110F0210F01D1B2
:10528000582A1DD10868073020F0070000F10802F5
:105290000A60D0E900017047A2F16400142808D820
:1052A000012303FA00F0074B184204D110F0210F3C
:1052B000A9D1582A04D10868021D0A600078D0E7F5
:1052C0000020CEE700081200F8B505461148124E3E
:1052D000582B069F144608BF064655EA010011D117
:1052E0003868421E3A60302202700BE0284622469F
:1052F00000F014F83A68531E3B6000FB1453054657
:10530000F35C137055EA0100F0D138684AF00DF8EB
:105310000138F8BD692F0000AD2F0000102A06D01B
:10532000082A09D1C00840EA4170C908704700093D
:1053300040EA01700909704719B9B0FBF2F0002189
:10534000704780B5002348F071FE80BD2DE9F04F15
:10535000ABB081467F48B9F1000F00F1800700F043
:10536000D1800E46002900F0CD8080461D461446AF
:10537000002049468B46C969A9B1DBF8501158464F
:105380000029F7D101204FF4AA714AF0B7F900289B
:10539000CBF8500100F0B5804FF4AA714AF0A8FD97
:1053A000DBF850A101E0DA4683460020BAF1000F95
:1053B000CDE914001690CDE91200CDE90E00CDE93B
:1053C00010000DD0CDE9176417A8311918AA4AF0BA
:1053D000A5FE38B14AF093FE5F48A0F5807885E0DD
:1053E000B84683E0DDE917014718B91BCAF8081071
:1053F000C5B1012001244AF081F90028CAF80C0047
:10540000179073D0DAF8082031464AF053FFCAF8F3
:105410000040DAF808101898179A081A571810441C
:10542000179004E00021CAF80C60CAF80010CAF80E
:10543000180017A818AA39464AF070FE28B1044689
:105440004AF05DFEA4F506584CE0DDE91710A023F4
:105450000E18DAF818003146301ACAF8140017A8E6
:105460001FAA43F049FB0AF11C0428B110F16201A4
:105470000ED10020206010E01F98179922460D18C9
:1054800017A829464AF074FD20B3A0F5085801E09A
:10549000A0F50658B8F1000F22D10AF1200217A892
:1054A000314639F091FD8046D0B90AF12C0517A894
:1054B00014AB31462A4649F04BFC804680B920683F
:1054C000002801D4032821D34AF019FE214800F511
:1054D00040780BE01798A842DFD0204800F54178CB
:1054E0004AF00DFEB8F1000F00F02283BBF1000F6F
:1054F0001CBF0020CBF85001CA4502D050464AF0EC
:1055000009F9474638462BB0BDE8F08F01300AF55F
:10551000A4720AF24913CAF81C000AF5A67000909A
:1055200014A928463DF0CEFE18B180464AF0E7FDAA
:10553000DCE7179831463023CAF8400017A818AAAC
:1055400043F0DAFA60B105464AF0D9FDA5F50658F0
:10555000C8E700BF80D7FFFF80DFFFFF96DAFFFFBD
:10556000DDE917100AF15002014417A81CF01AFDDA
:105570000028DAD1DAF8400017993023081A3146AA
:10558000CAF83C0017A81FAA43F0B6FA002800F09A
:105590006B82B0F51058A3D1179DCAF84C5017A8CC
:1055A00018AA31464AF0BAFD0028CCD1189840B16B
:1055B00017990AF17002014417A81CF0F3FC0028A7
:1055C000B3D11798DAF84C100AF1CC02CAF8C80027
:1055D000401A3146CAF8480017A824F0C1F800283C
:1055E000A3D1DAF8C810179ADAF81C00511ACAF8D1
:1055F000C41020F00101022909D10AF1D40217A830
:10560000314601233FF086F900288ED1206820F032
:105610000100022840F053820AF1E00217A8314647
:1056200002233FF077F900287FF47FAF206803283A
:1056300040F045821798B04200F041820AF1EC0236
:1056400017A8314603233AF01BFC804600287FF45C
:1056500047AF0AF5907007900AF58E7009900AF529
:10566000947006900AF1F80005900AF58470049091
:105670001BA804300C90DAE93C0108440D901798FF
:105680000D99884280F01682002030231D90CDE9CC
:105690001B00CDE9190017A80D991EAA43F02CFA9A
:1056A000002840F000821E98179906230C1817A8AE
:1056B0000C9A214643F020FA002840F0F48106209D
:1056C0001C991B9017981D9008442146179017A805
:1056D0001AAA3FF075FD10F1620102D0002840F0D7
:1056E000E28117A821461EAA042343F005FA0028E8
:1056F00040F0D9811E9817990844DA49A04201F177
:1057000004087FF4EDAE1BA819A93EF043FF20B1B9
:105710001A9817940028B2D00CE2D248DAF818117F
:105720006A300A901998084240F008820143042820
:10573000CAF8181149D008285DD020286AD0B0F5E1
:10574000803F74D0B0F5006F00F08480B0F5807FAA
:1057500040F08D8007980021302301600998016096
:1057600017A821461FAA43F0C7F900287AD1179835
:10577000A0423FF484AF17A8099A21463FF020FDCC
:1057800078B110F1620104D117A8099A21464AF0B4
:10579000EFFB002866D10998006810B10998012133
:1057A00001601798A0423FF46AAF17A8079A2146F4
:1057B0004AF0DEFB002855D11798A0427FF490AE46
:1057C000079908680130086059E7002021462190B8
:1057D000CDE91F0017A81FAA39F0A1FE002841D16A
:1057E0001F98002800F0AD81219A00210023002499
:1057F000CAF82411A8E017A821461FAA4AF08EFC77
:10580000D8B3A0F514500890DDF82080B8F1000F4F
:105810003AD134E717A821462AAA4AF07FFCE0B320
:10582000A0F51458B8F1000F3FF429AF58E6002056
:1058300021462190CDE91F0017A81FAA39F06FFE5D
:1058400080B91F98012840F07C81219800788AF85F
:10585000380114E717A8069A2146062340F0B8FE3F
:10586000002864D0B0F514583FF409AF1DE11A9830
:10587000002840F06A81179401E7179A1F98114693
:105880000B921118A14265D01A9800287FF428AE17
:10589000B04880453FF4F3AE22E62A98179D28448D
:1058A000A0427FF41DAE0598A5420B9080F0A68023
:1058B0001FA828214AF01CFB601B0128C0F2A5800C
:1058C00015F8010B21460890179517A829AA29F069
:1058D000ABF90028A4D1089800F0C000802840F05F
:1058E00098800B981FA91DF023F810F5025F039014
:1058F00003D00398002840F096800B98806860B130
:105900000B98C068002840F088800120102149F0E1
:10591000F5FE0B99C86008B982E00B980899016000
:105920001799299A8D18816042601795BCE7DAF8BB
:10593000300100287FF4A3AE03E1155D01348D40F2
:1059400008312B43CAF82431844238BF042CBFF4F9
:1059500096AEF2E7002897D0049D002008900B989F
:10596000A04273D217A821461FAA4AF0D7FB0028ED
:105970007FF447AF1F9817990623014417A80B918E
:105980001FAA43F0B9F800287FF43BAF17980390A3
:105990001F980428029005D170480399042245F00D
:1059A0007AF908B16B480890A86850B1E8680028F7
:1059B00052D10120102149F0A1FEE86000280546DF
:1059C0004DD0062028600298179968600398A86057
:1059D0001F9808440B99179088420BD217A80B996F
:1059E0001FAA4AF09BFB00287FF40BAF1F98179962
:1059F000084417900B998842B1D045E70B994FF0B6
:105A00000000C8603FF43BAE6AE5534800F10A0865
:105A100008E7514800F1080804E7DDF8288001E7AD
:105A20004D488046FEE6DAF804414CB1E568204670
:105A3000102148F0D7FB204649F06CFE2C46F4E7D5
:105A40000020DDF80C80CAF80401EBE64FF00000FE
:105A5000E8607FF419AFD7E6DDF8288014E73E4808
:105A6000804611E796DAFFFF1F9817990AF1900216
:105A70000D1817A8294613F085FC804600287FF4EE
:105A80002FAD0AF1A80217A8294613F07BFC804627
:105A900000287FF425AD1798A8423FF47EAD2E482C
:105AA00000F582781CE5A0F51458B8F1000F7FF4DA
:105AB00017AD04E003D0284800F1040810E517985A
:105AC000B04205D04AF01BFB234800F561780DE594
:105AD00017A80EAA11AB394649F03AF900287FF40D
:105AE00024ADDAF830200F9882420FD1DAF8340072
:105AF000109945F0D0F848B9159A1298824205D10C
:105B000052B11399169845F0C6F828B14AF0F7FA41
:105B10000F4800F50078E9E40AF59E7217A83946A7
:105B20003DF0B2FB00287FF400AD1798B842C9D110
:105B30000027E7E4084800F10808D1E4DDF82880F0
:105B4000CEE4054800F10608CAE402488046C7E4EE
:105B500080D7FFFF80DFFFFF96DAFFFF6836000087
:105B60002DE9F04F8BB0D0F834B00746BBF1000FF1
:105B70003CD03C4614F8090FFF2837D0B7F8760020
:105B8000400733D4B7F84000B7F84210081A13287A
:105B90002CDD3846062143F082FC20B1052001218E
:105BA0001BF004FD22E0B7F840003D1805F188091C
:105BB00048464AF0A1F9F88505F18A004AF09CF9B7
:105BC000788305F18C004AF0CAFA824605F190000C
:105BD0004AF0C5FA95F894203C2101EA9206B7F8FC
:105BE0004020B7F84210891AB14205DA38460BB0A6
:105BF000BDE8F04F3BF06AB80490601E3146099052
:105C000007F11C000790384649F07EFA99F80D50CC
:105C100009F10E004AF070F9B7F84210039005F050
:105C20000100C5F340080844B7F84010401A152E8B
:105C3000CDE90505CDF820A023D34FF40670143E1E
:105C400009F114090A9030041ED099F800000128C7
:105C5000054607D0C0B1B1B2022918D399F8015056
:105C6000022D14D3B1B2A94211D3022808BF042DCA
:105C700004D109F102004AF03FF90A90761BA944C9
:105C8000E1E74FF406700A904FF0000A01E04FF090
:105C9000010A059800234FF000094044059006983A
:105CA0000999079A00F01F06062028F0BDF905465D
:105CB00030B1A86910B1D0F8049001E04FF00009AC
:105CC000B9F1000F484618BF01200795099650EA20
:105CD0000A0024D14FF00009DFF830067D8BDFF891
:105CE00030860668BEB1707B40070ED5B069018D65
:105CF000A9420AD10830414647F0DAFA50BBB069F0
:105D00002146083047F0D4FA20BB542031464AF0EF
:105D100031FB0646E6E7079D099E4FF00009B9F101
:105D2000000F00F0CD8099F82C006FEA0A010138CD
:105D300018BF0120014200F0C3803846294647F0D1
:105D4000DBFA99F82C00032878D1102E68D271075D
:105D500071D54BE7099948073FF548AF102980F006
:105D6000328188077FF542AF304634F0BDFB002812
:105D70003FF43CAF8669804607F11D01102206F111
:105D800018004AF097FA06F10800214610224AF05E
:105D900091FA788B3085F88D7085F06B811C05D079
:105DA000013006D1DFF86C05007810B147F040FBF8
:105DB000F0633046494617F051FD0899002800F07D
:105DC0006B81C0F804B004469BF80C0030B9E08B3E
:105DD000B0F5967F84BF4FF49670E0830A98C4E9CB
:105DE0000811608303982083204641F0DBF94AF0D4
:105DF00077F92046012136F0FBFE002800F0C9812A
:105E0000122180F87410042184F82C1094F82B10BF
:105E100041F0010184F82B10214611F0BFFFBEE1D3
:105E2000D9F80C20049B06F00401934240F038811D
:105E3000002940F0F380B10700F1F88006F0170167
:105E4000022908BF0B2818D005F11C0048F0D9FC26
:105E50000146D9E90802121A9142C8BF0A4622EA4D
:105E6000E274002A12DD0119089EDDF81480013960
:105E7000884215D9B04215D835E0D9F820100898D5
:105E800049F05CFD00287FF427AFAFE6DDF8148011
:105E9000089E5FEA084108BF864240F0F18022E098
:105EA000B04201D88E421ED95FEA084200F0E88075
:105EB00016FA88F2013A88420FD9904210D812E0BF
:105EC000069840073FF592AE0F2E00F232810899F6
:105ED000059A142011FA82F18AE0904200F2D080F3
:105EE0008A4200F2CD80314642F062FCB8B1D9F866
:105EF0002000851B0998800707D506980136013DCB
:105F0000A8F1010800F01D000990280407D0A9B2EB
:105F1000384649F0F9F816FA85F6A8EB0508D9F8DD
:105F20002000B7F840200119B7F842003044801A29
:105F300042F03EFCB0B1D9F82020B7F84200B7F8E3
:105F40004030224431181A44891A099A401AA7F895
:105F5000420002F0010002F01E02A8EB0000A0EBDC
:105F6000010800E0099A500725D4900732D4D006E2
:105F700009927FF53BAE99F82C003446042810D1E5
:105F8000D9F80C00049981421DD103984946C9F8FB
:105F90001040A9F818000498C9F81400584643F0B6
:105FA00003F8D9F80800049942F002FC00285FD0F9
:105FB000254646468DE099F82C00411F04291ED243
:105FC000484670212FE004200021CDE90010002078
:105FD0000021B4E099F82C00042803D199F82B0093
:105FE000C0071ED1D00600F1A480142016FA88F153
:105FF000CDE90010484670213A460023A1E0A0F107
:106000000901022903D248464AF00CF9EEE50428BA
:106010007FF4ECAD99F82B00C00702D1484620214F
:1060200001E04846002146F03AF8DFE50A98089D6D
:10603000A9F81A004846C9E9085541F0B3F8102EEE
:10604000059E38D20420012189F82C00484636F0FC
:10605000CFFD50B1B96B044647F04EF912204946C6
:1060600084F87400204611F099FE4AF039F896E061
:10607000D9F80C10049842F09BFB002800F09180A6
:106080004AF02EF800244846002136F0B1FD49467A
:1060900011F084FE204656E040462AF095F9A5E529
:1060A00000297FF4A3AD042000213A46CDE9001079
:1060B0000020002145E0049C494620461FF007F8D7
:1060C00003984946C9E90454A9F81800584642F013
:1060D0006BFF5FEA064803D0D9F8200085423AD129
:1060E000B7F84000B7F8421081422FD099F82C0041
:1060F000053802282AD80798407B800619D44FF427
:1061000007603946B887079800F11C04204629F03B
:106110007FF8099810F0090F07D1204648F071FB6D
:106120000799096AB0EB510F1DDC079836F0A0F90A
:1061300019E004200021CDE9001048467021049B9D
:106140003A463BF059F90BB0BDE8F08F5FB149F02A
:10615000C7FF044608E04846002136F049FD49469D
:1061600011F01CFE42E500240998C00700F0AE8043
:1061700099F82C000438072800F2A880DFE800F026
:1061800004047B8DA6A6A6A40020A9F82800082058
:106190007BE020464AF046F840462AF015F90024F4
:1061A00078E7D9F81010204642F002FB48B9D9F838
:1061B0001000844219D1D9F81410049849F0BEFB9C
:1061C00098B103990498C9F81040A9F81810C9F8B3
:1061D000140051B9D9F80C000499814205D099F8FE
:1061E0002D0040F0020089F82D00D9F8080004992C
:1061F000814210D199F82D00810710D5002189F82E
:106200002A10039959B100F0FD0089F82D00484685
:1062100034F09AF903E0049849461EF058FF99F8C3
:106220002D00400701D4002005E0D9E90201401A01
:10623000B0FA80F0400999F82C10063905293FF68C
:10624000B7AE25464646DFE801F004030351485E39
:106250003FE700283FF4ACAE072089F82C000798F0
:1062600090F90D00B0F1FF3FD4BF4FF4FA70002059
:10627000A9F828009CE6D9E90201884211BF0A204A
:106280004FF4C860A9F828000B2089F82C00079863
:106290009BF90D1046F0A2FB18E04FF4C860079D73
:1062A000A9F828000B2089F82C0028469BF90D102E
:1062B00046F094FB9BF90D20002029460023009016
:1062C00060202DF037FB01E049F0B7FBB8F1000F7B
:1062D0003FF4E0AEB1B24846D7E600283FF468AEDE
:1062E00049F0ABFB0B2089F82C0061E600283FF455
:1062F000F0AE00209BF90D2000230090602007994C
:106300002DF018FB7FE649F098FBE2E604540120EB
:1063100074310000DF5401202DE9F04FCFB08946E1
:1063200011461F46164682462FF0E0FE804628B9E9
:106330005046394617F08EFE804618B140464FB0A1
:10634000BDE8F08FDAF83000E54980B1DAF83C00BA
:10635000599DCDF81C9060B107F10C000AF1340191
:106360002CF009F9002844D0B84600234AE08846BA
:10637000E4E722A845F0B2F90AAC204649F0D6F984
:106380002046394633F0F0FF8046002840F0458330
:1063900022A8394641F018FB8046002840F03D8392
:1063A000079801213EF0A2F88046002840F035838E
:1063B00007980021183009903EF098F88046002890
:1063C00040F02B8307980C3043F099F90AF104054B
:1063D00022AC204629462CF0CEF8002800F19F81FF
:1063E000204621462A462EF037FA80460028F0D073
:1063F00013E30AF128013846B8462CF0BCF8B0FA8D
:1064000080F04309DAF85C000422C109022988BF40
:106410000522D118884298BF02214C1E08912044C1
:106420000590B0FBF1F00990012000FA04F7002B71
:10643000069755D0DAF874B0BBF1000F50D046A8DB
:1064400049F074F943A849F071F90AF14C070021A9
:10645000384645F053F9012840F08E80304600213F
:1064600045F04CF9B0FA80F03146440946A833F0C3
:106470007BFF8046002840F0E38043A8394632463F
:1064800038F028F98046002840F0DA8046A843A971
:10649000224635F0B9FE8046002840F0D1800998A8
:1064A000079422AE00F101083046414649F020FD34
:1064B000002546AF0998854200F0A2800024089884
:1064C000A0420BD0099804FB0051384645F016F95C
:1064D000715DA040013408437055F0E70135E9E7EC
:1064E00038462421039349F009F900283ED0834619
:1064F0000025E8B2874207D900EBC0000BEB800013
:1065000045F0ECF80135F4E75846414641F05CFAB5
:106510008046002840F0C2800998099D4FF000098C
:106520004443A1452BD0B9FBF5F1012000FA01F25B
:1065300001FB1591D0B2C30053FA82F20BEB820734
:1065400041B9400800EBC0000BEB8001384641F038
:106550003BFA40B9504639463A460CF0F9F909F190
:1065600001090028DDD0DDF81C9006E05C484FF002
:10657000000B00F5007891E0594880468EE00698BF
:1065800001210022C4B222A8DDF81C90C9B2A142A8
:1065900008D201EBC10349000BEB830340F8223022
:1065A0000132F3E722A9504612F0BCFF80460028D2
:1065B00074D1ABF124070120C0B2A04280F0F38176
:1065C00000EBC00102900BEB81008A000490C80030
:1065D000A2F1240515F124010FD0049BA0F1240998
:1065E00039183A4450460CF04FFE80460028484681
:1065F000DDF81C902A46EBD050E002984000DBE723
:10660000A8F10100711C00220123A8B10D7811F836
:10661000014C013885EA02062A40F74344EAC717CD
:1066200001F8017C23EA06077C4384EA060734402C
:1066300001F8017B2243E8E7599D079C4FF00008D1
:1066400043A843F05CF846A843F059F8B8F1000FAE
:1066500024D146A845F042F822A909985A46085C78
:10666000494600900698C6B25046334636F0E9F9DE
:10667000804630B909F1180001213DF037FF80460E
:1066800080B346A843F062FEB8F1000F06D1504631
:106690004946224639F0DFFF804698B3BBF1000F30
:1066A00015D0DAF87400834511D006990025C8B2D8
:1066B000C00050FA81F08400AC4205D00BEB05001D
:1066C00043F044FE2435F7E7584649F023F8B8F183
:1066D000000F00F0B781484643F038FE2EE600BFB9
:1066E00080B0FFFF589A002A00F0328149F054FA36
:1066F0008046089805998842C3D8B8F1000F00F089
:106700002E81BEE7589828B1589A49F045FA80463C
:106710000028C3D1504649462CF030F92DE758984F
:1067200048B1DDE9582322A9504628F04DF98046AA
:10673000002840F0728130463BF014F80AF1100155
:10674000A0F101090DF17C0B0495039104F11801EE
:10675000089119F1010000F041813046494643ACEF
:10676000CDF8189044F0CAFFC5B2079822A92A466E
:1067700031F0B3F8002840F04F81DDF824900899FB
:106780002A460595484631F0A8F88046002846A8D4
:1067900040F04381AD4DA8472046A046A847584643
:1067A0005C46A8471CA8A84719A8A84716A8A84748
:1067B00013A8A84710A8A8470DA8A84746AD079A50
:1067C0004B465046C14629463EF07CFD8046002897
:1067D00040F09280504649462A462B4644F09EFFA0
:1067E0008046002840F08880079A099B5046594609
:1067F0003AF0D9FF804600287ED150461CA95A465F
:106800005B4644F08BFF8046002875D119A950469D
:106810004A461CAB3AF0C7FF804600286CD116A947
:1068200022AA089B50463EF04DFD8046002863D1C9
:1068300013A922AA089B50463AF0B5FF80460028CB
:106840005AD110A9504613AA2B4644F067FF804640
:10685000002851D10DA9504616AA5B4644F05EFFB0
:106860008046002848D122A810A90DAA37F028FB9D
:106870008046002840D122A8514628F0A9FD804634
:10688000D0BB22A950460A4649F054FC804698BB2A
:10689000089910AA50460DAB3AF085FF804658BBC8
:1068A000089950460A4649F045FC804620BB0899A5
:1068B00050460AAA49F03EFC8046E8B9079950467E
:1068C0004A461CAB44F02AFF8046A8B90999039AAE
:1068D000504619AB44F022FF804668B909995046EA
:1068E0001CAA0B463EF0EEFC804628B9099950469A
:1068F00019AA49F01FFC80462846554DA84748462E
:10690000A8475846A8471CA8A84719A8A84716A8EA
:10691000A84713A8A84710A8A8470DA8A847DDF8BE
:106920001890B8F1000F22A977D1059C079822464C
:1069300030F0D3FF00286FD1DDE90810224630F097
:10694000CCFF8046A9F1010900283FF402AF64E0C2
:1069500008980599884202D94FF0000891E646AFA1
:10696000504649464A460BF0F3FFD0B909985A46BB
:1069700033460138099022A9085C394600905046F8
:1069800036F05FF868B9504649464A463B460CF037
:106990007BFC804600287FF474AE09980028DFD184
:1069A0006FE680466DE60BF12400002222AB511CFD
:1069B000A14204D243F8220024300A46F7E722A974
:1069C000504612F0AFFD00287FF4CDAD039808B11A
:1069D000CAE91DB4DDF81C90599D30E55898049C17
:1069E00038B10799DDE95823504627F0EDFF80467E
:1069F00098B90998224601460AF0CCF8804660B959
:106A00000799099B50460A4644F088FE804620B903
:106A1000099801213DF06AFD804622A843F096FCCA
:106A20000AA842F06CFEDDF81C90B8F1000F7FF46C
:106A300085ACDAF8300028B1DAF83C00599D00281E
:106A40007FF48AAC4FF0000878E400BF2DF7040013
:106A5000FF9604002DE9F04FDAB000F108030020A2
:106A600012AC082805D053F8202044F8202001302B
:106A7000F7E70020402805D00A581AAC12BA225075
:106A80000430F7E71498DDE912B5DDF85880199E57
:106A900000930023119015980E90DDE917900D904A
:106AA000002010280F9580F04081119C45EA0B02D0
:106AB00005EA0B012F46DFF87C5610930C900DF180
:106AC000680ACC4622400D9C1143EA584FEAB8139D
:106AD00083EAF82383EA786398191044109A5AF8E5
:106AE0000220104489EA040202EA080262400244D9
:106AF0004FEABB0080EA7B3080EABB501044084478
:106B000040EA0B0300EA0B013B4019434FEAB00394
:106B100083EA703383EAB0535E180E998F18109988
:106B20004FEAB71282EAF722294482EA776389EAB8
:106B300008020B913A4082EA0902D1E90159144452
:106B4000CA6809692C440E91109923440992514452
:106B5000C246D1E90154CA680A9109691D440D91E0
:106B60000892119A73194FEAB30143EA000803EA45
:106B7000000E08EA0B0681EA733146EA0E0681EA46
:106B8000B35105EB020E09EB0C02314487EA0A0609
:106B90004FEABE1522448EEA070406EA0E0685EA8D
:106BA000FE2586EA0A0685EA7E6532442A4401EB20
:106BB00002090F9949EA030609EA0305064035432D
:106BC0004FEAB90686EA793686EAB95606EB050831
:106BD000551809994FEAB5122C4001EB0A0608999D
:106BE00082EAF5227C4082EA75620E440E993444B2
:106BF00022440F440D9908EB020A02EB0B0CDDF85E
:106C00002CB04AEA09060AEA09044FEABC120F440A
:106C10001E4082EAFC2234434FEABA0682EA7C62D2
:106C200086EA7A3686EABA5606EB040885EA0E0446
:106C300004EA0C0484EA0E043C44224490441618EE
:106C4000DBF8140048EA0A0708EA0A044FEAB61219
:106C5000CDF8388007EA09077044DDF828E082EAB9
:106C6000F6223C434FEAB80782EA766287EA783731
:106C700087EAB85739198CEA0507DEF8144037401F
:106C80006F402044384410440144C71886EA0C037E
:106C900041EA080401EA08024FEAB7103B401191AB
:106CA0000D9704EA0A0480EAF72083EA0C032243E2
:106CB0004FEAB10480EA776084EA713484EAB1541F
:106CC0002244DBF818402C44DEF818502C442344AE
:106CD000DEF81C4018441518814445EA010305EA12
:106CE000010287EA06014FEAB91003EA080301EA44
:106CF000090180EAF9201A434FEAB503714080EA9E
:106D0000796083EA753383EAB5531A44DBF81C30A3
:106D1000634423441944109B084402EB000B00EB2E
:106D20000A080C9820330830BBE6B2461020002138
:106D3000CDE90BB9402880F0DB810DF1680C0A9099
:106D400010910CEB0105D5F83CE0D5E90103AC6AE4
:106D50006E6AEA68D5F810B04FEA7E47044487EAC5
:106D6000FE4787EA9E273C444FEAF31787EAB3477A
:106D700087EAD307E1194FEAF01787EAB047696459
:106D8000049187EAD000AF6B4FEA774484EAF74476
:106D900084EA97243444109E5CF80660344404EB83
:106DA000000C4FEA71402C6B80EAF140C5F840C0FE
:106DB00080EA9120696B104420444FEAFB1484EA76
:106DC000BB4484EADB0404444FEA7C4080EAFC4094
:106DD000EC64059480EA9C201844EB6A18444FEA5E
:106DE000F21383EAB24383EAD20200EB02094FEACC
:106DF0007940C5F8489080EAF94080EA99205844E3
:106E0000084469694FEAF11383EAB14383EAD10385
:106E1000394400EB030B4FEA744080EAF440C5F8B4
:106E200050B0CDF818B080EA942005F11804084459
:106E30001ACC4FEAF11686EAB14686EAD1067144C9
:106E4000DDF83CE082194FEA7B4080EAFB406A654E
:106E5000079280EA9B2008444FEAF31181EAB3418C
:106E600081EAD301084403EB0C010890A8654FEABE
:106E7000724080EAF24080EA9220109A08444FEA79
:106E8000F41181EAB44181EAD4010844A949099086
:106E9000E8654FEAB81080EAF8200A4480EA786092
:106EA00002F140040392D26C50441ACCDDE90CA6E6
:106EB00001940292119A08448AEA060101EA080143
:106EC000714008440B9900EB0C054FEAB1004EEA03
:106ED00001070EEA010480EA7130174080EAB150E0
:106EE0003C43284400EB040B0E984BEA01070BEAE5
:106EF000010407EA0E0728448AEA08053C434FEAE2
:106F0000BB07054087EA7B3785EA0A0587EABB5756
:106F1000354480EA08063C444FEAB0172B44049DF0
:106F200087EAF02787EA70673B441D44631943EA08
:106F30000B0703EA0B040F403C434FEAB30787EA11
:106F4000733787EAB3573C44AF18019A4FEAB71535
:106F50003E4085EAF72586EA0806524485EA7765C9
:106F600032442A444A4404EB020C02EB0E06DDF8DC
:106F70000CE04CEA03050CEA03044FEAB61205EAFA
:106F80000B0582EAF6222C434FEABC0582EA7662C0
:106F900085EA7C3585EABC5505EB040987EA0005DE
:106FA000029C3540454044442C44059D2C441444E7
:106FB00009EB04020C4442EA0C0502EA0C081D40ED
:106FC00048EA05084FEAB20585EA723585EAB25506
:106FD000A8444FEAB41585EAF42585EA746986EA7F
:106FE0000705254085EA070ADEF85050291806985B
:106FF00001445144494408EB010A4AEA02050AEAFD
:107000000208CDF838A005EA0C0548EA05084FEA61
:10701000BA0585EA7A3585EABA5505EB0809DEF83E
:10702000545001EB0B0884EA0601F3464FEAB8100E
:1070300001EA08013D44079F80EAF820714080EA98
:1070400078603D442944084409EB000747EA0A05F3
:1070500007EA0A011197154029434FEAB70585EA67
:10706000773585EAB75505EB010EDBF85850C118A6
:1070700088EA04034FEAB1100B400D913544089E95
:1070800080EAF120634080EA716035442B44184463
:107090000EEB000545EA070305EA07060F9503EA2C
:1070A0000A03C2461E434FEAB50383EA753383EAF7
:1070B000B55300EB0C054FEAB5101E4481EA0803F6
:1070C0000C95109980EAF5202B4080EA7560DBF87A
:1070D0005C5083EA080320312C44099D2C4423444E
:1070E0001844331800EB02080A980B93083021E685
:1070F0000D98009BCDF85880CDE9180A0C98179090
:107100000E981590119814900F9813900B98129058
:10711000002012AC082808D054F8201053F8202082
:10712000114443F820100130F4E700205AB0BDE8C4
:10713000F08F00BF040E00002DE9F04F99B0DFF88A
:10714000C89682460C469B4617465646B9F800003C
:107150000130A9F8000036F8010FB17840EA01408B
:10716000C10602D5617D890634D4C00505D4A07F4F
:1071700018B109F10800DF2662E094F8210094F8C4
:10718000221000250DF156028DF85300ADF8545031
:10719000ADF856508DF852103868398939F02EFF05
:1071A000A0B17989786815AA39F028FFD0B1BDF867
:1071B0005610BDF85400BBF1000F08BF00291CD0C9
:1071C000328812071BD409F10E0038E009F10A00D9
:1071D000E82636E0DAF89C10097831B109F10200AE
:1071E000DE262DE009F10C0029E0217801F00C01E8
:1071F0000C29BAD009F1040021E00028E0D1BBF14C
:10720000000F02D0627DD20717D10844A18908443B
:10721000BAF82A100B39884203DD09F11200E5267D
:107220000EE0002038F0C5F900B305463088C007ED
:1072300020D109F11600082603E009F11000E82624
:1072400000250188013101800027284644F076FAA4
:107250004FB9207D314635F02FF820B1B9F828001C
:107260000130A9F8280019B0BDE8F08F09F1140029
:10727000F126E5E7DDF88880BBF1000F0BD005F1C2
:1072800044005946122249F015F8B5F8740040F050
:107290000400A5F87400B8F1010F10D0B8F1020F86
:1072A0000FD0B8F1030F0ED1032085F86500DAF88E
:1072B000A00058B1C36902210022984706E00120CE
:1072C00002E0022000E0002085F86500B5F87400B7
:1072D0002A8840F00101A878A5F8741042EA00401D
:1072E000012262F30200020C2880AA70627D52091A
:1072F00062F34511A5F8741021F04001627D02F09F
:10730000010241EA8211A5F87410617D8A0606D453
:1073100001F0010120F0260040EA411001E0E549BA
:10732000084028800321000C2986A87005F1180068
:1073300004F11601CDE909013AF0BEFE95F82500E9
:1073400000F0070046F034F9B5F8741000F01F00A3
:1073500021F4786141EAC01095F82510A5F8740071
:1073600011F0070007D02A8849F6F7731A4042F255
:1073700008031A432A80C1F3C10144F02FF9298E72
:10738000A84608442886207D85F832002888217880
:1073900020F4C050C1F3810140EAC1202146288079
:1073A00051F8040F0891A16848F8060FC5F80A10B3
:1073B0006088A880504648F09BF9E881A878298821
:1073C000227841EA004121F4C03012F0030240EA81
:1073D000C2304FEA10422880AA70627D4FEA9203C1
:1073E000C0F3C83263F304104FEA10432880AB7037
:1073F00019D196F802C0338843EA0C4C5FEA0C734B
:1074000011D411F4C05F00F0D1810221024661F372
:10741000D0325FEA8C7158BF40F4C032100C2A8021
:10742000C2F3C832A87002F0030005F11002514601
:1074300045F050F83868BDF85610BDF854202B8838
:10744000A8633889A5F840007868E8637889A98539
:107450006A85A5F84200A87843EA004033881B07F4
:107460000CD410F4C05F18BF10F4C03F45D0E989B8
:10747000AA888A4241D140F040003BE0030C11430E
:10748000AB7020F4C0424FF4824108BF4FF48041FA
:1074900011432980627DAB70C2F3D803120163F3FC
:1074A000C7111206298002D52A8E013A2A8610F4C5
:1074B000CC3F11D0C0F3C12232B1C0F3C13018B1FA
:1074C000032811D1032A0FD121F40150617D01F06D
:1074D000100140EA81000DE0607D402221F401515D
:1074E00022EA8000084405E0E889AA88824204D1A3
:1074F00041F040002880000CA870284633F0BEFF01
:1075000048F0AFFAC14A114060F34921080C2980C4
:10751000A870284639F094FD48F0A3FABC4A1140FF
:1075200060F38A21080C2980A87028463EF05BFB96
:10753000298E084428862069A865A089E885CAF8AC
:1075400024509DF8530030B195F830009DF8531049
:1075500008448DF853009DF8520030B195F8300082
:107560009DF8521008448DF85200DAF884004668FD
:10757000284633F0DDFFA878298841EA0040C0F3AF
:107580004131022903D308BF10F0800116D100F069
:1075900005010231032911D1B5F87410C9060DD4C3
:1075A000504646F0F7FDE870B5F87400298840F0C1
:1075B0001000A5F87400A87841EA0040010701D442
:1075C000002731E0D5E90712179295F8242016918B
:1075D0008DF8622095F82520C2F3C10302F007025E
:1075E0008DF861308DF86020C0F3C12250464346CB
:1075F000A988009116A922F05FFB00285CD00746FD
:107600005046394642F02FF8099B19684A1C06D0AB
:10761000B5F87420520702D4411A022904D3186025
:107620005046394640F0B3FD284645F091FF6728A3
:1076300010D3BAF82A107F290CD148F012FA11F4AD
:10764000C04F07D10A0CAA7049F6FF72114001F52C
:1076500000512980298EBAF82A200844B5F8741000
:10766000023AC1F3C411084481B28A420ADAE52021
:1076700009F11E0685F85C001FB35046394640F0FC
:1076800071FD1EE0AAF84C000022717CAAF892005D
:10769000DAF88800169216AB2A460144504615F0D7
:1076A0001FFE1698A0B1DAF88880A0EB0800471CEE
:1076B00010E000BFD9FFFF00F32009F11A0685F89A
:1076C0005C0030880130308009F11800E026B8E510
:1076D000DAF88880BAF89200BBF1000F099006D062
:1076E0000BA8252148F004FC4FF0000B0EE0667D4E
:1076F0000BA8252148F0FCFB16F001004FF0010B10
:1077000008BF4FF0020B20D14FF0020B237D288ED3
:10771000A9699DF853E09DF852600A9AFFB20DF1F5
:107720002C0CCDE9002002A8099ACDE9056CA0E84F
:107730008240414658461CF09FFC18B109F12600D2
:1077400002267EE5002601277FE5DAF8A00040F05A
:1077500093F9002840D00646D0F86C01089903221E
:10776000D0F8840033F0C8FA20B30188D6F8580165
:1077700000F6984046F09AFBE0B1D0E903120C9273
:107780000B9142798DF83420017911F007018DF8C1
:1077900035102AD00BA900F1420200230B31112B26
:1077A0001DD0D65CF643CE540133F8E709F106004C
:1077B000F52646E5B9F82000FD260130A9F820009D
:1077C000A08C01280ED04AF2ED0188427FF43CAD36
:1077D00009F12400FD2634E509F12A0076E790F846
:1077E000400006E009F122002BE5007A8DF8360012
:1077F000012008998DF84800D1E90001CDF84D101D
:10780000CDF8490082E700BF483A0120FFFDFF00A4
:10781000FFFBFF002DE9F04196B0857890F900005C
:1078200042F012FE002800F03A830446681E052844
:1078300000F23583DFE810F006004B0080002101E4
:107840003A013D01204647F02DF894F90D0039F03A
:1078500068FFD4F85801002590F8081B01F0FC01DE
:1078600080F8081BD4F86C01C57094F90D003BF04A
:1078700077FA40F039FF204637F048FDD4F834015C
:1078800048F08AFDC4F8345147F068FF20B1006821
:107890004FF47A71B0FBF1F5204647F051FB44F606
:1078A0002061B0FBF1F080B2C0EB0010B5EB800FAF
:1078B00028BF850048F0F7FA40F00281AA2D98BF52
:1078C000AA25B5F5966F28BF4FF49665FEE02046D1
:1078D00037F01CFD2046022136F09AFDD4F85801FD
:1078E00090F8021B01F0FE0180F8021B48F001FC39
:1078F000D4F85801002180F82F101E21D4F8580127
:1079000028303FF07DFCD4F85811C1F8DC0AD4F8D7
:10791000580190F8021B41F0080148F0B1F800F15D
:10792000280144F0DAFBD4F8580100F1280116B020
:10793000BDE8F04144F0C2BB204637F0E7FC48F018
:10794000B2FA16D1DFF86405017891B1451C002127
:107950004FF0FF320223CDE9003202912846802108
:107960000122002344F042FA94F90D00294641F027
:10797000A9FD082047F02CF994F8300040F00200EF
:1079800084F8300048F0B5FB204634F07DF9DFF88C
:10799000205520460122296837F0D4FBDFF8141562
:1079A0002868DFF81825DFF8183501940091DFF812
:1079B000081546F0E7FE2868002144F0CBFA286855
:1079C000002148F0F3FC012048F0F4FCFF20FF25E3
:1079D00048F0F6FC252048F0EFFCDFF8C8640320EF
:1079E0003778002F08BF052048F0E8FC1E20002F44
:1079F00008BFC82048F0E8FC022048F0F2FB012054
:107A000048F0E0FC48F04FFA05D04FF480504FF4B6
:107A1000C05147F0F1FE4FF420704FF4045147F08D
:107A20003EFCF188B3884A085808B2EB530F38BFC0
:107A3000480848F0CBFCD4F8580180F82E50D4F810
:107A40005801D0F84C0B451C284647F0ADFCC2B29B
:107A50002046294646F0A2FCD4F8580100F53561CD
:107A6000204647F0E0FC48F01EFA40F066812046D0
:107A700016B0BDE8F04148F0D4B9204637F046FCD6
:107A8000DFF82004007A032802D1204641F0ECFF01
:107A900020462CF009F8DFF810040021C1802046B0
:107AA0001A2116B0BDE8F04136F0B2BC20460521DF
:107AB00001E02046062116B0BDE8F04133F0E8BAF7
:107AC000142D98BF1425AA2D28BFAA25A9B20A22D1
:107AD000202348083AF0A9FEC4F8340148F0E3F93D
:107AE00040F0348120462DF02DFC204639F0A6FCD4
:107AF00048F0FFFAEB4F387A10B1204627F010FA21
:107B0000D4F858114FF6FF724FF6FD75D1F84C0BB3
:107B1000408C904206D100204FF6FD7140F009FCE8
:107B2000D4F85811A1F8000BD4F8580190F8561B5E
:107B3000490712D4A81C81B2002040F0FAFBD4F807
:107B40005811A1F8540BD4F8580190F8561B41F085
:107B5000040180F8561BD4F858010021A0F8501BEE
:107B6000D4F85801A0F8521BD4F8580190F8561BCD
:107B700041F0020147F089FA41F0010147F085FA2E
:107B800001F0C701103180F8561B387A30B1204619
:107B900047F0DEF90146204645F026FAD4F85801B0
:107BA00000F60441204610F025FE03AD4C21284686
:107BB00048F09EF947F08EFC30B147F08BFC01464F
:107BC00003A84C2248F076FB00202946ADF80E00B1
:107BD000204611F011FFD4F8580105F10F06324686
:107BE00090F80F1CD0F84C0BB0F8660040F088FC01
:107BF000D4F858113246D1F84C1BA1F86600D4F8DD
:107C0000580190F80F1CD0F84C0BB0F8680040F009
:107C100077FCD4F85811D1F84C1BA1F86800204625
:107C2000294634F059FDD4F858012946D0F8A40C5F
:107C300046F072FD2046294634F072FC204621F0C1
:107C400053F9204622F042FF03A92046012227F0E3
:107C500075FB387A00F0FE0102293CD104F58C71E5
:107C600020463DF0BDFE03AA204642F60F0142F633
:107C70000D0324F01BF8D4F85801B0F8542BB0F8D9
:107C8000001BD0F84C0B431C204625F00EFF8D49FD
:107C9000204645F0B6F9854E707CD8B100204FF0F3
:107CA000FF31022206F112050023CDE900210290E6
:107CB00028468021012244F099F894F90D002946C4
:107CC00036F0A4FD96F8421094F90D0006F1220258
:107CD0003CF081FF387A38B103AA204642F60E0103
:107CE00042F60D0339F054FCD4F8380148F054FB47
:107CF0000025D4F8580164222023C4F8385146F0F6
:107D0000E7FEC4F83801D4F83C0148F045FBD4F84C
:107D10005801C4F83C516422202346F0D9FEC4F82F
:107D20003C012046062148F06BF92046042142F030
:107D300073FD204648F070F8B1E020463DF0B4FDF8
:107D4000204616B0BDE8F04145F034B9DFF8548163
:107D500098F8080010B1204622F074FF204639F050
:107D60006DFB204636F02CFB204622F0AFFE20466D
:107D7000042148F045F92046132142F04DFDD4F886
:107D8000580100F698403DF0DDFD204638F07BFDBF
:107D90003CF0ECF998F80800032802D1204645F0A1
:107DA0003DF9414800258188C1802046002136F0F8
:107DB0002FFBD4F8580184F8CD5090F8021B01F045
:107DC000FE0147F05DFEC0F8CC5AD4F8580180F8A7
:107DD000335020462DF042FA204642F0C5FB98F879
:107DE000080000F0FE00022802D120463AF0E4FB31
:107DF00048F07FF9A66BA6B12C203146354648F0F5
:107E0000B9FA064695F822000328F4D02846214600
:107E10002FF08AF80328EED32046294633F060FF7E
:107E2000E9E794F83000810706D440F0020084F8B6
:107E3000300020463DF0A0FD98F8000018B1D4F8BD
:107E400058013C210185D4F8580190F8021B41F0FB
:107E5000020147F015FE0146C58A31F8282F9542E8
:107E600005D0143044F039F9D4F85801058D468B0B
:107E7000078B0020294640F05CFA98F8001021B1E9
:107E800001200A2140F055FA08E0B91B284488BFB8
:107E900008444FF6FF71884228BF0846608616B036
:107EA000BDE8F081644C01206C500120B04C0120F1
:107EB000903E012039DB0400E1A10100957C030024
:107EC000A1D50100550205002DE9F04F93B0D0F87F
:107ED00034A08346BAF1000F37D0DAF85C81B8F1EC
:107EE000000F32D05C4614F81D0FFF2829D09BF8F4
:107EF0007400032819D001282DD010BB14F8145C8D
:107F0000584602213AF038FAD8B1584602210722E1
:107F100013230D9544F098FF002800F045818778E1
:107F2000C67890F81490051D43E1DFF83005012173
:107F30000170BBF84010BBF84200401A032800F360
:107F400028810F20012119F031FB584613B0BDE8FC
:107F5000F04F38F0BBBE584618213AF00DFA002811
:107F600000F00D8100208DF83B00BBF840000BEBCA
:107F7000000696F8890096F888900C9006F18A0021
:107F800047F0BAFF054696F88C0006F190070D9071
:107F900096F88D000B90384644F079FE002840F0AA
:107FA000EE803878FF2800F0EA80404649463A469D
:107FB00039F05CFC002800F03381DFF8A4149AF952
:107FC0000D200990086021463FF098FD08900A9026
:107FD00001464FF6FF700695854200F0528147F04A
:107FE00085FA002800F04D81099839463EF018FDC9
:107FF00000280146079000F022815046394631F0B2
:10800000E3FE002800F03D815846182104220E238B
:1080100044F01AFFD0B305468078E9782A796B7965
:108020008DF83E1000F00701C0F3C0008DF83F301E
:108030008DF83D2040EA4100DFF828148DF83C001F
:10804000A81D8847DFF81C14ADF8420005F10800B0
:108050008847DFF81014ADF8440005F10A0088479E
:10806000ADF84600687BDFF8FC138DF8400005F1A1
:108070000E008847ADF848000FA907980DF13B03A3
:1080800022461AF0E7FD002800F0FB80079846F032
:10809000C7FE002800F0E18001460DF13B0240469A
:1080A00046F082FB002800F0EC8007980C9944F021
:1080B00033FC074638B907980C9922F039FF074678
:1080C000002800F0DE80584618210222002344F0E8
:1080D000BBFE10B101208DF83B00099847F074FFFA
:1080E00030B90699384643F062FF002840F0C98055
:1080F000099848F073F9874209D1099848F070F956
:1081000047F0EBFCC00702D0099847F0B3F8089895
:10811000DDF818900B9DB0B9D8F81CC0BCF1000F69
:1081200006D0D8F82410099A20464B46E04750B3B1
:108130009AF90D200095384621460D9B29F07BFECB
:1081400001460A90F8B10A9C049739464A460D9BAD
:10815000204632F041FF2046294642F079FE0028B1
:1081600000F0A180079847F027FF182818BF1028B3
:1081700040F09080DDE9090137F0AFFA93E00F207D
:10818000012119F013FA584638F0A0FD13B0BDE8EC
:10819000F08F0BEB010515F8881F95F90120B2F15E
:1081A000FF3F28DD00222AE0002600274FF00009CB
:1081B00000250D99AC48CDE90FA4DFF8B0A2FF2946
:1081C00008BF8246D8F800400DF13C08002CDAD0F8
:1081D000204631463A462B46CDF800903CF082FAD4
:1081E00018B1014620464246D0470020214648F0BB
:1081F000C1F80446EAE71428FFF4A3AE2A1D40465E
:1082000039F034FB50B1DBF83410AB7891F90D2024
:10821000E9780091214614F04BF996E60C2091E69E
:10822000404649463A4648F0E7F80028ABD0404679
:10823000494635F0F7F900287FF4BFAEA3E747F0D1
:1082400055F9F0B109980D9A394628F075F80028CB
:10825000014607907FF4D1AE13E0D8F81C6036B128
:10826000D8F82410099A069B2046B04748B1002050
:10827000514660224B460294CDE90070404628F0FA
:1082800013F8089800283FF47EAFDDE9090137F0C4
:10829000FFF978E7082806D10998002137F01DFA80
:1082A000079845F035FBBBF8420006F1A0050BEB43
:1082B0000004099845F0DCFF01460A980D918142BF
:1082C00002D1079843F064FE04F188000B9000206F
:1082D0000C90284605950B9908221E23091A3CF09C
:1082E00044FC00285DD0064690F80280C778043030
:1082F00047F035FF054606F1080047F030FF81469C
:1083000007980A990D9ADAF858413DF0C9F906F133
:108310001002A0B30020CDE9005911463B4602905F
:108320000120002C0390144618BF4FF04008079816
:1083300042463AF041F8224608B305460D98F0B19E
:108340002846514640F00AF8DAF85C912246B9F125
:10835000000F14D0D9F8180088B10D9848F042F8F1
:108360000DF13C0801461022404647F0A3FFD9F822
:108370001830D9F82410284642469847224607F07C
:108380002000012181EA50100C990843C00705D153
:108390000A98114641F0AAFA01200C9006F120003B
:1083A00099E70A980D99814202D1079841F052FA53
:1083B0000998BBF8424047F02BFA0799884229D028
:1083C0000BEB0400059E00F1880AAAEB060130467B
:1083D000032200233CF0C9FB78B3477804463844B5
:1083E000861C062FF1D3A578062194F80380E81D9A
:1083F00001EBD009201D47F0B2FEB945E5D8009049
:10840000012004F108012A4643460190079820F014
:10841000DBFBDAE7099847F0E1FF0146049843F0F7
:108420008DFA810702D44007CAD406E0099847F0C4
:10843000D7FF47F052FBC007C2D19DF83B0018B1EF
:108440000798012146F0A7F9089800287FF49BAE11
:10845000099807993CF02AF995E600BFF7540120E6
:10846000443E0120F9FE0400516A0400D1FF0400DB
:108470002DE9F04FB9B00C46064611891068154633
:1084800004AA3EF04DFC002800F0B4829DF81000D4
:10849000032835D8049F304640F076FE002800F0CF
:1084A000A9820646006F002800F0A4824FF4005015
:1084B0006989ADF89800686825AA37F00BF802289A
:1084C000C0F09882FFB2032F05D8012F03D0F06EC1
:1084D000211D3EF0C3FE259821463B461390286897
:1084E00012902889356FADF85000BDF898006FF3F1
:1084F000DF20ADF85200D6F8A00012AAA84779E212
:10850000062871D0042840F07582DDE90423304646
:108510002146CDE9372336F045FF002800F06A8276
:108520000EAA35AB2946834634F08DFB002800F0B7
:1085300061828046298928680DAA40F00BF8BDF8B1
:108540009000698920F4F04000F50050ADF89000EB
:10855000686823AA36F0BEFF022840F29E80BDF86C
:10856000901023982EAA6FF3DF2117F045FEBDF877
:1085700090100646239825AA6FF3DF2116F052F9D2
:10858000BDF890100746239806AA6FF3DF213DF04F
:10859000DDFADBF8A0A081466EB12EA8514635F079
:1085A0005FFF002800F026822EA8002143F006FB82
:1085B000002800F01F8237B125A9002043F0FEFA01
:1085C000002800F01782B9F1000F6AD09AF82C0049
:1085D000032866D09DF81D00242862D1BDF81E1026
:1085E000504644F04FFA5CE0DDE904233046214672
:1085F000CDE90E2336F0D6FE002800F0FB810646BA
:10860000207B00F00300032840F0F48106AA37AB7A
:108610003046294634F017FB002800F0EB818246F3
:108620004FF400506989ADF8D800686835AA36F073
:1086300051FF022840F28280BDF8D81035982EAA4A
:108640006FF3DF2117F0D8FDBDF8D8100746359835
:1086500025AA6FF3DF2116F0E5F8B046834658F8F7
:10866000A09F6FB12EA8494635F0FAFE002800F011
:10867000C1812EA8002143F0A1FA002800F0BA81A0
:10868000BBF1000F62D025A9002043F097FA002823
:1086900000F0B081012003975AE0DBF8A0A000268B
:1086A000002794F82900029720B1DBF86C00211D07
:1086B0003EF0D4FD207B04F104090396494600F006
:1086C0000307F81EB0FA80F0400906EA0003DBF861
:1086D000786021AA5046B04780B1032F40F0118145
:1086E000207B400700F10D81E26994F82010229868
:1086F0003FF038FB002840F004817BE1032F00F0BD
:1087000079814646DBF86C804946CDF804A04046A6
:1087100040F062FD824641F6EC006C214044BAF123
:10872000000F074600F08980524643F057F838465C
:108730006C21524645F098F8B046D8E0B04600208B
:1087400058F8A09F02900020039002E003970020B9
:108750000290B76F04F1040B23AA48460023594640
:10876000B84708B1249F1CE0CDF80490D6F86C906F
:108770005946484640F01CFD074600286AD0DDF8FF
:1087800004902497D9F85801D0F84C0BB0F8480061
:108790000130A7F85E00207E87F86800607E87F8C9
:1087A0006900E2690EA938465B4647F039FC039838
:1087B00038B1D9F8580100F6044224982EA91CF0CB
:1087C000FDFC029838B1D9F8580100F6044224980B
:1087D00025A91BF05CF98C48007A03280AD1298965
:1087E000286821AA3FF0A1FE20B1D8F8000021A9F5
:1087F0003DF0F6F8298928681FAA3DF073F950B1B9
:10880000E26924981FA945F05BF9239818B123A9C0
:1088100048462FF0D5F912AD21463022284647F0C0
:1088200049FD089829461E90BDF82400ADF8740053
:1088300006F10C00DAF80820DBE046F0C1FA042863
:1088400034D841F6FC0058F800A0BAF1000F2DD042
:10885000404431E041F6F4006C214844009046F079
:10886000AFFA312800F2C98041F6FC0059F80070D7
:10887000002F00F0C28048446C213A4642F0AEFF1F
:1088800000986C213A4644F0EFFF38465C2147F0EF
:108890002FFB6FF080207865DBF80000DBF8041018
:1088A000C7E91801002087F85C0068E738466C21AA
:1088B00046F0C4FC824638466C21524642F08EFF98
:1088C00038466C215246B04644F0CEFF50465C21FB
:1088D00047F00EFB6FF08020CAF85400D9F8000072
:1088E000D9F80410CAE9180100208AF85C00207E3B
:1088F000CDF888A08AF86800607E8AF86900DDF803
:1089000004A0E269229837A94B4647F089FB0398F7
:1089100038B1DAF8580100F6044222982EA91CF06A
:108920004DFC029838B1DAF8580100F6044222985A
:1089300025A91BF0ACF8298928681FAA3DF0D2F8B8
:1089400098B1E26922981FA945F0BAF8219961B15E
:10895000087DC02809D3DAF85801229A0231002391
:10896000D0F8A40C143246F062FC207B00F0030027
:10897000032806D1229890F85B1041F0100180F88E
:108980005B10DAF8580194F9191090F8320045F0AC
:10899000A3F894F91910229840F046FC219979B176
:1089A00094F8290098B1DAF86C010122D0F884001B
:1089B00044F0F2FD219D12A847F081FA75B902E05A
:1089C00012A847F07CFA00208DF8710006E00E48EE
:1089D000007A0028E7D012A847F071FA10981E908C
:1089E000BDF84400ADF874000BF10C00D8F8082075
:1089F00012A9904739B0BDE8F08F0248C18C01310F
:108A0000C184F7E7C4390120644C01202DE9F04FFF
:108A100095B0D0F834900446B9F1000F00F0908082
:108A2000B4F84000B4F84210091A89B22829C0F0FD
:108A30008780204400F1880898F8000000F0F001D9
:108A400060297DD194F875204FF0000B0026910627
:108A50004FF0000144BF02F0DF01B4F846B084F8E3
:108A6000751098F80110C1F3031141EA001084F861
:108A7000780008F1040047F03FFA824618F8060F24
:108A800084F8746084F8730098F8010084F8720028
:108A900004F11C0010A990E8EC0004F10800ECC1FE
:108AA0000BA990E8EC00ECC104F11D06102208F1BE
:108AB0000201304647F0FEFB04F10907042508F1E6
:108AC000120110223846257747F0F4FB607F2572AB
:108AD000FF2835D094F84C0080070BD5DFF8BC1484
:108AE000384644F061FE58B3DFF8B014304644F025
:108AF0005BFE28B33878FF2805D0B4F8760010F074
:108B0000300F1DD104E0A07A000719D0B4F8760028
:108B1000400705D5384649462EF006FA02280FD1FF
:108B2000B4F84000B4F842100A1A0AF12801914240
:108B30000EDD042049460422002347F0ACF9AFE1E2
:108B400047F099F9204615B0BDE8F04F38F0BEB8AF
:108B5000BCBF0144A4F8421008F1220598F80010A7
:108B600000293FD04746B4F876000026400601D4DD
:108B7000A84618E08DF81860D9F8A46106A8214627
:108B800000900BAA10AB4846B0470446002800F0FE
:108B900086819DF81800002840F08181B4F87600A5
:108BA000A846C0F3801638783D463A2808D11FFA07
:108BB0008AF0042804D398F80000872808BF01260B
:108BC00094F8750000070AD5BBF1000F07D12046C5
:108BD0000021002206F0ECF9002800F0558126B3B0
:108BE000012726E00021BAF1000FADF8181000F0BF
:108BF0004F81204406AA5346281A88385845B8BFE2
:108C00000121009210A82A46CDE9010120464946DB
:108C10001BF028FC0446BDF81800002800F03F8136
:108C20002F46AAEB000A05449DE7204637F008F8D6
:108C3000074604F10906304644F029F890B104F1E2
:108C40001D0044F024F868B1D4F81100D4F81510D0
:108C5000CDE9060180F002008DF8180006A948460B
:108C600045F0FCFD3078FF280CD0BFB9D9F88C2135
:108C700012B148462146904710AA2046494611F0B5
:108C80001BF90BE1204649463A462DF06FF80028C3
:108C900000F0F6800446407AFF2858D004F11D0603
:108CA000304643F0F4FF002851D197F001004ED137
:108CB0000020CDE90800CDE9060099F82C00032832
:108CC0000CD006AF484631463A4635F02AFD09F148
:108CD0009800394641F057FF074668B909F19800F6
:108CE000314641F050FF90B3017D074600F130025C
:108CF00006AB484632F068FBD9F86C01002200232D
:108D0000D0F8840006A935F03BF800B3C1682E46C0
:108D100009B10169C16001210322F9743946006972
:108D2000F86109F1980038F0BFF8F86999F90D2059
:108D30002021002305250491CDE90053802102382C
:108D4000CDE9023038463B4612F0C8FA35460026D7
:108D5000ADF818605FEA0A41287800F09380474632
:108D60002B2819D03C2867D1B4F840001FFA8AF3A9
:108D70003A462044381A883858454FF00000B8BFAA
:108D8000012006A9009110A9CDE90110204649460D
:108D90001BF068FB04462BE0B4F876008DF81760F2
:108DA000400705D41FFA8AF2032A07D8042012E0EC
:108DB00047F061F8204637F089FF13E0B4F840002F
:108DC0003B46082513F8011F2044883005EBC101FC
:108DD000914217D9181A00902046494604220023D0
:108DE0000EF0A0F804469DF8170000287FF444AF69
:108DF000BDF81800002852D0AAEB000A07EB0008C3
:108E00003D46A5E73A1A5A4502DAADF81810EAE7E6
:108E10003A4612F8023F032B09D10DF117004946DB
:108E20003A460090204606AB0DF0AAFDDAE7FB7843
:108E3000002BEAD0101ACEE7062834D0112835D0FE
:108E4000292841D02C2800F093803A2800F09880FF
:108E50003B2819D0B4F87610490700F1808004F15E
:108E6000080104F11C02012325F0DEF8014620462A
:108E700044F042FAA06B002871D040F6BF0081E0B8
:108E800000240CE03B2803D1204637F01FFF05E00B
:108E9000042049460422002346F0FDFF04462046F4
:108EA00015B0BDE8F08F40F6B7006BE0112084F8F4
:108EB000730040F6B300A087B4F840002044381A8D
:108EC0008838A4F84600EAE794F8750010F00B0F14
:108ED00045D010A920463EF025FB287884F8730081
:108EE00094F87500C00704D020462FF019FB002825
:108EF00051D00020B4F8421084F87500381B88382F
:108F0000A4F8400080B2081A282824DB94F87800DE
:108F1000234900F0030001EB8003387879780201DF
:108F200042EA111202F003055B5DFF2B33D022F001
:108F3000030201F00F0100F0F0001A4341EA0211B0
:108F40007970D1B240EA1110F979387094F8720052
:108F5000814288BFF87140F6BB00A0879FE7B4F854
:108F600040004946042201232044281A883893E708
:108F70001FFA8AF3204639462A4602F049FD8DE75A
:108F800040F6B400A087381B29788838A4F8400040
:108F900084F8731083E746F06EFF75E751300000E8
:108FA000343100002DE9F04F85B0002900F06182D6
:108FB0000C468146002800F05882D9F86801002844
:108FC00000F053820069002800F04F8299F90D00EB
:108FD00041F0E4F8002800F04882064694F8780052
:108FE0008108302906D02E2906D10320274607F80C
:108FF000580F08E002200CE0042809D2274617F891
:10900000580F032809D1484631461EF06BF807E097
:10901000012004F1580784F85800304634F00AF96A
:109020004846214627F098FC0546706E20B1B6F8F8
:109030006810826890470544B4F84000B4F84210C4
:10904000A1EB000B484629463BF0E0F90FFA80F807
:10905000C34512DD306980B9B08A70B9D9F86801AA
:10906000B0F84E0045F07CFE0028306100F0FD8134
:10907000D9F86801B0F84E00B08294F85C503046E0
:1090800021463EF057FB30B305F0080005F0100A0A
:1090900006F13C070021029006F108000390C80782
:1090A00027D135793946681C3071284642F046FA96
:1090B00000210028F3D1F06A20B190F83E00002191
:1090C000A842ECD00399284642F038FA0021002843
:1090D000E5D10121E3E73878F8B9D9F834012EF069
:1090E00066FCD0B146F03EFA1A20012118F05EFA73
:1090F000BBE1B4F8760084F83E50810705D5C3453E
:10910000C4BF20F00100A4F87600029D9DB9BAF119
:10911000000F32D106F1180A40E0354655F8441FD9
:1091200089B1387891F85820824212D3002047F054
:1091300021F90146F4E7C345D4BF0020B08A3AF0D4
:109140008AFD82462DE028460021224645F030FE69
:1091500003E00020224645F023FEB6F84C00013023
:10916000A6F84C00304643F06FF9B6F84C101920C1
:1091700018F01CFA46F0F6F998E100203AF06BFD81
:10918000002800F07281824638461C21524645F084
:109190000FFEB6F850000130A6F850003069CAF84A
:1091A0001800BAF1000F00F06081504643F03EF91C
:1091B0009AF81100CAF8144000F0FB0040EA55008C
:1091C0008AF81100C34557DDB4F8400000218AF841
:1091D0001010AAF80C00B4F84010621892F8882019
:1091E000502A04D10231A4F840109AF80C00081A51
:1091F0000DF112018AF8100020460DF07FFFAAF849
:109200000A00B4F84010B4F84220511AAAF8041029
:10921000081ABDF8121008442146AAF80200484670
:1092200027F09AFB0546706E20B1B6F86810826888
:1092300090470544484629463BF0E8F8BAF8021042
:109240000022AAF80600B2EBD12F0FD1BAF80A20FB
:109250009AF81030BDF8121080B2D518C908AAF8D3
:109260000E200435AAF8081085421BD90298B0B91F
:109270000020CAF81400F8E0002D00F01181D9F8A0
:109280006C01227A04F10B01D0F8840031F034FD36
:10929000054628B328694FF47A71484324E0DAF888
:1092A0001800DDE00C3313FA82F5854206D8083247
:1092B0000131AAF80E20AAF80810F4E79AF8110074
:1092C00040F001008AF811007088411C7180AAF8F2
:1092D000000002980028D2D1012086F85C00DFE06F
:1092E000D9F86C01B0F874002066B4F84000B4F806
:1092F0004210081AB6F8521088423DDDB6F8540004
:10930000002800F0818003981C2145F097FF054656
:109310004FF0000B00220292B5FA85F0002D4FEAC3
:10932000501873D003981C212A462F4645F050FD53
:10933000054644F03FFEEFDD3AF070FC0028029A4B
:10934000584608BF3A46B6F85400CDF808B00BF1BD
:10935000010B8345DFD332B9DAF814003AF05EFC32
:1093600000283A4652D0484631463EF0CDF9002812
:10937000029808BF8346CDE7B6F85600002843D0D0
:1093800003981C2145F05AFF834600220021CDE9B5
:109390000121BBFA8BF0BBF1000F4FEA501835D01A
:1093A00003981C215A465F4645F012FD8346D9F8C2
:1093B0006C0179690A7AD0F884000B3131F09CFC99
:1093C000A842E6D144F0F6FDE3DC3AF027FC0028A1
:1093D000019A08BF3A460298411CB6F856008142ED
:1093E000D5D301912AB9DAF814003AF017FC3A46BD
:1093F00060B1484631463EF087F90028DDE90110AA
:1094000008BF01460022C2E74FF00108304651462E
:109410003EF064F928B19AF8110040F008008AF88B
:109420001100B8F1000F18D0039D1C2152462846A8
:1094300045F0BEFC2D680DB3687C000707D569694F
:10944000DAF814000930093143F032FFB0B91C20BA
:10945000294646F08FFF0546EDE7DAF8180008B117
:1094600045F086FC504645F083FC2046A02145F09F
:10947000ECF9FF2040B205B0BDE8F08F9AF811007A
:1094800010F008010BD155B140F008008AF8110026
:10949000AA46687C6C6900F0F700687400E029B99E
:1094A00048462146524633460BF0DCFB0020E1E7FC
:1094B0002DE9F04F8BB03AF01DFFDFF8AC140860D7
:1094C00037F06CFADFF8A4148122DFF8A844DFF843
:1094D000ACB4DFF8B0740A70DFF894140860DFF8F9
:1094E00098140020208048718BF80000DFF8900469
:1094F00000783870DFF890040068417A4AB2002A98
:1095000000F11C81027A0B096FF0030563F341053A
:1095100061F30A22DFF874141544CA89A9B2914292
:1095200000F20C810A3017F02EF8DFF864942088DE
:109530000522D9F80010084400F1080107F10800DD
:1095400045F0CEFA3A7BDFF84C34F97AB87A1A70E3
:10955000228801F030030532228040EA0122202BCC
:109560007A8040F0EB80DFF830341B785BB110F08C
:10957000070300F0E380DFF824643678862E02D1FA
:10958000022B40F0DB803B78DFF8148493B198F82D
:1095900000607EB9012B00F0D180032B05D0022B97
:1095A00008D1430740F0CA8004E000F00703032B12
:1095B00040F0C48013070AD512F4405F00F0BE806B
:1095C000DFF8E03393F83830002B00F0B7809304D5
:1095D00002D4920500F1B280C1F3810ABAF1010F01
:1095E00000F0AC808B09012B00F0A880A5F1030CE2
:1095F000DFF8B45301F001027A7015F80A60ED5CEF
:10960000354400264029BAFA8AF138BF01264909B3
:10961000314029460CBF02310225400658BF0D4695
:109620001FFA8CF0EEB2B11A814200F38780104429
:1096300001930096801BB880A13080B242F012FFE7
:10964000DA4E0028306079D07C2146F051FC98F841
:10965000000020B9B87800F020008BF800003168D5
:109660007A7801F17C00C2F103024860A1F864201D
:10967000086692B2BB880B8107F10A0145F030FA07
:1096800031687888C34AFB7A97F80AC08881FF203E
:10969000167881F83AA0C3F301138873019881F812
:1096A00030007878002818BF00260A6E81F84960DB
:1096B0002688301AB1F86460208032440A660CF0C3
:1096C00078021A440A74290600F04B81D9F8001078
:1096D000009A11FA80F0FA8000F108010DF10B00F8
:1096E00045F0FEF9F888218897F80B80DFF8BCA2D6
:1096F0000844208008F03000202840F0E580DAF8A7
:1097000000004FF6FC7CC8F38101027C12F040059A
:1097100024D10DF10B06002955D0A54BBDF80B2027
:109720000236DB89A0F844209A421ED00CF10303D4
:109730009BB29A4219D00021002346E045F090FBED
:1097400040F038FA924900240A6813681C711268C4
:109750000A6043F011FD0BB0BDE8F08F69B3944A85
:109760000DF10B06D289A0F84420032911D1323023
:10977000314646F042FDDAF800008D4903313230BF
:1097800041F099FB0346DAF800004FF6FC7C0836FE
:1097900011E0874A0CF1030336F8021B9BB2928951
:1097A00041868A1AC91AB2FA82F2B1FA81F15209D3
:1097B000490942EA0103002107E00CF103010DF120
:1097C0000B06A0F8441001210123B0F84420B8F1A1
:1097D000400FA0F8422014D2002D18BF01252940C7
:1097E000012923D131880CF1030292B29142A0F8F1
:1097F0004410A0F8421021D06D4AD289914263D121
:109800001CE0002D81F0010118BF0125294304BF90
:1098100036F8021BA0F84210B8F1C00F08D3283068
:1098200031461D4646F0E9FC2B4603E033B94BE0D8
:1098300031880185002B47D0DAF80000FA88006EE5
:109840000DF10B0145F04CF9DAF80010F8880A6EBA
:1098500002440A66B1F864201044A1F86400087B51
:10986000000771D52088D9F800100122084400F1C2
:1098700008010DF10A0045F033F920889DF80A101F
:1098800001302080DAF80000006E01709DF80A00B7
:10989000DAF8001010F00702C0F3C10081F82420AC
:1098A000B1F8642081F8250002F10102A1F86420DA
:1098B0000A6E02F101020A6606D03E49085C021DEA
:1098C000B888FA80904204D219F0DDFC2FF050FCE9
:1098D00036E72088D9F800100DF11F08084400F180
:1098E0000801404645F0FCF8DAF80000DDF81F10EA
:1098F000FA8881612188052A114421800ED31C3009
:1099000008F10401053A45F0EBF8FA8802EB08008B
:1099100010F8011C2548006880F82610006E0DF133
:109920001F0145F0DDF82149F8880968C3430A6E34
:1099300002440A66BA881A44B1F86430BA800A81CF
:1099400018441044A1F864001348007848B97878A6
:109950009BF8001029B120B90E480021007833F09F
:1099600093FC04F05FF8EBE6603E0120C83E012066
:109970005C3E0120AE3E01201C3A0120CB3E01207E
:10998000CA3E012070520120A43E012060520120F5
:10999000FC3D0120D93E012048480120CF3E012056
:1099A000D73E0120FC150020A03600008C3E01208F
:1099B0008C3D0120B43600002DE9F04F97B01D46D4
:1099C0001446884640F0CAFF002800F0568200F195
:1099D0000C0607462146304642F09DFB002800F069
:1099E0004C8281464068002800F04782D9F8080080
:1099F000002800F042824AF2ED00844241D0012C5E
:109A000040F03B82DFF8B0044FF0010A0596007A7F
:109A1000032840F06D81D7F8A00044F039F8002801
:109A200018BF4FF0030AD7F8A000D8F81040B8F8D4
:109A30000CB044F02DF8002800F0CB80CDF810A039
:109A400014F801ABABF1010006AA81B2204620F068
:109A5000D2F8002800F047819DF81800002800F097
:109A6000388106A846F07EFBBAF1060F08BF02282F
:109A700000F03781BAF1070F08BF0E2800F03181DE
:109A800031E1B7F84C2098F8150007F14804002A96
:109A900000F0010118BF012200294FEA820A08BF25
:109AA0000AF1020A97F84E301322002B049308BFE4
:109AB0000322C00800EA81002146029010443CF0D5
:109AC00054FA83460AF10100214626F02BFEDFF806
:109AD000DC230590CDF80CB051680131516000EBEA
:109AE0000B020028394618BF02F1020B0BF10500EA
:109AF00080B23BF095FA00284DD039460122044649
:109B000024F0AEFF787A0130787284F83C50D7F8B0
:109B1000A000797AD0F838013CF0FBF807F140005A
:109B20004021224645F044F998F81400607360899A
:109B300098F8151044F0B4FF98F81550E9070FD0C5
:109B40004FF2FF31084098F80010C1F3810140EA5C
:109B500081206081D8E90101C4E9000198F815501D
:109B600006A84146282246F0A5FB002005F0010189
:109B7000CDF804A00A90ADF82400207B8DF82C00CD
:109B8000A80617D49DF82D00029A20F03000B9B134
:109B900040F0100022E000200890CDE90600F120FE
:109BA0008DF8190098F81400D9F804208DF81800E1
:109BB00006A98CE09DF82D0069B9029A00F0CF004B
:109BC0008DF82D009DF8180000F0F3008DF81800B6
:109BD00006E000208AE040F01900029A8DF82D007E
:109BE00004F14805A34604204BF8105F3BF8061C1F
:109BF00060F302012BF8061C4AB14FF63270ADF843
:109C0000500014A9284643F03DFAA17A00E0284606
:109C100001F00701A0EB050A42F0B2FF0AF10401CE
:109C2000451B8DF8391044F0D7FBE91C8DF83A102C
:109C3000049921B197F84E20396E41F04CFA25462F
:109C4000039945F830BF2A4645F81C1C984942F84C
:109C5000180DC5E90121059961B146F0E9F9796D61
:109C6000012212F052FE0199890703D5796D002275
:109C700012F04BFEA169401A4AF2ED01E061D8F8FA
:109C800010002062B8F80C00606220463BF040FEF5
:109C9000884894F83C102A4600230024ADF83C0084
:109CA000D7F8A000D0F868014769009106A9B84725
:109CB000002800F0E2801694CDE914448DF851009C
:109CC00098F81400D9F804208DF8500014A93046F3
:109CD000D2E09DF82200012805D19DF8240001283A
:109CE00001D1202000E00020DDF810A04AEA000A9F
:109CF00007F148045046464621463CF036F90AF042
:109D0000200B804621464FEA1B10013026F00AFD49
:109D1000664A0490CDF80C8091680131916000EBA7
:109D200008020028394618BF02F1020808F10500B0
:109D300080B23BF075F9002800F0968080F83C5026
:109D40000446CDF808B0D046307D04F1480BA24659
:109D500060736089717D44F0A3FE20F44050317837
:109D600001F0030140EA0130608120F44060D6E94F
:109D70000112C4E900123178C1F3810140EA812067
:109D8000608140F00600718820F001004AF810BFA1
:109D900060810020AAF81B002AF8081C58460621FA
:109DA00042F0EEFE05469AF81B0004308AF81B00CC
:109DB0005FEA88700CD5A5EB0B0084F82C002846D0
:109DC00044F00AFB054694F82C00033084F82C007C
:109DD000DDF808B0BBF1000F0DD00DF1180BD7F86E
:109DE000A00059463BF0E2FD59462846DDF808B090
:109DF00043F0AEFE05462046DDE90321DDF8148080
:109E000040F8185F40F8042C294AC0E906A0026215
:109E100081B1284646F00CF9796D012212F075FDEA
:109E20000546BBF1000F05D0796D2846002212F0DF
:109E30006CFD0546A06941F60E11281AE0613069F3
:109E40002062B0896062F86E415CC90718D138465B
:109E5000214619F09BFA80B100210891CDE9061145
:109E600044F043FB404607E000200890CDE906009F
:109E7000F12044F03AFB0598904717B0BDE8F08F09
:109E800041F6041122460844402144F091FFF86E47
:109E900041F60C11425A01324252F86ED7F8A02016
:109EA000415AD2F83C013BF034FFE6E7C4390120C7
:109EB00001000200EDA0FFFF644C01202DE9F04FEE
:109EC00091B00446B0F84000B4F84210091A89B2C3
:109ED00004291DD394F876202044656B90F88810EF
:109EE00090F88900520784F8731084F8740006D53E
:109EF000D5F8582162B19B2901D1012808D8204604
:109F00003A213FF0CCFA48B10520012117F04EFB71
:109F1000204611B0BDE8F04F36F0D8BEB4F840008E
:109F20000430A4F84000204640F0E9FDD5F8A831FF
:109F30007BB1002021468DF834000DAA28469847B1
:109F4000044600284FD09DF834002646002840F0F3
:109F5000EB8194F87300A0F18001082922D8DFE892
:109F600001F0052B44493232324EA300666B002EBD
:109F700000F0D6812746812117F8090FA7F86A104B
:109F8000442107F11405A7F83310FF2896F8E810CC
:109F900087F8691000F0C08038462946102243F047
:109FA000D5FECBE09B2800F0B3809F280BD1204644
:109FB000294611F097FCB6E1606B90F90D1004F1A1
:109FC0001D003FF0CBFA002C00F0A08043F60120EA
:109FD000A4F8730040F64F00A0874FF6FF7060832F
:109FE000204645F08AF826469EE1204629461CF088
:109FF000E9FD98E1204629462FF004FD93E1002079
:10A00000B4F84070CDE90700CDE9050094F874007C
:10A01000002840F0858194F87200FF2840F080818C
:10A02000656B2046142141F019FA002800F0788170
:10A0300020461421012245F04BFD2E46814636F87C
:10A04000980F810740F1B18010F0400808BFB9F1C6
:10A05000000F00F0A68020461421212245F038FD93
:10A06000002800F0A2804178022940F059818178CF
:10A07000002940F05581B9F1000F13D1B8F1000F5C
:10A0800010D040F20121C2680DF12409ADF824106E
:10A090008168CDF82A20CDF826100021ADF83210C5
:10A0A000CDF82E10834680E094F87400002840F02C
:10A0B000378194F87200FF2840F03281B4F84050A4
:10A0C0002046142141F0CAF9002800F029816019C6
:10A0D0008830054615F8041FFF2900F02181A046AD
:10A0E000077818F8090FFF2802D1780600F11881C7
:10A0F000666B2946304640F0E0FC18B390F821002A
:10A10000800740F10D813046294671E000260BE1C1
:10A110002046FDF7D9FE06E138462946102246F0D2
:10A12000C9F830463946002210F0CAFD002800F078
:10A13000F78001462846102246F0BCF8204631F050
:10A1400027FEF0E02046142121220223049742F04A
:10A15000D2FD002800F0B3800746B6F898008006CC
:10A160000AD597F802B0B81D45F0C6FE814644F006
:10A1700046FF002800F0DC80D6F85801002800F0E7
:10A180009E8097F802A0B81D45F0B6FE04F11D09A7
:10A19000BAF10B0F40F08580304649463BF01DFE7A
:10A1A0008DE04FF0000B4FF00009E01910228830CD
:10A1B000011D0DA846F07EF89DF83400FF2800F040
:10A1C000AF8004F11D0876491022404642F0B6FAED
:10A1D00088B10DA9284643F02AFDE0B170494046F8
:10A1E000102242F0ABFA002840F09A800DA92846D0
:10A1F0003CF0F5FD94E0B9F1000F40F09180694921
:10A2000004F109000D2242F099FA002840F08880FC
:10A210004FF0000BDDE70DF1340A284651462FF0D0
:10A22000D3FD18B10DA842F032FD79E0BBF1000F6B
:10A230000CD005A859464A4643460090284614F0DB
:10A2400059FF00286CD09DF8220088B9B9F1000FA1
:10A250000ED0D5F8AC3104F108022846494698479B
:10A2600030B1227A04F109033046414641F016F933
:10A270009DF82210607A05AA002908BF0A46FF3817
:10A280000121CDF80880B0FA80F0CDE900A20122CA
:10A29000430928460AF0C6F90646204636F016FD60
:10A2A00042E044F0ACFE50B9BAF1000F07D0484686
:10A2B000514645F067FB3046494646F0CFF806F177
:10A2C00098092946484640F05EFC48B307462046B8
:10A2D000142102220023A8F1010B4FF0000A42F0E2
:10A2E0000AFD48B1D6F8AC31014630465A46984787
:10A2F00010B19BF800A001E08BF800A0CDF8008021
:10A30000484639465346049A1FF075FFD6F858015F
:10A3100030B1B87C022803D13046294640F0B2FA69
:10A32000204636F0D3FC0646304611B0BDE8F08F2B
:10A3300096F8890000283FF41FAF06F174013046FB
:10A3400040F0BBFB00283FF417AF8246BBF1020F81
:10A350001BD0BBF1010F1ED0BBF1000F7FF40CAF7F
:10A3600030465146002238F065FCDAF82400002817
:10A370003FF402AF4FF4E1704FF4FF713DF0D9FFAD
:10A3800000FB09F0CAF81C00F6E6304651460222EE
:10A3900038F050FCF0E6304651463CF020FDEBE64C
:10A3A000913000008C3200002DE9F04F8BB0002A74
:10A3B00055D08946042952D3834600284FD0DBF874
:10A3C000001020201F4616468847002847D020212D
:10A3D000044645F08DFD4FF0FF3006EB0908606044
:10A3E000307800F0C0003870371D3078B9F1040FB4
:10A3F000089700F03000E0707078A070F07820814D
:10A40000B17840EA012020818FBFA9F10400CDF886
:10A41000208000204746317811F00F02227030D0A2
:10A42000082A00F2FC812069002840F0F8814A45A2
:10A4300000F2F581B818B042C0F0F181404500F259
:10A44000EE815846394641F0E9FA0028206100F0D3
:10A45000E68120783918B14206D200200FE00024AE
:10A4600020460BB0BDE8F08F414504D2A8EB0100B7
:10A470000F46089103E0CDF8208000204746ADF854
:10A480002A0004F10A010025CDF81880049104F196
:10A490001401059104F11C010791000400F0B98139
:10A4A0003878FF2800F0B58100F00F010009ADF801
:10A4B0002600781CADF82810B04207D3404503D2DF
:10A4C0000890A8EB000002E0CDF820800020ADF855
:10A4D0002A000DF12A0032464B4600900DF126006D
:10A4E00008A92CF03DFF002840F09981BDF8260016
:10A4F00050FA85FA1FFA8AF7574540F09081E8B282
:10A500008742C0F08C810DF12A0032464B46009004
:10A510000AA808A92CF024FF002840F080811C2FF5
:10A5200054D80120C449B84008424FD0584621466B
:10A530003CF006FB002800F07281BDF82880BDF8D1
:10A540002A204245C0F06B816FF0020010FA8AF0B9
:10A55000202840D8DFE810F0210058006301630094
:10A5600076008900630163019500A3006301B200D6
:10A57000BF006301CA0063016301DD006301630181
:10A58000070163016301630118012901630163018C
:10A5900063016301630163013D01B8F1FF0F00F244
:10A5A0003E81B8F1000F00F03A8107980068416BD6
:10A5B000002940F03481089FA0F8048045F01FFA7C
:10A5C000079A116848631068406B17E13C2FADD0C3
:10A5D000232FABD0B1E73C2F40F02181B8F1040F1D
:10A5E00000F21D81079800684178CA0740F0178182
:10A5F00041F0010141705FFA88F108A842F0C4F906
:10A6000007990968486196E007980068034653F87F
:10A61000301F002940F003810090042083E0B8F14E
:10A62000020F00F2FC8007980068006A013040F0D9
:10A63000F6805FFA88F108A842F0A6F90799096840
:10A64000086278E0B8F1020F00F2E980079800682C
:10A65000C069013040F0E3805FFA88F108A842F059
:10A6600093F907990968C86165E00798006803468F
:10A6700053F8381F002940F0D2800630009008209F
:10A6800051E005980068002840F0C98004980090C7
:10A690000B20CDE9010808A9059B584647E0B8F111
:10A6A000020F00F2BC806068013040F0B8805FFAB1
:10A6B00088F108A842F068F960603CE0B8F1040F46
:10A6C00000F2AD805FFA88F108A842F05DF90799C1
:10A6D000096808612FE00798006800F10A0100F19D
:10A6E000400300910F21CDE901181EE0B8F1020FDF
:10A6F00000F2958007980068C068013040F08F80B4
:10A700005FFA88F108A842F03FF907990968C86024
:10A7100011E007980068034653F83C1F00297ED1DA
:10A72000083000901420CDE90108584608A909F026
:10A730006BFE002873D4089FB81B48456FDCB742F6
:10A7400003D2DDF81880002009E0DDF818804745C5
:10A7500031BFA8EB0700CDF8208000204746ADF8B8
:10A760002A00554699E6B8F1030F58D807980068B3
:10A77000806A013053D15FFA88F108A842F004F9E9
:10A78000079909688862D6E7B8F1030F47D8079898
:10A790000068406A013042D15FFA88F108A842F0AF
:10A7A000F3F8079909684862C5E7B8F1040F36D88D
:10A7B0000798006841788A0731D441F0020141705E
:10A7C0005FFA88F108A842F0DFF807990968886104
:10A7D000B1E740F20A40804521D8B8F1000F1ED001
:10A7E00007980068C16AD1B9089FA0F8028045F0B7
:10A7F00006F9079A1168C8621068C06A78B107EB59
:10A800000800B04297D30699884228BF08460890AE
:10A8100091E7B81B48450CDA3878FF2802D00120B0
:10A8200060701DE6781C311A4944A1810904F6D0F4
:10A83000A0610020F4E700BFD8C192182DE9F04FC5
:10A8400085B01C4690468A463FF01EFF002843D044
:10A8500087698346002F3FD0BAF1000F1AD0BAF8AB
:10A860004000BAF842105D46081A15F8131FADF8FB
:10A870001200012919D0AAF848002878012825D10A
:10A88000786828B1514633F04BFD002800F016825D
:10A89000FD2622E00DF11201404637F029F838B3C9
:10A8A0005D4615F8130F01287CD19BF80D0000F0D0
:10A8B0001800082808D1B8F1000F1CD0D8F8000003
:10A8C000C8B1D8F80400B0B1FB2606E0BBF8100010
:10A8D0000021B1EB502F26D0FF26BAF1000F02D095
:10A8E000504636F0F3F970B200B205B0BDE8F08F13
:10A8F0004FF6FF70F8E7BDF81200002800F0DE8187
:10A90000BAF1000FB7D10BF1380043F07AFFBDF870
:10A910001210884280F25581DBF84820904280F284
:10A920004B819C26DFE75046594642F0E5FC388DC6
:10A9300038B997F8340034F02BFC0028388500F043
:10A94000378197F837008AF87800BAF8760097F8D8
:10A95000361020F40050002918BF012140EA413090
:10A96000AAF8760020F4806097F8381001F0010111
:10A9700040EA81204EF6FF71AAF87600084097F869
:10A980003810C1F3001140EA0130AAF87600788D42
:10A9900030B107F11806CD49304642F089FC98B332
:10A9A00000203AE0BDF8120080B245F013F948B338
:10A9B000CDE90157D8F80860BDF81270824600252D
:10A9C0004FF6FF790394D8F80C00854214D206EBB9
:10A9D000C500BAB256F8351044685046944238BFA4
:10A9E00022463CF089FD4C4528BF4C46D7FA54F727
:10A9F000380401D00135E6E7BDF81200039CDDE91B
:10AA0000015738E7FE266EE70AF10900314645F0A6
:10AA10006AFB788DAAF81A000420B8F1000F8AF8B2
:10AA2000080000F0A680D8F80400A0B1D8F8001003
:10AA3000FF2600293FF451AF14287FF44EAF488A17
:10AA4000042201318AF808201022AAF81A000AF11B
:10AA5000090045F02FFCD8F8140004280AF11D0065
:10AA60002CBFD8F8106000260190FF200390002032
:10AA700002904FF0FF3080B20090002E00F07D80F9
:10AA8000B078292840F06F80F17806F10409881F1A
:10AA900008281DD8DFE800F005672A3A676767676E
:10AAA0005500308805287FF417AF99F90000002879
:10AAB0003FF512AFC0B201283FF60EAF002818BF15
:10AAC0000120BAF8761021F4005141EA403044E008
:10AAD000012948D1308806287FF4FEAEB9F800007D
:10AAE000009988423CD0FF283BD9F5E630880628FB
:10AAF0007FF4F2AEB9F900004FF0FF318842FFF663
:10AB0000EBAEFF28CDF808902DDDE5E6308815285E
:10AB10007FF4E2AE0198494645F0E5FA6B494846B4
:10AB200042F0C6FB00284FF0040018BF0020039934
:10AB30008AF81C0096F914000028C8BF014603914A
:10AB400011E0308805287FF4C7AEBAF8761099F87E
:10AB5000000021F4806141EA8020AAF8760002E03A
:10AB600000208AF87800404631463DF0EAF9064672
:10AB700083E7FF264FF0000803E09AF80800DDE9BC
:10AB8000028688B12878A8B102287FF4A5AE97F88C
:10AB900034003A2817D1BAF84000BAF84210091A1E
:10ABA000042914DAFA2698E64FF0FF3004389BE6C1
:10ABB000FE2692E6F32016E0620402D4ADF81200FD
:10ABC000F2E60846F0E68AF87300F2200BE0011D79
:10ABD0005044B0F88800AAF84010AAF87300504614
:10ABE0003FF08DFFF420AAF83C009AF81C0040B911
:10ABF00007F108053549284642F05AFB20B19AF87A
:10AC00001C00042808D00EE00AF11D00294645F07A
:10AC10006AFA04208AF81C000AF11D003BF040FE8D
:10AC200000287FF435AE70B2012802DB3FF01EFC35
:10AC300003E05846514625F0E7FC0546002843D07E
:10AC4000CAF83450BAF8760097F8351020F00100B1
:10AC5000B1FA81F149090844AAF876009BF9150078
:10AC6000012809DB4FF0FF30AAF866009AF85C0073
:10AC700000F0FB008AF85C003846514642463DF041
:10AC8000ACFBF86BCAF87C009AF81C0080B93A6BF0
:10AC90000AF10901284610F013F800283FF4F8AD36
:10ACA00001460AF11D0045F01EFA04208AF81C0036
:10ACB000388DAAF82E0050462EF0EAFB6004BDF84D
:10ACC000120048BF00200FE6FC2606E674310000A3
:10ACD0002DE9F84305460C46480413D4A00024D4BB
:10ACE000A0075CD460057ED4200500F10681200712
:10ACF00000F13B81600040F1F6802EF00DF924F068
:10AD00008044F0E03EF056FFDFF81C140F6D3FB1B9
:10AD1000D7E90A1202F0E04201F00A01891849D08D
:10AD200042F02AFA24F48044DDE0BB48DFF8FC73EB
:10AD3000016841F080010160B878012804D1042045
:10AD400039F0E8FF0020B8703EF034FF06460420DA
:10AD500044F020FCDFF8D8130A68904219D12A7E0B
:10AD6000BAB1FA68AAB1DFF8C003806C002800F01D
:10AD70009780C16840F603020988914206D0C068F6
:10AD800040F604010088884240F08A8005F11400F2
:10AD900088E040F6C4120860C5E9042284E013F09C
:10ADA00051FBDFF88403006C002840F09D8024F004
:10ADB000020498E0D7E90A65D7E90A12AA43B14329
:10ADC000C7E90A1242F0D8F9B8680028AAD056EAB2
:10ADD0000500A7D0D7F808C03869B7F93010324657
:10ADE0002B46E0479EE73EF0E5FE05463EF0F0FFCD
:10ADF000002800F0B780CC48876B002F00F0B280AD
:10AE0000DFF828830420CB49002288F81800C648C0
:10AE100042F0BEF945F088F9C74845F01FF9C74828
:10AE20000068006B8047C8F810000125042088F8EE
:10AE300002503BF075F9386990F82810C8F8040002
:10AE4000490703D5436A042100229847012030F0C6
:10AE500097FED8F80400457622F024F8D8F80400CC
:10AE600081680B461A465B684BB11E88A6F603063E
:10AE7000072EF7D805FA06F616F0830FF2D0537BAB
:10AE800003F0F003013353730023FD6853602D88F2
:10AE9000A5F60305012D00F28A80C8F810309FE066
:10AEA00005F1100035F0ACFE304642F065F93BF09C
:10AEB0004FF978B12E6A28466FF4807100224FF066
:10AEC0000073B0479848806B10B12EF025F801E070
:10AED00044F00204EE692846002100224FF080630E
:10AEE000B04724F0005434B1974821462830BDE8DB
:10AEF000F84340F020BFBDE8F8838C4EB0780128BD
:10AF000004D1042039F006FF0020B0703BF020F996
:10AF100038B170686FF4807100224FF00073056AD9
:10AF2000A847306950B185480068006B8047326996
:10AF30007168801A000BC860002030617A4D814929
:10AF40000022284642F024F902203076286C20B1F5
:10AF50007D480221283040F0EEFE2DF0DDFF24F484
:10AF60000064C0E745F0E0F841E03EF023FE05460E
:10AF70003EF02EFFA0B1DFF8B48198F80000000782
:10AF80000ED498F9000000280AD4684622F05EFB2F
:10AF900008B1009820B1DFF8B49199F8610048B386
:10AFA00045F0C2F82DF0B8FF24F008049BE70346F3
:10AFB00033F8385FA5B190F8445090F8456005F03B
:10AFC000F00580F8445006F0F005013580F8455052
:10AFD00000255360C5634587507B00F0F000507337
:10AFE00057480022C2610160012040F087F924F433
:10AFF000806478E700260127602E0FD009EB060059
:10B00000817A31B18772407A07FA00F0C0B239F024
:10B010009BFE2036F0E700BFCC210840032088F8D3
:10B020001800454845F01AF845F07EF8444F3E4D6B
:10B030000022786900207861F968F8602846444960
:10B0400042F0A6F83D480068006B8047D8F80C1025
:10B05000D8F82020411A02EB1130B0EB113F38BF75
:10B060004FF0FF3098F82410C8F8200021B1D8F82C
:10B070000810B0EBC12F20D940F050F9B8B140F61C
:10B080000900414621F83C0F002048804A7B02F02D
:10B09000F00201324A730A7B02F0F0020A73486040
:10B0A000F8613960B8F83E0010F4406FFAD0002023
:10B0B000C8F82000012088F8240034F011FC25484D
:10B0C000002101600220002140F018F9022039F02F
:10B0D00021FE102020F0A0FF98F8010020B9D8F838
:10B0E000040050303DF0D8FA1B48807810B90D208C
:10B0F00020F092FF98F8250028B1002088F825005C
:10B10000052039F007FE002088F818001348C8F819
:10B110001C000220B5F85610B5F85420914208BF23
:10B1200007202BF095FE3DE7E4490120B4480120BB
:10B1300024540120AD9D0400983601208C0100109C
:10B14000001004408D3B02001C49012080170020A4
:10B150007D8F03000000046018330000692E020098
:10B160002DE9F04FAFB0399E389D0692089100242A
:10B170000DF148084FF0FF31002234600A2A06D052
:10B1800008EBC20748F8324001327960F6E7002147
:10B190002691AF4933B382464FF0000B0C937DB339
:10B1A000284644F0F3F806469AF8180151468006FE
:10B1B0001BD4DFF8309401F170041CB360680328DD
:10B1C0000ED1A168484603223FF065FD40B904F165
:10B1D0000C00294632462FF0D7FA002800F0FB81F8
:10B1E000A469EAE701F50060EFE101F1F8046CB150
:10B1F0002046294632462FF0C7FA08B1E468F6E740
:10B20000002504E004254FF0000B00E004250AF1BE
:10B21000CC04204643F0DAFF0C9E0146304641F054
:10B22000D9FC00283046214618BF05F500453AF004
:10B23000A7FC002818BF05F58035002600200595DD
:10B2400027AD099048F83BA008EBCB0900272698CA
:10B2500049F8047F0D9001300A9026900AF1A80069
:10B2600045F078F810B10127C9F80070DDF830B06A
:10B270000AF1900045F06CF818B107F50077C9F8AD
:10B2800000700D9C002E40F076819AF848115846C7
:10B2900041F092FC18B107F58047C9F800709AF8A0
:10B2A0004911584641F096FC18B107F50047C9F816
:10B2B000007044B90AF150000AF1700127F0DDF97D
:10B2C000002800F026810A990998DDF820B0CDF811
:10B2D0002C900AF150084FF000090E97081A0791B8
:10B2E000119001200F90002700201090BBF1000F5B
:10B2F0005FD00BF17001404627F0BFF910B1DBF8C9
:10B3000050B1F3E75FEAC97003D1DBF81C000328F2
:10B3100003DBDBF81C010028F1D0DBF82001012859
:10B3200002DB11998842EAD39AF8480142F070F999
:10B33000044644F0BDFCDAE90521064620462B46CA
:10B3400037F066FF10B14FF0FF301CE00BF1CC047A
:10B350009AF84911204643F0D3FC0028F3D09AF81C
:10B360004831DAF84C119AF84901DAE950C53A4601
:10B3700027AF009717462246CDE9016527ADCDF8E6
:10B380000CC030F06DFFB0FA80F0440949EA0400C7
:10B39000C007B4D00BF1A80044F0DCFF20B90BF1DA
:10B3A000900044F0D5FF80B1002FA8D15F461094E3
:10B3B000A5E767B95FEAC97040F0D580DAF850B107
:10B3C00000204FF001090F908DE75F4610940D9813
:10B3D00098B10AF17001404627F04FF9002809980A
:10B3E00008BF013009900A9808284FF0000088BF74
:10B3F000012019EA000F40F0F0801098DDE90B48B9
:10B400000E9D10B945F00805256007F1CC014046B6
:10B4100010913AF0B5FB20B105F580350E95256009
:10B4200000E00E95DDF8189007F1700500241197E3
:10B43000B9F1000F00F08A80D9F8180028B109F19D
:10B440003400294627F019F920B1D9F8F090EFE738
:10B4500000D0FFFF99F8E8604046314641F0ACFB70
:10B460000028404618BF44F4003499F8E91041F030
:10B47000B1FB0028304618BF44F4802442F0C8F8DD
:10B480000DF19C0BD9E90421064647465B4637F08F
:10B49000BFFE00284FD1DDF840B0384659463AF09B
:10B4A0006FFB0D9099F8E800D9F8EC8099F8E970F5
:10B4B0000A90304644F0FCFBD9E9381227ABCDE9BD
:10B4C00000300A9B3846CDE9022141465A4630F009
:10B4D000C7FE0D99002918BF44F4803488BB09F1D8
:10B4E0006C0044F037FF002809F1540018BF44F005
:10B4F000200444F02DFF00285046494618BF44F46C
:10B50000806439F061FFF8B9D9F8F090DDF8308047
:10B510008EE7089E002E3FF4D6AEDAF80820B06819
:10B52000824205D1F168DAF80C003FF0B4FB10B3A9
:10B53000D6F85061EEE744F010040DF148085D467E
:10B5400007E044F0100401E044F002040DF1480863
:10B5500027ADDDE90E060B99DDF81CB0DDF844A03F
:10B56000204308606EE60E980B990D9C0DF148087B
:10B5700040F008000860139805993B9DDDE93967A4
:10B580000DF19C0908431390601C11D008EBC40016
:10B59000406827903FB158F83410284622464B4661
:10B5A000B84760B927983168013C08433060EBE741
:10B5B00030680B49002818BF01F5106008E0084A00
:10B5C00002F51061884208BF10464FF0FF3131602C
:10B5D0002FB0BDE8F08F002515E60148399EF4E74D
:10B5E00000D0FFFFC03600002DE9F04F8FB00921D9
:10B5F000044603A80D9101210E900C91242144F0E2
:10B6000077FC2046102133F0B9FC0546002840F0B5
:10B61000FA81A1684FF0000A02950A68D1E9083C56
:10B62000D1E90B7BD1E90D9E9E1816EB0C064AF171
:10B630000000D218A6EB0703A3EB0B0260F1000C8D
:10B6400040F10000BE42A2EB0905A5EB0E08C1F8CF
:10B65000008038BF60465B4538BF01384A4538BF77
:10B660000138754538BF0138A26841B25368B1F15D
:10B67000FF3F03DDC9184AF1000A05E048421944BA
:10B68000834238BF4FF0FF3AD2E9090CD2E90C5B94
:10B690004FF0000ED2E90E9840184AF100014EF129
:10B6A000000310EB0C004AEB030CA0EB0503019127
:10B6B000A3EB0B07A7EB0906A6EB08015160019964
:10B6C00061F10001A84228BF61465B4538BF0139DE
:10B6D0004F4538BF0139464538BF0139A0684AB2E5
:10B6E0008368B2F1FF3F03DDD2184EF1000E05E092
:10B6F00051421A448B4238BF4FF0FF3ED0E90A183E
:10B70000D0E90D5AD0F83C9089184FF000024EF164
:10B71000000C42F1000311EB08014EEB030EA1EB0C
:10B720000503A3EB0A07A7EB090686606CF100008E
:10B73000A94228BF7046534538BF01384F4538BF2E
:10B740000138A16840B2CB68B0F1FF3F03DDC018FB
:10B7500042F1000205E045421844AB4238BF4FF0C9
:10B76000FF32D1E90B57D1E908EC2B184FF000005C
:10B7700042F1000840F100065B1942EB060240F17D
:10B780000005DB1945EB080540F10006DB194F6B9E
:10B7900042EB060840F10006DB1945EB0609CE6BCB
:10B7A000A3EB0607A7EB0E02A2EB0C05CD6068F138
:10B7B0000001B34228BF4946774538BF0139624589
:10B7C00038BF0139A26849B21369B1F1FF3F03DD07
:10B7D000C91840F1000005E04D421944AB4238BFA2
:10B7E0004FF0FF30D2E90C67D2E909EC75184FF041
:10B7F000000140F1000841F10003AD1940EB0300E6
:10B8000041F10003ED1943EB080341F10006ED1986
:10B81000976B40EB060041F10006ED1943EB060380
:10B82000A5EB0E0660F10000A6EB0C07176175454D
:10B8300028BF1846664538BF0138A26840B2536930
:10B84000B0F1FF3F03DDC01841F1000105E04542C2
:10B850001844AB4238BF4FF0FF31D2E90D67D2E94F
:10B860000AEC35184FF0000041F1000840F10003E8
:10B87000AD1941EB030140F10003ED1943EB08035F
:10B8800040F10006ED19D76B41EB060140F10006CF
:10B89000ED1943EB0603A5EB0E0661F10001A6EBE3
:10B8A0000C075761754528BF1946664538BF0139F1
:10B8B000A26849B29369B1F1FF3F03DDC91840F1B5
:10B8C000000005E04D421944AB4238BF4FF0FF3055
:10B8D000D2E90DC7D66BD2E9088E7B184FF0000174
:10B8E00040F1000941F10005DB1940EB050A41F187
:10B8F00000059B1945EB090541F100009B194AEB36
:10B90000000941F10006DB1945EB060541F100068F
:10B9100013EB0C03A3EB080765F10005A7EB0E0082
:10B92000906149EB0600434538BF2846774538BF4C
:10B930000138A26840B2D369B0F1FF3F03DDC018FF
:10B9400041F1000105E045421844AB4238BF4FF0D9
:10B95000FF31D36B02F1280BD2F834A01D184FF041
:10B96000000041F1000640F10007ED1841EB07012E
:10B9700040F1000715EB030846EB0709176A019130
:10B980009BE8420840F1000E17EB0807A7EB010502
:10B9900069F10008A5EB0603A3EB0B09A9EB0A0C60
:10B9A000C2F81CC0019A42EB0E028F4238BF4246D9
:10B9B000B54238BF013A5B4538BF013AD14538BF7F
:10B9C000013AA368029D51B221EAE1721A6209228A
:10B9D00063689A4204D2A36843F822000132F7E771
:10B9E000B1F1FF3F0FDCDDE90D02494202EB8000BF
:10B9F000224640F8041C0CA9204628F02DFF10B95F
:10BA00004FF0FF30206028460FB0BDE8F08F704740
:10BA10002DE9F04F85B08146082B0ED98F1CB9F85F
:10BA200040501E4690460C46384644F065FAE17890
:10BA300011F0010C03D0710701D004200DE020F0BB
:10BA4000070B09F1880306EB0B005919A0F1090255
:10BA50001FFA82FADA450AD2781A00904846002185
:10BA6000042200230BF05EFA05B0BDE8F08F651AE2
:10BA7000BBF1000F29D12278BCF1000F88F800201B
:10BA800023D101F10800AAB244F016FCB9F8400035
:10BA90000830A9F8400048463FF031F8041D204620
:10BAA00044F02AFA0838214680B244F0ACF840F657
:10BAB000BB00A9F84650A9F83C0099F8750040F081
:10BAC000200089F875004846CEE708380191CDE995
:10BAD00003C50290E01A0830A9F84000201D44F088
:10BAE0003EFB0746CB4809F1090509F11D044FF05B
:10BAF00000084668CEB17068B8420ED1F06800F117
:10BB00001D01204641F0D4FB38B1F06800F1090175
:10BB1000284641F0CDFB00285ED11020314644F08C
:10BB200029FC064608F10108E4E7B8F1040FDFF844
:10BB3000E48206D308F10400102143F07FFB3CF0BF
:10BB4000EBFE182043F024F9002800F0F1800646AF
:10BB5000B8F80000049C2044283880B244F03AF839
:10BB60000028F0606CD0B0F840104FF0000C09F1E4
:10BB70001C0E2144A0F84010F068A0F842104FF0CD
:10BB8000FF3031817081F06810FA81F0A24989306C
:10BB900020F00100016071898180A6F80AC0F26876
:10BBA0009EE83B0009F1080E1C323BC2F1689EE89A
:10BBB0003D0008313DC186F802C0A6F800C077609C
:10BBC000324699F87800102100F00300F07008F177
:10BBD000040041F049FE01E0DFF838827078002867
:10BBE00040F0A680D6F80CC030894FF0FF32BCF888
:10BBF0004010091A08BFA2F12701B8F80020039FDE
:10BC00001144002F18BF083989B28A4580F08E8010
:10BC10000CF1880E35464FF6FF780EEB000235F832
:10BC20000A0F2C4612FA80F0013020F001014888FA
:10BC3000834509D931F8040F40450C46F2D175E02F
:10BC4000304643F095F873E00B889B456ED38245F0
:10BC50006CD8898821809B450FD93189F2681144BD
:10BC60001944893121F00102ABF1010151801380A7
:10BC7000218822F8041F238000E0224627B940458E
:10BC800054D10120B07011E082450DD23189F368A2
:10BC9000029C194411FA84F1893121F00101488094
:10BCA0000C8013888B801480404504D13089029920
:10BCB0000844ACF84200AAEB0B0130896746744691
:10BCC0004A1CB9F84010704449445844883144F043
:10BCD000F1FAB9F87610B7F8762001F004011143B3
:10BCE000A7F876104D4996F9032001EB820299F8E6
:10BCF000781001F00301515CFF29F17016D0BBF1FF
:10BD0000000F5BD1B278B6F808C0B7F84210414BCB
:10BD10003846A1EB0C01002A08BF0831049A1B88A1
:10BD20001FFA82FB1BFA81F29A420BD90120707034
:10BD30000320012115F03AFC484605B0BDE8F04F5C
:10BD400034F0C4BFB0F84020934514D9B0F8440093
:10BD50008AB204EB0C01C01A049B00EB030A14FA2C
:10BD60008AF044F0A9FAF168A6F808A03846A1F8CC
:10BD700040A0B7F84020DDF810A0A2EB0A01A0F81F
:10BD800040103EF0BCFE01995A4644F093FAB7F8D1
:10BD9000764038464946012232F06AFEB7F87610FE
:10BDA000A0083A46A7F846A060F3820197F875000C
:10BDB000A7F8761040F0200087F87500484634F068
:10BDC00085FF28884FF0000940457FF47CAEB7F826
:10BDD00040003918A8EB000091F8892022F03002C9
:10BDE00081F88920F37842EA031281F88920B7F8B4
:10BDF00042208C311044273880B243F004FF304693
:10BE0000C6F80C903CF088FD40F6BB00B946B887F8
:10BE100059E600BFC85201200000FFFF4431000076
:10BE20002DE9F04F8FB0D64F0E46002807F1800164
:10BE300000F0B581002E00F0B28100211546099175
:10BE4000CDE90711CDE90511CDE90111CDE90311C6
:10BE50000446806988B1D4F8F0000028F8D10120A8
:10BE6000F42143F04BFC0028C4F8F00000F02B81D3
:10BE7000F42144F03DF8D4F8F040C249002D00F020
:10BE80008E81884601202946B94643F037FC0A9046
:10BE900090B131462A46074644F00CFAC4E90157EE
:10BEA0003D440AA80BAA302329463CF025FE28B1C0
:10BEB00044F0FBF8414672E1494670E10A980B9A5A
:10BEC000291A8A4240F0668160610AA80BAA2946B5
:10BED00044F01BF928B1054644F0E7F8A5F50651F2
:10BEE0005DE1DDE90A1004F1180B5A460D1860698E
:10BEF0002946281A20610AA844F03AF84F4648B16A
:10BF000010F1620103D10020CBF8000002E0B0F58F
:10BF1000085109D104F11C060AA807AB294632468C
:10BF200042F016FF014628B120460C4629F062FB7C
:10BF3000214634E1DBF80000002801D4022804D3B4
:10BF400044F0B3F807F5407129E1013004F1E8024B
:10BF500004F1E903A06104F1EC00009007A9304668
:10BF600037F0B0F920B144F0A0F807F5207116E1E0
:10BF70000A982946302320630AA80BAA3CF0BCFD8E
:10BF800028B1064644F091F8A6F5065107E1DDE92F
:10BF90000A1004F1340201440AA816F003F850B95B
:10BFA000206B0A9904F15402081A2946E0620AA893
:10BFB0000DF0E8F920B1064644F077F83146EEE09E
:10BFC00004F16C020AA829460DF0DCF99149884277
:10BFD00007D0064690483146864202D0002E3046B1
:10BFE000EAD10A98A84272D00AA80DAA294644F0BC
:10BFF0008CF8074662306AD0002F384661D10D9820
:10C000000A9904F1840601EB000841455FD20AA8B1
:10C0100041460CAA44F079F8002851D10A9806F15B
:10C020000C02007830600A980C9900EB010A7160EC
:10C03000B0600AA8514632F0C7FF002840D106F18F
:10C0400018020AA851460DF09DF9C8BB00200E90B9
:10C050000A98504527D2017806F13407B06330239F
:10C060003A4631630AA851463CF046FD28B110F12A
:10C07000620112D10020B06315E039680A984718B0
:10C08000B8420ED20AA839460EAA44F03EF820B9AA
:10C090000E980A9908440A90F2E7B0F5145702D0B6
:10C0A0000FE040F0B2800A994145AED20120402114
:10C0B00043F024FB0028F0635FD00A990646A4E70A
:10C0C000074638461FB143F0F0FF394667E0DBF81A
:10C0D000000002285BD10A98A84258D004F1C4029B
:10C0E0000AA8294600234FF0000B33F0C9FE06468C
:10C0F00000287FF461AFD4E932010A9F0DF1280ACC
:10C100000DF134080E18B7423ED250463146424631
:10C110003023CDF838B03CF0EFFC48BB0D980A99BD
:10C12000424606230F18504639463CF0E5FCF8B964
:10C130000D980A99084439460A9050460EAA39F0DB
:10C140003FF810B110F1620112D150463946424613
:10C1500004233CF0D1FC58B90D980A990844B84220
:10C160000A9012D10E980028CDD02948061D23E749
:10C17000B0F514567FF420AF09E048464F46A0E7DB
:10C1800080D7FFFF80DEFFFF01D0214E14E70A9821
:10C19000A84208D043F089FF1D4800F560710846A9
:10C1A0000FB0BDE8F08FD4E901010D180AA801AA6B
:10C1B00004AB294642F0CCFD00287FF4FCAE226A95
:10C1C000029882420ED1606A03993EF053FD48B94D
:10C1D000089A0598824205D14AB1069909983EF01D
:10C1E00049FD20B143F061FF09F50071D7E704F183
:10C1F000DC020AA8294637F047F800287FF4DBAEB6
:10C200000A98A842C6D10021C9E7014F59E700BFEB
:10C210009ADAFFFF9EDBFFFFA0DBFFFF2DE9F04F67
:10C220008BB004460020A4F85600204643F0F0FAF4
:10C23000002800F0C081814643F0BEFE0646082873
:10C2400006D0182E02D0102E40F0B581012700E054
:10C250000027E08901061DD4800625D443F0F6FAB4
:10C26000012805DB94F85A5043F0F0FA854225DAAC
:10C2700000250A95B7BBE16C89B3888C420704D5C9
:10C28000000702D5087D80282BD0302044F072F8BA
:10C290000146F1E7B4F8560010B13D28C0F08B819B
:10C2A0003C20A4F8560086E1A068314639F0AAF98E
:10C2B000B4F85810814200F27C817CE1A16A11B18E
:10C2C000204633F0E5F9002084F85A004FF6FF705D
:10C2D000C4F85600E08920F02000E0816BE10025E1
:10C2E00000E00D1D4FF4A06042F052FD002800F068
:10C2F000F780824699F81C00802108950596002653
:10C30000C0F3420021FA00F5A16A39B191F8260084
:10C310000643342044F02EF80146F6E76842E16C0B
:10C320004FF0000806EA0005EE4391B1887D91F8D0
:10C330002A2091F82B3081F8298030402B4010437F
:10C3400081F82B3081F82A00302044F013F80146A0
:10C35000EBE7E56CE5B195F8280098B9EE69484639
:10C3600042F05EFD711C05D081897218013AB2FB62
:10C37000F1F101E04FF0FF310079814238BF08460A
:10C3800085F828003020294643F0F4FF0546E1E710
:10C390000AF5407BCDF81CA05646DDF820A000250C
:10C3A0000DF12708CDF818905E4580F08B80009540
:10C3B000204639460AAA434618F0A8FC002800F097
:10C3C00081808146808C002F45D080060BD599F85E
:10C3D000150043F095FA89F81500B9F8240020F00B
:10C3E0002000A9F824003046494633F045FE0646B1
:10C3F0009DF8270089F829005E4519D2CDF80090F4
:10C40000204639460AAA434618F080FC80B101460E
:10C4100099F8150048759DF8270081F82900888C47
:10C4200020F020008884304633F026FE0646E3E7FD
:10C43000F7B140F206409DF82710308099F82400AB
:10C44000F170C001B07099F81500307199F82800AA
:10C4500070710636A8E70107B7D4BAF1000FB4D15E
:10C4600099F82A009DF82710084389F82A009BE7CD
:10C47000B9F82400000708D49DF827203046494623
:10C48000534638F0F7F806468EE7D4F828A09DF812
:10C490002750BAF1000F11D09AF8260015EA0002D1
:10C4A00006D00AF114033046494638F0E3F8064650
:10C4B0003420514643F05EFF8246EAE7DDF820A0D3
:10C4C000002571E7079DAE420FD097B10A9991F907
:10C4D00029000F1D3DF0CAFFDDF8188081460EE0EF
:10C4E000204600213DF0EFF965E0284642F040FC8F
:10C4F00061E0DDF818804FF0000908F1080794F8B2
:10C500005A0050B1A0684FF0FF313AF0E1F920B184
:10C5100090F90D1038463DF034F8721B94F8541021
:10C52000237BA06808F10806049792B2CDE90016B3
:10C53000CDE90252494622461DF09AFA064628469F
:10C5400042F016FC94F8540084F8550043F0D8F9F2
:10C5500084F854002020002E18BF6020E18921F0CB
:10C5600060010844E08194F85A000F281FD8A068A1
:10C57000059939F047F811490A784FF49671002A65
:10C5800008BF41F21851B8F84820904288BF0246CF
:10C5900094F85A0002FA00F04FF44042814228BF5A
:10C5A000014608464FF480413BF07CFA01E04FF031
:10C5B000FF30A4F858000BB0BDE8F08F644C0120A8
:10C5C0002DE9F0478AB0DFF8809304460D4699F8CC
:10C5D0000100013802281FD3D4F8580199F800202F
:10C5E00090F8021B7AB111F00A0F00F0E1803C21B3
:10C5F00001857821D4F858014185D4F858010221E9
:10C6000080F82C1008E0028D11F0140F0FBF428546
:10C6100002EB820109014185D4F8581104F5AC7789
:10C6200091F8020B800718D501F1140028312A4631
:10C630002BF091FA88B101AE2021301D43F058FC57
:10C64000C248019030463AF053FB0020062142F0E8
:10C650005FFF2046314604F0EDFB396891F8020B8C
:10C66000020743D5D1F8DC0A2A46401B38BF002018
:10C67000C1F8DC0A386800F128012BF06CFAE8B147
:10C68000386890F82F101D2915D801AE2021301DD3
:10C6900043F02EFCAE48019030463AF029FB0020D2
:10C6A000082142F035FF2046314604F0C3FBD4F8A0
:10C6B000580190F82F10013180F82F10396891F847
:10C6C0002F001E2805D8D1F8DC0A10B191F8020B12
:10C6D0000CE091F8020BC20708D101F114002831D7
:10C6E0003FF0ECFC204643F092FB2AE1400740F18A
:10C6F000BD8001F11E0028312A462BF02CFA0028BB
:10C7000000F0B48001A8242143F0F2FB40F219109C
:10C71000ADF8060001208DF80500C4B343F0C3FB5B
:10C7200035D1386800216422A0F8501B3868A0F881
:10C73000582B8848C37882780A2B22BFC1700132F7
:10C7400082703B6883F85B2B3A6882F85C1B3A681E
:10C75000C2F85D1B3A68C2F8611B3A68C2F8711BE7
:10C76000C2F86D1BC2F8691BC2F8651B012239684B
:10C7700081F85D2B396881F8612B396891F85C3B51
:10C7800081F8653B03218160386880F85A2B204688
:10C790002FF0CEFF01A83AF0ABFA94F82C00002657
:10C7A0008DF81060032817D13868A0F8506B38E076
:10C7B00011F0140F3FF430AF1E21018542F22831F1
:10C7C000D4F85801418594F82C10D4F85801032965
:10C7D0007FF415AF052113E7D4F86C01D0F884007D
:10C7E00040F0E4FA4FF6FF76D8B182460188386807
:10C7F00000F6984041F05AFB98B18046BAF8001014
:10C8000094F90D002BF080FB41084FF6FF760028CD
:10C8100008BF4FF48061B8F858000844B04238BFF0
:10C820000646D4F8580107210122A0F8526B204691
:10C8300026F060FC01A9204604F0FCFA43F033FB2B
:10C8400014D044480078012810D1386890F8261098
:10C85000013180F82610386890F82610142905D385
:10C8600090F8021B01F0FB0180F8021B386890F879
:10C87000021BC90665D5B0F8041B19B1D1FA55F1F0
:10C88000A0F8041B39682A4601F10A0028312BF070
:10C8900062F9002855D001AD2021281D43F028FB66
:10C8A0004CF2023041F66361ADF8040099F80800DB
:10C8B0000028284608BF41F62361ADF806103AF07B
:10C8C00017FA204642F00EFF8DF81000204643F084
:10C8D000D6F98DF8110043F0E6FA0FD1386890F8D8
:10C8E000081B01F00302012A08D101F0FC0102310A
:10C8F00080F8081B90F8090B013002E0204643F055
:10C900002FFB8DF8120020460921012226F0F2FBB0
:10C9100001A9204604F08EFA43F0C5FA11D00D4863
:10C92000007801280DD13868817C01318174386824
:10C93000817C142905D390F8021B01F0EF0180F8E7
:10C94000021B0AB0BDE8F087644C01200101110010
:10C95000030111006C5001202DE9FC47002800F074
:10C96000EF800446C078302801D10420E9E0206936
:10C9700040B12078082800F2E380002800F0E08031
:10C98000051D00E00425616939B160890B2222F0A0
:10C99000DBFE002800F0D480054461680020ADF87B
:10C9A00006004A1C0AD0B0EB114F40F0C9800DF1CF
:10C9B000060300200C2235F076FF0544E66906B335
:10C9C000F168481C0BD00020B0EB114F40F0B8804C
:10C9D0000DF106030020112235F065FF0544316991
:10C9E0003C2906D00DF1060300200E2235F05BFF36
:10C9F0000544F06AA8B37088411E0C291CD201219D
:10CA00002DE00021A2894FF0000C05EB020A002A5C
:10CA100018BF0AF1010A69B1D1E90F3ECA68BEF137
:10CA2000000F10D1561C0ED1002B00F08D804FF05E
:10CA300001089DE000232DE1A0F10D01B1F5807FFB
:10CA400007D802210BE00132B2FA82F24FEA521803
:10CA50008EE0A0F58771B1F53F7F71D8032129449D
:10CA60000D18316B31B13078042222F06DFE0028B0
:10CA700066D00544706B60B1B088411E0C2901D2AC
:10CA8000012104E0A0F10D01F22959D80221294425
:10CA90000D18B16B31B1F088082222F055FE002844
:10CAA0004ED00544F169481C0AD00020B0EB114F6C
:10CAB00046D10DF106030020072235F0F4FE0544AF
:10CAC000F16B29B13089142222F03EFEC0B3054437
:10CAD000316A481C0AD00020B0EB116F30D10DF143
:10CAE00006030020062235F0DEFE0544316C29B134
:10CAF00070890F2222F028FE10B30544716A481C89
:10CB00000AD00020B0EB116F1AD10DF106030020FE
:10CB10001B2235F0C8FE05447078C00707D0716944
:10CB20000DF1060300203C2235F0BDFE0544B16A3C
:10CB3000481C00F0BD800020B0EB116F00F0B18008
:10CB4000002080B2BDE8FC878A6A01320DD14A6AB2
:10CB500001320AD1CA6A42B90A693C2A05D14A7827
:10CB6000002392077FF463AF94E04FF001080023A5
:10CB7000D1E90C274FF00109002F18BF0327002A25
:10CB800018BF04270A6A013218BF0627CA69013292
:10CB900018BF07278A6B002A18BF082762686469D4
:10CBA000002C18BF0B27013218BF0C270024FAB243
:10CBB000022A4FF0000238BF01220D69B5F13C0690
:10CBC00018BF012616404FF0010218BF02223C2D6B
:10CBD00018BF0E27FDB2032D28BF3246BEF1000F4D
:10CBE0000CBF32460F27FDB2052D4FF0000538BFB0
:10CBF0000125B8F1000F25EA08064D7808BF112776
:10CC000005F0010005F0020530441044FAB2082A8C
:10CC10004FF0000238BF0122002B18BF012302EAA7
:10CC2000030218BF14271044FAB20B2A4FF0000277
:10CC300038BF01228B6AB3F1FF3618BF012632409C
:10CC400010445A1C18BF1727FAB20F2A4FF00002DF
:10CC500038BF01224B6AB3F1FF3618BF01263240BC
:10CC600010445A1C4FF0000318BF1B27FAB2102AB9
:10CC700038BF0123172A89EA550238BF0124C96A3F
:10CC800003EA55031844002918BF0121114021402F
:10CC90000844C3B20AEB0300BCEB104F18BF0020DE
:10CCA0004FE70DF106030020172235F0FCFD054487
:10CCB000E169487880077FF5A5AEB1690DF10603FB
:10CCC00000201C2235F0EFFDE16905449AE670472B
:10CCD0002DE9F04F8DB00546BF480068416E04A8AD
:10CCE0008847DFF8F892D9F8000018B93EF056FBF3
:10CCF000D9F80000BA4901220A70BA49446894F888
:10CD00000080097831B90120002115F0F8FBD9F82D
:10CD10000000446806893BF08BFE2088000709D597
:10CD2000B148007830B12046314621F0E5FE0028B8
:10CD300040F04E812046314613F025FC0DF13301C1
:10CD4000642034F0D9FEA848007830B1A7480078B4
:10CD500039F0C6FB002800F03881DFF894B2B71C28
:10CD60000DF10F01E920ABF8107034F0C5FE9DF80D
:10CD70000F00002808BF371D1822BEB2002804F893
:10CD8000027DC6F3022108BF082288186070994806
:10CD9000007848B1BBF810002DF096F93AF0F6FC97
:10CDA00000283FD0207800E0F8B2C0F340113046B0
:10CDB00026F054FB9DF833300021CBF81C408E4AFE
:10CDC0008F4CDFF838A2ABF80210002B08BF02F539
:10CDD000B252079121690990CAF81020CBF81820A7
:10CDE00019B1D9F800000C308847A06808B1804715
:10CDF0000A90844E844F002008F0200470807880D0
:10CE0000787B00F0F000033078733CF0D3FE80466E
:10CE1000072D09D8DFE805F00414080A14080814DF
:10CE200037460DE0DA20D1E05F4609E0774890F818
:10CE300053003AF0C1FCC07B734F022818BF5F4615
:10CE40009BF80D004FF00009CBF8049020F00F0084
:10CE5000411C8BF80D100CB902243BE040F002009D
:10CE60006B4CAA214FF47A75CBF804A0AAF8029073
:10CE70008BF80D009AF80C0000F0F00007308AF8EB
:10CE80000C002078B1FBF0F1B5FBF0F2511A4843E9
:10CE90008000CAF808005D4890F8530040F028FB75
:10CEA0005C49862206280A704FF4F47108BF40F2EC
:10CEB0002C712078B5FBF0F2114448434FF47A61AD
:10CEC00001EB8000CAF82000012027F0ECFD524C55
:10CED0004FF02009DFF844A151493F4EDAF8000035
:10CEE00088420FD050494F480968028AB1F848304B
:10CEF000934207D1C089B1F84610814202D1387BF4
:10CF00003D4610E0474D49490020012268800A70E3
:10CF1000C5E90170697B287B01F0F00120F00F006A
:10CF200002312873697300F0F000002128732E4845
:10CF3000A960007890B12948006878B1007D352853
:10CF40000CD03068C06B8047297BA860049001F04A
:10CF5000F0010231297301218DF81410344835494C
:10CF6000354B0160304831680F6D0068CDE90049EC
:10CF700004AA2946B847314C2080002027F093FDB1
:10CF8000B4F90000B0F1FF3F09DD2D48CAF800B048
:10CF9000017801310170404640F0EEF818E0184881
:10CFA00004682CB10020002100224FF08073A047BC
:10CFB000404640F0E1F80C4800780028074807D0C8
:10CFC000006828B1007D352802D11A201BF0C4FE6C
:10CFD0000DB0BDE8F08F00BF583E012090540120F5
:10CFE000E8540120D654012048480120C53E0120C4
:10CFF000143B0120DA5401200E7A555534390120B2
:10D0000028250000E03B0120C43B0120FC15002046
:10D01000CC3E0120CF3E012002004300FC4F012006
:10D02000A43C0120BC3C012030530120F34F0120DF
:10D03000A83E012075A3010011750300B63E012032
:10D04000F44F01202DE9F04F87B0C0B3DFF81CA3E7
:10D050000546DAF804604EB1D6F86801A84278D0E7
:10D060002420314643F086F90646F4E74FF4DE709B
:10D0700041F076FE18B34FF4DE71834600F1D60915
:10D0800000F1DE0842F034FF0127FF24802F18D082
:10D09000DAF80410B1B191F90D0087420DD0087C87
:10D0A00087420AD0487C874207D0887C874204D0D8
:10D0B000242043F05FF90146ECE70137E6E700265C
:10D0C00047E0FF2700260BF5C67014218BF812707D
:10D0D0008BF811708BF810708BF80D708BF80E4078
:10D0E0008BF80C60CBE96966CBF86461CBF82461FE
:10D0F000ABF82C608BF8896042F0FAFE4FF0FF30FD
:10D10000CBE96066CBF85C618BF830600138ABF836
:10D11000940078B2B5F84E102AF0FAFF30B99BF9B6
:10D120000D000821052220F0E3FEB0B19BF90D00AF
:10D130002DF0B4FD9BF90D0039F0FAFBDBF86C0122
:10D14000934CA047DBF86401A0475846CBF86461D4
:10D15000A047304607B0BDE8F08F202041F000FE28
:10D160000028CBF86401E1D000244477DBF86401A7
:10D170008461DBF864010460DBF8640104778820D3
:10D1800041F0EEFD0028CBF86C01CFD088214FF69E
:10D19000FF7742F0ADFEDBF86C01784A784B81896D
:10D1A00021F480618181FF21DBF86C018784DBF849
:10D1B0006C014784DBF86C0180F86D1041F6583142
:10D1C000DBF86C01A0F86E700227DBF86C01A0F8A8
:10D1D00074100121DBF86C010471DBF86C01417102
:10D1E0006549DBF86C018771DBF86C01C470CBF822
:10D1F00068519BF90D002C6802905D4801905D48D4
:10D2000000902846A047B0F1FF3F8FDD584635F02B
:10D21000D3FE0A2000240126ABF8D470ABF8D0006E
:10D220005848CBF83041CBF82841ABF832408BF866
:10D230002F408BF89740ABF84E408BF84C6001685C
:10D240008088ABF85A005048CBF8561001688088A7
:10D25000ABF854009BF89600CBF8501047F23051D1
:10D2600000F0E0000A308BF89600BBF8F00040F0C8
:10D27000E20020F00400ABF8F00040208BF8E8005A
:10D280004FF4E160ABF85C0058463DF001F94FF413
:10D2900016708BF81461ABF816014FF4C560ABF84B
:10D2A000E600ABF89E00584631F0C6FC0BF12400B6
:10D2B00042F05AFACBF86041CBF82C41CBF8204031
:10D2C000CBF888418BF84040304C0BF18C00A047E4
:10D2D0000BF13800A0470BF14400A0470BF1C4004C
:10D2E000A0470BF5A0701BF012F80BF5A47043F0EB
:10D2F0004DF80BF5A87043F04BF89BF90D100BF1AE
:10D30000980032F055FC6B6C04AA2846002198471F
:10D3100028B1584641F02CFD4FF0000B24E09BF85B
:10D320000C0068B9DDE90401C9F8000080F00200D2
:10D33000C9F804108BF8D60004A9584640F014F937
:10D34000D9F80000D9F80410C8F800000BF58C706B
:10D35000C8F8041042F052FC32F0FEFD0AF104005D
:10D3600024215A4640F080FA5E46F2E6F44E01204F
:10D370006503050071970400590305005D0305006E
:10D3800061030500203600002636000091FF0400EE
:10D3900071ED04002DE9F04F87B00F463DF0C0F865
:10D3A0000590D0B1B7F8400007F18806341816F898
:10D3B0000080204642F0A0FD82466FF3DF2ABAF1DA
:10D3C000000F00F00181A01C42F096FD05465FEAC7
:10D3D000886008D4201D002108E0384607B0BDE869
:10D3E000F04F33F073BC2179601DC900801B02919E
:10D3F00007F1080807F11C0BA7F8400007F10B0024
:10D40000039007F11F000490DDF8149059F8046FA1
:10D4100076B37088A84225D1B088504522D13469AE
:10D420009BF80010207F88421CD198F80010227AC7
:10D430008A4217D13FF048FF04F11F01821E0846BF
:10D4400004993DF04AFC68B998F8000034693FF04F
:10D450003BFF04F10B01821E084603993DF03DFCA1
:10D46000002853D01420314642F084FF0646CFE70F
:10D47000059850F80C6F002E00F0A680142132465B
:10D480003EF0ACF930461C2142F032FD48461421F2
:10D49000324640F0E9F90AF1070040F0010020F0BF
:10D4A000060042F097FB002800F08A80BC469BE80B
:10D4B0009E0081461C309EC098E89E0009F108003D
:10D4C0009EC0674605984088A6F804A07580308005
:10D4D000B9F840000130A9F840005044A9F84200D2
:10D4E00048463DF00CFB4FF0FF30AAF1010170817E
:10D4F000B9F840004844893020F001004180002103
:10D50000018072898280C6F810907181DDF80890E0
:10D5100029F007043CB1B7F84000B7F84210A1EB7E
:10D52000000B5D4623E00DF11A01384609F0E6FDD7
:10D53000B7F84010B7F84220C0B2A2EB010BBDF81B
:10D540001A100122ABEB000045183946A5EB0B0081
:10D55000B0813069B0F8768031F08AFA31694FEAEB
:10D560009800B1F8762060F38202A1F8762005EBEE
:10D570000901481E85B2554522D2B0460191CDF829
:10D5800010B04FF6FF7B38F80A1FD8F806E0CDF848
:10D590000C80BEF840C00EEB0C0000F1880909EBCE
:10D5A0000100013020F001025088844202D8138823
:10D5B0009D4213D232F8041F59459046EFD15DE0E9
:10D5C000059831463BF000FC0620012113F0EEFFE8
:10D5D000384633F07BFB07B0BDE8F08F9C4201D3A7
:10D5E00085421BD90620012113F0E0FF3069A6F81F
:10D5F0000AB0DDF80C80B0F84010084400218930F2
:10D6000020F00102AAF101005080118073899380FB
:10D6100071810023D6F810E0BEF840C00EEB0C027A
:10D620001144893121F001019C428988A8F8001039
:10D6300012D93169B1F840201144029A1944893154
:10D64000013A21F001014A800B80B8F8002021F84E
:10D65000042FA8F8003000E04146A8420ED93269F4
:10D66000B2F840301A44019B12FA83F2893222F058
:10D67000010250801380088890800B80B7F840002A
:10D68000384400F188013069B0F840201044049A11
:10D69000284492B2801A893042F00CFE3169B7F802
:10D6A0007600B1F8762000F004001043A1F876006F
:10D6B000384633F00BFB7189002059458BD1346912
:10D6C0003061059831463BF07FFB40F66901B08937
:10D6D000A187B4F840100844A4F8400020467AE737
:10D6E0002DE9F04FAFB0CE4F002A35D01446D268A6
:10D6F000002A31D00D46D4E9040188422CD3D4F855
:10D7000018B0431A5B4527D3AA465AF8903F1BB37B
:10D710005B78023B082B1FD802EB01083E46DFE88E
:10D7200003F0201C1C1C051C051C0500D5E9013E4E
:10D730002E69A3EB0E0C0CEB0602A7F5B066934521
:10D740000BD30C2B08BFBEF1040F74D00C2B08BFF9
:10D75000BEF10C0F00F0B0803E4630462FB0BDE861
:10D76000F08FD5F80490D5F8D410A7F5B0631E4615
:10D7700001294A46D8BF002209EB02008345ECD3B9
:10D78000E8681E46104401308345E6D3BBFBF9F040
:10D790001E4600FB19B00028DFD10229099311DBD6
:10D7A00005F1240041464A4642F084FDD4E90501D2
:10D7B000C844484460616868A1EB000BC4F818B025
:10D7C000D5F804902EA805F124014A464346CDE938
:10D7D00000B80290504630F0FBFA06460028BCD153
:10D7E000D4F818A02E988245B6D10AEB0800D5F8D7
:10D7F000D430002110F8012CE868104400F1010E2B
:10D80000F24538BF0A46012BA6DBBAF5807302F158
:10D81000010C38BF0B46AAEB0C060020534560D222
:10D82000B34228BF40F0010018F80370BA4208BFA5
:10D8300001440133F2E76A6A0A92D8F80020D8F866
:10D840000430CDE90B230CEB0100D4E9001208EB06
:10D850000C030D2760612869CDE92212217A60440A
:10D860008DF89010B4F809100DF1B80CABEB000076
:10D87000A061ADF89110010A8DF894008DF8931015
:10D8800029696A68CDE9007302AF1D1887E809109D
:10D890005046CDE905510AA922AB18F0B7F810F5AA
:10D8A000C64F3FF45AAFD0B9A0692E995C4E814261
:10D8B0007FF453AF002650E705F124090DF1280E3F
:10D8C00099E88500734685C30EF104020023082BF6
:10D8D000B9D0E05CD75C7840D0540133F7E7064616
:10D8E0003BE7A1EB0C01F2454FF000004FF0000BBD
:10D8F000B1FA81F128BF012049090840089018BFFA
:10D9000040F2FF1000EA0C09AAEB0900A061E968E7
:10D91000461AD4E90001A6618DF89460CDE9220190
:10D92000207A8DF89000B4F80900ADF89100300A23
:10D930008DF89300D5F8D400012843DB0AA84021D4
:10D9400042F0D6FA06EB09002E460790B0F580703B
:10D9500028BF834656F8400F42F0AFF9062831D869
:10D96000012101FA00F010F0580F2BD0A76922A96D
:10D9700030460D223FF040FEA269304641463FF05E
:10D980003BFEA069494640443FF036F80DF1680A75
:10D99000304651462FF0F6FC07F1150000EB090167
:10D9A0000DF128098909A1EB90100899002918BFE9
:10D9B000FF210840471C3FB1304649463BF000F983
:10D9C000013FF8E7164EC8E6304638F061FE079989
:10D9D000EA6808EB0B00A1EB0B0111443FF00CF8D7
:10D9E000A269E86800218DF82810424488420AD0D4
:10D9F000535C1AF80140013163409DF828402343ED
:10DA00008DF82830F2E79DF8280030B90898099E73
:10DA100090F001003FF44EAF9FE6099E9DE600BFE7
:10DA20000094FFFF2DE9F04F87B0BB4EBB4DDFF8F0
:10DA3000F4B2BB4CBC4F30882968A288084400F17E
:10DA40000801DBF80000006EB847DBF80020A08872
:10DA50003188136E01443180184410662868012211
:10DA600010FA81F000F108010DF11700B847308875
:10DA7000296804220130308011FA80F006AD00F1EF
:10DA800008012846B84730880421043030802846F1
:10DA90003AF06CFAA54ADBF800100690D269CA6326
:10DAA00032F07CFF054600F07DFCA149022268436C
:10DAB00000240A70DBF80010A1F840009DF917005F
:10DAC00000213AF03AFB0146DBF8000080F84610EE
:10DAD0009DF81710B0F8646000F17C0580F84740AD
:10DAE000056680F8481081890B0706D442680489CE
:10DAF000324404EB060A42600AE0028944688D4F12
:10DB0000B21A224490F8244042603C5DA6EB040A1D
:10DB10008C0513D4002B1DD501F00703032B0AD06D
:10DB200053B912F8033F382404EA530403F00703FF
:10DB300004EB43031A44013242610BE01BF04CFD3D
:10DB4000DBF80000C16E11B1B0F8701081B141680E
:10DB500041618189090712D490F86810C1B12CF095
:10DB600043FBDBF80000416D91B1B0F8581079B972
:10DB7000584642F075F80020CBF8000024E01EF073
:10DB8000F9FBDBF800104870DBF800008169C16523
:10DB9000DFF8A48198F80010C9B1684F828902F0BB
:10DBA00007033978022B08BF002912D0DFF89091C3
:10DBB00099F80030002B70D002F44053B3F5005FA9
:10DBC0006BD14178002951D02BF0D2FA7FE00026AA
:10DBD0006AE04378002BE9D100F128010DF10F0034
:10DBE00042F008FBDBF800000A2200F1280101A83E
:10DBF00040F076FF544FDBF8001038880130388051
:10DC000091F83000022814D15148002283188C1852
:10DC100093F8203094F828409C420AD10132022A1D
:10DC2000F4D100F116010DF10F0042F0E3FADBF838
:10DC300000104848A1F808A04D600078862866D1F9
:10DC400078888989013001F0100178804248007895
:10DC50002EF082FA00285AD098F8000090B3D8F835
:10DC6000481079B3DBF8000088472BE035499DF870
:10DC7000172000260A7034498A8801328A8000F110
:10DC8000280100F11C02002042F050FB98F800002F
:10DC900050B1DBF800003978828902F007020126D2
:10DCA000012A08BF002915D0DBF80000A0F808A061
:10DCB00045602EB1D8F8481011B18847DBF8000054
:10DCC00028F06CF90020CBF800003EF033FE07B0DE
:10DCD000BDE8F08F1D490126497999F80020002AF6
:10DCE000E2D14529E0D1417800297FF46DAF0121CF
:10DCF00000F1280289F8001000F11C01104629F0FB
:10DD0000EBF998F80060002E18BF0126CCE7054813
:10DD100041F0A6FFD6E700BFAE3E0120FC3D01204A
:10DD2000705201208C3E0120E1EA04002C100020FA
:10DD3000C83E01206C35000048480120D73E012034
:10DD4000CB3E0120D63E0120303D01201C3A01206F
:10DD5000FC150020CF3E0120D93E0120F0B591B046
:10DD6000054600200E46ADF83C000E9028463CF0DB
:10DD70007DFB002844D00446D0F8680140B1826C95
:10DD800032B10CA9904718B99DF83200042802D28C
:10DD90006FF0010636E0D4F8680101213EF04CFD39
:10DDA00070BB94F90D00BDF8301029F05FF938B35D
:10DDB0009A4F01223878002808BF03223C20042112
:10DDC00029F01EF9D0B1032002213AF07DFDA8B15F
:10DDD0004FF480603FF0FCFA4FF480603EF0EEFAC2
:10DDE00033F0AAFF60B98E4900224FF6FF70032A74
:10DDF0000BD001EB420301329881F8E741F086FE37
:10DE00004FF0FF36304611B0F0BD0022052A04D095
:10DE100001EB420301325882F8E7022E4BD88149C8
:10DE2000F00021FA00F0BDF8301084F82C000EA8A4
:10DE300033F06AFB002841D041F02CFE41F06EFB2C
:10DE4000BDF830007849794A234628F0DFF8D4F845
:10DE50006C11C1F88400D4F86C01D0F8840068B368
:10DE60007349744A744B204614F0B0F9204641F0CF
:10DE7000D3FAE8B10646204619F0A0FE002817D4D0
:10DE800020462EF0FDFB002812D494F90E00B0F1CC
:10DE9000FF3F06DC6948002122F0E6F80028A07365
:10DEA00006D4284631464AF2ED022FF041FF50B326
:10DEB0006FF0030604E06FF00206A3E74FF0FF36B1
:10DEC00041F0E8FD41F027FE04D120460021002268
:10DED00031F042FA41F022FB41F018FE0EA840F06A
:10DEE000EAFC204633F0EEFA41F015FE7FF48AAFEB
:10DEF000204627F0EDF9387A03287FF483AF2046D7
:10DF000037F088FD7EE7387AC0B320462CF0DCFB82
:10DF10000028CDD44A485149514A524B06904948AD
:10DF2000059049480490494803904948029049485F
:10DF3000019049480090204632F0C8FC0028B7D430
:10DF4000D4F85801D0F84C0B00F1980100F1B00260
:10DF500000F13E03204623F0D7FD0028A8D441F06D
:10DF6000DAFD0BD1204633F08BFA0028A0D42046EE
:10DF70003146012231F0F0F9002899D14FF4C56102
:10DF80003948A4F89E10A4F8E6103849C4E9601096
:10DF9000D4F85801DDE90E12C0F8981CC0F89C2C8A
:10DFA0003348C4F8B80120462FF057FD314836F009
:10DFB00051F80DF1230001250A210A90FC208DF86B
:10DFC0002C508DF82350ADF82400D4F86801C368B4
:10DFD00009AA9847B4F8F0000026274984F84C5065
:10DFE00000226FF0FF0384F85B60A4F84E6040F0FD
:10DFF0000400A4F8F0004FF0FF30CDE90266CDE94F
:10E00000000620460AF0A4FD1C49206720462CF09B
:10E010001AFC1B4920462CF016FCF3E6644C012048
:10E020006C50012003000100314A0300D18201003D
:10E03000CD4100006FF70300198101001578000041
:10E04000218E0200CD0E03000FB903000900050068
:10E0500011000500793D040059040500053E030048
:10E06000E17C040039E3040085F50000FD0A0300AB
:10E07000BB49030073A30200F12F000061300000D0
:10E08000713000002DE9F04F99B0894606461846D8
:10E0900000211F46154600243AF0E2F8002872D00D
:10E0A0000120CDE91744CDE91144CDE91540CDE972
:10E0B0001304CDE90F40CDE90D0407A90C9103210C
:10E0C000CDE90A01284639462CF01EF9B0F1FF3F90
:10E0D0005CDD16A829462CF047F90446002865D1D6
:10E0E00013A839462CF040F9044600285ED10120DF
:10E0F000169013906868811C10A830F03FFF04460A
:10E10000002853D110A8002136F0F0F90446002869
:10E110004CD10DA8022130F031FF0446002845D132
:10E1200013A833F01FFB00F01F001F2851D100205F
:10E13000059017981499039101390138A0EB010A51
:10E140000691029013A84FEA4A11049120F0B8FDFD
:10E15000044658BB0DF1580B0DF14C08584641468A
:10E1600024F009FA002845D41298424650F82A10A3
:10E17000013140F82A105846594630F0ABFA0446AF
:10E180000028EBD012E06FF00B041CE02EB13046FB
:10E19000002136F0ABF9044640B9B9F1000F16D0B2
:10E1A000484629462CF0E0F8044680B17C4D16A87C
:10E1B000A84713A8A84710A8A8470DA8A84707A8CC
:10E1C0000C2140F00FF8204619B0BDE8F08F002474
:10E1D000F9E780F01F0116A8059120F071FD0446B3
:10E1E0000028E3D113A8059920F06AFD0446002811
:10E1F000DCD19EE713A8049923F066FA04460028B0
:10E20000D4D103980DF1340A023804900699029C87
:10E210008C4240F29680159850F82120189850F8BA
:10E22000241091420BD200EB8400002350F8040C20
:10E230003FF0FCFE002918BF4FF0FF3001E04FF027
:10E24000FF300399022CA4EB010B129941F82B002B
:10E25000189826BF00EB840151F8081C0021079193
:10E26000611E019150F82110089150F82400099086
:10E27000129850F82B10013140F82B10DDF848802F
:10E2800058F82B000021013848F82B00504636F092
:10E290002DF9002853D1069A22B11598049950F807
:10E2A000210000E000200F99086015980F9950F8A0
:10E2B0002200486050465146DDF8488058F82B202F
:10E2C0003FF0B2F9D8BB50460AA924F054F900280F
:10E2D000D6DC58F82B20504613A93FF0A5F970BBA7
:10E2E0004FEA4B115046009120F0EAFC38BB16A8CB
:10E2F0005246014630F0EEF908BB16A8002139F06D
:10E30000AFFFB0F1FF3F019802903FF77FAF50465B
:10E3100013A92CF029F890B90099504620F0D0FCB0
:10E3200068B916A8524601462FF0CAFD38B958F808
:10E330002B00013848F82B000198029066E704464C
:10E3400034E75EB110A930462CF00EF804460028E0
:10E350007FF42CAF2868396848433060B9F1000F6A
:10E360001CD016A8059923F0AFF9044600287FF4C5
:10E370001DAF2868169016A948462BF0F5FF0446F5
:10E3800000287FF413AF48460021002439F068FFCD
:10E3900000287FF40BAF0120C9F80000002405E736
:10E3A000FF9604000A2070472DE9F84F2DED121B4F
:10E3B0000024002A00F0748181460AA89FEDBC8BDE
:10E3C0009FEDBD9B984692460E464FF0200C1030B4
:10E3D00007900AF1010010F8011C002900F05A8191
:10E3E000252907D0022E24BF09F8011B013E013068
:10E3F0000134F0E782461AF8011BB1F12D0204BF87
:10E40000417800F1020AB2FA82F24FEA521E302934
:10E410000CBF1AF8010B08462A281AD158F804BB79
:10E420001AF8010BBBF1FF3FDCBFCBF1000B4FF043
:10E43000010E2E281CD1524612F8010B2A281AD19F
:10E4400058F8042B9AF801000AF1020A22EAE27550
:10E4500020E04FF0000BA0F13002092AE9D80BEBC5
:10E460008B0200EB4200A0F1300B1AF8010BF2E72F
:10E470004FF0FF350EE00025A0F13003092B08D83E
:10E4800005EB850300EB4300A0F1300512F8010B0A
:10E49000F2E7924630294FF0000740F0200108BF14
:10E4A0005F466C2908BF1AF8010BA0F1630115291A
:10E4B00041D80A23DFE801F00F0B3F463F3F0B3FF7
:10E4C0003F3F3F3FAD163F3F283FB03F3FAFBD42CC
:10E4D0006FF00903A1E058F8040B01218DF8280022
:10E4E0000AAFA9E0079D58F8041B082210237746BD
:10E4F000284627F003FCBE46074640204FF0200C7C
:10E5000007F8010DE91B97E058F8047B6C48002FD1
:10E5100008BF0746CDF818E0384640F05AFF85425C
:10E520000146DDF818E04FF0200CB8BF29466A1C00
:10E5300008BF014680E0022E24BF09F8010B013E0E
:10E54000013446E708F10700CDF818E053EC182B2A
:10E5500020F0070090ED000B01908DED080B9DF869
:10E56000270080F080008DF8270051EC100BCDE9DA
:10E5700003230591054602902BF028F9DDF8208051
:10E58000002808BFA8460598099D08BF05464046D3
:10E59000294631F035FA009038F00AFC02460B4665
:10E5A0004046294609F070FF53EC192B15F06CFB1F
:10E5B00032F06AFB079D014604220A23284627F011
:10E5C0009DFB059902AB80467D1B0DCB2BF0FEF821
:10E5D000002818BF013D2E2000990A2308F8010DDC
:10E5E00005EB0802404627F089FB059902AB074678
:10E5F0000DCB2BF0EBF810B12D2007F8010D019891
:10E60000DDF818E04FF0200C00F108080798C11B56
:10E6100012E0082300E01023BD42C8BF2F46079D2B
:10E6200058F8041B3A462846774627F067FBBE4653
:10E630004FF0200C0746291AABEB0100BEF1000F8A
:10E640000CD100228318012B06DB022E24BF09F80F
:10E6500001CB013E013AF5E7A41A581E0A464AB119
:10E660000137013A022EFAD317F8013C013E09F8AE
:10E67000013BF4E70C44BEF1000F3FF4AAAE0128C1
:10E68000FFF6A7AE022E24BF09F801CB013E0138E8
:10E690000134F4E7B9F1000F1CBF002089F8000035
:10E6A0002046BDEC121B01B0BDE8F08F00BF00BFDB
:10E6B0000000000000000000000000000088C340CF
:10E6C000D33500002DE9FF4701F10908894603AA67
:10E6D00000230746414621F05FF9064658B9B9F8CC
:10E6E000A20010F4407F7CD003AA384641460123A3
:10E6F00021F052F90646AF4C96B9207A80B1218AB2
:10E700003846002225F04CFA00280CD4207A4146E5
:10E7100001230138207203AA384621F03DF906464C
:10E720000EB1039D2BE0DFF890A2A68ADAF8005024
:10E730009DB1A868B84204D1E88AB1B2814206D33B
:10E74000361A0020294641F015FE0546F0E7A18A59
:10E75000286903950131A18240B9DAF80050002DF3
:10E760003FD02869012100260395A182B1B2682219
:10E7700001FB02066821304641F0BAFB8EB33FF040
:10E7800017FEEA680024D2E9022302AFCDE9007443
:10E7900038F07EFA002824D4B9F8A20009F128073D
:10E7A00041050FD539684FF6E07211404EF66022F0
:10E7B000914207D3384638F07BF9384634F008FFE9
:10E7C000B9F8A200B6F86640810A81EA1431C90797
:10E7D00009D1B6F86020D7E900134A401A4303D1A3
:10E7E00010E0FF20E2E03988A6F8601024F48050A1
:10E7F000B9F8A21001F4806140EA8104A6F86640ED
:10E80000B9F8A20080EA0407F80506D409F130013E
:10E81000304620223DF084FFA8B1A87E09F13001E6
:10E82000202240F00200A87699F8A300B6F86640CE
:10E8300060F308243046A6F8664041F03BFDB9F885
:10E84000A20080EA0407B80507D406F1200009F108
:10E85000500130223DF064FF70B1A87E09F15001F3
:10E86000302240F0F5F8400A60F3492406F1200018
:10E87000A6F8664041F01EFD600406D506F1500082
:10E88000414608223DF04CFF58B140F0E2FB40F415
:10E890008044A6F86640D8F80000D8F80410C6E90D
:10E8A0001401B9F8A270380B80EA5430C00709D0BF
:10E8B000A87E40F0CDF8000B60F34D34A6F866401A
:10E8C000B9F8A27087EA0400000707D106F15800E2
:10E8D00009F1880108223DF023FF60B1A87E40F0D5
:10E8E000B7F860F30304A6F86640D9E92201C6E947
:10E8F0001601B9F8A27007F00F00C4F303118142AA
:10E9000007D024F0F00141EA0014A6F86640B9F8F7
:10E91000A2702A4AF80505D44FF6FF30904600272A
:10E92000204018E0D9F89800029990460844904297
:10E9300088BF00202FF0BCFD0746B6F866004005F2
:10E9400005D5B6F8620039462CF0B6FC38B940F06F
:10E9500080FB40F48060A6F86270A6F86600B9F803
:10E96000A200800505D4B6F86600002420F40060FB
:10E9700017E0D9F89C0002990844404588BF002060
:10E980002FF096FD0446B6F86600000505D5B6F8EA
:10E99000640021462CF090FC38B940F05AFB40F45A
:10E9A0000060A6F86440A6F86600002040B204B0FB
:10E9B000BDE8F087F84C0120BC5301200038B503B6
:10E9C0002DE9F04F8BB004463FF052FC0546A0689D
:10E9D000079441F009FC06904FF6FF744FF6FF7064
:10E9E0003DB128463FF04EFC29684989884288BFDE
:10E9F0002046CDE9020507984FF000084FF6FF7456
:10EA000050F8286F05904FF6FF7004904FF6FF7096
:10EA10000890002E6AD03068D0F800B0304638F048
:10EA20002FF84FF6FF77B84222D0054630463FF028
:10EA300029FC8146BBF82410B08D41F0D1FA824602
:10EA4000814588BFCA4630684089824588BFBA463A
:10EA5000B8F1000F06D0069885420FD80699A0B2EB
:10EA600088420BD92C46B046CDF81090CDF820A0A6
:10EA70003420314641F07EFC0646CAE706998D42B5
:10EA800002D9A0B28842F3D9D8F800109BF8180038
:10EA9000096800F080000A7E02F08002904215D1E1
:10EAA00058463EF0F8F90128E2D00428DAD0039F56
:10EAB000B8450ED0049880B28145D3D3D8D8D8F8C1
:10EAC0003010306B8842CDD039F072FE0028C9D1A9
:10EAD000CEE70798806841F093FC0146484641F034
:10EAE0007FFA0299B8468842BCD9C1E7002609A836
:10EAF000B8F1000F0A90099600F0C180D8F8001014
:10EB0000086801910090089885B2084629463FF0B0
:10EB1000A5FBB8F824004FF61E6142460840342198
:10EB20000130A8F8240005983CF058FE09A83421CB
:10EB3000424640F03DF90798806840F0ABFE8346BE
:10EB400040463FF09FFBD8F8004007462068006829
:10EB5000806841F053FC0146284641F041FAA18902
:10EB6000884238BF01460291BBF1010B00F085805D
:10EB70000598CDE903764FF000094FF6FF77066858
:10EB80004FF6FF700690BEB346452FD0B08CC0073D
:10EB90002CD13068D8F80010884227D1056830465B
:10EBA00037F06EFF04460798806841F01DFB8442F1
:10EBB0001CD830463FF066FBB18D044628463CF039
:10EBC000DDFE698C8246204641F00EFA824588BF00
:10EBD00050460299884209D8B9F1000F03D006992E
:10EBE00089B28C4202D20746B1460694342031469F
:10EBF00041F0C0FB0646C6E7B9F1000F3DD00899C9
:10EC0000B8B289B2884288BF01464FF6FF70814290
:10EC100003D001988089814236D8484608913FF058
:10EC200031FB039F04464FF61E62B8B284424FF098
:10EC3000000088BF0120049EF1B20F294FF00001AF
:10EC400038BF012100EA0105B9F824102E44114013
:10EC500006F00F004A4641EA401034210130A9F87D
:10EC6000240005983CF0BAFD09A834214A4640F03A
:10EC70009FF8002D18BF274676E7089D05E0002481
:10EC800000214FF6FF750EE0054609AC059E3422C3
:10EC9000204631463DF0C2FD3046214634223DF04B
:10ECA000BDFDDDE900410798AAB227F0B1FE20467C
:10ECB0001BF000FB0BB0BDE8F08F2DE9F04F95B0D5
:10ECC000249C022C3BD081466FF00C00102C38D8CD
:10ECD0000F4614F0010134D11E9D072D2FD30D2DA9
:10ECE0002DD82099B1F57F4F29D8C5F10E00002904
:10ECF0000DF140081646DDF884B02A469A46059084
:10ED000018BF40F04000F82101EB840101F0F80148
:10ED1000084319468DF8400008F1010041F0CAFA95
:10ED2000C5F10F00002132460690C0B2814205D2E3
:10ED3000A8EB01030131DA73120AF7E722B16FF091
:10ED40000C0015B0BDE8F08F0020CDE90E00CDE934
:10ED50000C000CA9102806D018F800200B5C5A40B3
:10ED60000A540130F6E714A8102200900CAD484672
:10ED700029462B460BF06AF90028E2D1209B494630
:10ED80000396CDF81C90002B6DD018BA4FF0000BF5
:10ED90001E4604971F991F46000CADF84EB0CDF8E3
:10EDA0004AB0CDF846B0CDF842B00E2BADF84000D9
:10EDB00008F1020028BF0E26324641F07BFAB81B4C
:10EDC0000290BBF1100F09D018F80B0015F80B10CA
:10EDD000484005F80B000BF1010BF2E714A80DF108
:10EDE000300910220090079849464B460BF02EF947
:10EDF000049FDDF884B00028A3D11F98029D06442B
:10EE00008DB3102D4FF0100B38BFAB46CBF1100176
:10EE1000BBF10F0F08EB0B0088BF002141F068F831
:10EE2000404631465A4641F045FA002014AB1028BE
:10EE300008D018F8001019F80020514009F8001007
:10EE40000130F4E707980093494610224B460BF037
:10EE5000FDF800287FF475AF5E44A5EB0B05049F19
:10EE6000DDF884B0CCE705981E9D51468DF8200052
:10EE700008AE2A4606F10109484641F01BFA09EBA3
:10EE80000500069D294641F033F83146229EDDF803
:10EE90000C9001208DF82F00B9F1000F62D0B9F16C
:10EEA000100F4FF0100A38BFCA460CADBFB940F082
:10EEB000C9F888BF002141F01BF840465946524628
:10EEC00041F0F8F90020102802D040F0E5F8FAE708
:10EED00014A840F07FF8002808A97FF432AF14A8E6
:10EEE00010224346009007980BF0B0F800287FF4FA
:10EEF00028AF5FFA8AF00021814207D21BF8012077
:10EF000018F801305A4072540131F5E7012F16D13B
:10EF100040F098F888BF002140F0EAFF40463146B3
:10EF2000524641F0C7F90020102802D040F0B4F852
:10EF3000FAE714A840F04EF800287FF402AF069DCF
:10EF4000A9EB0A09D3445644002008A9C2B295424D
:10EF5000A2D98B1A0130DA7B0132DA73D3B2934231
:10EF6000F4D199E700200023DAB2954203D98A1A36
:10EF70000133D073F8E714A81022009008A910AE4E
:10EF8000079833460BF062F800280CAB7FF4D9AE3B
:10EF90000020102805D0195C325C51401954013012
:10EFA000F7E723980CA9224641F084F90020C8E62F
:10EFB0002DE9F04F85B00446B0F840000E4690466B
:10EFC000B4F868102044471817F8885F97F801A034
:10EFD00022B9B4F87600400500F157813EB9606B64
:10EFE00004F1090137F0FCFB0646002845D0A94989
:10EFF000A809224607F1020B402D03920C5C304613
:10F000003CBF02F11D0B102421465A4637F0CDFFBC
:10F01000049008BB04F118003FF0A2FE68B380F82A
:10F020000CA08146308B89F80D40A9F80A00707D4C
:10F0300089F8080009F1100040F0AAFF09F1180052
:10F040005946224641F036F906F11C0000214A4695
:10F05000CDF810903FF0ACFE387880060FD4049CB9
:10F060005146207B3AF07AFF38B9204651463BF0B2
:10F0700089FEE8B1083040F073FC002006E10498F6
:10F08000854D0469002CEAD0A08B5146204490F8AD
:10F0900020003AF063FF28B1A87818B9304621461D
:10F0A0003EF0B2FB1420214641F064F90446E9E742
:10F0B000308B039A6081B2F84000111891F88F10DC
:10F0C00000290B4618BF013BB8F1000F18BF0B46D3
:10F0D00096F83310002941D019063FD0B2F84210FB
:10F0E000CDE90163081A1FFA80F900906B48008887
:10F0F0004844B0F5005F4ED9694800244FF000083D
:10F100004568EDB1EF69AFB13E696EB154B13EF003
:10F110006BF97168A0EB010B3EF066F96168401A6B
:10F12000834501D93446B8460020394641F022F9DA
:10F130000746E8E73C20294641F01CF90546E0E790
:10F14000002CD3D0A08B2146204490F82000013021
:10F1500088F80C00404637F013FBC7E7049F0AF11C
:10F160000100C4B23D693873002D00F08E80142078
:10F1700029462E4641F0FEF80546B08B304490F803
:10F18000201020463AF0EAFE0028EDD038463146FD
:10F1900037F0F6FAE8E7049E5146307B3AF0DEFE9F
:10F1A000002872D109F120003FF0DAFD00286CD070
:10F1B000039D04464A46B5F84000284400F1880102
:10F1C00004F11F0041F076F8029884F82600B5F8A3
:10F1D0006800A083307A60703EF006F9DDF80480A4
:10F1E00004F108056060284608F12E013CF075FF27
:10F1F00098F8160010B139F083FD02E0284641F07E
:10F2000023F806F110051421284640F017F80746A8
:10F2100068B1B88B384490F8201050463AF09EFE02
:10F2200058B9284614213A463FF0D2FDEFE7284668
:10F23000142122463EF018FB05E0284614213A46E8
:10F2400023463EF005FB154A009908F1240608F113
:10F2500034051088084429461080304640F0CEF826
:10F2600020B1304629463CF029FF03E030462946CC
:10F270003CF033FF39F044FD0398808F000502D441
:10F280000120A07702E00020A077012005B0BDE8B2
:10F29000F08F00BFA8360000644C0120EA3D012039
:10F2A000D45201202DE9F04F87B00446B0F834A0C5
:10F2B0008068256B3BF0B2F9E086E06D002800F035
:10F2C0005681206B28B1006890F82D00800740F02F
:10F2D0004E81A66ADFF89C8206954FF00A09002548
:10F2E00076B33420314641F045F80746B08CC1076B
:10F2F0000FD13168096891F82020FF2A09D0098DC3
:10F30000D8F800305143326B9A1AB2FBF9F29142AD
:10F3100010D996F8261086F8265086F8271000F0A7
:10F32000010120F0030040EA410040F00800B084F1
:10F330003E46D5E72046314630F0AAF93E46CFE7B3
:10F34000A06ACDF814A028B1818C11F0030718BF72
:10F35000074600E00027E06D416820468847A66A1E
:10F360004FF0000B9EB3B18C01F00100C1F34001DE
:10F37000814208D048B9304637F022FBB08C4FF0BC
:10F38000010B00F0010010B917E04FF0010B3068DD
:10F390003146056828461DF099F8A068807C60B168
:10F3A0002D6C55B1204631462A462CF0CFF9042069
:10F3B000294640F0DFFF0546F3E7B08C314620F0E8
:10F3C0000200B084342040F0D5FF0646CAE7A66AA2
:10F3D00046B1B08C800705D0A0683CF0ACFD4FF082
:10F3E000000909E0A06841F019F8C1B2204640F0D8
:10F3F00015FA00264FF00109B74203D00820012179
:10F4000012F0D4F8B9F1000F04970BD0E089C005D1
:10F410004CD52046012124F011FAE08920F48070B7
:10F42000E08143E0544896F9291006F1040A0022CD
:10F4300053460090002031F015FD3420314640F055
:10F4400099FF10B1818CC90705D196F929000121D6
:10F450002FF052FE08E0494A90F92910031D0020C0
:10F460000092002231F0FEFC2046002124F0E6F953
:10F47000E08940F48070E081D8F80000316B451AD3
:10F48000216BA0680968B1F84A7040F0EBF9784345
:10F49000B5EB102F0AD9237BA06800214022CDF8BC
:10F4A00008A0CDE90011002120F0FEFE20463EF02C
:10F4B00047FA10B120461DF007FAA56AA5B134201D
:10F4C00029462F4640F056FF0546B88CC007F5D1B7
:10F4D000E06D3946C268204690470028EED12046AC
:10F4E000394630F0D5F8E9E7254833F0DBFF206BEB
:10F4F000069B834224D0B9F1000F1BD1D0B107681D
:10F5000096F929003AF0B2FFA0B1BF6B0546043668
:10F5100087B13846294638F021FFA06883691BB1BE
:10F5200038462946324698471C20394640F022FF8B
:10F530000746EDE7204607B0BDE8F04F3FF078BC46
:10F540000498801B18BF0120059940EA0B00C007F2
:10F5500006D12BB1A28E18683EF0A8FE800706D413
:10F56000002084F83800E08940F01000E08107B006
:10F57000BDE8F08F983E01204FF00200994403004F
:10F58000F78B03002DE9F04196B000286DD00446BA
:10F5900090F82F0000F00300032868D120461AF0ED
:10F5A000ABFCD4F8680140F0EBFE054602A84C2104
:10F5B00040F09EFC002D5CD028463EF03DF900282E
:10F5C00000F0898007460DF108084C224046394674
:10F5D00040F070FE07F1200630463AF089FCD4F87E
:10F5E0005811112281F80F0C3146D4F85801D0F887
:10F5F0004C0B6A3040F05EFED4F858113878D1F8E0
:10F600004C1B81F86400D4F858117878D1F84C1B61
:10F6100081F86500D4F85811387BD1F84C1B81F87B
:10F620005D00D4F85811B868D1F84C1B0866D4F8BE
:10F6300058113879D1F84C1B81F85C00D4F8581176
:10F64000B87BD1F84C1BA1F86800D4F85811787B2E
:10F65000D1F84C1BA1F86600204641460AF0CCF9CF
:10F66000284641463FF058F835E0FF20EAE0FE200A
:10F67000E8E002AD204629460AF0BEF9D4F8580168
:10F68000D0F84C2BD0F8A01C92F85C0092F85D30BA
:10F690008DF80C00B2F864008DF81430ADF8080055
:10F6A000106E049092F866008DF8150092F86800CC
:10F6B0008DF8160028463AF06EF8002800F0C18058
:10F6C0000546D4F86801294640F056FE2846002138
:10F6D00000223AF095FED4F8680140F051FED4F8CB
:10F6E0005811C1F8A40CD4F8680198B3436C02AD6A
:10F6F000012104F1D60704F1DE062A469847534952
:10F7000028463EF02DF828B9D4F868010021436C52
:10F7100002AA98474D4902A83EF022F850B902A823
:10F72000082138F0F1FD9DF8080000F0FC000230DF
:10F730008DF8080002A920463DF016FFDDE9020120
:10F74000386080F00200796084F8D6003868796803
:10F75000716030602046002100252EF088F8204698
:10F7600084F8CD5029F030FE00286BD138480621AE
:10F770006586C4F89001B4F8980040F4E47020F075
:10F780002400A4F8980094F90D0018F08DFE94F967
:10F790000D00304932F010FB2F4E94F90D00F17A34
:10F7A000002918BF0121012201233BF0CAF930785A
:10F7B0000A211E22002808BF3C2108BF3C2294F9E0
:10F7C0000D0000233EF054FA94F90D0023493EF059
:10F7D00044FA4FF4806042F21071012226F0F6FCE8
:10F7E000622049F640415F224FF4A063CDE900104A
:10F7F0001B494FF4486024F0D7FD204625F0A2FDB8
:10F80000204625F02BFDD4F8580103214FF4E16286
:10F810000A23C0F8D05AD4F85801C0F8D45AD4F802
:10F820005801C0F8D85A3C20CDE900104FF4E160EF
:10F830004FF461613BF0C2FD204640F0E8FA002041
:10F8400000E0FD2040B216B0BDE8F081913000002C
:10F850006FE80400B1370400644C0120251A02004F
:10F86000C0D401002DE9FE4F3DF0BEFDB34800219C
:10F870004FF0000944680170002C00F0558104F13C
:10F88000240004F134010122CDE9001028F063F9CD
:10F890000028029400F0CC80E4694FF0000A0026B2
:10F8A0007CB3BAF1000F10D1607B10280BD1029805
:10F8B00004F11805294600683CF03AFD824600280C
:10F8C00018BFAA4601E04FF0000A607BBAF1000FB2
:10F8D0000BD0102809D104F1180150463DF0E8FC86
:10F8E00000284FF0100018BF00203518204639F0CE
:10F8F0001BFA28442146861C002040F03BFD0446AC
:10F90000CEE7B0B240F066F9029C002800F090808B
:10F910008346B0F84000E769584400F18805002F9D
:10F9200051D0384639F000FA0446387B2870A000E0
:10F930006870BAF1000F97F80D800DD0B8F1100F74
:10F940000AD107F1180150463DF0B2FC00284FF0F3
:10F95000100818BF4FF000084FEA780108292CD88A
:10F960000120DFE801F00B082A2A052A2A2A0700CD
:10F97000022000E00320697808436870023507F12F
:10F9800018014246284640F095FC45442146284649
:10F9900040F0AEFA3E697EB1B08B397B304490F8CE
:10F9A0002000401AC1B228463EF054FB14203146D4
:10F9B00040F0E0FC0646EEE725440020394640F0E2
:10F9C000D9FC0746ABE7A5EB0B008838ABF8420043
:10F9D00058463BF094F80299002010228BF87400EE
:10F9E00049F6FF70ABF872000BF10900043140F0EA
:10F9F00061FC9BF80A0004218BF8081000F0F0006D
:10FA00000230BAF1000F8BF80A0007D08BF81C10F7
:10FA10000BF11D005146102240F04CFC4420029C8A
:10FA2000ABF83C002068CBF83400584629F030FD94
:10FA3000D4F81CA004F12E06BAF1000F63D0DAF856
:10FA40001040002C59D004F10807314601223846F5
:10FA500028F081F800283FD0A07FE8BB1420214681
:10FA600040F088FC804620463FF0D3FB834640F0C0
:10FA7000B1F888B304F11F015A46054637F03CFD42
:10FA80000421A08BB8FA88F22977297295F84C10D6
:10FA9000520941F0020185F84C10B5F84010294494
:10FAA000084490F8881001F0DF0141EA4211102269
:10FAB00080F8881005F1090004F1370140F0FAFBE5
:10FAC00005F11D0004F12701102240F0F3FB02981C
:10FAD0000168284638F007FB5FEAC97002D04FF092
:10FAE000010904E0384631463FF088FC8146142085
:10FAF000214640F03FFC0446A3E70020514640F079
:10FB000039FC824698E75FEAC97002D04FF00109DC
:10FB100004E0DDE900103FF071FC814602993C20D1
:10FB200040F028FC0446A7E65FEAC97008BFBDE8BC
:10FB3000FE8FBDE8FE4F39F0E3B800BFD45201207C
:10FB4000A2EB0300704700BF02780B78012A28BFA0
:10FB50009A42F5D16DE9044540EA0104CDE9026716
:10FB60006FF0000C4FEA447212B380EA010414F003
:10FB7000070F6AD100F0070420F0070004F0030526
:10FB800021F007014FEAC505F0E8042314F0040F43
:10FB9000F1E804670CFA05F462EA040266EA040676
:10FBA0000AD063EA0403624667EA0407664603E094
:10FBB000F0E80423F1E8046782FA4CF582EA0604CF
:10FBC000A4FA8CF46CBB83FA4CF583EA0705A5FA1A
:10FBD0008CF595B950E9022351E9026782FA4CF598
:10FBE00082EA0604A4FA8CF483FA4CF583EA07054A
:10FBF000A5FA8CF52543DBD09CB92DBAB5FA85F46E
:10FC000024F0070427FA04F1DDE9026723FA04F37C
:10FC100003F0FF0001F0FF01FDE80445A0EB010047
:10FC2000704724BAB4FA84F424F0070426FA04F1E5
:10FC3000DDE9026722FA04F202F0FF0001F0FF01A1
:10FC4000FDE80445A0EB0100704714F0030F3CD120
:10FC500010F0030428D150F8082B51F8083B82FA21
:10FC60004CF582EA0305A5FA8CF55DB950F8042C31
:10FC700051F8043C82FA4CF582EA0305A5FA8CF5AA
:10FC8000002DE8D02DBAB5FA85F424F0070423FA44
:10FC900004F122FA04F202F0FF0001F0FF01FDE896
:10FCA0000445A0EB010070474FEAC40420F00300B4
:10FCB00050F8082B21F0030151F8083B0CFA04F42A
:10FCC00062EA040263EA0403C9E710F003041AD0ED
:10FCD000A1EB040120F00300E40750F8042B06D048
:10FCE0000FD28B785FFAA2F4E41A06D12BB1CB784D
:10FCF0005FFAB2F4E41A00D11BB920465DF8104B4C
:10FD0000704701F1040150F8042BCC0721F00301E6
:10FD100051F8043B48D824D222F07F4482FA4CF5B3
:10FD200094EA1325A5FA8CF50AD165B951F8043B7C
:10FD300084EA0204B4EB036F0ED150F8042BEBE716
:10FD40004FEA132355E035F07F454DD10878FDE8A3
:10FD50000445C0F1000070474FEA126203F0FF0350
:10FD600047E002EA1C4482FA4CF594EA1345A5FAEE
:10FD70008CF50AD165B951F8043B84EA0204B4EB6E
:10FD8000034F0CD150F8042BEBE74FEA134330E05C
:10FD900015EA1C4528D10B884FEA124229E04FEAA8
:10FDA000124203EA1C4324E002F0FF0482FA4CF5FD
:10FDB00094EA1365A5FA8CF50AD165B951F8043BAC
:10FDC00084EA0204B4EB032F09D150F8042BEBE7CB
:10FDD0004FEA13630DE015F0FF0F05D10B684FEAF2
:10FDE000122223F07F4304E04FF00000FDE80445B9
:10FDF000704712BA1BBA82FA4CF482EA0304A4FADE
:10FE00008CF5B5FA85F402FA04F203FA04F34FEA2A
:10FE10001260FDE80445A0EB136070472DE9F04F38
:10FE20009FB0AD4F002907F5A06600F0068114468B
:10FE3000002A00F00281E268002A00F0FE80994664
:10FE40000D46D4E9043130468B42C0F0F780A0461D
:10FE5000581A58F818CF60453046C0F0EF80AE46CB
:10FE60005EF84C0F10B190F801A001E04FF0000ACD
:10FE7000BCF5805F384600F2E18001EB0C0002EB3C
:10FE8000010B1A1ABAF1070F02D0BAF1020F05D10D
:10FE9000E868824204D207F5E060CFE0002340E04A
:10FEA000D5F8D4000128C0F2C880D4E90001CDF80B
:10FEB00024B005F1340B8DF854C0CDE91201207A3D
:10FEC0008DF85000B4F80900ADF851004FEA1C203D
:10FED0008DF8530012A9079258460D22CDF820E064
:10FEE0003DF08AFBA269099958463DF085FB0AA9B5
:10FEF00058462DF047FA5846DDF824B036F0C8FBD6
:10FF0000A069EA680AA9584440F0D4F9E868A169F0
:10FF1000DDE9072E012301EB000CC4F818C0E868E6
:10FF2000121AAAF10201082900F28780924630468F
:10FF3000DFE801F02F848484058405840500D94618
:10FF4000D5F810B007F5E060DA4577D3D5E901219F
:10FF50006769A2EB010A574570D30C2A08BF042930
:10FF60006FD00C2A69D10C29304667D1099305F16D
:10FF700014030AAA93E8830083C20AA80021031D80
:10FF80007046082976D0625C5F5C7A405A54013131
:10FF9000F7E768680CF10101CDE908E3B1FBF0F285
:10FFA00002FB1012002A18BF821A07F5E06002F166
:10FFB000010EF24542D3DDF8A0C05F467346D8F883
:10FFC00000101BB17A540137013BF8E77144C8F8BF
:10FFD0000010D5F8D420022A14DBB9F1000F2CD080
:10FFE0006A686169914229D305F114076046394670
:10FFF000C84718BB6A683946ABEB020040F05AF9B3
:020000021000EC
:10000000D8F800106A680AA8CDE9001B05F11401B0
:100010005B46029008982DF0DBFE78B9D8F8001006
:100020000A988142304609D168686269099B101AB2
:10003000606168680844A0614AE030461FB0BDE8CE
:10004000F08F686909932146524677460A900AA8BC
:10005000043040F02FF9A9EB0A0021465246CDF8B2
:1000600020A040F027F96A68D5F810B0D4F818C07D
:10007000384602E00C22CDF820A0D4E900318DF8FA
:1000800054C0CDE91231217A09EB0C038DF85010E0
:100090004FEA1C218DF85310B4F80910CDE90398EC
:1000A000CDE9053BADF851100D218DE802120AA9EA
:1000B00012AB17F09DFADDE908730028BED12A695A
:1000C000D4E9050101333A44C01B1144C4E90501D8
:1000D000581E18BF3046B1E7008FFFFF2DE9F047EB
:1000E0000446FF20002C00F0FC800F46002900F0A1
:1000F000F88094F90D003AF051F8A8B3C16A0546AA
:10010000387839B191F83E10814203D115F11808C1
:1001100006D129E005F13C013BF010FA18B1804608
:100120004FF0010908E0387805F108013BF006FAC4
:10013000D0B180464FF00009D8F81460B9F1000F33
:1001400014D17878F02811D1306E41F659318842B7
:100150000CD341F6583142462B46401A31463066A0
:10016000204604F07FFDBBE0FF20BAE02B6E1BB100
:10017000204631463A46984796F85C0080060AD5F4
:1001800096F85E10204632F012FB96F85C0000F004
:10019000DF0086F85C007878F32813D0E1281DD0C2
:1001A000E9280FD0F8B998F81110D8F81400C90749
:1001B0003AD1B0F84010B0F8422090F84C00511AF3
:1001C00089B259E0D6F8800068B100783EF03CF87A
:1001D00048B10B20012111F0E9F904E0D4F85801ED
:1001E000002800F0AB8098F81100C0075DD0D8F867
:1001F0001400B0F84210A0F84010D8F81410B8F865
:100200000400B1F84020101AB9F1000FA1F8400025
:1002100003D0002085F85C0047E03FF085F908BF77
:1002200090222EF030FA5BE0B8F80E10B0F84020C3
:100230001144A0F840103AF062FC98F811008107D0
:1002400008D4B8F80E00B8F8081001EBD000A8F8F0
:10025000080003E000F0FD0088F81100D8F8140051
:10026000B0F84010B0F84220511AA8F80E1056D13C
:10027000B8F8041090F84C0080074CBF0220012011
:1002800011F094F998F81100012189F0010A21EA8E
:10029000000050EA0A0004BF002085F85C00D8F88E
:1002A000140090F85C0000071ED43FF03DF908BF31
:1002B00090222EF0E8F9B9F1000F11D028462CF069
:1002C000B9FF284627F0D4FA20B101462046F8F7B6
:1002D00069FEF6E7B5F84C10D4F8340135F019FD95
:1002E000002040B2BDE8F08705F108091C2148460E
:1002F0003EF066FDD0B3D9F8006036B3707C0007DD
:1003000007D57169D8F81400093009313CF0D0FFE5
:1003100070BB1C20314640F02DF80646EDE798F8FA
:10032000100010FA81F14A1DB8F806108A4205D96A
:10033000081A053820F00700A8F80E0020463146BC
:1003400042462B4604F08EFCB5E7D9F80060AEB10A
:10035000707C000704D52846314637F0BFF958B104
:100360001C20314640F006F80646F0E7002608E07B
:100370003DF016FE012604E03DF012FE002E18BFEF
:1003800001263FF0D1F808BF90222EF07CF956EA02
:100390000A003FF493AFA3E72DE9F04FCBB0054639
:1003A00055980C465499164640229B46C5F8D400F1
:1003B00005F1D8003FF07EFF20463DF059F99F4FF0
:1003C0000028A7F5A06A00F032818146007A3BF050
:1003D00065F9002800F02B81044699F809000A9677
:1003E0003DF016F9002800F0228106464FF4807097
:1003F0000DF12C084021924A549B02900A98CDE9B5
:1004000000183021D8478246002840F010816078DB
:10041000CDF824800A2800F2F1800121636801FAF6
:1004200000F010F4A86F3CD000260DF12C0AEE600D
:1004300099F81C004FF00C09C5F8049080074FF0A4
:10044000080058BF10200422286161780A2908BFDB
:100450000C22801AAA600C305699DA08B04628603F
:1004600001294CD0002940F0DC80A868002818BF82
:1004700081460AEB460008920790104486180690C1
:1004800005F114004A4631463FF014FF06EB09011E
:1004900005F124004A463FF00DFF43460AEB0806EB
:1004A0004AE0DDF8549110F0840F00F0A78005F1C8
:1004B000340031460122984628F0F0FE824600289A
:1004C00040F0B08005F140003146012228F0E6FE00
:1004D0008246002840F0A6803046CA463FF0E8FB3E
:1004E000E8600646D4F80C90C5F8049060780728B8
:1004F00040F0868030460DF12C0A4346ACE7A868F0
:10050000002818BF81460AEB460006901044861862
:10051000CDE9070205F124004A4631463FF0CAFE04
:1005200006EB090105F114004A463FF0C3FE0AEB51
:1005300008004346564609905598BA46012871DB93
:10054000579F63B1099905F134001A461AF046F92C
:1005500005F14000314642461AF040F943463868FA
:10056000C66B3EB10899406CCDE900190BAA0A99F7
:10057000B0473868066C549996B1406C03912031AD
:100580004346CDE90191089900912E49ABEB010159
:10059000B1FA81F14909890004910BAA0A99B0477F
:1005A00005F14C062146304632F0BAFD8246C8BB02
:1005B00090352146284632F0B3FD824690BB6268F2
:1005C00007993046012331F097FD824650BB62689F
:1005D00006992846002331F08FFD824610BB6078D3
:1005E000022828D13046042138F0AEFA8246C8B934
:1005F0002846042138F0A8FA824613E0BA4616E0ED
:100600006069B6FBF0F281195043801B08442AF060
:1006100001010DF12C0A0229286002D14346484409
:100620001AE7BA460BA84FF480713DF0DBFD504647
:100630004BB0BDE8F08F4FF0000AF3E70094FFFFE6
:100640007B32000051F801002DE9F04F8DB00446D7
:1006500000209A4616460F46CDE90B00CDE9090069
:100660008A488568804628F05DFB1C2803D028F066
:1006700059FB1B281BD1308840F60201884218BF65
:10068000B0F5C15F03D1F07B022810D93EE043F6FC
:10069000070188420BD196F82400032807D330695C
:1006A0007B4940F0806020F0604088422ED10020DD
:1006B0006FB366B3387825FA00F0C00726D030460D
:1006C00000213FF0E2FD7348C4E90176006880B183
:1006D00009A800900CA90BAA0AAB304611F04AFBFE
:1006E0000B980B214FF6FF7250233AF087FDFF283D
:1006F0000CD039F05FFA684F06467878012802D8A6
:1007000040B1012070E030463CF036FD00200DB0D5
:10071000BDE8F08F11F0A2FA60480DF104090168FC
:1007200041F0020101605E48C8F8000048463EF012
:100730001FFADFF870B15D494A469BF801009BF84B
:10074000005003905848283018F05CFD584859492B
:100750004A4618F057FD48463DF06DFEDFF85881D7
:10076000564A19214B460295404622F041FD544A13
:1007700008F11C001A214B4622F03AFD514852491B
:100780003FF099FB514852493FF095FB51480068B2
:1007900010F4402F06D0504A07F12800042100230E
:1007A00039F0E0FA9BF8020010B10D201BF076F949
:1007B00008F140003DF0EEF908F138003DF0EAF9AB
:1007C0004649002007223876B8843862386181F8BB
:1007D00060200521C7E902104149F9613870042001
:1007E00000213AF08BFD78782F4941F82040013004
:1007F000787030463CF0C0FCBAF1000F02D0DAF855
:10080000000008E00DF1040A3649202250463FF06E
:1008100051FD4FF0FF30DAF80420BAF81010DAE991
:100820000635002AB2FA82F608BF40F6C4122060EC
:10083000012076096183256360762B4826764FF484
:10084000FA766261C4E90362C4E90700C4E90903F6
:10085000DAF80C0000B12062DAF8140000B160622E
:10086000DAF8080000B1E06104F13800C8213FF077
:100870003FFB04F15000002137F08DFB1B4904F1D0
:10088000B8003FF018FB204641E700BFCC210840EC
:100890000F0000054C530120B448012000200940FE
:1008A000110000E0183300001C490120C1C20400FF
:1008B000E4370120EDA40200E44901207D8F03000C
:1008C0001D4B0300DC360120899D04009836012071
:1008D0006DC20400B44F0050A1DB0300801700205C
:1008E000692E0200E8250000D37201004D010500C9
:1008F0002DE9F04F87B004461598DDF84CB0282755
:10090000CDE9032306910028584608BF18273FF079
:1009100063FD054658463FF05DFD064694F910001C
:10092000059439F0A3FD0296D6F80080DDF858A0B2
:10093000149E0446B8F1000F33D098F8010000F07F
:100940009001802927D0ACB108F10C0998F800205B
:1009500020460023494611F0C3FC014698F80100E7
:1009600041B140F02000102288F8010048463FF0D5
:10097000A1FC0FE000F0DF0088F8010058463FF0CE
:100980001BFB082806D1D8F8040020B998F801000C
:10099000400600D520371C2041463FF0EBFC804646
:1009A000C8E72968A84651B1087C073007EBD0009A
:1009B00000F1080704203FF0DDFC0146F3E7B8B280
:1009C0003FF008F9002800F0DD800546B0F840004F
:1009D000039A05F188010A540C1804980391A11C8C
:1009E000607010983FF00FF91298002731461022DE
:1009F000E78060711198207104F108003FF05AFC03
:100A0000159E019556B340F6046008215F4D208382
:100A1000307801EAC000A0763178C1F34201084481
:100A200004F11E01A076B078E07670782077F07837
:100A30006077F088A847308904F12001A8477089C1
:100A400004F12201A84784F8247004F126013079CA
:100A500084F82500B089A847283400E018340298AB
:100A60004B4E41F608690568002D46D01C202946EA
:100A70002F463FF07FFC0546787800F090018029F2
:100A8000F2D080060AD458463FF096FA082805D1DD
:100A900078680028E8D178784006E5D5A4F8009079
:100AA000211D3878A070787800F0E000E0704FF0F9
:100AB000FF30C7E901004FF0FF30B047B86804F1DC
:100AC0000801B04704F10C010020B04704F1100008
:100AD00007F10C0110223FF0EDFB2034BAF1000FBA
:100AE000C2D178780107BFD510F00701BCD000F063
:100AF000F800013908437870B6E7D8F800500326AB
:100B00004FF0060975B3042029462F463FF032FC0A
:100B10000546387C2670211D00F1070809EBD80036
:100B20006070387CA070B87BE07038683FF070F877
:100B300008343A7C07F11101204635F099FB04EBAB
:100B4000D804BAF1000FDDD138680028DAD1787BFB
:100B500018B1013878730006D4D1584639463AF0B6
:100B600055F9CFE70398201A019CA4F842002046CB
:100B700039F0C5FFDDE9050101222346CDF800A0CB
:100B800018F014FF07B0BDE8F08F00BF07FC0400A9
:100B900011FC04002DE9F04F9BB00F4604461046AF
:100BA00001211546012637F05BFB01282CDB0020D4
:100BB00039462A46CDE91600CDE91406CDE9126082
:100BC000CDE91000CDE90E06CDE90C601A90CDE913
:100BD0001860CDE90A00CDE90806CDE90660CDE947
:100BE0000400CDE90060CDE9020618A813F0C6F9AB
:100BF0000646002840F0048118A8012137F030FB98
:100C000028B16FF00D06FBE06FF003060BE115A8AD
:100C100039462A462AF028F90646002840F0F08096
:100C200012A815A929F0A0FB0646002840F0E8808C
:100C300009A8294629F098FB0646002840F0E080E4
:100C400006A8294629F090FB0646002840F0D880E7
:100C50000FA8012133F04AFC0646002840F0D0805E
:100C60000CA8002133F042FC0646002840F0C88062
:100C700003A8002133F03AFC0646002840F0C0806B
:100C80006846012133F032FC0646002840F0B88067
:100C900009AF0DF1540B0DF118080DF10C09EA46DE
:100CA00014980078C0072AD112A83FF010FA002843
:100CB00040F0A58011980078C00703D10E98007805
:100CC000C0070FD00FA83A4601462DF0F9F80028CA
:100CD00040F095800CA85A4601462DF0FBFC0028F8
:100CE00040F08D800FA83FF0F2F9002840F0878097
:100CF0000CA83FF0ECF906460028D1D080E0089817
:100D00000078C00726D140463FF0E1F9002876D1AF
:100D100005980078C00703D102980078C0070DD06D
:100D2000484649463A462DF0CBF8002867D1504650
:100D300051465A462DF0CEFC002860D148463FF07F
:100D4000C6F900285BD150463FF0C1F9064600289D
:100D5000D5D055E012A8414621F00DFC002811D451
:100D600012A8424601462DF0B5FC002847D10FA835
:100D70004A4601462DF0AEFC002840D10CA8524650
:100D800001460EE04046414612AA2DF0A3FCB0BB3E
:100D9000484649460FAA2DF09DFC80BB504651465F
:100DA0000CAA2DF097FC50BB12A8002137F058FA7E
:100DB00000287FF475AF03AF3846002137F050FAB2
:100DC000002808D5384639462A462DF079F80646D7
:100DD0000028F1D014E003AF3846294621F0CBFBC0
:100DE000002808D4384639462A462DF073FC0646BA
:100DF0000028F1D004E003A9204629F0B5FA064600
:100E00000B4C15A8A04712A8A0470FA8A0470CA8F4
:100E1000A04718A8A04709A8A04706A8A04703A86C
:100E2000A0476846A04730461BB0BDE8F08F00BF22
:100E3000FF9604002DE9F04F8DB08B46824639F0C5
:100E40007BFD28B10646406D10B196F89C0020B19C
:100E5000FF2040B20DB0BDE8F08F9BF8010006F115
:100E60004807394600F0E3008BF8010035F07DF8C3
:100E70008046BBF8020039461FF054FC0746DAF8FA
:100E800058019BF8011000F5356528462FF0C8FA87
:100E9000BBF802100446284626F0C7FE8A49A04443
:100EA000C51905EB0800CA680132CA602C04414626
:100EB00018BF811C88B2314634F0B2F8002800F027
:100EC000F88031460022814602941DF0C9FD707AF7
:100ED000411CD6F8A0007172C9B2D0F8380134F0C4
:100EE00018FF06F1400040214A463DF061FF9BF8A3
:100EF0000000B9F80A1060F30201A9F80A1003AC67
:100F0000282120463EF0F4FF03200BF104010B22C0
:100F10008DF80C0004F116003FF0CCF999F80C00A4
:100F2000082109F148074C468DF820009BF8000085
:100F300000F00700012808BF182101208DF82110BA
:100F400044F8107F20851FFA88F0246260609BF8C7
:100F50000110C80701D138460BE0B9F80A0000F0CB
:100F6000070138463BF00CFE04218DF82D109BF84C
:100F700001108A0707D5C11BCF1C3DF02DFA9BF845
:100F800001108DF82E70029F4A0605D53EF050FDE7
:100F900032F03AFD9BF80110203449B2B1F1FF3F25
:100FA00003DC3EF045FD33F031FE002F73D049469F
:100FB000012241F8180F4A840222C96112FA85F20F
:100FC0004A60A9B23FF034F8BBF80210CA0705D056
:100FD000716D01220BF099FCBBF802108A0705D550
:100FE000716D00220BF091FCBBF802100A0704D5CA
:100FF000316D34F091FDBBF80210CA0606D596F8A3
:101000004A20F16D3AF04AFEBBF802100A0604D5F8
:10101000B16E32F053FDBBF80210CA0504D5316D34
:1010200026F06DFEBBF802108A0604D5316D3BF048
:10103000B5FDBBF802104A0606D596F84F20B16DF3
:101040003AF01CFEBBF802104A0706D5B6F84C2051
:10105000716E3AF033FEBBF802108A0505D53EF0FA
:10106000E7FC32F00DFDBBF802104A0505D53EF055
:10107000DFFC32F0E7FCBBF802100A0505D53EF0B4
:10108000D7FC31F08CFCBBF80210C90403D53EF04C
:10109000CFFC31F065FCD6F8A00099F83C100BF1BC
:1010A0000F032246D0F868014569009103A9A847BB
:1010B00038B1726F2AB19BF8000000F0070150466A
:1010C00090470020C5E600BFC43901202DE9F04F4C
:1010D00089B004463DF0CCF88346FF20069454F8CE
:1010E000286F00274FF0000A05904FF6FF70009020
:1010F0004FF6FF7004940390002E00F08D8030684E
:10110000D0F80090304631F097F90446304633F07D
:1011100005FB092C1CD805463068408985424FF6EE
:10112000FF7088BF0546304635F0C9FF0246069875
:1011300031461BF021FA0246BAF1000F04D0082C08
:101140000CD80598082809D91746B2460594039586
:10115000342031463FF00EF90646CDE7092C02D384
:1011600005980928F4D3DAF800000292016848468D
:101170003BF091FE8046069880683FF043F9029A62
:1011800028B1B8F1010FE3D0B8F1040FDCD0DAF8E0
:1011900000C099F81800DCF8001000F080000B7E09
:1011A00003F08003984225D1B8F1010FD0D0B8F1F7
:1011B000040FC9D0894520D00398294682B24846F9
:1011C0003DF074F8029AC107BED14007C0D40AB1FD
:1011D000002FB9D00AB9002FBAD15E45B4D0DA4594
:1011E00017D05046DAF83010306B8842ACD037F068
:1011F000DFFA029A0028A7D1AAE730689CF8041009
:10120000007925F0FBF8029A41079DD4C0079FD1D1
:10121000D2E75946DA469BE707A84FF0000BBAF130
:10122000000F0890CDF81CB07DD0DAF80000039EC6
:10123000D0F800B0B1B201903DF010F8BAF8240037
:101240004FF61E615246084034210130AAF82400AE
:1012500004983AF0C3FA07A8342152463DF0A8FD9D
:10126000069880683FF0D0F804465046CDF814A0A8
:1012700035F025FFA4F101084FF00009B2460290B5
:10128000002F4ED0B98DB2B258463DF00FF810F095
:10129000060F0ED0B98D58463AF070FB4FF6FF712D
:1012A0004FF6FF76884204D0019906468989884224
:1012B0003CD8384633F032FA04461FFA8AF05FFA17
:1012C00089F14FF61E62201A18BF01200F294FF036
:1012D000000138BF012100EA0105B98CA944114081
:1012E00009F00F003A4641EA401034210130B88439
:1012F00004983AF073FA07A834213A463DF058FDB5
:10130000002D18BFA246B8F1000F06D0DDE9051088
:10131000029A1BF031F9074600E00027A8F1010806
:10132000AEE7009603E0069B00210EE0009107ACBB
:10133000049D3422204629463BF070FA2846214677
:1013400034223BF06BFA069B0199009882B2184652
:1013500025F05EFB584618F0ADFF09B0BDE8F08FF0
:101360002DE9F04F8DB00C4607460DF122012046C5
:1013700005F0C4FE002800F0208106463DF008FD7F
:10138000002800F01A810546B4F840003246204497
:1013900000F1880128463EF08DFFB4F8400030444B
:1013A0003EF03CFBBDF822A02046514619F006FD58
:1013B000002800F00E810446B0F84000A0EB0A00BF
:1013C0003EF02CFB0BAE04F11C0130462CF060FC0F
:1013D000002800F0F3800DF1240804F108014046D4
:1013E0002CF056FC002800F0E980002004F1880170
:1013F000CDE90175CDE906680590B4F842000844CE
:101400000390B4F840000844049001A809F008FAD9
:10141000002800F0D3800DF1080B059E9BE8800AA0
:10142000002E00F0D88097F8008008F0F800F0282F
:1014300043D108F00300022811D0032812D1F02173
:101440008BF8001078788BF802100B210009B0306F
:101450008BF801007878023761F31F1014E0791CD3
:10146000F02201E07A78B91C8BF800200F460128A1
:1014700017F8012B8BF801201ABF48788F1CF02039
:101480008BF8020017F8010B8BF80300A9EB0B0097
:101490000BF1040180B23EF0B6FB5FEA487100F147
:1014A0008D8017F8021B00F1020B017017F8011C68
:1014B0004170112131700026B2E708F0F000CDE94B
:1014C00004B6E02840F07A8008F0FE00A0F1E002C7
:1014D0000E2A00F2738000200021DFE802F0116F75
:1014E000086F0A6F0D6F0F6F6F6F6F6F69002B21A1
:1014F00005E02C21012003E03C2100E03721002001
:101500003170791C02913A78D20705D100210591FA
:10151000B91C02917A7802E0CDF814B03B225B4608
:101520004F1C03F8012B0297049391F8009080B1AF
:101530000BF102008BF8019004903868CBF80200A0
:10154000B888ABF806000BF108000490C81D0290A3
:1015500061E709F101000BF1020639464A46C0086D
:1015600004968BF8010030463EF0A4FE07EB09001C
:1015700006EB0901029009F10200049110F0070046
:101580003FF449AF072804D1002001F8010B049172
:1015900041E70122C0F1060000230A7048700BEBFE
:1015A000090104310206F2D001F8013B0138F9E7E4
:1015B00029203070781C029027E7002528463DF04E
:1015C000D7FB20462FF082FB044620460DB0BDE835
:1015D000F08F0024F2E7B4F84000204450448830F3
:1015E0008345EBD128463DF0C3FBEEE72DE9F04FF4
:1015F00097B081469948406818B18047002800F0AC
:10160000CE80974F01200021042300247E78F873B8
:10161000BD7808AA30463DF003FA089800F440303F
:10162000B0F5403F03D17879002800F0B98030460A
:101630000621F8224FF0F8083AF0FCFD06EB4604CC
:1016400007EB840080F818809DF82000702803D0F4
:101650003046702133F010FBCDF81090069608AAA2
:101660002846002104234FF000083DF0D9F99DF8E9
:101670002000FE2803D02846FE2133F0FDFA28463C
:101680000621FE22FE263AF0D5FD07F1160097F856
:101690000190BA78059500EB8401C988019279829E
:1016A0006E4981F8008005EB4501039100EB810153
:1016B00001F8026F029109EB490100EB8101B1F8D9
:1016C00006B002EB420100EB810030F8061F0791E3
:1016D00000900EA832F0FAFB0FAD1FFA8BF7172F10
:1016E00054D35E480078002853D1ABF10706484632
:1016F00009AAB1B221F002FCBDF8324004F1100099
:10170000B8420FD89DF82E0096280BD1A6EB040AFC
:101710009DF82D2021464B461FFA8AF8404628F0B6
:1017200063FAF0B1ABF1010B5C46A0B216282DD9DB
:101730003628A4F1160748462A4688BF2027E41B0E
:10174000BBB2A1B23DF06CF93804EED015FA87F0C7
:1017500010F8010C962801D0013FF5E707EB040BC8
:10176000BBE79DF82F00C1070ED180070CD50734C9
:10177000079E3E49A3B213FA86F00A1A484641462C
:101780003DF04EF926440796D346A6E73348007845
:1017900050B134480E99006842683348904700249D
:1017A00020B217B0BDE8F08F079F019E1021C7F54A
:1017B0000052A7F1100083B2C1F20012304632F09D
:1017C000A1FB264C217808430E992070254800681B
:1017D000426825489047224D00980123B5F9122010
:1017E000697B07803046A5F814B02F8235F0BEFD26
:1017F000B5F91420A97B3046022335F0B7FD049AD1
:10180000002A08BF1022288A7C21C0F5005090428F
:10181000B8BF7821059F384633F02EFA069E304631
:101820001CF0A2FF207038460621FC22FC243AF06E
:1018300001FD0298FE21AE70EF706F700470039886
:1018400005EB8000808BE880304633F015FA0020ED
:101850006871E888C0F50054A2E700BF944A0120EF
:1018600094390120D80100100040034000200011ED
:101870002DE9F0438DB00446481E06282DD80FF2FE
:101880000601DFE800F0042C58638CA4AE00924FF0
:101890000BA942F20600B8470DF12B0142F20700F6
:1018A000B8470DF12D0142F20400B84702AE3046B0
:1018B0003EF0E1FC05460DF12A0142F20800B8476E
:1018C0009DF82A000027002800F0BB80012035F099
:1018D00021FD9DF82A200346B5E00025F8E07E4F63
:1018E0000CA942F20100B8470DF12E0142F20B00A3
:1018F000B8470BA942F20600B8470DF12B0142F29E
:101900000700B8470DF12D0142F20500B84702AEBD
:1019100030463EF0B0FC05460DF12A0142F20900C6
:10192000B8479DF82A00002800F0A780022035F073
:10193000F1FC0746A2E03DF03BF805463DF030F8EB
:10194000014620462A463DF0CBF8C1E002AD624E8A
:1019500042F20E002946B0476148291D0088ADF8C3
:101960000A0042F20A00B047691D42F21000B04777
:10197000A91D42F21200B04702989DF80C100525EF
:1019800020609DF80D0001F0010100F0010041EA26
:1019900040009DF80E1040EA4110207198E002AD21
:1019A0000021202228463DF0E9FD42F2130029469D
:1019B00027F054F928463DF0CDFC02462046294642
:1019C0003DF08EF828463DF0C5FC054680E002A9B2
:1019D00042F2140027F042F9BDF8080002252080E9
:1019E00076E002ADDFF8F09042F215002946C847D4
:1019F00005F1080642F216003146C84705F1100706
:101A000042F217003946C84705F1180842F218009B
:101A10004146C847DFF8C490204629460822C847F7
:101A200004F1080031460822C84704F11000394685
:101A30000822C84704F1180041460822C84720255B
:101A400046E0002200239DF82D0005F007012070DC
:101A50009DF82C0060709DF82B00A07002F007002C
:101A600041EAC000294640EA8310E070201DCDE91C
:101A7000006712F07BFC051D2AE000270CA9204618
:101A800004223DF02DF8201D0DF12E0102223DF023
:101A900027F89DF82D009DF82A203B46A0719DF85F
:101AA0002C0002F00701E0719DF82B00207205F078
:101AB000070040EAC100294640EA87106072012011
:101AC000CDE9006004F10A0012F050FC00F10A05B3
:101AD000A8B20DB0BDE8F0835D8C0300E1EA04001C
:101AE000AC3E01202DE9F84FDDE90C84DDF828B08B
:101AF0001E4691468A4605461AB19AF80000FF280C
:101B000054D0914A5046314640231CF0B9F8002881
:101B100048D02D6807464FF000084FF0000B85B302
:101B20002846214639F05AFC28B32B79AA1D504685
:101B300031461CF0A5F8A98801F47062B2FA82F36C
:101B40005B094BEA030BB84207D290B98BF0010254
:101B50000746A846D2070ED169E008BF002A0AD17D
:101B6000B8F1000F07D0B8F8042012F4706FECD170
:101B700001E00746A846182029463EF0FBFB054633
:101B8000CDE74FB1B9F1000F06D170495046102290
:101B90003AF0AAFD00287DD0B8F1000F44D0B8F883
:101BA000041045E00B9B0020002151E098F8000054
:101BB000674F0F2240F00800394688F80000504671
:101BC0003AF092FD00286CD00AF1020602370B228F
:101BD000304639463AF088FD00286CD03046394608
:101BE00009223AF081FD002800F082802D680AF178
:101BF0000406002D77D02846214639F0EFFB68B166
:101C0000287940280AD89AF80310814206D1A91DE4
:101C1000304608223AF068FD00287DD01820294679
:101C20003EF0A8FB0546E4E70021002003E0002782
:101C3000C1F303200421DDF83080DDE90AB33FB1B0
:101C4000022F09D0082F04BF41F00101082706E048
:101C500041F00301002702E041F002010227B9F13F
:101C6000000F08BF090198F8002011433A46B9F166
:101C7000000F88F8001008BF000119780843187099
:101C8000AAEB070000F1100158463EF013FBF8B232
:101C9000BDE8F88F0C990027087840F040000870E4
:101CA000F5E79AF80F0001278BF8000098F800007C
:101CB00040F0030014E09AF8010004278BF80000BC
:101CC0009AF80D008BF801009AF80E008BF80200CC
:101CD0009AF80F008BF8030098F8000040F002001B
:101CE00088F80000D3E71027584651461022CCE769
:101CF0009AF801008BF80000DAF80B00CBF801002D
:101D00009AF80F008BF8050098F8000040F00100E9
:101D100088F800000627BAE79AF801000B9A8BF8BA
:101D200000009AF802008BF80100DAF80C00CBF8FA
:101D300002006979107801F00F010843107098F8DB
:101D4000000040F00400E3E714350000913000008B
:101D5000213000002DE9F04786B00446806BD0F8B2
:101D6000C401807A0A2800F2F380012140F29E62C9
:101D70008140114200F0EC802168B1F87810C1F385
:101D80008107C90704D0072800F0E280002F3ED069
:101D90002046012105F03EFE0646002840F0DC808A
:101DA0002068B0F87800C00712D0D4F88000072867
:101DB0000ED1606F16280BD1E06E01780B2907D188
:101DC0007D49043003223AF073FC002800F0CA80F9
:101DD000606B3BF0FDFD01204FF4AA713DF08EFCDD
:101DE000C8B105463DF0B4FC606F744B162819D19C
:101DF000E16E03F5A06608780B2805D1D4F88000C1
:101E00000A2801D30A79EAB1994632220EE0606BC2
:101E1000802181669CE020460221502234F050FC53
:101E2000664E99E0994603F500660A222046022193
:101E300034F046FCAEB328461AF0EAFE28463DF0E0
:101E400069FC89E0B1F805100722994609BA02EB4E
:101E500011418842D9D15A494FF007088A46804536
:101E60001FD208F103018142CFD8E36E13F8082096
:101E7000002ACAD108EB0302B2F8012052BA802A24
:101E8000C3D302EB01088045BFD8194428463EF071
:101E90009FF95045514601D000287ED1D4F88000EA
:101EA000DDE7002F52D0D4F810C0BCF1000F03D0F2
:101EB000214651F8142B04E02268D2F82CC002F11C
:101EC0003001666B936CD2E91482D4F8BC000968C7
:101ED0004FF0000E68368DE84110CDE9031E28460C
:101EE00041463AF097FF064605F1CC0002213CF04E
:101EF00007FF78B1D5F8D000017820463AF092FB80
:101F000040B1606B002E816E41F48031816608BF64
:101F100009F5A066012F06D116F51C5F02D016F553
:101F2000F44F00D1002687F0020050EA080008BFF5
:101F300009F5086656B1606B806EC10510D4410783
:101F400019D410F4DC3F1CD02B2215E0606B4566E1
:101F50006068002601306060304606B0BDE8F0875A
:101F6000312209E04021606B012F8166F0D01348D7
:101F700000F52866F0E72A222046022134F0A0FB73
:101F800059E7C10707D1810710D400074FF030028D
:101F900058BF2E22F0E72D22EEE710F5225F07D082
:101FA00010F5165F14BF2A222B2202E02C22E3E751
:101FB000502206463AE700BFA43600000081FFFF2A
:101FC000D2D9FFFF2DE9F04F95B007460320002935
:101FD00018BF0420B7F80E80404563D8BC89282C70
:101FE00060D3D7F804A09AF8000000F0F000602851
:101FF00058D1B8680E460B906020ADF852000AF137
:1020000004003DF079FFA4F12801002581424AD166
:102010000DF15200D7F8009008918DF851507B696E
:102020003D7F0DF151010022441C10A88DE83300C2
:102030000AF108014846FFF755FD8346BB690CA825
:10204000012200900DF1510001A931C148460AF169
:102050001801FFF747FD0221002E18BF032106904B
:10206000CDF81CB0594401EB00099DF851000990CE
:1020700038B19DF8530009F1010940F080008DF856
:1020800053009AF80700012811D0402814D0FF28E7
:1020900011BF09F101099DF8520040F003008DF8CD
:1020A00052000FE00025284615B0BDE8F08F9DF8DE
:1020B000520040F0010003E09DF8520040F00200A1
:1020C0008DF8520050466FF03C0110F8015F01EAB4
:1020D00085049AF80010AA0961F385020A923CF07F
:1020E0008FFD83466FF31F5BBBF1000F0AD1200603
:1020F00008D10A9830B99DF852004FF0000B40F01B
:10210000180011E0BBF1000F06D00A98002800F07B
:10211000808009F1040909E09DF8520009F10109E4
:102120004FF0000B40F010008DF852000025C14523
:1021300038BF0125B7D2059408980B9CA8EB09017C
:10214000F981B8810AF1280004EB0901C7E901010E
:102150000AF120000AF11001C7E90510388A394652
:1021600028303882788A484478829AF8060000F04D
:1021700092F930B19DF8520040F004008DF8520001
:1021800008E0B8680130B860F8890138F881788AC9
:102190000130788216B1EE2004F8010B9DF853004F
:1021A0009DF8527060700998277010B1E61CA070FD
:1021B00000E0A61C07F01800059A40F01001102955
:1021C00003D10A99114306F8011B40F008000828C2
:1021D00004D1584631463CF01BFD0646780705D42D
:1021E0009AF8060006F8010B9DF85270B80703D163
:1021F0009AF8070006F8010BDDE9067410A93046CD
:1022000022463EF057F830190CA93A463EF052F8F3
:1022100049E79DF85210C02009F1030900EA850042
:1022200041F008014BEA004B8DF852107EE72DE992
:10223000FE4F0446D0F8807008461E4615468A4672
:102240003DF0E6FADDF83080002800F01D810095B1
:1022500004F1090B07F10C058146284659463BF06D
:1022600027F8019740B93DF003FB68B909F108016F
:1022700058463BF01DF838B1606D40B10078093028
:1022800020F00707012004E00027002001E00120E2
:102290000827022E06D0012E39D0002E64D1A8F8CE
:1022A0000070F5E002A920461FF008FE0298002801
:1022B0005FD094F84C10019E890719D504303DF089
:1022C0001BFEA8B1BAF834200146484633F0CEF9D7
:1022D000029901258A7853B2B3F1FF3FC8BF0425A4
:1022E000A84205D0500600F1C88042F04000887036
:1022F00094F84D0080064BD432780298083A8178E1
:10230000022A8CBF01F07F0141F0800144E00028E7
:1023100000F0B1802046394618F050FD0026002814
:102320004CD00446B0F84000C01BA4F84000204642
:1023300038F0E5FB054694F873002870632084F8B4
:102340007360A8704FF0FF3000EBD7006870616DCC
:10235000B1B30A78E81C01323DF0ACFF606D3CF08F
:1023600007FD0020606543E02046BDE8FE4F2EF0EB
:10237000ADBC0120A8F800009AF90C00002804D494
:102380005846294610223DF095FF002020777FE037
:102390000298817841F0200181709AF90C00B0F127
:1023A000FF3F3CDC09F10805594628463AF080FF1A
:1023B00050B30298C17841F040012FE0002467E05B
:1023C0000420A5F803009AF80C0068719AF90C1023
:1023D000B1F1FF3F07DC019909780839032924BFCF
:1023E00040F040006871A91D4FF6FF703DF00BFCF6
:1023F000EA78281DE9190244891ACAB2AAB3012A47
:102400002AD10020A87030E004F11D0128463AF0DE
:102410004FFFC8B30298C17801F0BF01C17094F8B2
:102420004D0080060ED43078083803280AD300986F
:1024300040B10099DAF830000968814202D04FF6C5
:10244000FF7004E0BAF8341048463CF05CF9029999
:1024500004313DF0D8FB0EE00122AA706FF00102BA
:1024600052FA81F1E9703DF043FD94F8750040F0B7
:10247000010084F87500002008E0092001210FF018
:1024800095F850463CF0D4FC4FF0FF30A8F800001F
:102490002046BDE8FE8F2DE9F84F00250C4680B19F
:1024A00011285AD0292800F089803C280CD02C28EB
:1024B0000DD037280FD02B2840F0F7804FF0E209DD
:1024C0000BE04FF0E00909E04FF0E60905E04FF0BE
:1024D000E409012502E04FF0E8090025A689082E4D
:1024E000C0F0E280D4F8048098F800A065B108F14B
:1024F00002003DF001FD082880F0D68057464FF0DD
:10250000080C4FF0080A7BE098F80100082101EB65
:10251000C00CB44598BF1E2800F2C68009F00F0019
:10252000062801D0002869D108F10203ACF10201AC
:1025300018461A460B0659D0107850B1C8B2022876
:102540005CD353789F1C874258D8D319C91B1046B7
:10255000EFE70139531C1046EBE7A689082EC0F0BF
:10256000A3806568281D3DF0C7FCB04240F09C8008
:1025700028463DF0C1FC0746A81C3DF0BDFC804646
:10258000D4F8089027F00F014FF2B00081421BD120
:1025900028F00F01814217D1B4F80EA0BAF1040F50
:1025A000C0F08280F32089F8000008F00F0040EAB4
:1025B000071089F8010009F1020080E0204601219E
:1025C000BDE8F84FFFF7FEBC27F0FF00B0F5704FF5
:1025D00057D1B4F80EA0BAF1070F65D3F22089F8ED
:1025E000017009F1020189F8000065E030B101785D
:1025F0005746012903D8A0EB080A01E05746E246F6
:10260000E0895FFA8AFB58454ED9A0EB0B00A6EB98
:102610000C01A668E081208AA18108EB0C016160B1
:10262000214686F800906044208206EB0B00A060F3
:10263000608A584460823846FFF72DFF317810B128
:1026400041F001013170C8070BD1A06877700130EB
:10265000A060E0890138E081608A01306082B01CAE
:1026600000E0701C15B198F8011001E0AAF1020118
:1026700000F8011B08F10201ABF102023DF01AFE65
:1026800035E028F0FF00B4F80EA0B0F5704F08D187
:10269000BAF1070F08D3F1203CF016FF00F8018BC8
:1026A0000DE0BAF1080F03D200252846BDE8F88FE7
:1026B000F0203CF009FF014640463DF0A4FAA9791C
:1026C00000F8021BA6F10801A18105F10801C4E987
:1026D0000110218A08312182E97900F8011CA0EB60
:1026E0000900AAEB0001E181618A084460820125AA
:1026F000DBE7FEE7F8B51D4616460C4637F0C4FF8B
:10270000FF21002D00F01F81002800F01C81069A97
:10271000002C2BD0292C40F0AD808469731EFE2143
:102720000F2B4BD8DFE813F0A3005E00A8006A006F
:102730000F017900B1000F010F01BA00880092006B
:10274000C6009B0010001000112A40F0FB80287882
:10275000FF2840F0F780287C2A460F2E41B2204601
:1027600040F0E080BDE8F8401FF0BEB8711E0229BD
:1027700015D2042A40F0E6802968002900F1E280A1
:1027800000F11C02022E08BF00F13802104634F09E
:10279000EFF96FF00201002818BF0021D3E0042EEA
:1027A00068D1042A40F0CE8029680129C0F2CA808D
:1027B000C26B914238BF0A46826479E0A6F1FB03FE
:1027C000042B00F2C080DFE803F00381868C9100C7
:1027D000012A40F0B7803DF06AFB01F0EF0141EAC9
:1027E000001063E0022A40F0AD802888411C89B2C5
:1027F000B1F5807F00F2A680A08559E0042A40F060
:10280000A180286810EA104F40F09C80226B010CD8
:1028100041EA0041104388438DE0012A40F0928054
:1028200095F90000002800F18D80C0B2012800F267
:10283000898084F836003BE0012A40F083803DF037
:1028400036FB01F0FB0141EA80002FE0012A79D13B
:102850003DF02DFB01F0F70141EAC00026E0012A1E
:1028600070D13DF024FB01F0FE0108431EE0C07C66
:10287000012847D1FE2166E0022A63D128884FF65D
:10288000FF71884249D1012049E0042A5AD12868C1
:102890002E4A811C914255D8E06309E0012A51D1AA
:1028A0003DF005FB01F0FD0141EA400084F83800ED
:1028B000002148E0012A45D12D7825B168B237F0D2
:1028C000D5FD00283ED084F82F50F1E7012A39D1F8
:1028D00029784175ECE7012A34D1287884F835004D
:1028E000E6E7012A2ED129780175E1E7022A29D1EC
:1028F000288801281AD028BB206B20F0012000F581
:10290000807018E0022A1DD128884FF6FF71884296
:1029100013D1002184F8371015E0FF2812D884F86D
:102920002E00C5E7BDE8F84030F070BE206B20F007
:10293000012000F180702063BAE7FF2802D884F8F4
:102940003700B5E7FD2148B2F8BD00BF0100100017
:102950002DE9F04F8DB0924C05460AA893468A4661
:10296000A04707A8A04704A8A04701A8A047A869B6
:1029700028B307A928465A465B4638F0CFFE0746DB
:10298000002840F0FA800AA807A903223AF04CFE7A
:102990000746002840F0F18005F110082C1D0AAE12
:1029A000304621461FF0E7FD00284BD43046314623
:1029B000224621F051FF0028F2D00746DDE00BF15E
:1029C000180207A93DF063FA0746002840F0D580B9
:1029D00004A907AB28465A4632F074FC0746002883
:1029E00040F0CB8001A907AB28465A462EF0DBFE0B
:1029F0000746002840F0C18007A904AA01AB284679
:102A000038F08CFE0746002840F0B7800AA807A9D6
:102A100003223AF009FE0746002840F0AE8005F197
:102A200004080DF12809484641461FF0A4FD00287E
:102A300030D448464946424621F00EFF074600285A
:102A4000F1D09AE04046002135F00AFC10B30BF1BA
:102A5000180207A93DF01BFA0746002840F08D80B8
:102A600004A907AA3DF013FA0746002840F0858024
:102A700007A904AA2846434638F050FE0746002816
:102A80007BD10AA907AB28460A4632F01BFC074651
:102A9000002872D10BF10C0804A92846424643468F
:102AA00038F03CFE0746002867D104A93DF03FFB03
:102AB0000746002861D107A904AB28465A4638F0DA
:102AC0002DFE0746002858D107A93DF030FB0746E8
:102AD000002852D101A904AA3DF0D9F907460028DF
:102AE0004BD101A93DF023FB0746002845D104A99D
:102AF0000AAA3DF0CCF9074600283ED104A907AB4D
:102B000028463DF0F9FA0746B8BB04A907AB2846AA
:102B10003DF0F2FA074680BB07A904AB28463DF01A
:102B2000EBFA074648BB07A90AAB28460A4638F025
:102B3000F5FD074608BB07A901AB28463DF0DCFAC6
:102B40000746D0B90BF1180301A92846424638F0D0
:102B5000E5FD074688B901A93DF0E9FA074660B9E5
:102B600004A9504627F000FC074630B90AF10C00D2
:102B700007A927F0F9FB074660B10A4C0AA8A0474D
:102B800007A8A04704A8A04701A8A04738460DB051
:102B9000BDE8F08F0AF1180001A927F0E5FB0CE76A
:102BA0002DF70400FF9604002DE9F04F85B0044690
:102BB0008C48DFF83482016821440160B8F80200D3
:102BC000A04203D9001BA8F8020099E0201A0A22AB
:102BD000D8F8046081B2B1FBF2F101EB81024D1C27
:102BE000C0EB42000A30A8F80200002E63D0307B10
:102BF00000BB96F8300000071CD5D6F8580118B174
:102C0000304629463BF03CFED6F86C0120B1D0F8A6
:102C10008400294625F04CFBD6F8740110B14269B6
:102C20000021904796F90D0029461EF0A5FA30467E
:102C300030F0D7FFD6F8300108B1C1688847304678
:102C4000294623F0D2FD3046294630F059FB06F1E3
:102C50009800E9B214F062FC06F5A470294631F040
:102C6000B5FC06F5A870294631F0CCFCB6F8EA00B0
:102C7000A84203D9401BA6F8EA0004E0D6F8EC10FD
:102C8000304637F005FCB6F8D2003146284480B211
:102C9000032828BF0320A6F8D200B6F8D4002844A1
:102CA00080B2022828BF0220A6F8D40024203DF0DC
:102CB00061FB064699E7284618F0ACFA284614F05E
:102CC0003FFE284630F0A6F8EEB230461EF0DCFAA1
:102CD000304623F083F828462BF0F0FE284629F0F2
:102CE00017FB284618F028FE4048007A00F0FE0046
:102CF000022802D1284624F04FFD284620F0E4FCAB
:102D0000D8F804504FF4C0694FF0020A002701AE12
:102D10004FF0010B002D46D0287B40BB95F83000CA
:102D2000000724D5688EB0B101386886000412D13E
:102D300098F80000ADF805908DF80CA002978DF87A
:102D40000400687B04978DF80700304635F0D0FD0D
:102D500008B1A5F832B0D5F8580118B12846214677
:102D600039F0CAF905F18C00214629F045F905F141
:102D70009800214611F066FD2846214621F042FFC9
:102D8000284621462EF051FDB5F8D00029462044B2
:102D900080B20A2828BF0A20A5F8D00024203DF0E0
:102DA000E9FA0546B6E7204630F05EFB204612F011
:102DB00069FB0F4D0CB9287908B9012028710B481F
:102DC000007A00F0FE00022802D1204636F040FAD8
:102DD0003CF00EF80020A8703CF0CCFC05B0BDE83B
:102DE000F08F00BF983E0120F44E0120644C01207A
:102DF0001C5401208AB0894D044636F0DBFE95F85C
:102E0000D5603AF0B9F91EB9642033F0E1FEF4E779
:102E1000204633F07DFB36F0CDFE044624F04EF81C
:102E200000B1FEE77E4E3068006880473068C168B8
:102E300002AD28468847042029468DF808003068EE
:102E400042680020904777490028086000F0E4803D
:102E500036F0E6FE23F024FF17F0EAFA3CF09AF988
:102E600020463AF089F932F029F9DFF8BCA14FF495
:102E700080419AF800003CF07BFBDFF8B4916B4C8A
:102E8000DFF8B0810DF1080B09F104069AF8000093
:102E900031F070F80146E0609AF8000025F0A6FFD6
:102EA000E068810636D5304636F0C0FA099080B326
:102EB00036F080FE99F80C10013989F80C103AF0C0
:102EC0005BF909980178C8F8040042788DF8201061
:102ED000A2F1DB03182B17D8012505FA03F3564D91
:102EE0002B4211D027F090F89DF82000042806D13D
:102EF00009A830F0D9F89DF820100429D3D008F1A2
:102F0000040030F0D1F8CEE7002AF6D12EF010F808
:102F1000F1E7E068010425D59AF8000027F04EFD9E
:102F20000990F0B10578D02D0DD309D18178434AAD
:102F30001170B0F80310D0E90223C4E90123218005
:102F400038F0DBFEE8E7C8F804002DF0F1FF002DB3
:102F500007BF0020C8F8040008F1040030F0A4F80E
:102F6000DAE7E068C10606D506208DF8200008A83B
:102F70002DF0DEFFE068410606D50520ADF8200003
:102F800008A82DF0D5FFE068C10506D50820ADF8EA
:102F9000200008A82DF0CCFFE068010506D5092027
:102FA000ADF8200008A82DF0C3FFE068C10406D5E5
:102FB0000A20ADF8200008A82DF0BAFFE0688104CF
:102FC0000ED558463DF0B6F9012808D1DDE90210CA
:102FD00004AFACCFCDE900571DF0EBFBF1E7E068A3
:102FE000400448BF35F008FBD8F80000002788B13E
:102FF00036F0E0FDD8F80010C8F8007009913AF0FA
:10300000BBF80998454645F8040F2DF091FF284676
:1030100030F04AF8E76039E7FEE700BF041100200E
:103020004C3E0120183E0120EF3A0120C051012002
:103030007C3D0120AC3D01201F220001BC3E01204F
:103040002DE9F04F95B008461D46174638F066FA50
:10305000064618B396F9000036F092FFF0B1044628
:103060000020072FB06219D1DDF878802B46CDF80B
:10307000008006A804A908AA2EF09EFF70B908983F
:1030800037F068F8B04209D1706A0899884205D1D2
:1030900006F1300006A935F03BF830B1304633F088
:1030A000E3FE012015B0BDE8F08FB06920B1B17822
:1030B000BDF812208A420FD90021B1703BF058FEB2
:1030C000BDF812003BF04CFE0028B061E6D09DF840
:1030D0001210B170BDF81220BDF81010F0637287A5
:1030E000318705993DF0E6F8607F80070FD506F13E
:1030F00048070B991022384639F03CFB38B194F957
:103100001C0037F0B3F910B139462EF0B5FD06F1C9
:1031100048070B99102238463DF0CCF8DDE909014B
:10312000DDE90C23C6E91023C6E9070194F91C0068
:1031300037F09CF90397B8B1834630462FF0A6FECE
:103140008246012039463071584637F0B6FC326C61
:1031500068B10746584639463BF02AFD726C58461E
:10316000394638F016FE12E04FF0000920E0706C8E
:103170004FF0000939460223CDF80890CDE9002030
:103180005846402216F0D6FC0746002874D03C482A
:103190003C496FF001024FF0010978620AEB8A00A6
:1031A0008A4538BF4200BAF1000F08BF5246FA61A3
:1031B00027682FB194F91C00039AB11D4B46B847FC
:1031C000606800283FF46DAF306C00283FF469AFB1
:1031D0000F90308F0DF13809ADF83800F06B0230E8
:1031E0001090708F0238ADF83A001FFA88F004286A
:1031F000FFF457AF28463CF07FFE0746A81C3CF082
:103200007BFEA8F1040B06461FFA8BF0B042FFF4D8
:1032100048AF05F1040A112F02D1042804D211E0AD
:10322000102F0FD103280DD950463CF098FF05F11F
:10323000080A043EA8F1080B1290CDF850A0ADF892
:103240004C600CE0172F04D1102E02D316F00F00A3
:1032500001D0182F0BD1ADF84860CDF84CA06368B1
:1032600094F91C008DF8447011A94A4698471AFA3F
:1032700086F5ABEB0608B8E786F8049098E700BF40
:1032800021D00100999999192DE9F04F95B002F1DB
:1032900018078946824600211D469346384634F079
:1032A000DFFF002865D0286A80B105F118040021ED
:1032B000204634F0D5FF00285ED0286A30B1204681
:1032C000012134F0CDFF08B17D4C4EE012AC7D4EB3
:1032D0002046B0470FA8B0470CA8B04709A8B04790
:1032E00006A8B04703A8B0476846B04750462146F5
:1032F0003A463B4638F012FA044638BB0FA912AAE8
:1033000050463B4638F00AFA0446F8B912A950462E
:103310002B463CF0C7FE0446C0B90FA905F10C03CB
:1033200050463CF0BFFE044680B912A950465B46A9
:103330003CF0E2FE044648B90BF10C080FA95046D8
:103340000A4643462EF02FFA0446E0B15E4D12A81D
:10335000A8470FA8A8470CA8A84709A8A84706A8E7
:10336000A84703A8A8476846A847204615B0BDE867
:10337000F08F4846294601E04846594615B0BDE859
:10338000F04F34F021BB12A8002134F069FF00286F
:1033900000F08680694612AB50463A4638F0BEF9D6
:1033A00004460028D2D10CA912AA5046134638F080
:1033B000B5F904460028C9D109A90CAA12AB504698
:1033C00038F0ACF904460028C0D10CA950465B4641
:1033D0003CF068FE04460028B8D112A80CA926F0DB
:1033E000C3FF04460028B1D112A9504632F05FFC59
:1033F00004460028AAD106A90FAA5046134638F061
:103400008DF904460028A1D106A912AB50463CF024
:1034100073FE0446002899D106A909AB50463CF03A
:103420006BFE0446002891D10CA906AB50463CF037
:1034300063FE044600287FF489AF0CA90FAB504609
:103440003CF030FE044600287FF480AF09A95046C6
:1034500043463CF027FE044600287FF477AF03A9DB
:103460000CAA09AB50462EF09EF9044600287FF4C2
:103470006DAF06A9484626F077FF044600287FF482
:1034800065AF09F10C0003A926F06EFF0446002881
:103490007FF45CAF09F11800694626F065FF0DE086
:1034A0000FA8002134F0DCFE18B1484635F060FB6F
:1034B00004E0504649465A46FFF74AFA044645E7B3
:1034C00080B0FFFF2DF70400FF9604002DE9F041C6
:1034D0008AB0044600201421CDE90700099002A813
:1034E0003CF006FD6178A0788DF81C10D4F8071028
:1034F000F1288DF81D000891B4F80B10ADF82410D8
:103500000CD0DA280FD000287C481DBF018C013177
:103510000184816904BF0131816108E07748818BB2
:103520000131818303E07548C18B0131C183617C26
:10353000FF2915D0724D6868B0F80120520703D4F6
:10354000D4F80D20002109E00139C9B23BF09CF804
:1035500000285FD00146D4F80D20686835F0B8FA2D
:103560002078022811D001281FD0002849D1A07846
:10357000DA285AD0002861481DBF418E01314186AA
:10358000816A04BF0131816253E0A078DA2858D003
:1035900000285A481DBFB0F850100131A0F8501053
:1035A000816C04BF0131816451E0A078DA2852D0E7
:1035B000002855D1514FDFF84881F88E0130F88648
:1035C0000020616988F80900002956D0608A002827
:1035D00053D001A815F09AF806466069618A33F065
:1035E000CDFC002865D0628A6169334605461EF02D
:1035F000DFFB002863D0B7F862000130A7F8620053
:1036000076E03E48B0F85C100131A0F85C1037F06D
:10361000C5FE40E03948B0F85E100131A0F85E10F8
:10362000F3208DF81D00286831E03448018E013107
:10363000018633480025002205720068036A07A945
:1036400019E02E48B0F84E100131A0F84E102C4869
:10365000002585720BE02948418F0131418703E045
:103660002648818F013181872548002545720068F1
:10367000036A07A902AA98470EE0B7F86000013074
:10368000A7F86000E9208DF81D00D8F80000036A53
:1036900007A902AA98470025284631F0AFFE17482F
:1036A000C18F0131C18760781EF0DAFD0AB0BDE834
:1036B000F081B7F85A000130A7F85A00E2E728462F
:1036C00020F0E9FA78B1298CA868EA8BADF81410DB
:1036D0006968ADF81620CDE90201E868E98CADF81B
:1036E0001810049007E0B7F864000130A7F86400F0
:1036F000E9208DF81D00D8F80000B9E75433012007
:10370000C43D01202DE9F04F85B0C0B1044680488A
:103710009246002100220023C4F8380520461FF0FD
:1037200057FF60B97B4904F5A07220463CF044FD88
:1037300004F17C0B2146584621F0A8FC20B1FF2063
:1037400040B205B0BDE8F08F0020734A734B2146AC
:10375000009058463BF0ECFA714A724B58462146AD
:103760003BF050FDDAF800000028E8D004F575774A
:1037700000260DF11205F1B250462A4638F044FCFD
:1037800050B1BDF812200146384611F0DDFFB0F10E
:10379000FF3FD4DD0136EEE73006D0D00DF1110148
:1037A00050463BF083FD0028C9D0014600209DF81B
:1037B000112004F5A5650023009028460DF08CFB30
:1037C0000028BCD4204639462A462FF03FFD002869
:1037D000B5D1DAF8286004F51F7000274FF0000813
:1037E0000290002E3FD04FF000095FFA89F1304679
:1037F0000DF10E0238F008FC58B30546F80719D051
:103800004FF4AA703BF0ACFAF8B107463BF0A0FFCA
:10381000BDF80E203846294611F096FF00283FF5E6
:103820008EAFB8F1000F1ABFC8F85071B8464FF00C
:1038300000080AE0DDF80880BDF80E202946404661
:1038400011F082FF00283FF57AAF09F10109012745
:10385000CBE75FEA09603FF472AF202031463CF0CD
:1038600089FD0646BDE7DAF8306003AD16B3304691
:1038700029463BF022FDE8B10746D4F8D00358B9F9
:10388000F4203BF085FA0028C4F8D0033FF457AF8A
:103890003CF063FAD4F8D003BDF80C20394617F099
:1038A0005DFC00283FF54BAF082031463CF062FD3F
:1038B0000646DBE7D4F8D023029920463CF076FC9C
:1038C000204602213AF02CFA50463CF078FA94F85F
:1038D000341501F0FE010844134984F834052046EC
:1038E0003CF01DFA1149204622463CF062FC20467D
:1038F000032103223CF01DFA2046032103223CF061
:1039000013FA0B49584622463CF059FC002017E7B1
:1039100071190300BFF1040001EF04004DCA040057
:1039200049F90400F1EE0400F431000021D703004E
:10393000DDBA04002DE9F04F9FB0834E1546834653
:103940000DF177007F4A1E91CDE900031EA829469C
:1039500033461BF0D7FF012840F0F080DDF8788077
:10396000287898F80090814500F0E78088F80000FA
:103970007648076817B305AE3946282230463CF032
:1039800099FC06F1280007F128010C2202903CF076
:1039900091FC06F1340107F13400039190E83C00FA
:1039A0003CC106F14404142207F1440120463CF0D6
:1039B00081FC07F1580006F1580A23E00DF1140AC2
:1039C0003146282250463CF075FC0AF1280006F1E9
:1039D0003E010C2202903CF06DFC0AF1340106F12C
:1039E0004C000AF1440C0AF1580A039190E8AC002B
:1039F00006F1B000ACC190E8BC00614606F1900051
:103A0000BCC1644601684068CDE91B1039F048F834
:103A1000029D4E4E70B139F043F84E49012812D044
:103A200098F80000FF280ED039F03AF8022803D1A8
:103A3000494908E0464906E039F032F8474A484922
:103A4000032808BF114605A88847306898F8008009
:103A500030B1B9F1FF0F03D13BF08AF9002030609B
:103A6000A8F1FF00384EB0FA80F040098DF813003D
:103A700005A9304626F0C8FD012818BFB9F1FF0F8F
:103A800006D1314905AA0DF1130358461FF0F6F887
:103A900006F13E072946384624F0AEFE012818BF3D
:103AA000B9F1FF0F06D10DF11303584639462A46E6
:103AB0001AF0F2FB039F06F14C052846394628F020
:103AC0005BFD012818BFB9F1FF0F05D10DF11303FC
:103AD00029463A462FF0C6FE06F1B0052146284693
:103AE00023F0EEFD012818BFB9F1FF0F06D10DF14B
:103AF000130358462946224628F06AFD06F1900530
:103B0000514628462CF0FCFB012818BFB9F1FF0FE5
:103B100006D10DF1130358462946524617F034F8E2
:103B2000BBF1000F09D0B8F1FF0F06D1DBF8580147
:103B3000B0F8501B584605F0B1F900201FB0BDE8A1
:103B4000F08F00BFE9900400A412002084540120EB
:103B5000FD2C03005D980100F3CC03001FBA0300A5
:103B6000E90403002DE9F047DFF8F48101207D4FDF
:103B70001C4615468EB24FF6FE7988F800000020EC
:103B8000F870980613D414F0E04F24D097F905008C
:103B9000012802DB7879013878717648426804F0B0
:103BA000807072B380B30020002190472AE06E48F5
:103BB000A7F808900078002852D06C480078832835
:103BC00002D06B48812101703969002948D000205A
:103BD00088473E8144E015F4860F00F0A4806648D3
:103BE00085F480313BF0EFF908BFB0F5505F37D175
:103BF000634962480022096800684B6931B29847FE
:103C000064E008B13AF09EFAB869410101D4F9695B
:103C100005E03AF097FA28462146C7E906543A8962
:103C2000B24214D180F480320A437A8908BFB2F5D7
:103C3000505F08D080F08060084308BF022A02D09D
:103C400025F096FA03E02EF0F7F93AF07BFAA7F8A0
:103C5000089097F90400012802DB3879013838719F
:103C6000A80733D5DFF810A143F20141BAF80200EA
:103C7000884209D043F20441884205D0424940F6C7
:103C80000902498891423DD1B8790130B87197F95C
:103C90000500012802DB78790138787125F068FA8F
:103CA00039F03EFC0020A7F80890AAF802002E4840
:103CB000007820B13548007808B93AF043FA97F90E
:103CC0000400012802DB387901383871787908B9A5
:103CD0000020B870387960B105F0020004F0E041CE
:103CE00040180AD097F90400002806DC37F056FB8C
:103CF00003E0002000210EF002FC002088F8000004
:103D0000BDE8F08797F90510012902DB79790139BF
:103D100079713989B14216D1B86910F4820F17D080
:103D2000F5F7C6FBBEE71748054299D0124885F063
:103D300080613BF048F97FF493AF40F00200022825
:103D40003FF456AFC2E743F604018842A8D0A9E782
:103D5000800302D425F00CFAA4E72EF06DF9A1E758
:103D6000D6540120F04F012048480120CF3E0120C9
:103D7000C83E01202825000034390120305301209D
:103D8000583E012000000C8CA43C0120CB3E0120B9
:103D900070B588B0054600780024062800F2D98066
:103DA000DFE800F0040B1831D73D4B0001AC204692
:103DB0002BF04AFE02202146C8E0D5F801003CF075
:103DC0003AF83AF06EFB18BF03208DF8060001A9FF
:103DD000032076E022F0D1FC76481C213CF088F8E4
:103DE000754C2421201D3CF083F84FF6FF702060B5
:103DF00039F0DAF93AF055FB18BF03208DF80600C8
:103E000001A904205DE0012018F062FC3AF049FBB2
:103E100018BF03208DF8060001A9052051E0D5F850
:103E2000016000213088B1EB103F1BD163282AD1FB
:103E300070685F490078087071E0D5F8010007F0FC
:103E400003F8002800F084800446D5F8015001A84A
:103E50001C213CF04DF82878022824D0012825D1D7
:103E6000012021E0B1EB503F12D141F20101401A93
:103E7000042829D8DFE800F0032F384B750072883A
:103E800071684A4840E07168C0B205F081FE05E003
:103E9000010B022918D871683AF06EF80446002820
:103EA00018BF03243CE002208DF80400DA20FF2133
:103EB0008DF8060068788DF815108DF8050001A9B9
:103EC00001203AF044FC44E03748418C0131418400
:103ED00037F064FA23E0706890F82C10002918BFBE
:103EE000012108F06DF91AE0746830492C2214F8A9
:103EF000010B10FB02152C2105F114003BF0F8FF1B
:103F000005F12900214610223CF0D4F907E0706841
:103F1000264A2C230178406811FB0321C863002442
:103F2000708835F0B3FEB8B18DF80640054671686B
:103F300030887288ADF8040028463CF0BBF9CDF813
:103F400009507088ADF8070001A907203AF0FFFB7F
:103F50000024204608B070BD1348818C0131818453
:103F6000F6E7124970680024C1E93144C1E93344DD
:103F7000027881F8D4204268C1F8C4204288C1F890
:103F8000C820027AA1F8CC20027B81F8D220427AA4
:103F900081F8CE204289A1F8D0200122407B81F80F
:103FA000D52081F8D300BBE75C3801200411002044
:103FB00034530120A83B0120A03A01202DE9F04F05
:103FC000ABB004460078002840F00781A0880428A0
:103FD000C0F0038194F9020036F048FA06468048A2
:103FE000A57800274068C16941B18878A84208BF18
:103FF0000F4618203CF0BEF90146F5E7002E00F010
:10400000EC80002F00F0E980F87C002800F0E580CB
:10401000A0883AF0BDFE8246002800F0DB80012037
:1040200000250DF148080DF198094FF480421790D2
:104030001420CDE91855CDF85880CDF85090159042
:10404000A088CDE912A094F9010014A901F00EF99D
:104050009AF80010ADF846500D2939D01FFA80FBB0
:104060000C294CD10AAA5046594629F0B9F8002823
:1040700000F0B080BDF83E10109827F091FF0028A6
:1040800040F0A88007F1030806AD3BF03BFA00289A
:1040900040F0A08002A809F10106CDE904AB0C2193
:1040A000012216900220334617901BA8009502901B
:1040B000054635F08CFA397D19B194F902103AF0C1
:1040C000B6FA09215A4638F030FE401B039040E012
:1040D00081B21BAA504629F083F800287AD0BDF897
:1040E0008210219827F05CFF002873D19DF86D00A5
:1040F000002849D001285CD140F2232646E05046F2
:10410000594627F04DFF002864D107F103080AAD96
:104110003BF0F8F900285DD106A809F10106CDE9C8
:1041200008AB0C21002216900220334617901BA8E2
:1041300000950690054635F04AFA397D19B194F993
:1041400002103AF074FA09215A4638F0EEFD401B8D
:10415000079094F9020034F053FB28B102681AB1B9
:1041600094F90200314690473046414610223CF017
:10417000A1F840F22320ADF8AA0000208DF89800A5
:10418000C020ADF8460014E040F222261D9909F146
:10419000010010223CF08EF80020ADF8AA608DF8E6
:1041A00098000120CDE9168021981290BDF8820078
:1041B000139094F9010002210DF1460301220091B0
:1041C0002921FEF797FA94F9010014A94FF48042CF
:1041D0003AF032FB50463AF0CBFD2BB0BDE8F08F01
:1041E000445301207CB5FF25002800F0BB80002946
:1041F00000F0B8800446D0F88400002800F0B180B8
:104200004268002A00F0AD800B784A2B2ED00025A2
:10421000FB2B00F0A780872B18BF892B0ED1087AC3
:10422000082840F09E807820892B08BF70204968BC
:104230000A6849682250204441602AE0E02B20D0DF
:10424000F12B00F08F80F52B1FD0F72B23D0712B93
:104250004FD1087A282840F084804A68487811466F
:10426000224602B0BDE870401AF0B2B8087A0828B9
:104270000FD1496804F112000A6849684160026080
:1042800007E0126A4968102002E0126A49681120AA
:104290009047002566E04D6894F82C2029788A42E2
:1042A0005FD084F82C1029464068026A1420904799
:1042B0002D78204635F0D0FE002850D07F21012DEA
:1042C00008BF40F2FF71D4F88420526812898A42F4
:1042D00038BF11466185A0F84E102046628DD4F893
:1042E000841031F0B2FC0546002818BF4FF0FF35AE
:1042F00038E00A7A651C042A15D0022A21D0012A46
:104300002FD14A68FE2B11788DF805102CD05D2B2B
:104310003CD1002918BF0121288820F4807040EA90
:1043200001202880B5E7842B1BD1486806682888BF
:10433000400737D4204600213246002534F0C8FB20
:1043400010E05B2BA5D04968502B0A8836D0532B40
:1043500039D0552B9DD04B2B03D1228299E737F0D2
:104360001DF8FF2568B27CBD002918BF01212A88ED
:1043700022F4007242EA412129804068026A002A40
:104380003FF487AF0DF10501062081E71078882BF7
:1043900005D0852B32D0862B33D0002BE1D184F889
:1043A000820076E7497820463AF06EF90028D8D0A6
:1043B00001462046324634F08BFB6AE72046114620
:1043C00032F0EEF865E74FF6FE710023A2808A42D4
:1043D00038BF0123298821F0020141EA43012980E5
:1043E0000DF10601446810463BF00DFCE269002A1D
:1043F0003FF44FAF0DF10601022049E784F8800039
:1044000047E784F8810044E72DE9F04F87B00C6856
:1044100001901298DDF84480039316468B460025E0
:104420000DF1160AADF81200ADF81600069404EB73
:10443000020906AF104600045AD0BDF81600B8F1C4
:10444000080F02D1FF2800F2E380B8F10B0F02D170
:10445000FF2800F2DD80B8F10F0F02D1FF2800F233
:10446000D780B8F1140F02D1FF2800F2D180B8F143
:10447000110F02D1022800F2CB80B8F1040F02D153
:10448000082800F2C580B04200F2C28006990144BB
:10449000A142C0F0BD80494500F2BA802844451CC5
:1044A000494525D2A9EB01000691000420D00878E7
:1044B0000F281DD8ADF81600481CA04207D3484568
:1044C00003D20690A9EB000002E0CDF8189000207E
:1044D000ADF8140005A839462246334600905046F0
:1044E00022F03EFF002840F09380BDF81400A2E7C0
:1044F000DBF800702804ADF81060CDF808B00ED0DD
:104500006C1E20040BD001980168A0B28847039963
:104510000028086000F07C800FFA84FB02E04FF076
:10452000000B0024109807EB060A4FF000090197D2
:1045300004800398046803980068201A584580F2A4
:104540006F80BDF8101000296AD05FEA09610CD0B5
:10455000A8F10B012620092909D8029FDFE801F004
:104560000E1010100F100F10100F029F0CE0029F82
:10457000B8F1040F03D0B8F1080F01D12F2020703B
:10458000039801340068201ABDF812502844584599
:104590003EDCB5423CD83968019A4819904237D37D
:1045A000504535D820462A4609F101093BF082FEE4
:1045B0003868019A2844904232D350452DD202994E
:1045C0000860AAEB000109042AD001780F2927D836
:1045D0000130ADF81210904202D20299002008E09A
:1045E0005045029939BF0860AAEB0000C1F800A04D
:1045F0000020ADF8100004A833462C4400900DF1C3
:10460000120022F0ADFEFF2100283FF494AF00E03D
:10461000FF2148B207B0BDE8F08F0298C0F800A0B3
:104620004946F6E72DE9F04F85B00DF1380B1E46EF
:104630009246894607469BE81009B8F1000F07D05B
:10464000B7F89800000608D598F8020028B946E0A7
:104650001EB9B7F89800C00541D438203BF0BAFA2B
:1046600005460020DDB385F8740048F6FF00049786
:104670004F464FF080090396A5F8720098F80F0096
:1046800020B90498B0F8F00009EA5009B5F84000E4
:10469000BAF1000F654905F10906029018BF49F00B
:1046A00020095846102238F049F8E8B1002F18BF09
:1046B00049F04009B8F1000F13D098F8020080B11A
:1046C0005B480168406870603160D8F80300D8F832
:1046D0000710B06080F00200F160307209E0002540
:1046E0008FE03046594601E05249304610223BF0F7
:1046F000E1FD049F042021462872384637F018FE59
:1047000020B1019605F11D0021460BE038463146E7
:10471000002206F0D5FA002800F08280014605F15B
:104720001D00019610223BF0C5FD029805F1880A94
:104730000AEB0001042028774FEA09603BF068FA91
:104740002146102206463BF0B5FDDDF810901036EC
:1047500002223146D9F8B07100944846039BB8470D
:104760000644B8F1000F3CD040F22120308098F888
:104770000200B07098F80F0090B198F80B00022179
:10478000F07098F80C0001EA500160F38301C0F367
:10479000C0000844B11D307198F80D00707106E03A
:1047A0000020311DF07000203BF02DFA0146B8F8D2
:1047B00000003BF028FA414600F1080651F8032FAB
:1047C0004B6802604360D9F8580150B198F8020074
:1047D0000B281AD8012202FA00F040F6011210420A
:1047E00013D0019928464A4603F0F6F9A6EB0A00D1
:1047F000A5F84200284636F082F94420C5F83490E6
:10480000A887284605B0BDE8F08F484633F094FAF3
:1048100030B10948C5F88400C02085F87800E0E789
:10482000284605B0BDE8F04F2CF050BA913000009A
:10483000143500002130000041DC030070B500F1A8
:104840007805044628463BF0FBFD082847D8DFE8FA
:1048500000F005460C4627334219470020462946FA
:1048600006222BF02DFC616C31E028463BF0BBFAB0
:10487000F0B12046012100221FF09AF82046294677
:1048800007229CE0204624F0EAF8012854D0C0B268
:1048900028BB204601210022BDE870401FF088B8E7
:1048A000266928463BF0B5FCE26E01462046B0473B
:1048B00020462946052282E0226E204602219047AA
:1048C00008B181698847A16C204688476169204604
:1048D000BDE870400847204624F0C1F8E8B170BD3B
:1048E00094F8DB0001286ED0042860D0032863D040
:1048F00094F8DE1094F8DD0001F0FE01042884F83D
:10490000DE1054D0204650F8C81F002940F08F8098
:104910000521002234F0E9FD89E0206FE168C088BC
:10492000A4F8820094F89B0084F8DA0020468847B7
:1049300020462946022242E094F89B00294608229C
:1049400084F8DA0020462BF0BBFB216FD4F88800F6
:10495000C988A4F8821028BB226E20460221904705
:10496000C4F8880018B3052180F87410E06ED4F8FC
:104970008810C8663449D4F8880081600021D4F8D2
:104980008800C1603149D4F8880001613049D4F809
:104990008800C16194F8DE0040F0020084F8DE0077
:1049A000D4F88800E16E0268BDE8704010472846E0
:1049B0006FF004013BF042FD204629460422BDE889
:1049C00070402BF07DBB204624F049F806283FF4C8
:1049D00086AF94F89B1094F8DA20914284F8DA10AC
:1049E00003D9216FC988A4F8821094F8DE10052835
:1049F0001AD1880718D5264656F8D01F56F8480C05
:104A0000B288036A984730463BF082FA28463AF06B
:104A10007EFCB17B480703D494F8DD00032803D063
:104A200041F0010184F8DE10C8077FF458AF20463A
:104A30000D2102221EF0BCFF94F8DE0000F0FB0006
:104A400084F8DE0070BD00BF15CA0400817B04003D
:104A5000E52804002DE9F04F87B091468B4634F0ED
:104A600093FB002800F0F9800546D0F8A0809BF861
:104A7000000005F1400137F0CBFC002800F08480F5
:104A80004489477B0646A00515D5404635F0D6FE3D
:104A90009BF80100EB2800D068B9E86E314634F08D
:104AA00087FB40B1D8F85811D1F84C1BB1F8481029
:104AB0000131A0F85E10002004F0070ACDE90500DE
:104AC0007089C10556D5BAF1040F53D100F4406086
:104AD000B0F5406F05D1AC6F05AA404631460023C2
:104AE000A0479BF801401CB1EB2C01D0E92C41D12F
:104AF000069800283ED00599E1B3086940F698026F
:104B0000904237D1A4F1EB02B4FA84F09BF809C0CB
:104B100031F8023BB2FA82F240095209024398F995
:104B20000D0000910CF10101C9B20CF019F8EB2C49
:104B300000D0FCB9B9F80C10D9F8000001AA32F085
:104B4000EFF848B1DDE905100A698B1CCA60DBF893
:104B5000042001A93BF064FAB9F80C10D9F8000060
:104B60000DF1130234F0B9FF20B19DF8131006982F
:104B700037F0C0FF304629462EF0A6F9BAF1040FEF
:104B800007D14AF2ED010FE0354841690131416139
:104B900063E0BAF1060F5BD1E86E41F60E11425C9C
:104BA00002F0FE024254012105F10C09484637F09B
:104BB000B2FA064668B1706858B15A4601A9BC46B7
:104BC00092E89800084698C08DF804C0726848467C
:104BD0009047BAF1060F2DD1E86E41F604114758FF
:104BE000DFB3084440213A4636F0F8FDE86E41F65E
:104BF0000C11425A013A4252E86ED5F8A020415AAF
:104C0000D2F83C0131F085F8284639460EF0BEFB5B
:104C100018B316B3716801B300210391CDE90111F6
:104C20008DF805009BF8000072688DF8040001A95A
:104C3000484611E0069880B1059971B10869F028DD
:104C40000BD8D8F86C01D0F8840034F0F9FC04E0FB
:104C50006A6FD5F8A0005146904707B0BDE8F08FC5
:104C6000C43901202DE9F04192B005AD0E4604464D
:104C700028219846174628463BF03AF9D6F80F0007
:104C800002210790D6F80B00069096F85C0001EA26
:104C90009001C0F3001240071144327F8DF82910B3
:104CA000317A02F0030261F383028DF8142052BFBF
:104CB000B6F8660020463AF00BF8ADF8160096F804
:104CC0003E0096F876108DF82800C80723D12046BC
:104CD0003AF008FD8DF83200E8B196F85D00022840
:104CE0000BD001280DD0B0B920463BF039F98DF832
:104CF000340020463AF0C3FF00E000208DF8330076
:104D000009E04FF6027005F11601ADF833004FF0DF
:104D1000FF303AF07DFF787CC1070AD1B6F8400039
:104D2000B6F84210091A30448830ADF820100990C6
:104D300043E03A7CBD69099532B1B88979693AF0A6
:104D400005FC397C787C0D44798880070DD441F4CA
:104D5000604029463AF057FF014638883AF053FF41
:104D60000546387A05F8010B09E041F44040294630
:104D70003AF049FF014638883AF045FF0546786920
:104D8000FA89B0F840103AF0E1FBF989099A6818FD
:104D9000801AADF820009DF8290082070DD53A89C8
:104DA00000F0040300F0FB0001EBC2017A8891429D
:104DB00038BF042318448DF8290096F85C0081065A
:104DC00011D5D4F86C2196F85E1092F820508D42DF
:104DD00004D100F0DF0086F85C0004E020462DF0EE
:104DE000E6FC86F85E5096F858001F4D0022002120
:104DF0000138C0B2C300042838BF25FA03F1D8F83F
:104E0000640090B1B6F87620202303EAD2129DF810
:104E1000293003F0DF031A44CBB28DF82920B8F80B
:104E20006820046805A9A0471AE0D4F86801C9B24F
:104E30000492CDE9022200234569009105A902AA46
:104E4000A84768B19DF8281000228DF83D00204643
:104E5000ADF8442010928DF83C100FA9FBF73EF9F5
:104E600012B0BDE8F08100BF010203022DE9F04F4E
:104E700089B0029090460C46002507AE00204FF006
:104E8000000B002701901FFA88FABAF1020FC0F058
:104E9000DF80304621462FF0D5FABDF820000028EB
:104EA00000F08D809DF822105FFA80F906974AB2D3
:104EB00001F07F00002A29D401F0600140294ED181
:104EC000029ACDE9048BA346A84652FA85F492F8DB
:104ED000541004F8579F2646013106F8020DE8B237
:104EE00082F854103AF09FFD05F8609F39F038FFC2
:104EF000002800F0988007994A46F8653BF0DAF9F7
:104F000008F10105DDF810805C4654E0A0F10801CD
:104F100002295BD8029ACDE9035452FA8BF692F833
:104F2000841006F8879F3446013104F8020D5FFAB9
:104F30008BF082F884103AF076FD25F8909F39F0D6
:104F40000FFF002875D007994A46C7F88C003BF040
:104F5000B1F9DDE903540BF1010B07AE2EE0602837
:104F60002CD37F282AD0CDF814B0029ADDF804B0F3
:104F7000CDE9035452FA8BF492F86C1004F86F9F49
:104F80002646013106F8020D5FFA8BF082F86C10AC
:104F90003AF049FD05F8789F39F0E2FE002850D03C
:104FA00007994A4678673BF085F90BF1010BDDE97B
:104FB0000354CDF804B007AEDDF814B0069FBDF879
:104FC000200002300444A8EB00085CE7A0F10B01CC
:104FD0000329F3D8029A069FCDF814B0CDE9035403
:104FE00052FA87FB92F89C100BF89F9F5C460131A8
:104FF00004F8020DF8B282F89C1002EBC005484696
:105000002E4626F8A89F39F0ABFE48B307994A46CA
:10501000C5F8A4003BF04EF9DDE9035407AEDDF816
:1050200014B00137CBE702990020307081F85400AA
:105030000CE00299002020703070288081F88400F4
:1050400006E002990020307081F86C002070287012
:105050000020BAF1020F38BF012009B0BDE8F08F7F
:105060000299002020708BF80000308081F89C00AD
:10507000EEE770472DE9F04F9BB004467149724A44
:105080001020234638F06DFE704DE878C0B17048AE
:105090000078032807D1032C10D3601F022817D3F0
:1050A000032C08D01CE0062C1AD8DFE804F0248674
:1050B0007E04191111000020287011E001202870D1
:1050C000062C0DD8DFE804F01779710C0C040400ED
:1050D0005C49604A082038F044FE5D48032173E0D3
:1050E0005B480221604A0170564908201BB0BDE8A8
:1050F000F04F38F036BE95F9010013AC022122467C
:1051000021F048FF00283FD19DF84C009DF84D90BC
:105110009DF856109DF857209DF858309DF859601D
:105120009DF85A709DF85BC09DF84EA09DF84FB059
:105130009DF853E09DF8548012909DF85000119016
:105140009DF8510010909DF852000F909DF8550069
:1051500009910A920B930C960D97CDF838C08DE803
:10516000000E38493E4A0890119803901098049018
:105170000F98CDF81C80CDE9050E0820129B38F061
:10518000F0FD33480021017095F9010017AD0021B1
:105190002A4621F0FFFEC0B90020215C2A5C8A4229
:1051A00016D101301028F8D10FE026492A4A0820EC
:1051B00038F0D7FD2648012106E02249274A082079
:1051C00038F0CFFD2248002101701BB0BDE8F08F00
:1051D0009DF85C009DF85DE09DF85E809DF866108E
:1051E0009DF867209DF868409DF869509DF86A30E9
:1051F0009DF86B609DF85F909DF860A09DF861B090
:105200009DF863709DF864C012909DF86200119043
:105210009DF865000A9209910B940C95CDE90D3625
:10522000CDE900E80F4A089002A880E8000E119826
:1052300005A981E8811003490820129B38F091FDEF
:10524000B8E700BF81360000082B0000145401208D
:1052500053330120A01E0000FE1E0000881F000026
:10526000E217000068170000DD1A00002DE9F04F7A
:105270008DB04FF6FF744FF6FF78002900F0EC80F8
:105280000F4600219146B96135F0FEF9002800F083
:10529000E380056B06466DB1384600212CF028FBF3
:1052A000002800F0D980B06990F8380081070DD44B
:1052B000002122E05FEA49404FF0000800F1CC8075
:1052C000707B800658BFA4F16308C5E0686B05F1E8
:1052D00009011022407B8DF8300008AC20463AF0DE
:1052E000E9FF1120002109222346009038462DF0C5
:1052F00001FA0146B06990F8380042070ED595F8DA
:1053000072000822ADF820000220009008AB384659
:105310002DF0F0F90146B06990F8380000070BD580
:1053200095F878000122ADF820000220009008AB2B
:1053300038462DF0DFF901463868796168B179683F
:10534000142940F08980E98D0022027010224182E8
:10535000013005F11D013AF0ADFF356B06F11C0B74
:105360004FF00008CDF808900596019739F080FBC2
:10537000B96800F1880409F004000790F07C0690F9
:10538000F8680490081D0E68D0F800900391CA4593
:105390004F463046214638BF57463A463AF08AFFD4
:1053A0000798AAEB070A3C44B844C0B9B5F84000D6
:1053B0003844A5F84000284635F0A1FBDBF8000092
:1053C000C01BBAF1000FCBF8000018D1584634F0DA
:1053D000D9FA0698012833D10598056B0AE0BAF18D
:1053E000000F0CD10698012836D1002029463AF04A
:1053F000C1FF054625B339F03BFB00F18804B9EB4A
:1054000007093E44C3D10498013805D0039904909C
:1054100001F10C000831B6E70698012810D0059C70
:105420007DB10199886940F0010088610298C00748
:1054300018BFD044079878B9584634F0A3FA00E072
:10544000059C079840B94FEA0840012804DBA06991
:10545000406808B136F014FE0FFA88F00DB0BDE8D0
:10546000F08F70472DE9F04F8DB00746C089144684
:105470008946073086B2304627F062FD0546FF2890
:105480000AD13046FCF7B2F8B04205DA7048077826
:10549000002F08BF0527A3E06D4E3078C0B91CB1BE
:1054A000022C15D1FF2D13D1387A002203238DF859
:1054B0001C007868009206906648C188C07805AAEA
:1054C00009F0F2FF9DF824003874BDF82000B8817F
:1054D000DFF880B1002104239BF80340BBF806A04D
:1054E0000CAA204639F09CFA9DF830007E2805D1A0
:1054F00020467C212FF0C0FB9DF830007C286BD12A
:10550000FD8905F107081AFA88F0B0F5005F65D843
:10551000BB88C5F385120490F88849461FFA88F9BC
:105520004FEA850C8DF82DC042EA83128DF82A00CF
:10553000C0F301208DF82C209A088DF82B203A7AA0
:1055400005EB0A07B9F10D0F40EA82008DF829003A
:105550004AD23F482A460197CDF80CC000F1180600
:1055600030463AF0A7FEDDF8290071190022002725
:10557000029170519DF82D000871681D81B230466E
:1055800039F08AFFDDF8291032464B4671519621D9
:105590002F4D8DF82F10039939F069FD02998DF880
:1055A0002E000B98C1F80300204651462EF0AAFCAD
:1055B00004EB4401049A28700BEB81018A83BBF849
:1055C00006104144ABF8061050B1019881B2204654
:1055D00029F090F92F7803E0012700E005273770C4
:1055E00038460DB0BDE8F08F8946084629460022AE
:1055F00039F052FF0DF12901052236F0D1FE962136
:105600004A462B468DF82F109DF82D1039F02FFDAE
:1056100051468DF82E0020462EF074FC3070B9B241
:1056200020460DF1290207232EF06CFC317851EA57
:1056300000073770D4D104EB4400049900270BEB2A
:1056400080008183BBF806004044ABF80600C7E742
:10565000944A0120943901202DE9FF414FF6FE764E
:10566000002800F0EF800D46002900F0EB80044692
:1056700028460021F7F770F90136002800F0E28093
:10568000014620463AF034FC2846402121F0ACFF88
:10569000002840F0D7802878E978261D0296084334
:1056A00040F040002070A8786070687AA070287A76
:1056B000E070E878302800F0C380686940B9286954
:1056C00030B96868013003D1E869002800F0A6808D
:1056D0002A78002732B1296929B130463AF0EAFD2B
:1056E0002A7800E00022ADF80E70EF69B018029041
:1056F00067B30DF10E087A6BB9880323CDF80080EB
:1057000002AE304619F039FD3A78396B3046042341
:10571000CDF8008018F07AF9396A481C05D002A843
:105720000DF10E0306222DF0BEF8F969481C05D0D4
:1057300002A80DF10E0307222DF0B5F8FA88B96B17
:10574000CDF8008002A8082318F060F96A89696919
:105750000DF10E060B23009602A818F057F96968A0
:10576000481C05D002A80DF10E030C222DF09BF869
:10577000002F53D039693C2905D002A80DF10E0342
:105780000E222DF090F87A89396C009602A80F232A
:1057900018F03CF9E869C068013006D0F96802A841
:1057A0000DF10E0311222DF07EF83A89F96B009667
:1057B00002A8142318F02AF9E869816A013107D098
:1057C000B96A02A80DF10E0317222DF06CF8E869F2
:1057D000416A013107D0796A02A80DF10E031B223C
:1057E0002DF061F8E8694078800706D5B96902A80C
:1057F0000DF10E031C222DF056F8FA6A79880096F6
:1058000002A8232319F0B9FC7878C00706D079697B
:1058100002A80DF10E033C222DF045F8A88978B1BD
:10582000A86968B10298FF2101700298A969AA8944
:10583000013002903AF03EFDA88902990844029096
:105840000298061B30B204B0BDE8F0812DE9F04F9C
:105850008BB0DFF8A8916A4DD9F80C00A84200F08F
:10586000AF8034F0A7F9029067480026DFF894B1C2
:105870006E8000689BF80070416E03A88847032083
:10588000DFF88C81614C0696002F8DF81C000EBF4E
:105890004FF486042027C0F2001798F80000800714
:1058A00006D47D2000211DF0D9FD8DF81C60064630
:1058B000DFF860A10896DAF8141011B198F800002A
:1058C0008847DAF80C0008B1804709905249D9F8A6
:1058D0000C200020A8602962297B01F0F0012973C7
:1058E0004E498A420BD04E4A0B8A1268B2F8486081
:1058F0009E4204D1CB89B2F846209A4210D0404A49
:10590000012348800D4689F80330C1E90120087B56
:105910004A7B00F0F000087302F0F0000230487398
:105920009BF80000384E18B998F80000800611D591
:105930003C4890F9000000280CD43068C06B8047C8
:10594000297BA860039001F0F00102312973012145
:105950008DF8101032483168334B0E6D0068CDE978
:10596000004703AA2946B04705463048B5F1FF3F36
:1059700005802CDD99F805000021013089F805002B
:105980001F48C9F80C0099F80400013089F8040098
:10599000022024F0F9FB26492648CA8C0388C281DC
:1059A0004A8D44318281244A127843EAC21220F897
:1059B000032B082239F094F8029837F0DDFB14E04D
:1059C00099F8050000283FF44CAF002012E002983F
:1059D00037F0D2FBDAF8042012B100200021904702
:1059E000022041F2883124F0CFFB0020B5F1FF3FC7
:1059F000C8BF01200BB0BDE8F08F00BFF04F012001
:105A00003439012048480120583E012000004F8CC5
:105A1000C93E01202825000000C42264A43C0120C6
:105A200030530120CF3E0120A5740300B43E012075
:105A3000FC1500208C3D0120C43E01202DE9F04FD3
:105A40008BB0DFF8D8810021C8E90E11C8F8280012
:105A50000420082138F0B6FC04467148214626F09F
:105A6000BFFEB0F1FF3F40F3D28008A9204632F0DC
:105A70001DFD002803D4DDE90801C8E90E01204618
:105A80003AF0D2FAD8E90E01084300F0BD8065482B
:105A90004FF0000B00274FF00009D0F800A05FFA8C
:105AA00089F63F2E00F2B080DDE90801084300F0DE
:105AB000AB80BAF1000F0FD198F8080060B1B8F8C8
:105AC0001010002000221EF06BF8002804D498F873
:105AD0000800013888F808002FB1002039463AF054
:105AE00049FC054605E04F48BAF1000F056818BFAC
:105AF0005546002D00F0888001200021324636F006
:105B000029F9DDE9083202EA010403EA00073C430F
:105B100072D023EA0000D5F80CA0089022EA010018
:105B2000A98A0990504638F0CFFE3F4F04A801469D
:105B30001CCF1CC13A880A80BA788A700A21B6FB49
:105B4000F1F202EB8201A9EB410141F030018DF845
:105B50001D1042F030018DF81C10514626F040FE19
:105B6000B0F1FF3F42DDA98A504636F057F8B0F158
:105B7000FF3F3BDD38F01CFCEA68D2E9022303ACAE
:105B8000CDE9004B31F084F8B0F1FF3F02DC28464C
:105B90002AF0FEFB2E6900244FF0680A06F1660722
:105BA000E88A84422AD2384630F866194A041AD55F
:105BB00021F0F002C9043A8015D537F8061C4EF6DC
:105BC000602291420AD368213AF092F938884DF662
:105BD000F0510140384620F8021902E004FB0A6047
:105BE0006030A0F800B068370134D9E728462AF0C1
:105BF000CFFB0027AA4604E0AA4601E04FF0000AC6
:105C00002F4609F101094AE70BB0BDE8F08F2046A5
:105C10000BB0BDE8F04F3AF007BA00BFF84C0120D6
:105C200084310000BC53012050320000FEB5044610
:105C30003AF082F9002800F0D580606B002800F06F
:105C4000D180217A042940F0CD80217F042940F0C1
:105C5000C98094F8721019B990F8E80084F87200BD
:105C6000E06F411C06D16A480078002818BF6FF029
:105C70000100E067B0F1FF3F0BDC608BE38D94F82F
:105C8000732004F10901009004F11D0029F06CFF5C
:105C9000E06700250DF10A0220460121ADF80A5007
:105CA00035F0ECFB002800F0A2800446BDF90A00A4
:105CB000002800F1978094F875003025400758BF00
:105CC0002825B4F84060B4F842702046294615F003
:105CD00075F8002800F08A800446B0F84000401BA8
:105CE000A4F84000204634F00AFFE26F014694F821
:105CF00078006FF31F5242EA005000F1C04039F0C3
:105D000087FF0146B81B2844283880B239F07BFF52
:105D1000054694F872002146687011F81D0FFF289F
:105D200060D0A81C10223AF0C5FAD4F8800005F122
:105D30001206C1693046002908BF04F1090110228A
:105D40003AF0B8FA3349304637F02EFD002849D0F2
:105D50003078FF2802D1E87C000743D094F8750022
:105D6000400701D42E4624E03B2005F1220668843A
:105D70000020287094F87500400702D405F1240033
:105D800007E040F2052005F12601A884002039F043
:105D90003AFF811B11F0070104D007292BD1002104
:105DA00000F8011B801B4FF0FF3101EBD00085F89C
:105DB000230094F8730030702B20A0870020B4F8E3
:105DC0004210A4F87300B4F84000081AB0F5C56F8B
:105DD0000FDDB4F87600800404D4204601F04EFCB8
:105DE000054604E02046802138F02FFD0025284696
:105DF000FEBD2546FBE70122C1F10601027041709C
:105E0000023000220B06CDD002700139FAE700BF44
:105E1000DF540120913000002DE9FE4F1D4614464D
:105E20000F46814633F0C6FEDFF8C0A183464FF629
:105E3000FD78DAE90010494518BF084660B1B8306E
:105E400034F0C4FC40B19AF82400CAF8209040F025
:105E500004008AF824009FE035F030FA002868D06A
:105E600006466348CDF808B0DDE90CB83AF0F6F81C
:105E7000604908F0200EB1F8540001306FF31F3074
:105E8000A1F85400B5605C480025C6E90379226892
:105E9000D4F80C8086F83250C6E908550BEA000C9D
:105EA000207C72632279C6E906CEC6F8408086F867
:105EB000440086F83820B1F8541086F83350D4E9FD
:105EC00005533186A168C6E91253F163A18BA6F888
:105ED000501028B9B8F1000F1CBF012086F844000B
:105EE0004AB9387B00F00F00022804D1012086F85F
:105EF0003800B8687063DDF808B00822FF2353FA51
:105F000082F23C46D0B2851A18BF01257F680FB1D6
:105F1000002DF4D1208800F47C40B0F5305F0BD127
:105F200096F833000022082340F0100086F8330072
:105F300004E008F101082FE0002202234CEA0300EC
:105F40004EEA02012B4DC6E90601DAF82000484569
:105F500007D19AF82400C1071CBF00F0FE008AF8A0
:105F600024002648046854B1A96CEA6C05F140008D
:105F700005F1380300903046A047033013D1FD20CF
:105F80009AF82410CAF820904FFA80F841F00401E2
:105F90008AF8241038F074FD584637F0EDF80FFAFF
:105FA00088F0BDE8FE8FB6F83080B5F85410414552
:105FB00001D038F065FDC0B2012801D8FE20DFE72E
:105FC000002089F8FC0096F8330040F0800086F845
:105FD0003300A86BB04205D0F068007B00F00F00E2
:105FE0000228D9D122F098FFD6E700BF1C49012032
:105FF00098360120E4490120FFEFFF9F6453012000
:106000002DE9F84F074674489146CCB202684AB170
:106010005078114600F0FD00507028203AF0AAF99F
:106020000246F4E7DFF8B4A14FF00008002000902A
:1060300069484FF0000B05689DB3687880072AD443
:10604000FF2C02D0A879A04225D12946384611F864
:10605000302B2AF0DDFAF0B12E4616F8040F5AF86C
:10606000202042B13046012190470146B9F1000F8E
:1060700005D139B90FE0B9F1000F03D00121304645
:10608000C84740B1BBF1000F04D0284659462BF059
:1060900053FF00B1AB46282029463AF06BF905467C
:1060A000CAE7BBF1000F33D09BF80100C0072ED127
:1060B0005D464B4915F8040F51F820201AB13846B7
:1060C0002946904720B19BF9060039F047F830B9CE
:1060D0009BF8010040F002008BF80100A8E701885E
:1060E000090714D529783F4A515C81B10BF11001A1
:1060F00037F0E2FF58B99BF80100B8F1000F40F00B
:1061000006008BF8010008BFD84601208FE7D8466B
:106110000098BBF1000F18BF4FF0010BC00746D02D
:106120002D483C240668002E41D07078410717D5D1
:1061300000F0FB0041467070304632F015FC78B933
:10614000304641462BF0F8FE50B196F9060039F082
:1061500005F828B105460088000701D5B08C28B1A4
:10616000282031463AF006F90646DCE706F1100130
:10617000284613F06DF90028F2D001462846012286
:10618000002338F01EFA14480568002DE8D0284690
:10619000314632F0E9FB20B16878AC8400F0FB00B6
:1061A0006870282029463AF0E5F80546EDE7B8FA88
:1061B00088F0400950EA0B000AD1074C28214246DA
:1061C000204635F00BFB20462821424638F0F0FDF2
:1061D0004046BDE8F88F00BFB45301209C35012034
:1061E00040350120842D00002DE9F04F85B0044694
:1061F000406B0F46154604F10906314630F0F0FABF
:106200000146022F24D1002946D094F87500C0061B
:106210003FD5B4F84000204490F88E20002A4DD19C
:10622000883090F82A206D2A48D10A7D531C0B75BE
:1062300080F82D202C200122A4F8680094F8750025
:1062400000F0EF0084F875002046F8F7B1FE20E07A
:10625000F9B1B1F94460012E36DB01F14609B9F11B
:10626000000F23D0606BD0F8580158B9F0B2102855
:1062700008D104F11D01484637F01AF8102600280D
:1062800018BF0026012F2BD087B9042050FA86F0C2
:1062900000E0002028800DE001204C4910222880D9
:1062A00030463AF007F80020207703E020462AF035
:1062B0000DFD0446204605B0BDE8F08F204605B030
:1062C000BDE8F04F2AF002BD301D03283DD8DFE8BD
:1062D00000F002445749606B082600F1DE09BEE772
:1062E00006F10D0A20460AF0F807394614F066FD5B
:1062F0004FF0000B38B30446B0F84000C01BA4F8C0
:106300004000204634F0FBFB074694F873004FF042
:10631000FF315FFA86F83870B01C84F873B0F870FB
:106320006D20B8705FFA8AF0B8F1100F01EBD00061
:1063300078702AD0B8F1080F2AD0B8F1020F08BF40
:106340004FF0400B26E00024B4E7606B04310022DC
:1063500004F0B6FC8146102681E7606B082600F148
:10636000D6097CE7606B38F0ABFC4FF6FD718842D4
:1063700006D80DF10409494639F045FC022671E7BB
:10638000606B082600F58C7969E74FF0C00B01E0DF
:106390004FF0800B0026B81D4946424687F804B0EE
:1063A0007E7139F087FFB8F1020F06D02AF007009E
:1063B000012157FA80F020F8021C2E8094F8750015
:1063C00040F0180084F8750074E700BFF12F00005A
:1063D0002DE9FE4F04467648DFF8D8814FF0000BD8
:1063E0004FF480794568002D00F0E08095F8320187
:1063F000C00700F08C80B5F8060138B1A04292BF0A
:10640000A5F806B1001BA5F8060180E005F5847625
:1064100005F5897A22463046514621F09CFB00283A
:106420006BD095F8310100283FD095F832018107F3
:106430001FD541B2B1F1FF3F1BDC686905F1E809E6
:10644000EF680290484639F07BFD0146D5F82801F7
:10645000029B00F12A02384698470146484636F02A
:10646000FFFF494628464FF4807932F019FF95F82E
:10647000320138F0BDFD95F83101B0B1013885F831
:106480003101000639D198F80800A5F81691514657
:1064900002284FF0F00008BF0520A5F81401A5F868
:1064A0001201304635F019FE27E095F832018107D8
:1064B0000CD4E868296A884730B10146D5F828012C
:1064C000406A16F055FA18B1012702E0002702E0F1
:1064D000002795F8320141B2B1F1FF3FCFBFFD2057
:1064E00000F07F0085F83201FE2041B2284630F0EE
:1064F000FAFE17B128462BF01CFA3046514638F008
:106500007DFF20B928466FF0020130F0ECFE002735
:10651000FEB2042E18D2D5F828013146406A37F071
:1065200057FC78B137F044FF024698F8080003287A
:1065300008D1D5F828010B463146406ACDE9004B19
:1065400025F031F90137E3E7B5F8040140B3A04283
:1065500003D9001BA5F8040122E095F83201A5F843
:1065600004B138F045FDD5F82C01D0F80A10C5F873
:106570001211C189A5F8161105F589710089A5F8D0
:10658000060105F5847035F0A8FD95F8320140F05C
:10659000010085F83201D5F82C01007C85F8310125
:1065A0000020294639F0E6FE05461CE7BDE8FE8FCF
:1065B000BC520120644C01202DE9F0478AB0DFF87D
:1065C000A481D8F80000416E02A8884700200590F9
:1065D0006548806808B180470890DFF89091D9F845
:1065E0000400002841D122F09DFB88B322F09AFBE1
:1065F00001282DD022F096FB052829D022F092FB0D
:106600000C2825D022F08EFB0A2821D022F08AFB0C
:106610000D281DD022F086FB0B2819D022F082FB1A
:106620000E2815D022F07EFB172811D022F07AFB1D
:1066300019280DD022F076FB1A2809D022F072FB1F
:10664000122805D022F06EFB132818BF34F0A6FEE6
:10665000D8F8000018B934F0A1FED8F80000444C76
:10666000016A204688474348E06143480068016961
:1066700019B1424890F853008847DFF800A19AF812
:10668000530031F099F805469AF9420028F046FB8C
:10669000411C03D03A4940EAE0704883384C00225C
:1066A000D5E90001237B667B626062802A89677D71
:1066B00043F08003013A237306F0F003514307F0DF
:1066C000C006013300EB510063739AF8403003F0C9
:1066D0003F0333444FF47A76B0FBF6F063752084C1
:1066E00038F0D6FF48B9A8892649B6FBF0F0087003
:1066F000C0B22549B6FBF0F00870D9F80400F8B133
:106700000020002529F050FB99F800009AF853204A
:10671000D8F8001082420CD10E6D0221D9F8040085
:106720000023CDE9001502AA2146B0471A480460AB
:1067300011E0D9F804004968884714480121017024
:1067400013480F4A0A4B0168D8F800000468114842
:10675000A047C9F804009AF8530089F800000AB06D
:10676000BDE8F087583E0120282500002C53012069
:10677000343B012054F100807C3E0120FC150020B8
:1067800004390120CC3E0120D23E0120E7540120F3
:10679000843E0120580C0020FC4F01202DE9F84FC9
:1067A000834622F0BFFA0746DBE90001674A694DDC
:1067B00030261060664801602846302139F098FB89
:1067C0001A2F06D8F8B2012101FA00F062490842F6
:1067D00000D12826DBF808102846324639F06AFD39
:1067E0004FF400404EF28001DFF870C16884287BCE
:1067F000624640F080002873E88A084320F0400099
:10680000E882DBF80C0090E8FA00FAC29CF80C0071
:1068100040F080008CF80C00DFF844C1DBF80C007D
:10682000624690E8FA00FAC24E4D9CF80C00DBF884
:106830001010202240F080008CF80C00284639F01F
:1068400039FD0020A97BEA7C474E28821020E8739E
:10685000287B41F00801A973DBF8141000F07000E8
:106860008030287302F0700030228430E8743046A3
:1068700039F020FD3D48F17B1C22306240F2FC40A3
:10688000F08345F6100070833948C0893083882032
:10689000B073307B40F08000307301F00400DBF80F
:1068A00018106A30F073334E304639F003FD307BF8
:1068B000717B327CF37D4FF4FA5875602E4D4FF0AA
:1068C00003094FF4207AAD27C6F8188086F8169091
:1068D000A6F814A0777400F070008330307301F0D4
:1068E000F000DBF818100330707302F0E4001C2293
:1068F0001930307403F0F0000430F075284639F098
:10690000D9FCDBF81C001D492A7CEB7D6E6085F804
:106910001690A5F814A06F74C5F818800860287B3D
:10692000697B00F070008230287301F0F0000330C2
:10693000687302F0E4001930287403F0F0000430AA
:10694000E875BDE8F84F2BF097BB00BF843E0120EF
:10695000883E01200439012000440804A43C0120A1
:10696000BC3C0120143B01203439012000C42264C6
:1069700060520120C43B0120E03B0120803E012009
:106980002DE9F04F8DB00546D1F85C01002800F0EC
:10699000998095F87500DDF858A01C46174640F020
:1069A000020085F87500D1F8580120B108460E465E
:1069B00036F000FB31463A4612F8030F12F8023C5B
:1069C000DE00F0B13B79102497F805E0A4EB131C2E
:1069D00063F00F043444A4EB1E1494FBFCF424B2C3
:1069E00004F10109B5F8404081452C4404F18806C2
:1069F0000BD2901B042200230090284600F092FA4C
:106A0000ADE006F108002080A8E001382C461070A7
:106A100014F8092FFF2A55D05FFA80F803F00F020F
:106A20001B09B8F1000FA9EB0800CDE9063208BF39
:106A30001346421E02FB0C72059302F1080B1BB9B0
:106A40009BF80020FF2A3DD00130089106F118077D
:106A5000484545D8CDE9024A09A83946102239F0FF
:106A600029FCC8F1000A4FF001085E46CDF810B0CD
:106A700009EB0A0048452FD8DDE90610BAF1000FEE
:106A80003C460DF1240B08BF0146C1F110070BEB8A
:106A9000010031463A4639F00DFC0898594623F07A
:106AA00093F90028014618BF012141EA0801C907EE
:106AB00042D0B0FA80F03E440AF1010A27464FEA7C
:106AC0005018D5E7032001210AF070FD28460DB0CB
:106AD000BDE8F04F2AF0FAB80DF1080B9BE8100C56
:106AE00005985946C0F11002384437F02FF9204676
:106AF0003946102239F0DEFB284631F0A0FA089919
:106B00002246D1F85C0191F90D102EF095FD33F07D
:106B1000ADFC58B102462846214601F05DF828B187
:106B20000A21017001208AF8000017E000200122EC
:106B30000723009028460DE0092001210AF036FDC8
:106B4000B5F84010284600236A180499891A0422CF
:106B500088390091089900F0E5F9054628460DB0FE
:106B6000BDE8F08F70B500F178050446284639F08D
:106B700067FC082800F2C780DFE800F005C50CC5F7
:106B80001D2D355F8500616C2046884720462946CB
:106B900006227FE0284639F026F9002877D02046E3
:106BA00002211BF09FFB206F29460722C088A4F812
:106BB000820020466EE094F85001810767D4C10737
:106BC00040F0A2802669284639F023FBE26E014698
:106BD0002046B0475BE0A16C2046884761692046AB
:106BE000BDE87040084794F8C000012840F08B8051
:106BF00039F08EFA002800F18680284639F0FCF939
:106C000038F02EFA04F1C10039F000FBE16E2046A5
:106C10002CF01AFD002876D4D4E92802E168C4E9F2
:106C2000520294F8500140F0040084F850012046CC
:106C300088472046294602222CE094F8C000032809
:106C400046D001285FD139F063FA00285BD438F0D0
:106C500007FA04F1C10039F0D9FAE16E20462CF0B0
:106C6000F3FC00284FD4D4E92801C4E9520194F878
:106C70005001022140F0040038F075FF206FC088F9
:106C8000A4F882003FE0284637F0B8F830B120463B
:106C900029460522BDE8704029F012BA94F8C000D8
:106CA000032830D1204637F029FB00282BD420467A
:106CB00036F0B2FE002826D439F02AFA002822D471
:106CC00035F0A4FF20460421BDE870401BF00ABB4C
:106CD000204637F013FB002815D4204636F09CFEE2
:106CE000002810D439F014FA00280CD435F08EFFA7
:106CF00094F85001042140F0010038F034FF206F77
:106D00002946042252E770BD40F0020084F8500189
:106D1000D4E91B01CA6904F2011135F093F9E06E60
:106D200004F2311137F05FF84FF416702669A4F8B9
:106D30008200284639F06DFAE26E01462046B047DF
:106D4000204629460822A5E72DE9FF41DFF8BC814E
:106D5000002003900290D8F83840B4B3D8F84C0023
:106D600010B9D8F8480070B3D8F8480060B120696D
:106D7000D8F848100969814206D194F83300C0065A
:106D800002D5D8F84C0090B1002702A887F0010185
:106D900003AA1AF069F90546FFB9F5B1029900296D
:106DA00000F09D805A4836F047FA002714E0D8F8E2
:106DB0004800C06840880028F9D0D8F84800C0686A
:106DC00040880128F3D00127DFE75248022128300C
:106DD00034F0B1FF0027002500242CB34E4846684C
:106DE00016B30298B0FA80F04009284001281BD160
:106DF000D8F84800D8F84C10039A87F00103CDE981
:106E0000003208F1380208F14003B047012868D089
:106E1000022809D1D8F84800012201230069D8F8D6
:106E20004810B1F9301065E0002C204618BF012051
:106E30003840012851D1394821694068814203D046
:106E400034484FF4806145E00298002818BF0120C3
:106E50002840012806D1D8F8480018B9D8F84C00C5
:106E600000284DD0082035F01DFA94F833004C2549
:106E7000C00608F1380058BF482533F0EBFD48F84C
:106E80000500274BD4E90601C2439A60DA68104333
:106E9000D860C843186058680843214658600820E5
:106EA000E56834F02BFA284634F098F9288843F640
:106EB0000601411A022906D3B0F5C15F03D040F69E
:106EC0000201884203D10120294634F017FA114803
:106ED0004FF08041283034F02EFFBDE8FF810027BD
:106EE0007BE70398002818BF044601220023B4F969
:106EF000301020690092002208F072FBBDE8FF818B
:106F000008202DF021FFBDE8FF8100BFE4490120EA
:106F1000DC3601201C49012064530120B4480120C3
:106F2000081004402DE9F0470646B0F87600400707
:106F300000F1DD80994692460F4601B9776BB08F1C
:106F4000DDF82080000503D5032001210AF02EFB87
:106F5000B6F84000B6F842100C1AA1B2282909D39D
:106F6000351805F18C0038F0C7FFA4F1280189B26B
:106F7000884233D9354615F8090FFF2804D0B6F8F2
:106F8000760010F0300F09D0BAF1020F06D0BAF136
:106F9000040F08BFB9F1020F40F0A98006F11D04EB
:106FA00055491022204635F0C9FB002800F09F808B
:106FB0002078FF2800F09B803846294622F004FF05
:106FC000002841D006F11C01A5F1010C0A4692E807
:106FD000B9008CE8B900002008703AE005F188019A
:106FE0008A1D01F1280319460304C3D01278A2F1C7
:106FF0003303092B07D9A2F18B03022B0BD352B118
:107000002B2A08D0B6E7DFE803F0190505050605C9
:1070100005610506AEE782B2082AABD303224B789E
:1070200084B2934003F10802A242A3D813F00403F0
:107030007FF4A0AF801A8B180A46D4E782B2082AE0
:10704000FFF498AF0222EAE728462146102236F0E4
:107050007DFE304624F09CFE304638F06DFF00285F
:1070600045D0776BB7F8D000002840D001384FF4F6
:10707000C561A7F8D000304633F012F8B6F84010DA
:10708000B6F842200838521A8242C4BF0844A6F813
:1070900042000421304613F091FE002598B10446C9
:1070A00038F02BF80146404638F0B2FD84F87850AD
:1070B00084F8749084F873A0254697F8E80084F863
:1070C00072004420A0872846BDE8F08780B20428DB
:1070D000FFF450AF91F9000086F87300B0F1FF3F64
:1070E000497886F8741002DC77307FF443AF30467D
:1070F000BDE8F04729F0EABD913000002DE9F04FDE
:10710000B0F84050B0F8422000230B8000F1880313
:1071100003EB050B954205D29BF80050412D01D1A0
:107120000120CAE003EB020A4FF000094FF001080A
:1071300040F2551E4FF0100C0BF10205554500F2C0
:10714000BB809BF8002002F0E003602B40F0B4808D
:107150009BF9016002F01803002E48BF0BF10305F4
:10716000102B04D0082B04D023B9043502E00135DC
:1071700000E00335F7B202F00406920788EA9603AE
:1071800007F0300205EB030B08BF0BF1010B202ABF
:1071900006D0102A07D042B92CEA9702934404E0A3
:1071A0000BF1020B01E00BF1080B3A0707D407F0D3
:1071B0000302022A13D0012A14D0DAB90CE007F036
:1071C0000702042A00F27880DFE802F006030F12BB
:1071D00003000BF1060B0DE00BF1100B0AE00BF1B5
:1071E000020B07E00BF1080B04E00BF1040B01E0CC
:1071F0000BF1010B002E09F1280918BF0126F20737
:1072000058D0D34558D25F4617F8012B02F0F0034F
:10721000E02B24D102F0FE030025A3F1E0060E2EA0
:1072200030D808FA06F414EA0E0F33D012F0010633
:1072300008BF0BF10207574526D2E42B07BF09F11F
:10724000080907F1070B3A7802F109031FBF23F081
:10725000070399443A4402F1010B002524E002F0AF
:10726000F803F02B0DD1530702F0030209F10809CE
:1072700058BF0BF10307531E022B07D207F1030B74
:1072800010E00025BB460EE0032507E042B907F1F8
:10729000040B07E00E2EF5D101260225BB4603E0C4
:1072A00007F1010B00250026002DA8D0022D3FF488
:1072B00043AF01E0D34503D9002080B2BDE8F08F91
:1072C000A1F80090B0F840100844ABEB00008838FB
:1072D000F3E7704770B58AB06F4D0020039095F8C2
:1072E0006F00411E092906D86D4A00EB400102EBF0
:1072F00041010A3110E041B211F1770F07DC674A12
:1073000000EB400102EB4101A1F5407104E034F0D3
:1073100045F895F86F0000218DF8010095F891006F
:10732000604E10228DF80000A86E0190B5F86C0038
:10733000ADF8020095F86E008DF8080008788DF819
:107340000900D1F802006946CDF80A0041F20500B3
:10735000B04742F210702FF03BFC35F07BFA35F06D
:1073600095FA4F48082200F10801E220B04705F1E4
:107370006F01E8200122B04705F17001632001226E
:10738000B04705F18F01E7200122B047691CE020DA
:107390000122B04705F1900152200122B04705F1CA
:1073A000310141F201001122B04705F1160142F20C
:1073B00004000122B047A91C42F208000122B04794
:1073C000A87880B105AC38F05AFD0020112805D00E
:1073D0002918C978C94321540130F7E705A942F2B9
:1073E0000200112204E005F1140142F20C00022215
:1073F00031F0D6FC95F8910020B305F1300142F24E
:1074000005000122B04705F12C0142F201000422DF
:10741000B04705F1170142F209000122B047E87DAB
:1074200080B305AC38F02BFD0020112805D02918B9
:10743000097EC94321540130F7E705A942F2030050
:10744000112224E000200122049004AC42F2050045
:107450002146B04742F2010021460422B04742F2E1
:10746000090021460122B04742F20D0021460222C6
:10747000B04705AC38F003FD42F20300214611226B
:10748000B04706E005F12A0142F20D00022231F078
:1074900087FC0AB070BD00BF74440120744D012008
:1074A000804B0120A18D04002DE9FE43002800F04F
:1074B000C9801D4614460F46064633F097FA08B1B8
:1074C0000024C0E04FF49C7037F04AFC002800F024
:1074D000B9804FF000098046C660142180F83091D1
:1074E000C0F80491103038F003FD0220C8E94A5476
:1074F00088F8310198F8320100F0800088F83201F4
:1075000008F128002CF055FC08F1E80100200022C9
:1075100033F04AFBD8F82801406A38F05FFCD8F80D
:10752000280108F150053A46416A284633F0F6FC36
:10753000464CC8E94699207A00F0FE00022833D173
:107540002BF086FC0028C8F8080078D040490022BB
:10755000424BCDE900213F493F4A34F065FC002809
:107560006DD4D8F808003E4937F00DFE002866D1EA
:10757000D8F808003B493C4A37F07AFB00285ED136
:10758000D8F8080031461EF061FC002857D437496E
:10759000304620F0CBF8002851D4D8F808002EF05F
:1075A00001F9002802D54AE0C8F80890207A03289B
:1075B00017D1D8F8080033F079F800283FD4D8F86C
:1075C000080032F0A7FC002839D4D8F8080033F0BE
:1075D0007FF8002833D4D8F8080033F08BF800285F
:1075E0002DD4234E96F90000B0F1FF3F06DC214870
:1075F000012118F039FD0028307020D498F83201AC
:1076000000F0FB0088F83201D8F80C0037F0A8FC35
:1076100070B102216B22044638F028FE164821463C
:1076200025F0DEF8002803D4204629461BF0E4FCB0
:10763000301D00214246002437F0BAFB03E04046EB
:107640002CF0A6F9FF2460B2BDE8FE83644C012053
:1076500037D00400A11C030051D00400BD65030015
:10766000F1F30300B15A04001993040048330000F9
:10767000BC520120CD390400033500002DE9F04F44
:107680008DB0B0F84040814638F06FFD05460BA83C
:107690000C9000200B90D9F8340090F90D1009F1EE
:1076A00009000EF087FF0890C8B309EB040088308A
:1076B00000F128010790063090F800800C46B8F1E0
:1076C0002B0F02D0B8F1000F06D1607804EBC00098
:1076D00000F108012046EFE72C22B9F842100270B1
:1076E00007981022201A12FA80F2AA421DD90B9E86
:1076F0000BAD76B10020314638F03CFE07462846F7
:107700000021324634F06AF8304629F0DFFA3E466E
:10771000EFE74846A02137F098F8002002E04846FD
:1077200029F0D4FA0DB0BDE8F08F089B82B249442D
:107730000027CDF818900292091B9A6901F1880B75
:10774000A0F12001019101329A612A1A0830083A09
:10775000CDE9040290B203905FEA0B405DD003983C
:107760000A971FFA8BF7DA468742059888BF20F000
:10777000070A049800EB0A06B0B238F02BFADDF8DD
:1077800018900028B3D049460022054627F070F92A
:107790002846002135F0B0FDB5F84000CDF824B002
:1077A000DDF808B0811905EB00095A46A5F842102A
:1077B00009F188060799304638F07CFD019809F1F7
:1077C0008C01504480B238F01EFA06F80B805E44FB
:1077D00000201FFA8AF9DDF824B07070B7EB0900B9
:1077E00018BF01200A9FB11C384380B238F00BFA51
:1077F0000898311D806938F00BFA14FA87F106F108
:1078000008004A4638F056FD0BA800212A4636F0FB
:107810002BF85744ABEB0A0B9EE70698902137F004
:1078200014F80B9D0BAC002D3FF477AF00202946D8
:1078300038F0A0FD0646204600212A4633F0CEFF50
:10784000284621F025FE3546EDE770472DE9F04149
:107850008CB00446D0F858010D46D0F8CC1AF1B1DE
:10786000A94215D9491B0A22C0F8CC1AD4F85801EC
:10787000D0F8CC1AD0F84C0BB0F84400B0FBF2F0C2
:1078800081420CD2D4F85C01142134F045FB06E0AF
:107890000021C0F8CC1A2046052138F06DF8D4F844
:1078A0005801B0F8C41A61B1A94203D9491BA0F824
:1078B000C41A06E00021A0F8C41A204600212BF0CB
:1078C00059FFD4F8580190F8C61A002952D0B0F8E0
:1078D000C81AA94201D9491B4AE0A06B98B30DF11F
:1078E000100890E8CC000B204146CCC18DF8220056
:1078F00001208DF82F0037F0A3FF4FF40061ADF8A1
:107900002000424E00220123ADF82B10D4E946019D
:10791000CDF823007078CDF827108DF82D003C4865
:1079200008A9CDE90081002102902046FCF77AFEEB
:1079300048B14421818721F0ABFD7078B0F17F011F
:1079400018BF411C7170D4F8580190F8C61A01395B
:1079500080F8C61AD4F8580190F8C61A51B103211C
:10796000A0F8C81AD4F85801B0F8C81A11B9012102
:10797000A0F8C81AD4F85801D0F8BC1A61B1A942CD
:1079800003D9491BC0F8BC1A06E00021C0F8BC1A94
:10799000D4F85801A0F8C01A1C4EF08878B1A8425B
:1079A00001D9471B0AE0002000210122002725F011
:1079B00045FB01200021012225F040FBF78094F8CF
:1079C0003400092809D80A21DFE800F00E12051258
:1079D00012120B12120D0C2106E01A2808D10E21EA
:1079E00002E00D2100E00B21204601221BF082FB6A
:1079F000D4F85801D0F8D01A0131C0F8D01AA9B281
:107A000020461AF035FD0CB0BDE8F0816C50012025
:107A1000913000002DE9F04F87B00446D0F888007F
:107A200028B10020C4F8880007B0BDE8F08F69488D
:107A3000894604F1780604F1800700254FF0050A15
:107A4000E8468346D4F88010206F81B1002840F0CA
:107A5000B2803068884291BF3560421AA267E06EFA
:107A600084BF014438F028FC3846056002E0002855
:107A70003046FAD03068D8BB2046052117F06CF9A3
:107A800088BBE06F0528C0F09480206E01788DF8E7
:107A9000081001F0FC01142940F08B804278A368A3
:107AA0008DF80920934281788DF80A1040F081808A
:107AB000226892F8752091427BD8E16D0A68496886
:107AC000CDF814A0CDE90021B0F80310039048BA16
:107AD00009BA0AEB114100280690049169D02046AA
:107AE00017F03AF970B110F5CB4FABD000289BD10D
:107AF00020461DF091FA10F5CD4F18BF10F5CB4F71
:107B0000A0D045E0E16BE56729B34246F5F7E8FD13
:107B100018B110F5E34FE6D153E0069810B1C4F860
:107B200084500DE0E068032803D19DF80800172871
:107B30003FD1D4F88400411C0228C4F8841040DCF2
:107B40000720411C3AD0E16D0A5C01320A54D1B2DF
:107B500001389142F5D13068B0F5805F29D8216EA7
:107B60009DF808004A1D6067A266CA1C6266A1F102
:107B70000802E2650870DDE9051203980844110A5D
:107B8000A267E066606E0170606E06994170AFE7B3
:107B900000287FF449AF0020B9F1010F7FF444AF12
:107BA000616F16297FF440AF204635F0A9FD002013
:107BB0003AE7584638E70BF5C06035E70BF5D0607B
:107BC00032E72046022114222EF07AFD0BF18000CC
:107BD0002AE700BF008EFFFF2DE9F84F0446D0F8DA
:107BE000800008B1BDE8F88F242017460E4637F014
:107BF000CFF80546C4F880000020002DF2D0012106
:107C0000E86104F1090985F820104846616B1FF00E
:107C10008BF9D4F834A08346BAF1000F03D1BBF13D
:107C2000040FC0F0B180BAF1000F14BF9AF80D0034
:107C3000FF2041B248460EF0BDFC002800F0A480B1
:107C400080466EB167B105F10C00314638F05AFA42
:107C5000787BA870162028704FF0FF30A8804CE089
:107C600099F80000FF2805D094F84C00C00707D110
:107C700000220FE0BAF1000F27D00AF10D002DE02D
:107C8000BAF1000F00F08080DAF85C0121462DF097
:107C90006BFC0246BBF1030F94BF9AF80D00FF2066
:107CA00041B24846FEF7ACF900286DD00646011DEA
:107CB00028461C2238F0FEFA7078C0071DD005F166
:107CC0000C00494638F01EFA17E048464FF0FF31E5
:107CD0000022FEF795F9002856D006300078002ED5
:107CE0004946A87018BF314605F10C0038F00AFA71
:107CF0004FF0FF30A8800E20287095F9020032F076
:107D0000B5FB002840D0B0F8F01049070ED5B4F804
:107D1000761009050AD599F80010FF2906D1A17A35
:107D200001F00F01032924BF0F212970A97888F8D9
:107D3000101098F80010FF2906D0983005F10C01BA
:107D400011F086FBC8F81C00A878BAF1000F03D028
:107D50009AF80D10884205D040B232F087FB98B1F6
:107D600082466063207F60B950464946002202F097
:107D7000A7FF48B1014604F11D0038F0C3F9042003
:107D800020772846BDE8F88FD4F8800036F0F0FF61
:107D90000020C4F88000BDE8F88F70472DE9F04757
:107DA000002800F0D3800C46F1B1B0F84020B0F8C4
:107DB0004230934203D094F82D10490714D490F820
:107DC0007410FF2914D0D9B994F82C10604D695C57
:107DD0009D1AADB280F8741026683668B66BAE4254
:107DE00008D901F0FE0109E0BDE8F04728F06EBFB8
:107DF000102103E0934203D041F0080180F8741091
:107E000001F00202FF3901231826B1FA81F183EA59
:107E10005202490951EA020718BF1426314612F0EE
:107E2000CDFF002800F092800546B0F840006FF0CA
:107E3000170867F38208801BA5F84000284632F037
:107E40005EFE01462068DFF80C91008DC8470146B0
:107E50002068408DC8470146E068DFF8FCA0D047A5
:107E60000146206AD0470746B00007F8020B95F894
:107E7000740007F8010C204627F0D6F9D4E9080170
:107E8000081A394680B2C84701460020D04701464B
:107E900095F87400800706D540F2024021F8020BE5
:107EA000E08B37F0B0FE216805F10900102218318F
:107EB00038F000FA206804261022408D2E72688364
:107EC00005F11D002168083138F0F4F92068062119
:107ED000008D2E77E885284631F0E1FAB5F840109C
:107EE0002944983137F08FFEB5F84200B5F84010BC
:107EF0004044401A95F87410C1F34002C907104479
:107F000006D094F82D10013041F0040184F82D10B2
:107F100001040DD0E16811FA80F0E060208D08B90D
:107F2000E08D208594F82D0040F0010084F82D00AC
:107F300006202946A5F873007220A88720682FF034
:107F400048F92846BDE8F04721F0A2BABDE8F0871D
:107F50006033000007FC040011FC04002DE9FE4F13
:107F600083466948007818B100252846BDE8FE8F91
:107F7000BBF1000FF8D008780E46FF28F4D0DDE9F9
:107F80000C987F209A46174637F024FE05460020BD
:107F9000002DE9D085F8740048F2FF7005F18801E2
:107FA000A5F87200B5F8400001910144002037F0B7
:107FB0002FFE31461022044638F07CF9B8F1000F4C
:107FC0001AD040F221200021208298F80200E174AA
:107FD00004F11401A074002037F015FE0146B8F832
:107FE000000037F010FED8F80310D8F8072000F191
:107FF00008044260016000E0103405F10900BAF1A4
:10800000000F029004D03146102238F053F908E0F6
:108010003E490D2238F04EF9B6F80D00E882F07BAB
:1080200028760420B9F1000F28720AD002990020A6
:10803000C5F82900C5F82500C5F82100C5F81D00C0
:108040002DE0B8F1000F49D005F11D00394610228E
:1080500038F030F9BBF8980040060ED4DBF8B06178
:1080600005F11D00B8F1000F43462146009018BFEE
:10807000012358460122B04704440299B8F1000F89
:108080000DD0BBF89800000616D5B8F80000019E88
:10809000022834BF1E481F48C5F884000DE0B8F11F
:1080A000000F09D1BAF1000F06D0BBF89800C00547
:1080B00044BF1748C5F88400019E04205A4628771B
:1080C0002846FFF789FDA01BA5F84200284632F09C
:1080D00016FD4420C5F834B0A88746E72FB15846AE
:1080E000394634F025F90028AED105F11D01584676
:1080F000002217F023F9B0F1FF3FABDC2846BDE8C2
:10810000FE4F28F0E3BD00BFDC5401208C3200009C
:10811000D940030099BE03002DE9F04F89B0054610
:10812000002014461E468B465060032237F09EFC0A
:1081300022F0E2FD206050B10188D5F8580137F0F7
:10814000CAFE06460028606018BF0126B7E0002E70
:1081500000F0B48037F08AFC868A078B304636F010
:1081600098FB301AB84280F28E8037F07FFC818A0B
:10817000008B88420FBF0120D5F85801D0F84C0B76
:10818000B0F846000290504801684068CDE90410FC
:10819000D5F8680138F0F6F8039005F198000190E1
:1081A00037F064FCD0F800A000200746BAF1000FB9
:1081B00061D028205146564638F0DCF88246D5F882
:1081C0005801318837F087FED5F85811804630883D
:1081D000098E88423846E8D0317D3846BF29E4D838
:1081E00011F020003846E0D127B1F068FA688242E9
:1081F0003846DAD330690638EB283846D5D3C80676
:108200001ED4D8F810000399081A3049B0FBF1F8D1
:1082100002988045304638BF3846C6D3002FC4D0B8
:10822000D5F85801398837F056FE00690399081AC5
:108230002649B0FBF1F0404528BF3E463046B4E742
:1082400006F10209019849462BF0ACFF0028384698
:10825000ABD1D9F80000D9F80410CDE9060180F0BF
:1082600002008DF81800284604A92DF084FD00288E
:1082700038469AD1C5E737B1D5F86C013946D0F800
:10828000840031F0DDF9284659462AF04AFB206087
:10829000A0B10188D5F8580137F01DFE606030B1FB
:1082A00028460F21012201261AF024FF07E0D5F805
:1082B0006C012168D0F8840031F0C2F90026304604
:1082C00009B0BDE8F08F00BF14350000A0860100A2
:1082D0002DE9FF4788460446D0E903A60188D8F86F
:1082E000580100F6984035F0E1FD0546218898F9DF
:1082F0000D002EF005F80746207D4FF00009C0065E
:1083000006D52DB127B12069F12805D24FF000091B
:10831000484604B0BDE8F087594A2146A6EB0A0555
:1083200040F24D4651F8020FB54213685268029070
:10833000CDE900324A6880F002038DF808300392DC
:1083400029D308F198002BF02DFF0746D8F85801E3
:108350006946D0F84C0B828C40462CF021FC4FF043
:1083600000090FB90028D3D040F2BC7085424FF00D
:10837000000038BF01200742CAD140F27260854236
:1083800036D8002040F225214FF000092FF0D1FF10
:108390000528BDD22CE0B7F80510C1F382210229CF
:1083A000B4D8CDE90202694640468DF808302CF079
:1083B00045F90028AAD0404634F072FB0822022872
:1083C00038BF0422B7F80500C0F3822102FA01F099
:1083D00085420DD2012202FA01F18D4296D901386F
:1083E0004FF0000981B200202FF0A3FF01288FD8A1
:1083F000D8F85801D0F8449BB9F1000F39D00020CB
:1084000089F8070099F8060000F0F80089F80600DE
:108410001C48007850B198F834001A2819BF32204F
:1084200064214FF4FA704FF47A7102E001204FF4A6
:1084300061712FF07EFF0026A9F8040008214A464A
:10844000C9F80060D8F8580100F6443033F0C6F996
:10845000D8F8580108214A4600F63C3036F0A8FC0E
:1084600040F24C40854288BF0126C9F8004089F897
:108470000760B9F1000F18BF4FF0010948E700BFCE
:1084800014350000644C01202DE9FC4F83F00043BB
:1084900001E02DE9FC4F1F03FF0847EAD2574FEADE
:1084A00042284FEA43095FEA595906D147EA080AC8
:1084B0001CBF00210020BDE8FC8F57F000575FF47F
:1084C000E06E1EF1FF0EF14505D14FF00000190DD1
:1084D0000905BDE8FC8F002B05D55FF0000AD8F137
:1084E00000086AEB07070C03E40844EAD0544FEA9B
:1084F00040254FEA4106760D08D144EA050A19BF26
:108500000021002019461046BDE8FC8F44F00054BD
:10851000764504D10020090D0905BDE8FC8F00292E
:1085200004D55FF0000A6D426AEB0404B6EB090E55
:1085300008D5A2463C465746AA464546D046CEF107
:10854000000E4E46BEF1360F5CBF4FF0000B23E02D
:10855000BEF1000F04BF4FF0000B1AE0CEF1390A54
:10856000BAF120092EBF08FA09FB07FA0AFB4BEA09
:10857000080BDEF1200A07FA0AFA38BFBA4647FAB2
:108580000EF72DBF28FA0EF8AEF1200E4AFA0EF8BB
:10859000D04415EB08057C4154EA050A02BF0021CE
:1085A0000020BDE8FC8F002C58BF4FF0000A06D514
:1085B0005FF0010A5FF0000E6D426EEB0404A6F15D
:1085C00001066D006441FAD515F4806E11D005F4F2
:1085D00080794BEA090B15F5806554F1000428BF3A
:1085E000761C0BD205F400795BEA090B08BF25F471
:1085F000006525F4E0656D0044EB0404B61CDEBFA5
:1086000000210020BDE8FC8F5FF4E06E1EF1FF0E3C
:1086100076450AD34FF0000013F00043FF21C90054
:10862000C91D09051943BDE8FC8F270547EA153028
:10863000210B41EA065141EACA71BDE8FC8F70473F
:108640002DE9F04F85B0002800F0C1800E9C1F4638
:1086500090460E46834624B9DBF80C00002800F053
:10866000B680DBF8000008B11FF0EAFCB8F1000F9B
:1086700069D09BF918A09BF8195028208DF813A0F9
:1086800036F06EFB002800F09C8002950F9D28219B
:10869000814637F02DFC012089F81C7089F81D50A7
:1086A00089F81A40A9F8106089F81B00FF20002CF7
:1086B00089F8190059D0002F40F08080B8F1000FE0
:1086C0004A4A18BF00261120314623F0C6F8B0F1FF
:1086D000FF3F89F8190071DD85F00101444E012446
:1086E0000DF11203FD228DF8121029210094B047DC
:1086F000102002210322ADF8100099F91900009111
:1087000004AB2921B04799F919000DF10F03292174
:108710000A228DF80F400094B047BAF1010F08DB30
:1087200099F919000DF113032921FE220094F9F79C
:10873000E1FF029850B399F919009DF913200F2118
:1087400028F0E6FA22E02848C168002991D0088A7A
:10875000B04205D1887EA04202D1087FB8423BD00A
:10876000202037F007FE0146EFE71F48FF24C168CD
:1087700051B191F9192060B28242D8BF541E202015
:1087800037F0F8FD0146F3E789F819401648202133
:108790004A460C3035F068F81C20CBF8009036F0D3
:1087A000DFFADBF800100860DBF80000016861B157
:1087B000084659461C2237F07DFD12E0484636F047
:1087C000D7FA0020CBF8000001E01FF039FC4FF091
:1087D000FF3005B0BDE8F08FC87E0130C876CBF819
:1087E00000100020F5E700BF085101209138020079
:1087F000F526010070B50C460979667930462DF0F2
:1088000050FB002800F0A980A578072D47D801204B
:10881000A84010F08E0F42D0FF2E3BD05F2E00F20A
:108820009C80202E04D306F00F00062800F29580CD
:10883000002E00F09280A6F10900C0B20828C0F016
:108840008C80192E26D3A6F12200C0B205280FD3A2
:10885000A6F13300C0B204280AD3A6F14400C0B286
:10886000032805D3A6F15400C0B2022800F2758097
:10887000304618F0CFF9002800F06F8030462DF018
:1088800029FB002800F06980304623F041F80028D9
:1088900000F06380E07901280DD100205EE04149BD
:1088A000886EA061002091F86C20E071A27291F8AE
:1088B0006E10E17252E0691EFF2006294ED8DFE8F3
:1088C00001F004101A4D294D3000A079421E042AEF
:1088D00037D8002042F23E31DFE802F0512F464AFD
:1088E0004E00E0780138C1B2032936D22C4A41B299
:1088F00052F8211043E0E078411EC8B204282CD27F
:10890000264A49B2C00052F821104FF0031222FA51
:1089100000F034E0E078012822D002281DD10020A8
:108920001FE0A079421E042A0BD8002042F23E31FB
:10893000DFE802F025031A1E220001204FF40D513A
:108940001DE0FF2809D1E0780138C1B2032904D223
:1089500042F23E3202EB410111E0FF2040B270BD15
:10896000032042F2CB110AE0022042F2423106E03B
:10897000052042F2443102E0062042F24831A16172
:10898000E178A279A072284611F076FBE072000629
:108990004FF0000008BF4FF0FF30DFE72431000048
:1089A000E8320000744401202DE9F04F9BB00746E7
:1089B00064480891A0F5207A38780D2800F0BE8030
:1089C000786D002800F0BA80184601211E46144632
:1089D0002FF046FC5B49002801F1800A00F1AE80CF
:1089E00007F14C053046294619F0C5FDB0F1FF3FAF
:1089F00000F3A4800496069412A832F06FFE0FAC28
:108A0000DFF844912046C8470CA8C84709AE304655
:108A1000C84707F12800079000200B2800F082804B
:108A200001304FF00C090590B9F101097AD0DDE968
:108A30002623384621460BF023FA002873D12898C4
:108A40000DF14808079B2246B346414600902998FD
:108A50000190002002903846EDF75EFC002862D1BC
:108A6000089E41462A46304622F0FEF900285AD197
:108A7000304600212FF0F4FB00285E46D4D00DF1E3
:108A80003009DDE924233846494623F0D9F9002886
:108A900049D1DDE92823384631460BF0F1F90028A9
:108AA00041D1DDF818800899049A40460DF062FE25
:108AB000C8BB48464946424625F002FA98BB48469C
:108AC00049465A465E460DF055FE60BB204621469B
:108AD00032460DF04FFE30BB204621462A4622F09A
:108AE000C3F900BBDDF8188021462A464046F8F756
:108AF00051F8C0B9404641464A460DF03BFE90B998
:108B0000404641462A4622F0AFF960B9404600216E
:108B10004FF0000A2FF0A4FB002805985E463FF4B2
:108B20007CAF01E00748824612A831F00FFC074CE9
:108B30000FA8A0470CA8A04709A8A04750461BB003
:108B4000BDE8F08F00B3FFFF2DF70400FF9604008F
:108B50002DE9F04F89B004460878FF281FD14878E6
:108B60000D4600F00F00032819D31F46924608D186
:108B7000B4F8F000000704D55B49284634F098FBB0
:108B800068B15A48017829B90121017058490F206C
:108B900036F05AFD2046294629F0CEFA20B10026AB
:108BA000304609B0BDE8F08F17F5807F4FF000091F
:108BB00004BF04F15E0AB4F84E70002638B20028F3
:108BC000C8BF5FFA87F909F1480036F0C9F80028F4
:108BD000E6D08046DDF848B004302946102237F050
:108BE00069FBC8F8004037F0DBF888F8140008F19A
:108BF0001C0088F8156037F0CBF9BBF1FF3F139AE2
:108C00001499D8BF94F84CB0BBF1000F18BF4FF0C7
:108C1000010B88F816B00AB9B4F85C201598A8F8CA
:108C2000182008F12E0219B18B889380096803E09F
:108C3000B4F854109180216D116008F1340118B11D
:108C400082888A80006804E0B4F85A008880D4F8EA
:108C5000560008F124060860304633F03EFA3046EC
:108C600037F0F2FA08F1460051464A46A8F8447037
:108C700037F020FB1F483C214246043036F098F87C
:108C80002046294621F0DFFD98F8390080B105AE75
:108C900029461022304637F00DFB9DF8150031466D
:108CA00000F0F00002308DF81500204621F0CBFDD9
:108CB00020462FF0FDFF012813D100204FF0FF3197
:108CC00000226FF0FF03CDE900100749CDE9020053
:108CD0002046FFF73DFFB4F8F00040F00400A4F890
:108CE000F00046465CE700BFF12F0000B93E0120CE
:108CF000E9610100D45201202DE9FC470446808F30
:108D00004FF0000900F0F000B0280ED1B4F8405048
:108D1000B4F846002844A4F84000204631F0EFFEA5
:108D20006019A4F8469000F18809B4F84000B4F83E
:108D30004210A1EB000A1FFA8AF7072F17D926184D
:108D4000554D06F188084046A847E08506F18A009F
:108D5000A847608306F18C00A847064620461AF013
:108D6000F1FC90B30446082E01D3BE4204D920463C
:108D7000BDE8FC4727F0AABFB4F8400081192044A1
:108D80008E30A4F8421037F0B7F820B120461121F8
:108D900030F085FB40B10520012108F007FC20469A
:108DA00027F094FF044680B104F18806A8EB06087A
:108DB00008F10800A4F84000608B072809D058B9D2
:108DC0000320012108F0F2FBD1E700242046BDE892
:108DD000FC87E08D07281AD1B9F1000F0FD0A06BE6
:108DE00068B904F1080104F11C021120012315F0F7
:108DF0001BF90146204634F07FFAA06BD0B340F651
:108E00003F00A08741F20110A4F87300DEE7254679
:108E100015F8090FFF2806D004F11D01284610227D
:108E200034F094FF13E0606B2946002201F048FF04
:108E300000289CD004F11D0706462846102239461A
:108E400037F038FA38463146102237F033FA00202E
:108E5000402184F87210332184F8780084F84A00A5
:108E6000E08DA18707216083E1852046BDE8FC47AE
:108E700022F08EBFA9EB0600002101220423A4F8F2
:108E800040000AEB0800A4F84200002000902046B1
:108E9000FEF748F8BDE8FC87F9FE04002DE9F04F25
:108EA0009DB083460620DFF874A1894628228DF8FC
:108EB000130059485146D0F8008005AE304637F0CF
:108EC000F9F906F128000AF13E010C22039037F06F
:108ED000F1F906F134010AF14C00B8F1000F0191EB
:108EE00090E83C000AF1B0003CC106F14401029157
:108EF00090E8BC00BCC1DAE92401CDE91B010BD12B
:108F0000602035F02DFF44490028086000F0818082
:108F100005A9602237F0CEF9642006F15804B9FBA8
:108F2000F0F0B9F1640F38BF0120C6B230462BF023
:108F30009DFC012803D105A800F090FC44E03046D8
:108F40002BF094FC02283FD030462BF08FFC0328F6
:108F50003AD001208DF8400031480F9031480E90F2
:108F60000020ADF84C000A208DF84A0040F2124073
:108F7000ADF848002C48119002208DF85E002B4877
:108F8000CDF85A002A48149040F2EE20ADF858006F
:108F90004FF49660ADF8680004208DF86A004FF039
:108FA0001670199023481B9023481C9023488188F1
:108FB000ADF84210C188807A15916FF00101002848
:108FC00008BF8021ADF84E100DF1130605AA5846D2
:108FD00000210027334619F051FE039A584600211C
:108FE000334615F059F9019A002133462AF03AFC2C
:108FF000029A58460021334623F0EAFA0AF190011A
:1090000058462246334611F0BFFD78B21DB0BDE888
:10901000F08FFF27F9E700BF84540120A41200203D
:10902000F0008007050002000802EE023C00F0009C
:10903000805101000A0050000802A005644C012084
:109040002DE9F04798B000F178050446284637F03E
:10905000F7F9082800F2C280DFE800F00D14C0C064
:10906000435405C0050020462946042218B0BDE837
:10907000F04727F025B820462946012227F020F89E
:10908000616C43E0A668284637F0C3F801462046E5
:10909000B047D4F86C80404635F0F2FE15274FF00B
:1090A000000968B10646CDF8009014A920460022B8
:1090B00000231EF01BFDB0F1FF3FC4BFB1462B27BC
:1090C000404635F0EDFE30B3064610A9204600229A
:1090D0004FF0000A28F0EBFB00281ED41637B246EA
:1090E0001BE02669284637F094F801462046002206
:1090F000B04720462946052226F0E2FF0120A4F8C9
:1091000082006BE0A16C204688476169204618B058
:10911000BDE8F04708474FF0000A384635F038FE02
:10912000002856D00646B9F1000F074604D014A90E
:10913000304632F0C3F90746BAF1000F04D010A947
:10914000384632F0CBF90746D8F868002FF0A0FE79
:109150000146384634F0C4FF012134F0D5FF002128
:109160004FF0000934F0C6FF801B324681B202A8DE
:109170002EF07AFF804694F87400404435F008FEE3
:1091800020B30746BDF81400CDE90899ADF8189052
:1091900040F4007020F01800ADF8140094F874004A
:1091A00002A938440AF074FA94F87400E369394665
:1091B000404482B2204698470746304635F0D8FDF5
:1091C000002F06D420462946062205E0304635F019
:1091D000CFFD20462946042226F072FF18B0BDE8D4
:1091E000F08770472DE9F04706680446307B022877
:1091F00012D196F823006568D6E904A791468846FF
:1092000080B1B16858482EF0F3F840B100206FF0FB
:10921000010786F8250055E06FF0060752E00120AF
:1092200086F82600002052492246F0614F48C6F8D1
:10923000008086F8219033F0ABFF2978272035F0A5
:10924000CFFB5046394606220EF022FD58B196F863
:10925000260098B344482FF01FFA002086F8260015
:1092600086F825002AE0434D434FD5F8800320F0CF
:109270000200C5F8800396F82000042804D157F8AE
:109280004C0C4169272088470220C5F8FC02386849
:10929000416806208847C0B14020286080202860AF
:1092A00096F8260038B130482FF0F6F9002086F8FD
:1092B000260086F825000020C5F8FC024FF0FF309C
:1092C000F061F7693846BDE8F0870220BA462CF015
:1092D00027FF0027B9F1020F0AD0B9F1040F4FF0B0
:1092E000000006D0B9F1060018BF0120800000E0A0
:1092F0000020C5F84C010123D8F80C10D8E9010270
:10930000C5F85011C5F8547186F82430DAF80030E9
:109310001D690B46A847256895F8200002281BD038
:109320000428CFD1DAF80000816915488847B0F1E8
:10933000FF3FDCBF4FF0FF30E8610020EF6985F8A8
:10934000240095F821100339022928BF85F825004B
:1093500020462AF04BFDB5E708484FF0FF312EF0CC
:1093600047F8EF69AEE700BFF83501208C3B0120DC
:109370005D6B030004440240FC01001048360120EC
:10938000010000802DE9FE4F064600689046644CBF
:109390000A1A012A07DB0278172A06D0182A5DD19B
:1093A0000427002503E0023458E00227012501309C
:1093B000306002AA304615F037FC10B1A0F5105409
:1093C0004CE0DDF8089004F1620B07F1080A5C46F6
:1093D000D14543D33046394642462AF08DFB0446F8
:1093E000E0BB45B1D8F800003228B8BF643000F2C5
:1093F0006C70C8F8000008F10407304602213A46B4
:109400002AF07AFB044648BB08F1080530460221E1
:109410002A462AF071FB044600BB08F10C023046D4
:10942000022101922AF068FB0446B8B908F1100243
:109430003046022100922AF05FFB044670B9A9EB86
:109440000A095C46B9F1020F08D308F1140A304644
:10945000022152462AF050FB044610B12046BDE8D6
:10946000FE8FB9F1020F0AD0B9F1030F5C46F5D1B6
:1094700030685C4601785A29F0D101303060D8F864
:10948000000000282FD442F20F715C468842E5D8D4
:1094900001990968002926D417295C46DED800996D
:1094A000096800291FD43B295C46D7D8DAF8001098
:1094B000002918D43B295C46D0D839680C2912D829
:1094C000012241F2AA538A401A4201D01F2003E030
:1094D00012F4256F09D01E202968012903DB81427F
:1094E00098BF4FF0000B5C46B8E702295C46B5D147
:1094F00081B280070AD04FF4C870B1FBF0F202FBD2
:1095000010111C20002908BF1D20E5E76420B1FBD5
:10951000F0F202FB10100028EDD01D20DCE700BFA8
:109520009EDBFFFF2DE9F04F89B089468046012A76
:1095300007D8D9F80010404609B0BDE8F04F19F03F
:109540001DBA10460C21144636F0D8F840B38246B6
:10955000074625462DB1384636F0E8F80C37013D70
:10956000F8E7554D06A8A84703A8A8476846A847A6
:10957000D9F8000000F11801504620F0F5FEE8B9D6
:1095800009F10406671E524667B101CE02F10C05CF
:10959000294636F0F7FA013F2A460028F4D00DE0BC
:1095A00044481FE004EB440008F104020AEB800584
:1095B00006A8A5F10C01F7F7EDFAB0B13F4D06464C
:1095C00006A8A84703A8A8476846A84755462CB14F
:1095D000284630F094F80C35013CF8E7504636F058
:1095E00099F8304609B0BDE8F08FA5F11806A9F149
:1095F00004050DF10C0906AFA346BBF1010F04D120
:109600004846394620F0B0FE0DE0404649463A460D
:10961000334632F083F80028D0D155F82B00394674
:109620003A4636F0AFFA0028C8D16F464A4640465F
:109630004B46394632F072F80028BFD155F82B104E
:1096400040463B4636F02EFD0028B7D155F82B009A
:109650003B4600F10C01404636F024FD0028ADD118
:1096600055F82B004B4600F10C01404636F01AFD30
:109670000028A3D155F82B00D8F808101CF06EFD77
:1096800000289BD155F82B00D8F808100C301CF09E
:1096900065FD002892D155F82B00183030F02FF8D6
:1096A000BBF1010BA6F10C064FF0000006AFA4D1F0
:1096B00084E700BF80B2FFFF2DF70400FF9604008F
:1096C0002DE9F04F8DB0DDF85C9003900020DDF8BF
:1096D00058A0604F1D460E46C9F8000018980AF1C0
:1096E000080829B315F0070418BFC4F108042919A4
:1096F0000831814200F2AA80002D00F0A780564870
:1097000011462A468AF80750CAF80000280A8AF843
:109710000600280C8AF80500280E8AF80400404646
:1097200036F0C8FD08EB0500214636F0E1FB17E0F6
:1097300005F10801814200F28980102DC0F0868079
:1097400015F0070040F082804FF0A63011462A46FF
:10975000CAF80400CAF80000404636F0ADFD002407
:109760006019012101EBD00B012E15D1082D13D862
:1097700004AC51461022204636F09CFD0CA8214630
:10978000102253460090039800F060FC0746002822
:109790004FD14FEACB0045E010284AD3C00801253D
:1097A0000026C14600EB4000440058460AEBCB0BB4
:1097B0000290C0000190601B4FF00000B0412ED31A
:1097C000DAF80000DAF804101022CDE90401D9F823
:1097D0000000D9F80410CDE906010CA80090039808
:1097E00004A908AB00F032FC00BBDDE908012A4601
:1097F0003346CAF800005046CAF804102EF09CFF09
:10980000DDE90A01C9F80410C9F8000009F10809E6
:10981000D94528BFC146013546F10006CBE7DDF842
:109820005C900198C9F80000002707E0DDF808B057
:1098300007464FEACB01504636F05AFB04A81021E8
:1098400034F0D0FC08A8102134F0CCFC38460DB020
:10985000BDE8F08F009FFFFFA65959A610B55549E6
:109860004A78012A2CD0022A5AD10122534B80F87F
:109870002C20584AC0E909324FF400025A4B826347
:109880000A2280F8362040F212328286524A02635F
:10989000022280F84A20514AC0F84620504AC2634A
:1098A00040F2EE22A0F844204FF49662A0F8542033
:1098B000032280F856204FF016720265494A28E0CC
:1098C00001223E4B80F82C203B4AC0E909324FF47C
:1098D00000023C4B82630A2280F8362040F21132AB
:1098E000C0F846304AF6C0038286354AC3634FF457
:1098F000A573A0F844304FF4347302630222A0F839
:109900005430334B80F84A2080F856202E4A0265A6
:109910002E4A82658A88C365C285CA88026433E09C
:10992000264C4FF00C13012280F82C2080F85D208B
:10993000C0E909434FF40003224C8363002380F8FD
:10994000363040F20E23C0F846404FF4E15483868F
:109950001B4BC4634FF4A574A0F844407824036300
:109960000223A0F85440A0F85E4080F84A3080F806
:109970005630082380F85C301C4B03651C4B836514
:109980008B88C385CB8803640A7A022A05D10A2210
:10999000A0F854204FF0051202658A7A12B14FF6F2
:1099A000FE724287897819B1124A0021C0E9161265
:1099B00010BD00BF644C01203C00C0030500020044
:1099C00004014A011E005A007800680101002000CD
:1099D00008018001780000060802EE023C00F00059
:1099E00080510100050028000802D00278001E0006
:1099F00001000A0001010A002DE9F8430446D0F8ED
:109A00005801894609F10F0890F80F1CA9F8421077
:109A1000D4F8580190F80B2C012A09D140462DF0BA
:109A20001FF9B9F8421009F120002DF019F90EE0E4
:109A300034F049FD404600950BF072FFD4F8580110
:109A400034F041FD09F1200000950BF069FFD4F8D6
:109A500058014146112200F6714036F02BFCD4F833
:109A6000585105F6044090B305F6824795F80F6CFF
:109A70001121384636F03CFA00204FF0010CC2B2FA
:109A8000B2420FD200F007020CFA02F3C0F3C40294
:109A9000A91891F8711C0B4204D1B95C013019432B
:109AA000B954ECE7F01D012120F007000138C3B2E2
:109AB00000F0070205EBD30601FA02F296F8716C8A
:109AC000324204D1DB08FE5C3243FA54EEE709F17E
:109AD00020010020D4F85821112809D0D2F84C2BAD
:109AE0000B5C024492F86A201A400A540130F1E7F4
:109AF00092F80F3C02F5426042460DF01AFAD4F893
:109B0000580190F80C1C29B990F8201C01F0FC01B8
:109B100080F8201C94F82C0003282FD1D4F8580189
:109B200009F1310790F80B1C012905D1B9F8421051
:109B300038462DF095F805E034F0C5FC3846009520
:109B40000BF0EEFE0020D4F85811112809D0D1F8FE
:109B50004C1B3A5C014491F87B10114039540130A0
:109B6000F1E791F80F3C01F64840394642460DF0C6
:109B7000E0F9D4F8580190F80D1C09B1BDE8F8835C
:109B800090F8481C01F0FC0180F8481CBDE8F883FF
:109B90002DE9F8430D46044636F0C2FBC02802D139
:109BA0000020BDE8F883452C35D0204631F0E6FC96
:109BB000FF2830D0DFF86481064608EB800081780A
:109BC000C07851EA000229D118F82600DFF8509138
:109BD00008EB860609EB00072FF0ECFF7278804651
:109BE0003846294634F07CFF404633F0C5FAA4F1EC
:109BF000E000082829D9F52C00F07180522C00F0E3
:109C00007C80532C00F08080502C2AD1B9F826009B
:109C100035F050FDC4E7F420BDE8F883814204BF6D
:109C2000FB20BDE8F883E82C1FD0602C26D0632CE5
:109C30002DD0E02C30D0582C36D128888F2839D31D
:109C400047F601518842BFD934E0DFE800F005361D
:109C5000400A0A0A0A0A450099F9420034F034F829
:109C60009EE7204623F03AFB9AE72D49287891F8A1
:109C700053108142A8D10AF071FC91E728880A2884
:109C800018D30021B1EB903F3FF49EAF12E028784B
:109C9000234981F8400097E795F9000025F03EF848
:109CA00001307FF491AF05E02A788A4202D38242E4
:109CB0007FF68AAFE820BDE8F88399F843002AF0E0
:109CC000FDFA00287FF46CAF1A20BDE8F88309F193
:109CD000440034F0DDFF63E70AF040FC0AE02DF0B9
:109CE00081FD99F8810009F03AF899F8810000287F
:109CF0003FF456AF20F034FE52E799F8290040B106
:109D0000022031F04BFC4BE7B9F82A0035F0D8FCC3
:109D100046E7022029F014F942E700BF04110000D1
:109D2000FC150020B0B560480021604C016094F83B
:109D30003A01032812D002282ED0012840F0AF802B
:109D400094F840011AF0B0FE002084F84001594810
:109D5000817B0220002908BF06209EE0544801684C
:109D6000B1F5C060C4F82C01B8BFC1F5C060D4F82B
:109D70001011002900D5494288422ADDD4F8140187
:109D80002FF0A8FFD4F818012FF0B6FFD4F828015F
:109D90002FF0D6FF01201DE04548056834F0C0FED5
:109DA000C4F8140134F0C4FEC4F8180134F0C8FE3D
:109DB000B5F5C061C4F82801C4F8101109D094F8B1
:109DC00030215AB1D4F81401D4F82021D4F82C1140
:109DD0000AE0002084F8300106205EE0C4F8240187
:109DE000D4E94502C4F82C110223C4F81C0100294F
:109DF00001EB410148BF6FF001031944042391FBBB
:109E0000F3F111440029C4F820110FDD1F2931D3CB
:109E1000D4F824212AB33E28A8BF3E2001302929A6
:109E2000A8BF2921C4F81C010B3909E0D4F824216A
:109E3000032A09D111F1140FD8BF6FF013011531A6
:109E4000C4F82011002113E00128D8BF01200138F7
:109E500011F10A0FD8BF6FF00901C4F81C010B31D2
:109E600003E03329A8BF33211539C4F82011032199
:109E7000C4F824112FF02EFF01202FF04FFFD4F84B
:109E800020012FF039FFD4F824012FF059FFA5F25B
:109E9000FF510420032938BF0620C4F83C01BDE867
:109EA000B04008F02DBB00BF3C500C4038410120B1
:109EB00008400C40642E00002DE9FE430446B0F833
:109EC000760040072FD4D1F89C6117460D466EB13D
:109ED00000200DF10B0321463A468DF80B00284671
:109EE000B047044660B39DF80B0048BBB5F8F000DE
:109EF00040061FD504F109065249304633F054FCA0
:109F0000C0B104F11D095049484633F04DFC88B1F9
:109F100094F87200012816D80020294603220090E8
:109F2000204600238AE035F0A6FF2046BDE8FE4328
:109F300026F0CCBE35F09FFF204626F0C7FE044633
:109F40002046BDE8FE83204639462DF0EBFA94F812
:109F50004C0094F8721040F0020084F84C00481E47
:109F6000B4F8401084F87200214481F88F00204634
:109F700035F0E2FF20B3804694F87500676B8007E8
:109F80000BD0D5F85C01D7F85C11814250D198F81C
:109F9000000035F037FC00284AD0687B797B81428D
:109FA0001DD1B4F84000B4F84210081AB8F80410F3
:109FB00088420DDD656329460222B8F80400AEE749
:109FC0000420012107F0F2FA204615F073FB10B1CE
:109FD000BB20A087B4E70020294601229FE748461E
:109FE00029461CF0A1FF29183844C97BC07B884250
:109FF0000BD1484639461CF097FF03280BD80020A8
:10A00000656329460122052316E000206563294681
:10A010000122022310E0304639461CF085FF042857
:10A0200005D3304629461CF07FFF0328B9D8656365
:10A03000002029460122012300902046FCF772FFF0
:10A040007DE700BF51300000913000002DE9FE4F48
:10A050008A46016807466148002900F0BD800C9DD2
:10A0600000211646A0F5207229603968D9B14C69E3
:10A07000CCB14A789846062A18D0012A20D1B44299
:10A080001CBFA0F5C070BDE8FE8F2E6043463A6845
:10A0900097F90810F86B9269D2F804C0524603B0E1
:10A0A000BDE8F04F60471046BDE8FE8F2E60314698
:10A0B00052464346F86B03B0BDE8F04F0BF075BE57
:10A0C0000B78492B09D12E60314652464346F86B36
:10A0D00003B0BDE8F04F1AF0F1BEC24517D0072A11
:10A0E0001FD0022A28D1387A012828D058BB786A94
:10A0F000FA68211A2AB3B14225D338445146324670
:10A10000143036F0D7F8786A3044786263E07B6ABE
:10A11000002B61D1B6FBF4F303FB1463002B5BD17E
:10A12000DDE78969F86B52464346CC683146A04763
:10A13000002851D12E604EE08030BDE8FE8F786A55
:10A14000211AB142D9D8786AD0B1A4EB000907F13D
:10A15000140B514658444A4636F0ACF834F070FCC3
:10A16000D2F808C02246CDE900B8E047A0BB286875
:10A17000A6EB0906CA44A044204428600020786267
:10A180004EB3B6FBF4F000FB1469B9F1000F09D12E
:10A19000387A10B14FF0000904E0F868002808BFD1
:10A1A0000446A146A6EB090407F114004A460AEB4F
:10A1B000040136F07FF8786A484478624E450AD048
:10A1C00034F03EFC96682246CDE900A8B04718B9A5
:10A1D0002868204428600020BDE8FE8F009FFFFF14
:10A1E000F0B5A1B00546D1F85C01002800F0BE80B2
:10A1F0000C4691F82011012940F0B880042D00F29E
:10A20000B180DFE805F00361AF7074000121618661
:10A21000002135F0EBFA002841D001A936F0C8F84A
:10A22000E8B394F90D0001A92FF04CF9504F387A9A
:10A2300000F0FE0002281CD101AE204642F60D01BE
:10A2400042F60D03324611F031FD387A032810D161
:10A25000D4F85801B0F8542BB0F8001BD0F84C0BD0
:10A26000431C204613F021FC06F10801204631F082
:10A27000C5FC94F82C0003280ED0D4F86C01D0F85B
:10A28000840032F093FD38B1D4F85811821C204676
:10A29000B1F8001B30F0DBFE204632F08BFED4F824
:10A2A000580190F8020B410701D5C00602D42046A0
:10A2B00019F0FAFB204630F02DFB4FF6FF77E8B19E
:10A2C00036F072F806461BE02046002120F00EFF13
:10A2D00094F834001A2845D120462BF0E5FA2046A0
:10A2E0002BF04AFB3EE0204635F0B1FF3AE094F80F
:10A2F0003400232804BF5020608637E04FF6FF76F5
:10A30000204630F007FB28B311A936F051F8BDF80C
:10A310008010002808BF3946BE421BD088B2B84220
:10A3200018D0311A91FBF0F6D4F85801D0F8A40CEB
:10A33000F1B232F07CFD4FF0FF30002150FA86F090
:10A34000B0FA80F040094200D4F85801D0F8A40CCB
:10A3500030F056F82046062135F052FE2046042102
:10A3600030F05AFAD4F8580180F82E5021B0F0BDE0
:10A37000644C01202DE9F047DFF85081824601202E
:10A3800089460021534E1C46154688F80000504867
:10A390000170306808B931F001F84F48076837B1EB
:10A3A0004E482A462346418830680C30B847A807F3
:10A3B0000DD414F0E24F27D04948017801390170DB
:10A3C0004E48007886282CD127F036FE2FE0444EE8
:10A3D000002130780138307042480170424843F221
:10A3E0000A41408840F002028A4205D03F4A528822
:10A3F00042F002038B422DD1002008F08DF9307815
:10A40000F8B196F9000017E005F4860004F0200189
:10A41000401809D0504649462A462346F9F7A2FB80
:10A4200005E02DF00BFA02E01D200EF095FC2C4803
:10A43000017831B190F90000002806DC30F0AEFF61
:10A4400003E00020002108F05AF8002088F80000FE
:10A45000BDE8F087214943F604034988994218BFB3
:10A460009A4209D12648007800F0FE000228C3D1A4
:10A4700000200EF071FCE8E743F604029042F1D0B0
:10A480001B4840F6090240889042EBD0B1F5505F7E
:10A4900010D118481849006800F5C07008601748C6
:10A4A000007886280CD1504649462A46234624F097
:10A4B00081FC07E0080505D51D200EF04DFC01E0EC
:10A4C00034F06FFE33F03EFEB1E700BFD6540120FA
:10A4D000F34F01209054012028250000143B012057
:10A4E000F44F0120E8540120E03B0120C43B01204F
:10A4F000BC3C012028010021743E0120CF3E0120F8
:10A50000D13E0120F0B50C46054600260F2D40F245
:10A51000AB8054F8040B1168E3FB601642F8041B8F
:10A5200054F8040B1168E3FB601642F8041B54F85E
:10A53000040B1168E3FB601642F8041B54F8040B8B
:10A540001168E3FB601642F8041B54F8040B116811
:10A55000E3FB601642F8041B54F8040B1168E3FB9C
:10A56000601642F8041B54F8040B1168E3FB6016F4
:10A5700042F8041B54F8040B1168E3FB601642F820
:10A58000041B54F8040B1168E3FB601642F8041B2B
:10A5900054F8040B1168E3FB601642F8041B54F8EE
:10A5A000040B1168E3FB601642F8041B54F8040B1B
:10A5B0001168E3FB601642F8041B54F8040B1168A1
:10A5C000E3FB601642F8041B54F8040B1168E3FB2C
:10A5D000601642F8041B54F8040B1168E3FB601684
:10A5E00042F8041B54F8040B1168E3FB601642F8B0
:10A5F000041B103D8AE754F8040B1168E3FB601656
:10A6000042F8041B54F8040B1168E3FB601642F88F
:10A61000041B54F8040B1168E3FB601642F8041B9A
:10A6200054F8040B1168E3FB601642F8041B54F85D
:10A63000040B1168E3FB601642F8041B54F8040B8A
:10A640001168E3FB601642F8041B54F8040B116810
:10A65000E3FB601642F8041B54F8040B1168E3FB9B
:10A66000601642F8041B083D072DC4D80027BD42E0
:10A6700008D054F8040B1168E3FB601642F8041B81
:10A680000137F4E7106880194FF0010601C2F9D2D2
:10A69000F0BDFEE7F8B50C460899079E1546002B5D
:10A6A000C1F3021218BF01F00F024FEA161118BFD2
:10A6B00006F00F01082A12D202F00307DDF818C0D5
:10A6C000DFE807F002341F2D500700F19A80296857
:10A6D0002046102235F0EEFD286810306AE002F0C6
:10A6E0000702042A40D82F68DFE802F003405266D0
:10A6F000700020463946102235F0DCFD07F11000CD
:10A7000058E0454B9E881B68A681A3602B681B7888
:10A71000A3732B685B78E3732B6802330DE0DCF8DE
:10A720000030DCF80450E560A36007E02B681E6889
:10A730005B68E360A6602B6808332B60520705D482
:10A740003648016840686060216060E02FF038FDA5
:10A750000646002851D032792046402A98BF402230
:10A76000B11D29F0AFFC48E0002651E0FF20002198
:10A7700020703878C4F80210C4F80610A172607016
:10A78000D7F80100C4F80B007879E073B81D11E028
:10A79000FF20002120703878C4F80610C4F8021099
:10A7A000C4F809106070B7F80100A4F80D00F8783B
:10A7B000E073381D28602AE0164920460F2235F044
:10A7C00079FD17F8010BE0732F6020E02FF0F8FC03
:10A7D000064690B1FF202070387860707878A070BD
:10A7E0003079E070D6F80600D6F80A10A1606060F3
:10A7F000D7F80200E060B81D2860002E18BF0126BF
:10A8000006E0002623B9E660A660666026600126A1
:10A810003046F8BD21300000143600001435000029
:10A820002DE9FF47824604465AF8049F99F9011022
:10A8300009F10200CAF80000B1F1FF3FCFBF4FF0AD
:10A84000000809F10300CAF8000099F8028099F89D
:10A85000001001F01803182B07D1264660200022B3
:10A8600056F80C1F01F8010B32E0017843F0100696
:10A8700043F008038A09102E264602BF0130CAF8A9
:10A88000000042EA8102D1B256F80C7F090901F1B9
:10A8900060053946082B01F8015B316018D1411C75
:10A8A000BB1CCAF8001001783360831CCAF8003062
:10A8B00001F00F0141EA021179704178B970F91C79
:10A8C0003160C11CCAF80010391D8078F87005E0AD
:10A8D0000020A1F80100100101F8030BA06831600D
:10A8E000401A243880B235F08EF999F80010E060F3
:10A8F000490707D4DAF8002012F8011BCAF8002033
:10A90000002201E03B21024600F8011BC4E90302DA
:10A9100099F8000000F00300DFE800F002160C11C7
:10A92000DAF8000010F8011BCAF800003068421C79
:10A9300032600DE03068411C3160402108E0306831
:10A94000411C3160FF2103E03068411C316001216E
:10A95000017062692068E168002699F80130CDE94C
:10A960000028524602930023FFF794FED0B1E1681D
:10A97000A269206801F108031031636199F8013080
:10A98000CDE900285246E16002930123FFF782FEE1
:10A9900038B1E068012600F108011030A161E060E3
:10A9A00000E00026304604B0BDE8F0872DE9F04114
:10A9B0008CB0DFF87081D8F80800417A11B10CB082
:10A9C000BDE8F08140F201310322C18090F9080016
:10A9D000012130F0D3FCD8F8100070B1816821B1AA
:10A9E00035F07CFC30B9D8F81000016851B135F071
:10A9F00071FC28B10446002725E00026002729E045
:10AA0000D8F810008468002754B1204635F064FC63
:10AA1000C0B90C20214635F0ADFC04460127F3E710
:10AA2000D8F8100000260568002D6ED0284635F0B5
:10AA30004FFC00286BD10C20294635F09BFC0546C5
:10AA40000126F1E701240026012001211AF0CCFBA8
:10AA5000002CB4D1D8F808000DF10F0190F90800CE
:10AA600024F0F4FE0028AAD4D8F808000DF10E0155
:10AA70000DF10D0290F9080003AB22F00FF9002848
:10AA80009DD4D8F808009DF80E10274B0DF10F0249
:10AA900090F9080012F068F800283FF590AF77B9F8
:10AAA00022486C46214690E82C0040F2E1102CC16F
:10AAB000ADF8080035F012FC204635F00DFC5EB90B
:10AAC0001B4802901B48D0E90001CDE9000135F098
:10AAD00001FC684635F0FCFB98F8000008B128F04E
:10AAE0002BFED8F8080090F9080025F04BFDD8F8A7
:10AAF000081000280DD4022008710120487209684E
:10AB000000293FF45CAF06200AE000249CE70446DD
:10AB10009AE703200871096800293FF450AF042028
:10AB200088474CE73051012044510120C4320000D5
:10AB30003702E700B83200002DE9F84F8146086877
:10AB40008B469046D9E90045476806895548E16833
:10AB50002CF04EFC18B16FF00100BDE8F88F5248A0
:10AB600052494FF0000A4A46C4F814B084F80980EC
:10AB7000C4F804A084F802A032F00AFB2978272048
:10AB800033F02EFF3846314606220DF081F840B1F1
:10AB900044482DF081FD4FF0FF3084F801A0BDE85E
:10ABA000F88F434F57F84C0C416927208847414E96
:10ABB0000220C6F8FC02386841680620884760B168
:10ABC000402030608020306036482DF065FD002048
:10ABD00060704FF0FF30BDE8F88F02202BF0A0FA34
:10ABE0003A68DBF810009BF82010D26990473A6869
:10ABF0009BF820009BF821101368A8F10102B2FA1B
:10AC000082F252099847DBE90610C6F8500100208D
:10AC1000C6F85401C6F8581159B13A68DBF8040077
:10AC2000002315690022A84738688169224801304D
:10AC30008847207A042804D057F84C0C0169272053
:10AC400088473B68DBF81C10DBE902021C690B46F5
:10AC5000A047D9F8004001206070207A022815D062
:10AC600004281BD13868144D816928468847B0F103
:10AC7000FF3FDCBF4FF0FF30606000206070A81C19
:10AC8000C6F8840348461AF0D1FD04E00B484FF0A3
:10AC9000FF312CF0ADFB6068BDE8F88F0020BDE807
:10ACA000F88F00BFF83501208C3B0120F98B0300A1
:10ACB000FC010010044402400100008048360120DD
:10ACC0002DE9FE4F0646084615460C461CF02CF9A9
:10ACD000814620462CF0E4FB80465948002D006850
:10ACE00018BF2846B66B002500F48071C0F3004001
:10ACF0000290B1FA81F0400901902F46002E00F039
:10AD00009B8096F8210080071BD43546D7B130468A
:10AD10002146102231F020FD002800F08C803846BA
:10AD20001CF002F9054630461CF0FEF8854203D2BD
:10AD30004D4538BF374604E0A84209D2484528BFF0
:10AD400037463D462C20314635F014FB0646D4E705
:10AD5000B969B06909B118B9F3E700283546F1D1EE
:10AD600038462CF09DFB824630462CF099FB98F833
:10AD700012109AF812208346807C8A4202D19042B7
:10AD8000DFD102E088423546DCD097F8210096F802
:10AD9000211000F0010001F00101884211D1397C3D
:10ADA00038462246CDF8008029F038F9317C8046BB
:10ADB0003046224629F032F9804507D9DDF8008077
:10ADC000BFE70299814208BF3746BAE74045DDF840
:10ADD00000803546B6D8387C40280CD1194907F197
:10ADE0000800062231F0B8FC317C402913D1B0FABA
:10ADF00080F0450903E0307C40280DD10025114941
:10AE000006F10800062231F0A7FCB0FA80F04009F4
:10AE1000854201D00CE050B19BF811009AF8111056
:10AE200081423FF68EAF884288BF374689E70125C9
:10AE300001986840C7E737463846BDE8FE8F00BF37
:10AE4000385401201436000070B50546B0F83D00B6
:10AE5000FE3086B230462EF019FFD8B13146044696
:10AE600035F046F8287802281AD001282BD000287F
:10AE700057D1534811220168013101600020524925
:10AE8000A4F8CA00E082352020750320207004F168
:10AE9000700043E04A480126018C013101848DE0B5
:10AEA000474881680131816000202521E0822070BF
:10AEB000A4F8CA0084F878004248217590F825006B
:10AEC00084F86A0033E03E48818801318180152092
:10AED0002075E08A40F00101E182B4F8CA1041F027
:10AEE0000101A4F8CA1000212170032184F8781010
:10AEF0003449400601F14E0258BF01F1250205F127
:10AF000035011078082284F86A0004F1700033F0EB
:10AF1000E7FD04F1880005F11801252233F0E0FD7A
:10AF200005E02748418C0131418430F037FA002098
:10AF3000607004F1FE006978606084F8C910B5F8AB
:10AF40003D102181B5F83D201AB1D5F83F1033F0FE
:10AF5000C7FD042084F86B00A88A10B1616808441A
:10AF6000E065E98A606809B101442166D5F80210FC
:10AF70002C220026A162A979014403316166698A05
:10AF80000844617E206241F01001687C267684F8D6
:10AF9000696061760C4910FB0210E91D0B2218381C
:10AFA0006062084890F83400A07604F1B00033F0F5
:10AFB00097FD06482146007820F0B6FD304670BD6A
:10AFC0005C380120FC15002004110020CE3E012039
:10AFD0002DE9F04F93B029F08DF94E494E4A0C7887
:10AFE000AA211268B1FBF4F84FF47A71861AB1FB0A
:10AFF000F4F7A7EB08018E4204D948488E10428A24
:10B0000001324282DFF818A1DAF80000416E0BA885
:10B010008847444D296909B100208847AD680DB1C2
:10B02000A8471190DFF800B19BF80000002859D024
:10B030003E4890F90000002854D406EB08003C4933
:10B040000122DFF8D880381A60433A4C0A70002198
:10B050008000C4E90110B8F80600617B0130A8F84F
:10B060000600207B00F070008330207301F0F000B8
:10B07000013060733048007818B90120002107F0D2
:10B080003EFA2DF0D5FC2EF095FD8146DAF8000051
:10B09000416E03A888470DB1A8470990208A002572
:10B0A0000021069518F0DAF92449254A0890254828
:10B0B000254B0A60DAF8001000680E6D0221CDE918
:10B0C000001503AA2146B04720490028088011D462
:10B0D0001F4804601F48017801310170484632F072
:10B0E0004BF813E000208BF800000C480189013177
:10B0F000018109E08BF80050B8F808000130A8F889
:10B100000800484632F038F835F01AF913B0BDE8B7
:10B11000F08F00BFCC3E0120603E0120303D012079
:10B12000583E012028250000CB3E0120CF3E0120C3
:10B13000E8540120143B0120D6540120A83E0120F0
:10B1400091EB02003053012011750300B63E01203F
:10B15000FC4F0120F44F01207CB5044624F070FD23
:10B1600040B3607AFF2806D02046002132F0C4F8B0
:10B1700040F6BB0070E0B4F8760040051AD52046D2
:10B180001BF06AFB80B10546B0F87600002140F460
:10B190008060A5F87600284632F0AEF840F6BB0095
:10B1A000A88728461EF074F9B4F8760020F4806071
:10B1B000A4F87600204634F0BFFE002840D094F872
:10B1C0004C0080070AD4607AFF2807D1616B2046C3
:10B1D00001221AF0CBFD0446002874D00DF10602BE
:10B1E0002046022130F04AF900286CD00446BDF90F
:10B1F0000600002863D401282DD1B4F84000B4F82B
:10B200004210091AB1F5C56F28DD2618042504F18E
:10B210001D00102206F19001257735F04BF806F15C
:10B22000A00104F109001022257235F043F84FF413
:10B23000C56000210222002334F02DFE044643E0C5
:10B240000420012106F0B2F9002000210122002390
:10B2500034F021FE7CBD2920A08735E0B4F87600CB
:10B26000C1052CD440F480700021A4F87600207F22
:10B2700084F8751060B9606B08B304F11D0104F126
:10B28000090200232EF0ECFD002818D404202077BA
:10B29000292084F8730010480078B8B1B4F8400051
:10B2A000251805F1890033F0ABFC024605F190004A
:10B2B00005F1A0016FF31F5225F0B2FD07E0204613
:10B2C000802133F0C2FA002420467CBD0020B22148
:10B2D000E067A187F8E700BFDF5401202DE9F04FB8
:10B2E00085B081461098DDF838A01D4616460F46F9
:10B2F00002900F98CDF800A00190484612F046FA4F
:10B3000004461198F8B13046049533F027FFD8B3BE
:10B310005044857CC5B350484FF000085FFA86FB67
:10B320000168C1B18879584508D10879504505D1DF
:10B3300008F101085FFA88F0FF280AD0282035F0CC
:10B3400019F80146EDE7002C6BD0204623F09AFC5B
:10B3500067E04FF0FF085FFA88F0A84214D93E4D2D
:10B360002821284633F06AFF024668B19079584593
:10B3700002D11079504504D02846282133F028FD09
:10B38000F2E7104623F07EFCDDF848803CB11198CE
:10B390002062A07840455AD084F8028053E0FD1D19
:10B3A000302000EBD50033F0DBFC4FF0000BC0B3D6
:10B3B000E90800F130050446284634F099FD284696
:10B3C00049463A4628F07EFE119804996278277023
:10B3D000A4F824B084F804A084F80280A671206246
:10B3E0000F98E0604FF6FF7020811098607102F0B6
:10B3F000F1006070B9B102F0F0001022607004F149
:10B40000100034F057FF14480568BDB128462146A6
:10B410002DF0AAFA80B92820294634F0ABFF054662
:10B42000F3E7002413E0002140F00100C4E9041117
:10B43000C4E90611607001E0A88CA08406482821A8
:10B44000224632F011FA054920462EF0ADF820468A
:10B4500005B0BDE8F08F00BFB45301205B6B030063
:10B460002DE9F04188B002910446114402A806AAD1
:10B4700030232DF041FB40B9069802990E1802A81E
:10B4800007AA314634F074FD28B1A0F57457384648
:10B4900008B0BDE8F081524D079801282F46F6D13B
:10B4A00002A806AA314604232DF026FB0028ECD181
:10B4B00004F17C08069A029940461CF061FF30B105
:10B4C0000746204630F0FAF8A7F57457DFE70698EC
:10B4D00002990844B042029036D002A806AA31462A
:10B4E000A0232DF009FB074662302DD0002FE8D1B4
:10B4F0000698012811DB02990A78062A03920FD1D7
:10B500000F1803A80623021D02A839462DF0F4FAED
:10B5100048B1B0F574575CD10FE005F1200758E051
:10B5200005F11E0755E00298049905900844B842B9
:10B53000029002D005F11A074BE003A8214627F03C
:10B54000FDFE0746002844D10298B04228D002A848
:10B5500006AA3146A1232DF0CFFA064662301FD04D
:10B560005EBB069802990E1802A806AA31462CF076
:10B57000E9F900287FF489AF069802990844B0429F
:10B5800002D005F11A0782E702A8314622462EF0C2
:10B5900015F910F59D4F03D0A8B105F1800776E7A6
:10B5A000002004F1880104F128034246CDE900009F
:10B5B000204633F084F830B10646204630F07EF85D
:10B5C000A6F5745763E7204641461AF08FFD20B177
:10B5D0000746204630F072F859E7002757E700BFCA
:10B5E00080C2FFFF2DE9F04FADF5157DB2F5C07FAC
:10B5F00002D96FF037058AE02DAF0D4680464FF433
:10B60000D0711646384634F073FC01A825F03AFD97
:10B61000302018370024294632468DF8C7608DF84F
:10B62000CB00300AADF8C4408DF8C600384634F07F
:10B6300041FE8020B85519A8202C02D004550134B1
:10B64000FAE701A819A94FF4807230F007F805460F
:10B65000002844D1CDF8008006F1190915AE002468
:10B660000DF1B40A01AF4FF0000BBBF12F0F53D80F
:10B67000C846CDE91744CDE91544B9F1000F18D0FB
:10B680000020102806D01AF80010325C51403154C6
:10B690000130F6E7B9F1100938463246334638BF73
:10B6A000A146012128F0EAFE0AF1100A0028E4D0A0
:10B6B00012E021A831460DF1B40AC14600EB0B0C93
:10B6C00091E82D000BF1100B8CE82D009DF8B700D0
:10B6D00001308DF8B700C8E7DDF80080054601A805
:10B6E0002CF01AF91E4C2DA84FF4D071A04721A8B8
:10B6F0003021A04719A82021A04715A81021A04754
:10B7000025B14046302132F06DFD00E0002528468D
:10B710000DF5157DBDE8F08F01A821AE4FF48072C4
:10B7200031462FF09BFFDDF8008005460028D6D17A
:10B730002036002401AF2F2C0FD838460121324685
:10B74000334628F09BFE0028C8D108EB04003146A0
:10B75000102234F0AFFD1034EDE70025BFE700BF45
:10B76000E5E104002DE9FE4F054634209046894668
:10B7700033F00EFB0446002800F0A280204634215E
:10B7800034F0B6FBE87E2E46042105F12C0704F1C7
:10B79000100284F8200016F8180F01EA50102073E8
:10B7A0003188C1F3C12108443946207330461FF067
:10B7B00092FEA87E318804F1040A524641EA004014
:10B7C0002178C0F3C13001F0FC01084439462070F3
:10B7D00030461EF053F8B9F806203046394628F0B6
:10B7E000C1FD608030463946B9F8062026F0C0FF1A
:10B7F000E08104F1210195F82900207695F82A00CE
:10B8000060766869E061284630F072FE3088000793
:10B8100038D4504620F0CCFC002851D0284619F0EE
:10B8200013FB00284CD0E88CB8F1000FA085E86825
:10B83000206345D0B078318841EA004000F4C0412F
:10B84000B1F5804F46D1B9F80110090738D5D5E9CF
:10B850000112D5F81E3010F4C05FCDE900214FEA87
:10B860003341029107D14FF6FF702082207B00F018
:10B87000FC0002302073D8F828306A464046214642
:10B8800098472CE0D9F8A0002CF0F6F80746284697
:10B8900032F051FAA7B18346013011D0D7F86C01CC
:10B8A00051460322D0F884001FF026FA0028B0D0B9
:10B8B00094F82B1000EB810050F8141F8B4506D232
:10B8C000FF25204633F054FA68B2BDE8FE8FC0F879
:10B8D00000B09EE7D8F82420404621469047002536
:10B8E000EFE770472DE9FE4F0246814612F8090F37
:10B8F000FF2809D199F80A0000F00F00022803D1AF
:10B9000099F87200FF2804D04846BDE8FE4F25F0A4
:10B91000DDB90846114626F00FFC0028F4D0804619
:10B92000B9F84000B9F8421098F8152082F00107E4
:10B9300009F1880253181044002188F8157002910B
:10B94000CDE90039984258D2191A022955DB4178BD
:10B95000832952D8414A01F0030500F1020A4FEA57
:10B96000910B545DA3EB0A0204EB0B018A4244DB0A
:10B97000002D524621460678404604BF09F11D02BB
:10B9800010212BF012FB002D18BFA24470B30469E4
:10B990008146077274B1A08B204490F82010304685
:10B9A0002EF0DCFA00B167701420214634F0E2FC7E
:10B9B0000446EFE70025E9B2BBEBD10F18D950469A
:10B9C00033F0FEF880B1A819C4B2484621462FF0E2
:10B9D000D9F908B1477007E099F80C1020462EF00D
:10B9E000BDFA0299014302910135E4E7012002907A
:10B9F000DDE900390AEB0B00A4E7D8F81C4000256C
:10BA0000DCB1207AB8421CBF27720125266976B1C5
:10BA10007078B84205D040463146777031F0F4FE78
:10BA200001251420314634F0A5FC0646EFE700203E
:10BA3000214634F09FFC0446E2E702982843C00701
:10BA400008F1240006D008F1340130F037FB2DF066
:10BA500057F959E733F084FF56E700BFA8360000D6
:10BA60002DE9FE4F91B34FF6FC7A044616460AF1D3
:10BA700002004AB31F463BB334B30D46496819B3BD
:10BA8000F87840F01000302812D0388980B9DFF8FB
:10BA90004881B8F8000018B922F02AFB34F076F992
:10BAA000013081B2814218BF01213981A8F800100C
:10BAB000228C30463946F9F7CFFD8046002801D464
:10BAC000F87858B1C24605E0824603E06FF0030003
:10BAD00000F1020A0FFA8AF0BDE8FE8F94F82910EF
:10BAE000E069002230F042FF834694F8220048B11A
:10BAF00094F828100029E5D0218B8142EAD2606AAF
:10BB000038B916E0606A0028DCD094F828000028D4
:10BB1000D8D02169002731B1488A07441C2034F06D
:10BB200029FC0146F7E7B8B2616A10FA88F088424A
:10BB3000D0D82168242088470028CBD024218146F2
:10BB4000CDF808B034F0D4F921681FFA88F00190DC
:10BB50008847C9F814002F7821683846884798B379
:10BB60003946834634F0C4F9D9F81400C9F80CB04A
:10BB700068B30421019A0C9FA9F8128089F810106B
:10BB80000299C9F80410002189F80010314634F0F8
:10BB900091FB687889F80900287889F80800D9F8B5
:10BBA0000C002A78696834F085FB68881C214A46B5
:10BBB000C9F81870A9F80A0004F1100033F0F8F879
:10BBC000208B013020837DE70020C9F80C0020463F
:10BBD000494630F0E7FE7DE7C23901202DE9F04FFC
:10BBE00087B058484FF0000800264FF0000B04685B
:10BBF00000200290002C00F081805FFA8BF201207F
:10BC00000021059630F0A6F8CDE90310E068A57E86
:10BC1000D0E9026732F0CCFB824606A832463B46AA
:10BC2000894600900020019050462BF031F8002802
:10BC300008D4A807069854BF44494349884205D20E
:10BC4000A07E45E0204624F0A3FB3DE02069454668
:10BC50004FF0000800F15807E08A804530D2F8899B
:10BC6000410429D5400527D5069E07F10A01304633
:10BC70002CF0BAF8B0F1FF3F19DDF88940051BD56B
:10BC800007F10C0130462CF0AFF8B0F1FF3F13DCA8
:10BC9000A7F13800302134F02BF900204DF6F05197
:10BCA000C7E90000B881F8890840F88104E0A7F1ED
:10BCB0005800682134F01CF9683708F10108CBE717
:10BCC000E068A846C0E902A9A07E40F00200A07684
:10BCD000059EDDE90332810705D500F0F900043047
:10BCE000A07601200290002021461E4348EA020867
:10BCF00034F040FB04460BF1010B7BE70298C007D0
:10BD000018BF30F013FF124DD5E90E01714080EAE3
:10BD10000800084311D004200821C5E90E8632F03E
:10BD200051FBD5E90E23044631F0EEFE09482146C9
:10BD300021F04AFD204634F077F9002007B0BDE835
:10BD4000F08F00BFBC5301208051010080DE28002D
:10BD5000F84C0120843100002DE9F84F06680446B4
:10BD6000307F022841D11D464FF0FF37002B3ED0D7
:10BD700015F00F003BD189464F4850499046D6E90F
:10BD800008BA6768224631F003FA3978272032F082
:10BD900027FE5846514606220BF07AFF10BB484F4B
:10BDA0004849D7F8800320F00200C7F8800396F8CE
:10BDB0003000042806D151F84C0C8A4641692720EE
:10BDC0008847514602208A46C7F8FC020868416845
:10BDD0000620884770B140203860802038600020FD
:10BDE000C7F8FC024FF0FF3701E06FF00607384656
:10BDF000BDE8F88FBB460A9F02202AF091F9DAF8D5
:10BE00000000C16830468847202042462B46012F5B
:10BE100008BF242096F8311003390229294638BF7B
:10BE200000F100500027CBF84C010120CBF8505115
:10BE3000CBF85471CBF85871D34686F83500DAF850
:10BE4000000006694846B047246894F8300002288C
:10BE500015D00428CBD1DBF8000081691B48884746
:10BE6000B0F1FF3F12DD1648D0F84C01800011D42C
:10BE7000204610210022102331F036F90DE012483F
:10BE80004FF0FF312BF0B4FAE76AB0E74FF0FF3024
:10BE9000E06202E0204632F063FD0020E76A84F8A9
:10BEA000350094F831100339022928BF84F8330093
:10BEB00020462AF08DF89AE78C3B012009FD02000C
:10BEC00004440240FC0100104836012001000080BB
:10BED0002DE9F04790B08946044607A824219846EA
:10BEE000924634F005F820462EF04AF84FF0FF361F
:10BEF000B9F1000F00F0A1800546002800F09D80F8
:10BF0000BAF1000F06D0687F800703D433F09AFDA2
:10BF100070BB91E0687C2EF02FF948B3BAF1000FA6
:10BF20001EBF0746687F10F002007ED038790028D7
:10BF30007ED007F1480651460822304630F01AFC00
:10BF4000002879D020462EF091FA00286DD00446C2
:10BF500038462AF0BDF92046314625F08DFE0020F6
:10BF60003871DAF80000DAF80410C7E912010CE0C1
:10BF7000697C204652464B4610F050F9002854D0B8
:10BF80000746D5E90501C7E90C01BAF1000F04D055
:10BF9000687F400701D4012100E00021788E002253
:10BFA00030F0D0FE064632F0F3FED8B30446C5F8B2
:10BFB000008001207871D7E90C128DF81C00786A96
:10BFC000CDE909120B9033F05DFBBAF1000F089038
:10BFD0000AD0687F400707D400200690CDE904A06E
:10BFE00007A904AA204602E007A920460022002350
:10BFF0001CF09CFC134928893A464B46CDE9004683
:10C0000000260291002111F0D7FEB86238B13E71CE
:10C01000A98991B12B7CEA8928F032FF0CE02046F7
:10C0200032F0A6FE38462CF0C7FC4FF0FF3604E095
:10C0300033F008FD0028F8D10026304610B0BDE8E6
:10C04000F08700BF413001002DE9F04F8BB0DDF8E3
:10C0500054900024564F169E8DF81F40C9F800409A
:10C06000A3F108043D46B44247D8DDF850800129C9
:10C070001CD061BB182B40D313F007013DD1DD0864
:10C08000CDE90089114608AB2A460CF071F8054647
:10C09000F8B9494808A908222CF0BAFD00288DF803
:10C0A000080000F08280A7F5007512E0102B24D361
:10C0B00013F0070121D1102B23D10AA900911146B9
:10C0C00002AB1022FDF7C2FF38B3054601E007F1CD
:10C0D0008005D9F80010404633F00AFF4FF0000AFF
:10C0E000C9F800A0354C0DF11F000121A04702A89E
:10C0F0000121A04708A80821A04728460BB0BDE8A9
:10C10000F08FDD08CDE90089114608AB2A460CF016
:10C110002FF805460028DCD10EE002AB0FCBC8F8A3
:10C120000430C8F80020CDE9080102A8102132F03F
:10C1300059F80820C9F800001E4808A90422BB4687
:10C140002CF066FD0546D9F8000000230027404486
:10C15000A0F10802099890FA80FAA4EB0A0C0024D6
:10C160000CF00701C1F10800082F06D0D65D874208
:10C170002CBF334334430137F6E7ABF50070002D95
:10C180008DF81F4018BF0546BCF1070F88BF054654
:10C190001A068DF8083018BF0546002D99D108EB16
:10C1A0000A0033F0A5FE00259AE700259AE700BFB4
:10C1B000009FFFFF9036000034350000E5E10400E9
:10C1C0002DE9F04186B0064656480D46C18C013136
:10C1D000C18415B1018D01310185534800780028D3
:10C1E00040F09D802DF0E6FC8046F0684F4C0590B5
:10C1F00005A942F20100A047F0880DF11201ADF847
:10C20000120042F20B00A04770780DF11107394679
:10C210008DF8110042F20500A0473078394600F051
:10C2200007008DF8110042F20900A047307810F0A5
:10C2300007000CD002281DD106F1180000216A4623
:10C2400011290ED0435CDB4353540131F8E7708869
:10C250000DF11201ADF8120042F20D0001F050FA9A
:10C2600008E0694642F2030001F04AFAB07D304925
:10C2700081F827002E4F012087F88600B188398287
:10C28000B16887F8250079613069C7F8CC0032F0D1
:10C29000C9F8284C6168A060884288BF6060216846
:10C2A000884238BF2060F168B0EB410F02D9208C82
:10C2B0000130208424F072FB01467869D7F8CC2045
:10C2C000C4E90412A0613DB107F1440032F058FB0B
:10C2D000002087F824007869398A13F0EDFD786929
:10C2E000E06197F8D40068B1608C01306084D7F8C1
:10C2F000D000012803DBA08C0130A08402E0E08C98
:10C300000130E08497F8240008B91AF05DFC0020A1
:10C3100087F825006069E060404630F02DFF06B0E8
:10C32000BDE8F0815C380120C43E012001D7010046
:10C330002C100020A03A01202DE9F04F8FB003AB64
:10C3400007C32EF01DFB002800F0AD80044600F569
:10C35000987000254FF000080290FF200190002007
:10C360000790B8F1040F00F09C805FFA88FB0498F6
:10C37000594631F022FD069525448146264695F81A
:10C38000D07105F5E07AF80715D0B9F1000F05D0A6
:10C3900050464946102230F0B5F960B1B80706D5CD
:10C3A000D6F8C02203985946904795F8D07107F007
:10C3B000FC0785F8D071059880B107F0FD001821C1
:10C3C00085F8D0010798371807F5037033F090FD12
:10C3D00097F8240200F0FE0087F82402B9F1000F5C
:10C3E0000FD095F8D071F8070DD107F0FC00494641
:10C3F0001022471C504685F8D07133F05BFF34465D
:10C4000004E0344645E0B807344642D4B80740D487
:10C4100048460DA934F010F809A8029A49460FF0D1
:10C4200069F8002835D4D4F8BC72039859465A46A6
:10C4300009ABB84795F8D00140F0020085F8D0016B
:10C440000798251895F82402C00719D005F503713F
:10C450004846102230F056F990B9D4F8B402D4F816
:10C46000CC3208A95A469847D5F81C120898814240
:10C4700006D9D4F8B402D4F8C8325A46089198477D
:10C48000B4F80402062824BF0520A4F80402002002
:10C4900001900798069D08F101081C30113507909E
:10C4A0005FE7019800E0FF2040B20FB0BDE8F08FD9
:10C4B0002DE9F84F8346C08980060AD59BF85500C0
:10C4C000984206D139B1084611462DF047F80025AB
:10C4D00005E0BDE8F88F0A980028F8D001255846F5
:10C4E00033F096F9002418B132F09AFC804601E04E
:10C4F0004FF00008BBF80E00ABF8584020F02000C9
:10C50000ABF80E0015B900208BF85A00DBF84C6030
:10C510004FF0000A00244FF00009002E50D0B08CDC
:10C52000810733D4B17D96F829200A4086F8292066
:10C530000DD02DB196F82B301A4386F82B2004E04D
:10C5400096F82A301A4386F82A2086F829A096F809
:10C550002A200A408A4286F82A2015D1400715D59C
:10C56000F06A98B9B8F1000F16D096F82800FF28A5
:10C5700012D0B8F80C104FF4C04248434FF4804139
:10C580002BF090FA074609E00124B14630203146ED
:10C5900033F0F0FE0646C0E74FF0FF3733F074F992
:10C5A00060B133F071F9874208D933F06DF94FF477
:10C5B000C04147F233322BF075FA0746F762E5E7E0
:10C5C000E00722D0B9F1000F26D033F069F918B393
:10C5D000584631F04DFE0646DBF808004FF0FF31BB
:10C5E0002AF076F90125C0B1BEB109F10401074670
:10C5F0002EF01DFC012580B10246384631461BF065
:10C60000F7FF002818BF642507E0DBF808000021C9
:10C61000BDE8F84F32F027BE012558462946BDE84F
:10C62000F84F2DF050B9E1B12DE9F84F0D46044611
:10C6300032F0DEFB2E46204656F8048D3146424647
:10C640002AF016F9B0F1FF3F0CDDB8F1FF3F0DDD28
:10C65000074630462EF0A7FB80B1E16951B10420B6
:10C6600007E07047E16929B1032002E0E16909B1FF
:10C6700001208847BDE8F84F33F07CB854F8270014
:10C6800004EB870106EB880ACF68C8F1000131602E
:10C690004AF8041FB04204D055F8080CB0F1FF3F2F
:10C6A00003DD4FF00009C34613E006EB8006C0F13E
:10C6B000020556F8081D05EB080B814203D0E1691D
:10C6C00009B1042088474FF00009032DC8BF06F1C7
:10C6D0000409BA4534D0554655F8040FB0F1FF3F70
:10C6E0002EDCC0F102070AEB8701BB4400915AF827
:10C6F0002710814203D0E16909B104208847042F43
:10C700001CDB05F1040A0020514633F033FE0546D8
:10C7100004F12000002152462FF060F8B9F1000F1B
:10C7200026D1BBF1010F23DD371DDDF800A0C5B117
:10C73000002029463A4632F033FB1BE0DDF800A02A
:10C74000B9F1000F16D1BBF1020F13DB256A371DBB
:10C750003DB1BD42ECD80020294633F00BFE054622
:10C76000F6E704F1200000213A4632F021FB01E017
:10C77000DDF800A0CBF100003060CAF80000A0692D
:10C7800000283FF477AFD0E90112A2EB880201390B
:10C79000083AC0E901126DE72DE9F04F8EB006931B
:10C7A0000368D0E908C7D0E90A98D0F830E00090D3
:10C7B00002F10F040593D0E90135C068049000EB45
:10C7C00090000B950C93039005EB9500DDF80CA001
:10C7D000029003EB93000190002900F08C800D94EF
:10C7E0000A9154F80F1C0D9811EB0C0350F80B4CE8
:10C7F0000D9850F807BC0D9857EB040350F8035CF4
:10C80000EFF300804BEB090611EB0C02674180F35C
:10C81000008859EB0B00DDF814B091460C9845EBFD
:10C82000080C55EB0805B846A2FB00140698E7FB78
:10C830000B1440EB0E00B6460790A6FB0A208918A1
:10C840006041A9FB0B24029EE7FB0A24AEFB0637DE
:10C85000ECFB0610D21844EB0703019C079FECFB8E
:10C860000423C9180992AEFB0B5240F10000E7FB0C
:10C87000041008910B99A9FB01340C99E8FB0134D1
:10C880005B196241A7FB0645ECFB0A321B196A41A2
:10C890000B9D1B1842F10000049AA9FB0224E8FB3F
:10C8A0000524AEFB015652197441A7FB0A56ECFB56
:10C8B0000B24521907FB0BF574410999121845EB2B
:10C8C000040011EB900500F003044FF0000120F08C
:10C8D000030041F1000615EB000C08980A9950EB93
:10C8E000060753F1000952F1000844F1000E0D9CB7
:10C8F0000139103470E70098C0E908C7C0E90A9808
:10C90000C0F830E00EB0BDE8F08F2DE9F0410646EA
:10C91000884608461146154619F088FE02463046FC
:10C920002DB1012131F0DBF998F800100EE0022161
:10C9300031F0D5F90146D8F8140033F0E5FA014694
:10C94000B8F8120033F0DCFA98F8011001700922EF
:10C9500098F80C10417098F80D1081704421002D4A
:10C9600018BF1C2118F8011018BF082298F80730CA
:10C9700018F8022043EAC20242EA8111C17098F815
:10C980000720022A09D0011D012A0ED0DAB998F831
:10C990000210017198F8031004E098F80210017178
:10C9A00098F806104171811D0DE0D8F8180032F09A
:10C9B000B2FB014698F80A0001F8010B98F80B0049
:10C9C00033F09EFA01460920002D18BF082018F800
:10C9D000000003280AD060B91020002D18BF0E20D7
:10C9E00038F8000033F08CFA014602E0012021F80B
:10C9F000020B08F14400002D4FF0440218BF08F16B
:10CA00001C0018BF1C2218F8022002F00302022AA0
:10CA100014D0012A2DD1446800F1080501F8014B1A
:10CA2000200626D035F8040B33F06AFA014635F8B3
:10CA3000020C33F065FA0146013CF1E7837D00F119
:10CA400017026FF0070CDD000023877DBB420FD279
:10CA500008EB0306D75C1CFA85F596F86D4096F84E
:10CA60007E603C403443CC542C0403F10103ECD1F0
:10CA700019440846BDE8F0817FB50D4604461DF017
:10CA800013FC0D2D25702CD0032D40F08F80012636
:10CA90004E4A4C480821504B44F8046FC4E9011237
:10CAA0004B4AC4E9131048482546C4E90E36C4E988
:10CAB0000661616345F8486F2266464AC4E9080684
:10CAC00004F12800C4E91062444A46C0204624F01C
:10CAD00049FE6065284624F045FEC4E91606002597
:10CAE00067E03548606601A832F020FE334A04F161
:10CAF0001000102102F0C0F9054600284ED1261D75
:10CB00000121304627F0F2FC0546002846D1304688
:10CB1000E02112F0D5F8054600283FD132F0C9FFD8
:10CB20000546D8BB3046E02112F0CAF80546A8BB3E
:10CB300032F0BFFF054688BB304624F013FEA065E7
:10CB400004F12800052127F0D1FC054630BB04F193
:10CB50004000012127F0CAFC0546F8B904F1340071
:10CB60002CF0CDFD04F14C064FF4DF71012230466C
:10CB700020F032FC054688B9114A01A8102102F0C4
:10CB80007BF9054650B901AA3046314621F0A2FD95
:10CB9000054618B940F2BF100025E06501A82CF049
:10CBA000AEFD35B120461DF07FFB02E00C4D0020AC
:10CBB0002070284604B070BDA9A50200863600008A
:10CBC0003C1A0000A826000048260000C8260000E5
:10CBD000E9B50000445401208826000068260000C2
:10CBE00080B1FFFF2DE9FE43D0F81C900D46804632
:10CBF0000026B9F1000F47D0D9F84040CCB104204D
:10CC00002146274633F0B6FB0446387B0028F5D092
:10CC10003868411CF2D0A84202D9401B3860EDE7C9
:10CC2000787B3E600028E9D1484639462EF0EEF880
:10CC3000E4E7D9F838400CB31C202146274633F0EE
:10CC400099FB044678780107F5D5B9684A1C03D0EA
:10CC5000491B38BF3146B96079684A1CEBD0A942FC
:10CC600002D9481B7860E6E700F017007E601028C4
:10CC7000E1D1484639462AF0C6F9DCE7502049465A
:10CC800033F078FB8146B4E74046294609F002FDBF
:10CC9000B8F83600A84203D9401BA8F8360003E0D4
:10CCA00010B14046F2F7FEFAD8F8280010B1808C97
:10CCB00080073BD11020012104F078FCB8F8120065
:10CCC000A84201D9401B3EE080B398F81100002132
:10CCD00098F80C304022A8F81210013088F81100A2
:10CCE000D8F80800CDE900110291002113F0DCFA18
:10CCF000D8F8080098F8114033F08CFB0146D8F8BA
:10CD00000800A14214D933F087FB0446D8F8080084
:10CD100033F06DFA98F8111089B122B2002A0DD4BF
:10CD2000A2B282420AD201396400F5E7BDE8FE836F
:10CD3000022103B0BDE8F04332F095BA0446A1B237
:10CD4000814238BF0846A8F81200BDE8FE83FEE71E
:10CD5000F8B5514F04463868002873D0E92C02D04A
:10CD60001C2C24D0CCB923F019FE50490B884A68FA
:10CD700003EB83031A44C2F801004B4A0B8848684E
:10CD800092F8812003EB8303C2540A884888013259
:10CD900093B2834228BF00220A800521444E34B357
:10CDA000F079032823D1E12C1CD105211FE02CF0C0
:10CDB00001FF396804463948CA8A00785207384A60
:10CDC0004CBF927AD27A904205D936480078D0B3D7
:10CDD000087D252837D133F062F9F120BDE8F8400D
:10CDE00000F0CEB93048002180F87E1007212E4D8A
:10CDF00030462A4621F058FDF079032812D03868D1
:10CE000080B10021C38A80F869102A495B0601F1CC
:10CE10004E0258BF01F12502117880F86A102046B1
:10CE200000F0AEF995F8230001280BD12CF0C2FEDA
:10CE300004461B48352118F069FD33F030F9002015
:10CE400085F82300F8BD164D28462FF0ECFE386813
:10CE5000C08A400703D4E87A0130E87202E0A87A79
:10CE60000130A87233F01BF93868007D452806D0E0
:10CE7000252809D10C48012180F8211008E00A4832
:10CE8000012180F8851003E00748012180F8221075
:10CE900000203860F8BD00BF90540120605201208E
:10CEA0007C3D0120DB5401202C1000205C5301202C
:10CEB000EC520120FC1500202DE9F047089EDFF818
:10CEC00058C1914682465D1C00244FF000084FF087
:10CED000000EB44239D20022A64235D0281910F8EB
:10CEE000017C202F02D1013A0134F5E7A6422BD074
:10CEF000371B10F8010C022F09D30D2807D1285D2C
:10CF00000A281FD0002A40F082800D200FE00A2856
:10CF100018D0002A7BD13D2806D10EF1010EBEF1BA
:10CF2000020F74D83D2002E042B2002A6FD41CF8F0
:10CF300000007F286BD03F2802D8BEF1000F66D1D9
:10CF400008F101080134C4E73446B8F1000F16D0E7
:10CF500008F00700072200EB4000BAF1000F02EBD7
:10CF600040004FEAD80202EB4202CEEB420202EB53
:10CF7000D00201D08A4204D96FF0290043E0002298
:10CF800040E02648032600274FF001080025D6463A
:10CF9000B4B31978A1F10A02162A03D808FA02F2EA
:10CFA00002420CD13D291CF8011008BF013E013797
:10CFB00001F03F01042F41EA851103D00D460133F2
:10CFC000013CE5E75EB1AD0172462F0C02F8017B32
:10CFD000012E07D1012600270D469646EFE70027D0
:10CFE0000026EBE72A0A032E8EF8012027BF8EF8D1
:10CFF00002100EF1030E0EF1020E02260027DDE7ED
:10D00000AEEB0A020020C9F80020BDE8F0876FF0FF
:10D010002B00BDE8F08700BF681600000900400043
:10D020002DE9F0438FB0064690F90D0017460D46E6
:10D030002CF0A6FFD8B104462DB196F90D00294673
:10D0400027F0D4FF02E0607C2DF096F8064670B120
:10D05000032F0AD0052F0AD1304629F039F930467E
:10D060000FB0BDE8F0432BF0A7BCB06A10B10FB011
:10D07000BDE8F083617F708E01F00407C90707D116
:10D08000B7FA87F2718F530900222EF0DCFE06E01A
:10D09000002F394618BF012100222FF053FE804691
:10D0A00031F076FEE0B18146D6E90C300021D6E9B8
:10D0B00007CE726A8DF838100D91079105218DF811
:10D0C0001810CDE908300AA880E80450607F10F0FD
:10D0D00001000AD1AFB1002006F1380300220BE0B5
:10D0E000002DC4D0C820E861C1E701218DF81810D7
:10D0F0003FB1002000220023CDE90B0006A94846DD
:10D100000EE006F1480100230391D6E91012002831
:10D110004846CDE9041208BF06F1380306A903AA60
:10D120001BF004FCA0EB090087B247459FD860893B
:10D1300030F01EF9034611492089CDE900973246A7
:10D14000002B029108BFB31D002110F035FEB06224
:10D1500028B9484631F00CFE0DB1C820E8619DF8B1
:10D16000180001287FF483AFA18900293FF47FAF25
:10D17000237CE289B06A27F083FE78E74130010022
:10D180002DE9F843524E044600273078D0B1B26BF7
:10D19000C2B1B06DB0B10DF1030142F21A00904777
:10D1A000B06D8047002818BF01209DF803100029AA
:10D1B00018BF01210840A4F1E101B1FA81F1490948
:10D1C00000EA0107DFF80C8198F853002AF0F4FA1E
:10D1D000C07B0125DFF80091022808BF0525D9F89A
:10D1E000001000295ED0E92C10D01B2C04D04CB1CB
:10D1F00067B9E12C2BD041E0087D052805D098F8CF
:10D20000820010B90020487039E0BFB3F12002F06D
:10D21000F2FCD9F80000817EC9B10189406803F0B1
:10D22000B2F9D9F8000041680988090705D53178B5
:10D2300019B125F0A3FED9F80000C18A490733D4FB
:10D24000817E0139817630F077F9BDE8F88331F0DD
:10D25000CFFBD9F8001088B1C88A40070ED498F8DF
:10D260003400887698F82200421C88F82220496809
:10D270008870284603F0E8FFBDE8F8834C70D9F8C1
:10D2800000001CF0F1FED9F80000C08A000603D5AA
:10D2900098F9420030F018FD0020C9F80000102075
:10D2A00031F006FDBDE8F883027E017D02F07F02C9
:10D2B0000329027603D1417E41F004014176F0203A
:10D2C00002F099FC0549D9F8000009688847DAE7B7
:10D2D00048480120FC15002090540120585401209A
:10D2E00070B51446907812881E4642EA004000F459
:10D2F000C07200F07F0343EA42024FF47C4303EA2A
:10D300005000104432F0FCFD32F0D8F8C0F3413147
:10D31000022903D308BF10F0800106D1E07805F898
:10D32000010BA078218841EA0040810504D5A0883E
:10D3300032F0D0FE32F0C2F8C0F3C12129B1A21DF3
:10D34000284629F005FA32F0B9F8410504D5E089FC
:10D3500032F0C0FE32F0B2F8C0F3C13131B104F1A5
:10D360001002284629F0F4F932F0A8F8000703D497
:10D3700066B30020306029E006B1356094F82500DE
:10D3800000F01F0005F8010BA069294632F0BCFD32
:10D39000054694F82500C0F3C10001280BD00228EF
:10D3A0000BD0032812D1D4E907016960286005F188
:10D3B0000801092006E0294604E0E069294641F811
:10D3C000040B052094F8242005440A70A0782188D5
:10D3D00041EA004000F4C041B1F5804F26D1C005BC
:10D3E00024D5A08D40B1B4F84010A06B2A462DF092
:10D3F0000EFC0546608D90B14FF47C5032F06AFE11
:10D400000546608D90B1B4F84210E06B2A462DF0CD
:10D41000FEFB0546E08D48B14FF4784003E0E08D17
:10D4200020B14FF47E5032F055FE0546E28D2AB110
:10D43000A16D284632F03EFFE08D0544284670BDC0
:10D4400086B05648DFF84C91534C0DF1080A0DF1A7
:10D4500004088346D9F81C00056815B1C068066841
:10D4600000E00026606A01306062504624F044FF0C
:10D470000746029810B104F029F981E01DB1BE42BF
:10D480001AD9002205E0D9F820000068B0FA80F02F
:10D490004209606BF11B23F0D3F904F017F900285F
:10D4A00040F06E804FF080515846CBF80010BFF32B
:10D4B0004F8FBFF36F8F63E004F008F930463946B1
:10D4C00024F0FAFE5CE0029DB5F1FF3F2BDD049EE7
:10D4D000706910B1301D2CF068FA404624F00CFF42
:10D4E0000746681E08284BD8DFE800F0050522250E
:10D4F0003E050522250096F82800039D3A4640F097
:10D5000001002B4686F82800B0694119304625F005
:10D510006FFFA8B396F8280041071BD400F0FE0067
:10D5200086F828001CE0DDE903200599904727E0F4
:10D5300096F8280020E096F8281003983A463B46D3
:10D5400041F00101B06186F82810C119304625F07C
:10D550004FFF15E0B0693A46411930462CF041F9C9
:10D56000316A304688470BE096F82800810703D4DB
:10D57000304621F07FFE03E000F0FE0086F8280030
:10D58000606B5146002205F0DFFA00287FF49BAF64
:10D5900060E700BFF8460120DC47012004ED00E011
:10D5A0002DE9F0418CB00746D1F85C01002800F06D
:10D5B000A18091F820010C46012840F09B8038465C
:10D5C0001D4616461DF056FA002840F09380B868B4
:10D5D000F9680023CDE9080180F002008DF82000F1
:10D5E00008AF06AA20463946FAF796FD2046394686
:10D5F0002FF0EDFC80462046314631F0B1F8074669
:10D60000D4F85801D0F84C0B808C87420ED22046BB
:10D61000314631F0AEF8D4F85811D1F84C1BC98C12
:10D6200088423FD3381A80B202283BD3304632F0CA
:10D63000BBFEA8425ED92046314631F091F8D4F8BD
:10D640005811D1F84C1B898C0131814252D3069F6D
:10D65000002F4FD002AA2046314628F073FB002845
:10D6600048D004980599CDF8220080F00200CDF84A
:10D67000261003218DF8220008AA204617F09DF9F4
:10D680004FF6FF71884235D0398894F90D001AF0B1
:10D690003BFC009002AA204631462B4628F0CFFBE7
:10D6A000054628E0069808B1012524E0B8F1000FEE
:10D6B00020D008F1600606AA204601233146FAF779
:10D6C0002BFD054688B1079F204631462DF08CFC86
:10D6D000384641465C2232F0EDFDD4F86C010699E3
:10D6E0000122D0F884002FF057FF2046414628F051
:10D6F0000AFC00E0002528460CB0BDE8F081FEE7FA
:10D700002DE9F84F0646A0F5005084B21D2C3ED8F6
:10D710008B46A100DFF834A111FA80F00AEB400536
:10D72000D5F80210D5F8060051EA000231D142F2D4
:10D730000200371A2CF03EFA8146022F3BD342F208
:10D740000C00301A022852D342F20F0086425BD0FE
:10D7500042F21300864250D128783E49002601EB60
:10D76000000804EB840000210AEB400047784046A3
:10D770003A4631F003FF584631F0F3FDB8425946BE
:10D7800038BF074640463A4631F0AAF942E06826DB
:10D7900043E0814201D169263FE004EB84020AEBB9
:10D7A00042025278042A3BD0022A41D0012ABED13B
:10D7B0009BF800203EE02AF0AFFB0746584639466A
:10D7C0001FF016FB87421DD03F1A2878214931F0FF
:10D7D0002FF931F085F942F20300864231D042F24E
:10D7E0000200864215D11C4880F8267011E02AF00C
:10D7F00093FBBBF80010814204D22878154931F020
:10D8000017F904E06A2605E011485946022231F072
:10D8100067F9002648462FF0AFFC3046BDE8F88F88
:10D82000DBF800208A420AD382427FF680AF06E00E
:10D83000BBF80020914202D89042BFF478AF6A262C
:10D84000EBE7054880F82770E3E700BFB80A00005F
:10D85000AC3E0120701500202C1000202DE9F0476F
:10D860009CB0054634200E4631F07AFA0446002872
:10D8700000F09080DFF824A1BAF80000411CAAF85B
:10D88000001020B94649022096221AF0ADFD002072
:10D8900094F82D106060C4E90800208394F82B00F0
:10D8A00000F0FE0084F82B0001F0F80084F82D0051
:10D8B0005EB1F76832F06AFA3A4938440844E060E9
:10D8C000304632F0AFFCE0684BE0688D298D05F101
:10D8D000180805F10809ADF86C009AF81800ADF8C1
:10D8E0006E1038B90AF1080010212AF00DFD012050
:10D8F0008AF8180001AE304632F039FA304621F08D
:10D90000AFFB294F304649461022B8470DF16E0152
:10D9100030460222B847304641461022B8471BA97C
:10D9200030460222B8470AF1080130461022B847B3
:10D930006946304620220EF069FA304631F050FA3E
:10D9400032F02EFADAF8041046F2A8120844174909
:10D9500001300968CAF8040001FB0200009908447C
:10D96000E060A06000200121256084F82A00208565
:10D9700047F6FF7084F82C1060860D48C4F82E001E
:10D9800040F2EC50E0830B48C4F81A006C60286841
:10D9900030F049FF20461CB0BDE8F087C0500120A0
:10D9A000AD7B040090D0030045490300983E012060
:10D9B0000800FF7F180218022DE9F047012816D150
:10D9C000DFF830A1DAF83401012813D10220CAF8B7
:10D9D000340131F0C5F80120012428F031FF60B195
:10D9E000CAF8344132F05BFC4FF0FF347FE06FF057
:10D9F00001047CE06FF0040479E09AF85A419AF847
:10DA000059119AF85801002C18BF0124002918BF99
:10DA10000234002818BF0434012031F0BBFD013866
:10DA200018BF01209AF83811B1FA81F1490910EABA
:10DA3000010902D100200AF0FBF9DAF808002E4DA6
:10DA400010F0010807D12D4F286A816838468847B1
:10DA50000428F9D00646404632F0ADF8B8F1000F80
:10DA600008D1012E04D1286A012142682348904739
:10DA700031F04EF828684169204688479AF85401E9
:10DA800018B14FF4806031F08BFD9AF8530118B152
:10DA90004FF4816031F084FD1948012101600320B9
:10DAA0000021CAF8340117480160204623F042F8EB
:10DAB0000128FAD1144E3068042028F0C1FE044633
:10DAC00012480125B9F1000F0560306802D101202C
:10DAD0000AF0AEF932F0B7F9082028F0B1FE04439D
:10DAE000CAF8345118BF4FF0FF3432F0D8FB20464B
:10DAF000BDE8F08738410120B80100100040034024
:10DB0000282008600C2008402C2009400C400940C7
:10DB10002DE9F04F8DB081460809282802D94FF62B
:10DB2000FF7405E019B16420484384B200E0012489
:10DB30004B48D0F800A0D0F804B004A803300390FC
:10DB4000D9F85801D0F83C6B002E00F086800820F0
:10DB5000314632F00FFC0746B088844203D2001BE6
:10DB6000B0803E46F0E7B079410729D43168F079BA
:10DB7000CDE908AB4FF00008D1F80220D1F806102B
:10DB800000284FF00000CDE90A2182F002014FF099
:10DB900000028DF828102ED1484629F091F840B3A4
:10DBA0000246D9E94601039B596018600120002113
:10DBB0008DF81E008DF81210ADF8100004A81AE0C0
:10DBC000F179002943D0800706D431F09AFFB08064
:10DBD000B07900F0FB002FE04846314623F0B6FC58
:10DBE000D9F86C013168D0F884002BF029FD3E464D
:10DBF000AAE700220020CDE90080484608A90123B9
:10DC0000FAF7ACF9054638B1C02085F87800284607
:10DC10001BF03EFC4FF00408B07900F0FB0141EA34
:10DC20000801B1715DB1013001F0FC0141F28932AE
:10DC300000F00300B2800844B0713E4684E7F179F9
:10DC400029B110F0020002D131F05BFF88E74846AD
:10DC5000314623F07BFC3E4676E70DB0BDE8F08F01
:10DC600014350000F0B597B004464FF0FF3008229D
:10DC7000A18FADF85A004FF480701590A06B13ABD4
:10DC80000439043089B21FF096FEA0B9BDF84E00E9
:10DC9000022810D14649E06A41F699120968081A2B
:10DCA00000EB80014900904288BF4FF6FF7188B2B7
:10DCB000149931F0A8FF207FC10709D094F91B0007
:10DCC00004210422009115AB2921F4F713FD207FD4
:10DCD00080070DF15A0344BF4020ADF85A000225D9
:10DCE0002921032231F02BFF94F91B00012104F1BB
:10DCF0001A03FE2200912921F4F7FCFC206C002875
:10DD000041D0C0200DF14A03292101220126ADF89E
:10DD10004A0031F014FFA28F09AD092128462FF0E7
:10DD200004F8276C601C1022B91C32F0C3FA40F2D0
:10DD3000232060822220CDE90A70606C30B1043863
:10DD400002260C90B4F8480004300D900AA8042272
:10DD5000A36B029400EBC60140F8365004901420E7
:10DD6000A58F04310390B01C2CC105900D204FF4F9
:10DD700080420021CDE90611387094F91B0002A9F8
:10DD800030F05AFD11E0002029210122ADF82800D1
:10DD900094F91B0000950AABF4F7ACFCA26BA38FBF
:10DDA00094F91B00214629F0E6F917B0F0BD00BF39
:10DDB000983E01202DE9F04F99B0044604A89A46F8
:10DDC00093460E462DF08AFC4B4D16A8A84713A883
:10DDD000A84710A8A8470DA8A847484F2078A7F53E
:10DDE000C0750D281FD0606DE8B1DDF88880012175
:10DDF00040462AF035FA002808D404F14C09404680
:10DE0000494614F0B8FBB0F1FF3F10DD3D4604A8D1
:10DE10002CF09CFA3A4C16A8A04713A8A04710A8CB
:10DE2000A0470DA8A047284619B0BDE8F08F239D54
:10DE3000012128462AF014FA0028E7D4284649464A
:10DE400014F099FBB0F1FF3FE0DC16A92046324602
:10DE50005B461DF0F5FF05460028D8D1239913A88D
:10DE60004A46F2F797FE05460028D0D110A816A919
:10DE700013AA08F07FFC05460028C8D110A84A461E
:10DE800001461CF0F1FF05460028C0D10DA813AAD9
:10DE9000414608F06FFC05460028B8D10DAE4A4651
:10DEA000304631461CF0E0FF05460028AFD1002087
:10DEB000CDE9006A04F12803029004A910AA2046C3
:10DEC00016F036FA05460028A1D104A830F0EEFB82
:10DED00000283D469BD104A84A4601461CF0C4FFD9
:10DEE0000546002893D104A8414614F044FB0028BD
:10DEF00008BF07468AE700BF2DF7040000B2FFFF06
:10DF0000FF9604002DE9F84F00287ED005681F46D3
:10DF100091460E460446002D77D02878B04205D0B1
:10DF20000C20294632F026FA0546F4E76868804757
:10DF30008346204649462EF05DFA002865D0824689
:10DF40000BF1A000009730F023FF002700285DD0E0
:10DF500014218046067531F0CBFF2E48C8E90674BF
:10DF600008F12404017888F820100131017098F834
:10DF700021000BF1780100F0FC0088F82100204618
:10DF800031F0B6FF9AF801002349264A2A4B2B4E5E
:10DF900088F898009AF8010088F899009AF8020029
:10DFA000C8F878101D49C8E90B6388F89B9088F879
:10DFB0009A000098C8F874101949C8F894002048CD
:10DFC000C8E91A2118491B4AC8F888001D48C8F832
:10DFD00048101649C8F884001B48C8F84010144976
:10DFE000C8F880001948C8E90D21C8F87C00184815
:10DFF000C8F860002046A9688847B0F1FF3F01DDFE
:10E00000474603E0404630F0B3FE00273846BDE8FF
:10E01000F88F00BFE5540120C1D404009DDC04004A
:10E020000BBE0400B55B0400C768030079F104006F
:10E030006DF6040079F6040061EC040061F604005A
:10E040006BF10400C1630400D5E5040023B40300B0
:10E050004DFC04002DE9F04387B004460D4601F164
:10E06000180001212AF0FCF84D4F3E4618B1304609
:10E0700007B0BDE8F083206B00283ED0E06B00289D
:10E080003ED0284600212AF0EBF80028EFD405F115
:10E090000C09002148462AF0E3F80028E7D404F1EF
:10E0A00004082846414614F066FAB0F1FF3FDEDC72
:10E0B0004846414614F05FFAB0F1FF3FD7DC04AEAA
:10E0C000304631F033FB01A831F030FB20463146B9
:10E0D0004A464B462DF022FB064638B901A9204698
:10E0E0002A462B462DF01AFB0646A0B104A82BF0B9
:10E0F00006FB01A82BF003FBB9E7A7F54076B6E7CE
:10E10000284631F019FBE16D0731B0EBD10F98BF14
:10E1100000273E46ABE7A06928B301A904F110032C
:10E1200020460A4627F0CEF806460028DED101A98F
:10E1300020462B460A462DF0F1FA06460028D5D196
:10E1400001A904F11C0320460A4627F0BBF8064645
:10E150000028CBD104A801A914F00DFA002808BFAB
:10E1600007463E46C2E701A8032201462AF08DF881
:10E1700006460028BAD10DF104090198B0F1FF3F1D
:10E18000D5DC484600212AF06BF80028CFD048465D
:10E19000494642461FF094FE06460028EDD0A5E70A
:10E1A00080B3FFFF2DE9FE4F044690F8B800884683
:10E1B00088B14848494A2E254FF00609C169013106
:10E1C000C161454846490078002808BF114608BF8C
:10E1D0002625082610E03F48424A28254FF000092E
:10E1E0008169013181613C483F490078002808BFBE
:10E1F000114608BF202500266068D4F828A02A46CA
:10E2000030F06EFC05EB060B6668A4F808B031F040
:10E2100063FAB070F01C414631F0EFFF334800F173
:10E22000440106F10B0031F0E8FF94F8B80020B18A
:10E23000C6F814A094F8BA00307609EB0607052159
:10E240004FF0050807F1170025F0F0F8284890F97D
:10E2500000005028C1B2A8BF50205238802908BF02
:10E260004FF0FF3078771C48007828B149F0210042
:10E270000521304422F07BFA6068002731462A46A7
:10E28000278030F02DFC94F8B820042084F86B80AF
:10E29000A4F808B020759AB16368D4E90901C4E90B
:10E2A00017775F19ABEB05051530ADB22762CDE9E5
:10E2B00000B702950CF0D6F928B10026607005E091
:10E2C000C4E917772762204616F04AFD3046BDE8BC
:10E2D000FE8F00BF5C380120C43E01207821000081
:10E2E0005A1F00002827000004210000FC15002010
:10E2F000D63E01202DE9F04760B115460E46044692
:10E30000012A09D1A069E16A82688A4204D9416977
:10E3100001314161002431E030F06AFD206840B1F4
:10E32000B6B1A06A0838B04207D2E16929B102202B
:10E3300002E0E16909B105208847F01C5FEA900915
:10E3400010D004F12008012D06DBD8F8007019E088
:10E35000E16939B1022004E04046002130F06EFF4F
:10E360000FE08847A069002501264169013141611C
:10E370002C1D002E18BF002431F0FCF92046BDE80A
:10E38000F0870746002FEDD03E1F30462CF00BFDE6
:10E3900078B9306800280CD5404281450EDD012D4A
:10E3A00004DB0020394631F0E5FFEAE731F02CFBD1
:10E3B000E7E7E1690029D5D00420D2E7002ED1D0CB
:10E3C0003068C0F1000A09F10400504504DD31F065
:10E3D0006BFBD146354623E0AAEB090A012D10DB81
:10E3E00031F012FB054631F05FFB07EB890000219D
:10E3F000071D00F1080340463DB12A462FF028FAD8
:10E4000006E006EB8A05374603E01A462FF02CFAA1
:10E410003546CAF1020007EB8A01386041F8040C66
:10E42000002D05EB8900C5F80090C0F8049099D044
:10E4300008200021002600EB8902A06924F036FCA8
:10E4400096E7FEE72DE9F047DFF83491D9F840A0D0
:10E45000BAF1000F00F088800AF10C020820FF21B9
:10E4600051FA80F0C3B21B1A18BF012312686AB1B7
:10E4700063B11388A3F60303012B01D90432EFE73C
:10E48000DAF8100092E8FA003830FAC0DAF808201A
:10E490000025DAE90A10CAE90A55B2B110F0E244DF
:10E4A0000CD021F00F0220F0E2434FF0000852EAB6
:10E4B000030005D030F005FEB04701E08846044671
:10E4C00030F0FFFD42462346B0472BF073FB044675
:10E4D000B9F8560001306FF31F30A9F856004FF617
:10E4E000FD70AAF8300009F140008AF833502CF092
:10E4F000B1FA20462EF040FEB9F85600B9F8541093
:10E50000884231D11F48204940680D6830B190F8E9
:10E51000FC200720002A08BF052000E005204C68E9
:10E5200018F096FC55B195F8FC00002100284FF03A
:10E53000000008BF286885F8FC1000E0002044B106
:10E5400094F8FC200021002502B9256884F8FC100D
:10E5500000E00025A84288BF0546681C04D02DB9FC
:10E56000BDE8F0472DF082BEBDE8F087EFF71AFF57
:10E57000B5FBF0F10548BDE8F0472EF05DBE00BFE9
:10E58000E4490120B44801201C49012098360120AB
:10E590002DE9FE4F504D0291044600F124084FF042
:10E5A000010B4FF0000A6E4602AF4FF000092DF04C
:10E5B000B5FAA06B00285CD10298002800F0848096
:10E5C0005FEACB7003D0286B0090A86901902FF010
:10E5D00053FA686A013068622DF0A0FA94F844009A
:10E5E000FF2808BF84F844A094F84500FF2808BF1E
:10E5F00084F845A02FF040FA3046394620F01EFF3F
:10E6000058B131F073FD03F061F820462FF05CF94A
:10E610004FF0000B0028CAD043E020462FF054F9F9
:10E6200030B931F063FD03F051F84FF0000BBEE755
:10E63000206838B92DF072FAA0680CF061FB8146B1
:10E640002FF01AFA029940462DF078FA31F04EFD7B
:10E6500003F03CF84FF0000B0028A8D11D484FF004
:10E6600080514FF0000B0160BFF34F8FBFF36F8FEE
:10E670009DE70138A063206810B92FF031F9A06040
:10E6800054F8100F58B1204608F0DCFE38B111499B
:10E690004FF080500860BFF34F8FBFF36F8F01249E
:10E6A00013E0B9F1000F09D02DF038FAD8F80000C6
:10E6B00030B1206B0068C0F10A0102E0002406E0DE
:10E6C0000021A06811F0C8FE00242FF0D5F92046E3
:10E6D000BDE8FE8F04ED00E0DC4701202DE9F04F9E
:10E6E00087B0D0F83080B0F8349092468C4604461B
:10E6F000B8F1000F2AD0D8F80070002F00F08F80FA
:10E70000B8F1000F00F08B80207C4FF6FF7568B1E8
:10E7100001384FF6FF792074000607D1A068042164
:10E72000664630F0A0FDB4464FF6FF79BAF1000F0F
:10E7300015D007F11C0BA94523D0204666462EF0C4
:10E74000DDF80028B44608BFA94620E0207C002858
:10E7500065D0E769002F62D0D7F83080CDE797F811
:10E760002EB0654631F078F883450DD297F82E002B
:10E7700007F11C0BAC46FD289CBF013087F82E002A
:10E7800005E04FF6FF7902E04FF0000BAC46397E12
:10E7900098F80430227BA068667B07F10805CDF865
:10E7A00018A0CDE9045BCDE900916146CDE902678F
:10E7B000F2F79EF8BAF1000F31D1B8F80600A8F8C8
:10E7C00008904FF6FF7581451FD2788CE8B1A8F804
:10E7D00006904FF6FF727B8CB88CAB42B9FBF0F120
:10E7E00018BFB3FBF0F291FA52F18AB2AA424FF687
:10E7F000FF7208D0013189B248434FF6FF71884259
:10E8000038BF01464A1EA8F80A20404649462EF065
:10E8100067F8A94503D0E08940F40070E08107B0B3
:10E82000BDE8F08F2DE9FE43144682228DF80A20C0
:10E8300001AA22F0C1FB0A28C0F08C80019D284665
:10E8400031F050FD2060281D31F04AFDA080A879EC
:10E85000A071E879E071287A2072607A20F00701CF
:10E86000687A10F003000144617201F0C3016A7A12
:10E8700002F038021144617202EB00016A7A22F060
:10E880003F0201EB0207BDF808204FF0020167725A
:10E8900018BF022814D10A3A93B28B425AD3A2EB82
:10E8A00001090228ADF8089003D001280CD00028F7
:10E8B00050D1A87A05F10C082073E87A60730DE056
:10E8C000012847D10621E6E705F10A0004F10C0111
:10E8D0002AF032FC677ABDF808908046C7F3C2057B
:10E8E0000021002628462EF058FB1FFA89F18142AC
:10E8F00031D3A9EB0000022DADF8080007D04DBBC5
:10E90000404631F0EDFC677A08F10208A082C7F3B7
:10E91000811048B302280ED001281BD198F80000BE
:10E92000BDF80810207780000130884212D808F125
:10E930000100206218E007F0070001280ED1608A6C
:10E940000730C108C0F3C70084F82010BDF80810D4
:10E95000884207D000263046BDE8FE839DF80800B7
:10E9600084F82000C4F81C800126F4E72DE9F04F5C
:10E9700093B003AD8946014640222846029131F00A
:10E9800099FC4A4C0A274FF00C0A4FF00D0B0E264B
:10E990004FF00F08BFB32846002104220823CDF80A
:10E9A00000A0A0472846012105220923CDF800B088
:10E9B000A0472846022106220A230096A04728469F
:10E9C000032107220B23CDF80080A0472846002111
:10E9D00005220A23CDF80080A047284601210622FF
:10E9E0000B23CDF800A0A0472846022107220823C8
:10E9F000CDF800B0A0472846032104220923009641
:10EA0000A047013FC6E70299DDE9037691E80510CA
:10EA1000CB69D1E903BAD1E9058E38440193DDE928
:10EA200005430B9F0390B018019A049004EB0C006F
:10EA3000D1F83CC0059003EB0B00069007985044BA
:10EA400007900898404408900998704401F1280EF6
:10EA500009900A9810449EE81C410A90D1E90806E2
:10EA600038440B900C9830440C900D9810440D9045
:10EA70000E9818440E900F9820440F901098404420
:10EA800010901198704411901298604412900020D8
:10EA9000402804D0295849F800100430F8E703A8AA
:10EAA00040212FF09FFB13B0BDE8F08F3D5B0300CA
:10EAB0002DE9F04F9CB0019100F10802002004AB59
:10EAC000082805D052F8201043F820100130F7E74D
:10EAD0000DF1100C0092DDE90820DDE90A18DFF8DD
:10EAE00010B100260DF1300E9CE808160F460146C5
:10EAF000402E65D00F2E08D80198741C039450F84E
:10EB0000260000BA4EF8260030E0701CCDF808C090
:10EB10005446DA46F346039000F00F005EF82000FA
:10EB20004FEAF01C8CEAB04585EAD00C06F10E05E0
:10EB300005F00F055EF825504FEA754080EAF54074
:10EB400080EA952006F1090505F00F055EF82550CD
:10EB5000284406F00F055EF825E07044DE46D346F3
:10EB6000A2466044DDF808C04EF8250049EA0304D7
:10EB700009EA03054044B84604EA0A042C434FEA74
:10EB8000B30585EA733585EAB3552C444FEAB215CF
:10EB900085EAF22585EA726528445BF82650039ED3
:10EBA000284481EA070515407D40284400EB0C0508
:10EBB0000444D446CA469946104623462A4695E759
:10EBC000CDE90A78CDE9082104A880E80816009B61
:10EBD000002004AC082808D054F8201053F8202056
:10EBE000114443F820100130F4E71CB0BDE8F08F69
:10EBF000040F00002DE9F04104462CF08FFF484E31
:10EC0000DFF82081306901303061D8F8000058B158
:10EC1000706900284DD1E06AD8F80010C96A8142B5
:10EC200098BFC8F8004044E0C8F8004030690128A7
:10EC30003FD13D4900204FF0FF320023C82B09D0BF
:10EC4000CD18C85014332F4647F8082FC5E903776D
:10EC50006F60F3E73548364B00214FF0FF35024631
:10EC6000074642F8601F1960C16447F8685FC0E951
:10EC70001B7747661F4647F8085FC3E903775F6065
:10EC8000074647F8545FC0E916770765074647F817
:10EC90002C5FC0E90C778762416240F8405F40F822
:10ECA000081C40F83C2C40F8383CC0E9010040F812
:10ECB000040C7068B1681C4B01316164B160E16A99
:10ECC00001EB810203EB82025268A2609568E56065
:10ECD000012505FA01F10843211D7060906841602B
:10ECE0009160E06A00EB800003EB8001616153F802
:10ECF0002010013143F820102EF0BEFE706968B17B
:10ED0000E06AD8F80010C96A814207D209484FF07A
:10ED100080510160BFF34F8FBFF36F8FBDE8F0816B
:10ED2000DC470120A0540120DC110020F84601201E
:10ED30008446012004ED00E02DE9F04393B0002863
:10ED400000F0918006460C464FF0FF30002900F09D
:10ED50008C803168002900F0888015460A7F1B9856
:10ED60008AB14877651C628A3068294623F084FBA3
:10ED7000002851D0074690F84000012871D130F0AA
:10ED800039FC78646FE08A7EDDF868801F46002ACF
:10ED900058D080F001004FF480728DF80B0091F98B
:10EDA0001900042103920422009103AB2921F3F7F7
:10EDB000A1FC30684FF001090DF10B032921FD2260
:10EDC00090F91900CDF80090F3F794FC3068CDE984
:10EDD000117800272649CDE90D97467ECDE90F77BA
:10EDE00011A80C901420CDE90A4028462EF0A0FC72
:10EDF00060B118208DF82470294610220F901D480C
:10EE0000049004A80E90043031F054FA70B20AA9AC
:10EE100000222FF011FD22E00AA81C2131F068F831
:10EE2000376907B33068628A294690F919000AAB3E
:10EE3000B847C0B9618A284607F066FA0F982FF0E4
:10EE400097FF10E0D6F80CC0BCF1000FA1D091F9EB
:10EE50001900628A611C3B46CDF80080E04700281B
:10EE600001D4012001E04FF0FF3013B0BDE8F08382
:10EE700074310000150029092DE9F04F85B00229F1
:10EE800002DB0E46102905D96FF00307384605B09E
:10EE9000BDE8F08F8246002415460120CDE90244EA
:10EEA0000190285D01340028FBD1A4F1010B102E44
:10EEB00040D10020B0EB9B7FE6D101205FEA4B718F
:10EEC0004FEADB0118BF00EBDB01504620F056F89B
:10EED000074600286BD15046002125F007FB074666
:10EEE000002864D1023C4FF0000B0DF110086FF0C8
:10EEF00003090026671C012F01D01FB957E02878AD
:10EF00002D284FD02A5D4046102126F0E9FE00282A
:10EF100046D104990BF01C00DAF808200BF1040B21
:10EF2000013C01FA00F009EA560101365358184332
:10EF30005050DFE75046002125F0D8FA0746B0BB15
:10EF400000240DF110080DF10409BBF1000F2DD0C4
:10EF50003CB928782D2804D14FF0FF30CAF80000C2
:10EF60001AE02A5D4046314626F0BAFEC0B948464E
:10EF7000514632462EF058FB90B9DAF80000049A58
:10EF8000012804D15046494629F055F903E050467E
:10EF9000494629F07AF918B9ABF1010B0134D4E7ED
:10EFA000074604E04FF0FF30CAF80000002701A830
:10EFB0002AF0A5FB6AE770472DE9FE4F4FF6FF7870
:10EFC000002800F08F8004461098002800F08A8006
:10EFD0000C9D4FF488701E4691468A460293ADF808
:10EFE0000400ADF8065026F0F7FB00287AD007465B
:10EFF000DDF834B050462FF041F887F83A0097F822
:10F000003E003A4900F0FE0087F83E009BF8000001
:10F01000FF2807F1100018BF5946102231F04AF9B5
:10F0200038463146102231F045F9BD86DDE90E3211
:10F03000E068009701A906F02BFF28B30546407849
:10F0400008B1062823D1A87801381E2822D828899B
:10F05000F886E87887F83D002A783AB1296907F1FF
:10F06000200031F027F9287887F83C000D98109E91
:10F0700049462A463B4600905046B047B0F1FF3F14
:10F0800024DC31F015F821E031F012F82AE031F0FB
:10F090000FF81DE031F00CF82869C8B1297823F089
:10F0A0002BFAA8B10746124840213A462CF096FBAD
:10F0B000D7F830C0BCF1000F05D097F93A000C9A90
:10F0C00031462B46E04738462EF0C4FE4FF000088C
:10F0D0006878062802D1A86961688847E0682946EF
:10F0E00022F002F90FFA88F0BDE8FE8F74310000BB
:10F0F000F45301202DE9F04786B0044618461F4618
:10F1000016460D462DF0C3FD38BB0DF10408D4F8AA
:10F11000AC312046314642469847F0B10E9EA81DBC
:10F1200030F0EAFE3080A868E968354645F8030FFC
:10F130002046696039461AF047FE002861D0D4F8AD
:10F14000580160B13288204629460AF035FFB07078
:10F1500028B1082825D1002556E0012554E004F106
:10F160009809394648460AF073F9C0B1074694F841
:10F170009B00B97C384400F1300AF87C99B1012831
:10F1800039D0022811D1504629462EF0DDFA60B15F
:10F19000254950462EF0D8FA0028DCD105E002209F
:10F1A000B07001252FE0012809D01420F861022059
:10F1B000F87428686968CAF80410CAF800009DF855
:10F1C000042008F101034846394625F0A7FE4846C9
:10F1D0003946032221F068FED4F8580120B10125F8
:10F1E0000020B573B07019E094F82C0003280FD1FB
:10F1F0000220B07010E0504629462EF0A5FA0028F3
:10F20000DDD00125B570B573284606B0BDE8F0879E
:10F210000648807A00289ED10125B57320463946DC
:10F22000324608F04FFAEFE791300000684F0120B6
:10F230002DE9F04F85B015460E464FF0000B0DF14D
:10F240000C084FF000090090ACB2032CC0F087808E
:10F25000404631462BF044F80399481C03909DF832
:10F26000100000F07F00FF30C7B287425FD09DF8EA
:10F2700011202A2A5BD191F9001011F1410F27DCEE
:10F28000009BCDE9016953FA8BF893F8252008F823
:10F29000280FC24601320AF8021D5FFA8BF183F88B
:10F2A000252003EBC106B14609F8300F38462FF090
:10F2B00057FD002843D003993A46F06230F0FAFF38
:10F2C000019EDDF808900BF1010B0DF10C082EE00A
:10F2D00001F14002D2B23E2A29D8009BCDF804B0F9
:10F2E000CDF8089053FA89F893F83C2008F83F0FBE
:10F2F000C24601320AF8021D5FFA89F183F83C2008
:10F3000003EBC10BD94609F8480F38462FF028FD0A
:10F31000D0B103993A46CBF8440030F0CBFFDDF88A
:10F320000890DDF804B00DF10C0809F101099DF811
:10F33000100000F07F00023006442D1A84E7009987
:10F34000002081F8250003E00099002081F83C00AE
:10F35000002088F800008AF8000089F800000020EA
:10F36000032C38BF012005B0BDE8F08F2DE9F04F28
:10F3700087B04FF0FF0830B30C4621B3174612B3E5
:10F380000546008801281CD16888972819D1208853
:10F390004FF6FF711E46884203D1281D30F0ACFDA8
:10F3A00020803878109CE8B93846212130F0A0FD43
:10F3B000A81D0021425C7A5452B101312029F9D1B3
:10F3C00010E04FF0FF084FFA88F007B0BDE8F08F6B
:10F3D000C1F12000022805D37818C1F11F010130C6
:10F3E00030F086FDD5F82700D5F82B10716030601D
:10F3F0002EF0DEFF002C53D0074620468B462DF022
:10F400008BFD4FF000080028DDD105F12F094FF0EA
:10F41000000ACDE903B75FFA8AF5042D3DD299F8C9
:10F420000000012834D109F1010030F0E7FB044667
:10F43000CDF8188006A80E465946009001202246B5
:10F4400033460190384627F023FC002820D499F851
:10F450000A00DDF840B0069B99F8097009F10B022B
:10F4600029460590584615F08FF8584629462246F9
:10F4700033462BF042FD3A4658462946049F24F075
:10F4800089F8059A5846DDF80CB0294623F0ECF9C6
:10F490000AF1010A09F11B09BDE710982FF014FFCA
:10F4A0004FF000088FE770472DE9F04F89B005460F
:10F4B000129803F0F00403F00F0B0DF11008002870
:10F4C00018BF0120103C0392B4FA84F46409204070
:10F4D000D4880290107A92886FF39F2400F03F0046
:10F4E00024036FF39F2244EA00601044019088B225
:10F4F00017286AD3A1F10709EFB242461FFA89F42F
:10F500003846214613F0FAFC9DF81BA00AF00300D0
:10F51000022824D1BBF1030F5ED80398007ADFE8FC
:10F520000BF0140205109DF8181007E09DF8181054
:10F53000884214D10398BDF81610C088884204D0C0
:10F540000DE004980199814209D10298B8B312984C
:10F5500000218368828940461FF020F8E8B15FEA05
:10F560004A7008D41D4C012060710020F2F73EF86B
:10F57000E188E578BBE7BDF81E00844202D9A9EB1B
:10F580000001B4E7384621461FF0B4F90020F2F735
:10F590002DF81248C188C578A9E71298808870B103
:10F5A000129BDA8819689B681A440B7816789E4279
:10F5B000D5D1013802F1010201F10101F5D1039D1C
:10F5C00098E81F001FC5002003E0039900208881F0
:10F5D0000A2009B0BDE8F08F0420FAE79439012031
:10F5E0002DE9F84F4FF00054002A994616460F4671
:10F5F000804618BF4FF080444D1C2AF0DBFA82464B
:10F6000035B140463946002221F0D8FA07460FE0CE
:10F610003C48816C11B10969414506D0C16C11B1FA
:10F620000969414503D0876B02E0876C00E0C76C35
:10F6300037B197F93300B0F1FF3F03DD04245BE0FD
:10F64000032459E0DFF8BCB00A9DDBF8480087428C
:10F6500018D0DBF84C00874229D0404639464A464C
:10F660002B4611F045FD0028E8D02748017E0129EE
:10F6700041D0007E04283ED02448254928302CF073
:10F680005AFB38E0DBF848000022234628F0F0FF60
:10F690002FF056FF1F48002E18BF00F580302BF0CA
:10F6A0009DFDF5B1DBF8480030F062FA0CE02FF078
:10F6B00047FF1848002E00F100501CBF0120C2F285
:10F6C00002402BF08BFD65B1DBF84C0030F050FAB6
:10F6D00038690E49086291F8240040F0010081F871
:10F6E0002400B9F1000F06D0DBF8381040460122A3
:10F6F0002B4611F0FDFC832450462DF03DFD2046A5
:10F70000BDE8F88FE4490120B44801201C490120DC
:10F7100002000040010001042DE9FF414249088830
:10F7200008B9012008804149424D09780831484311
:10F730003F49097800FB01F628780396002863D03A
:10F740002A6C002A60D0686C00285DD0019601A860
:10F750000DF10B01904710BB374F9DF80B107878D7
:10F7600081421CD13548006808B92BF017FE21F002
:10F7700001FC88B104460A20B6FBF0F821F00EF92E
:10F780007968401A642140446143814204D9081ACF
:10F7900000EB8000400000E000200644039626486D
:10F7A000264CFF2141702068007D252814D10DF1E1
:10F7B000030142F2050019F051FA9DF803003228C6
:10F7C0000AD3206890F88200032805D042F2107016
:10F7D000864288BF304603902A6C194903A8904797
:10F7E00090B1652818D1174800210170164920688A
:10F7F000097880F869101549097880F86A101C208A
:10F8000009F0AAFABDE8FF81012014F038FB039843
:10F8100026F096FEBDE8FF810A4900220A70FDF736
:10F82000AFFCBDE8FF8100BFB03E0120D23E012009
:10F83000CC3E01204848012034530120905401203F
:10F84000DC3E0120CF3E0120BA3E0120D03E012007
:10F850002DE9F04F8FB0054604A81C469046894616
:10F8600030F030FA06202DF0D3FE464F002873D03A
:10F870000294189C824630F01BFA06460444404627
:10F880002FF07DFD0444012021462FF037FF8346F1
:10F890000028039464D04046CDE900592FF06FFD55
:10F8A00004460BEB060941464846224630F002FD6D
:10F8B000DDF86080029909EB0400424630F0FAFC62
:10F8C00004A85146012219F0E9FC0746002847D157
:10F8D00004AFDDE90012DDE9195A38460AF07EFF6F
:10F8E000A0443846494642462DF086FE38465946E1
:10F8F0001DF048FD08EB060900240DF11C085445D5
:10F900002DD2384626F0C4FE384659464A462DF0D8
:10F9100073FE384641461DF035FD384626F0B8FEE8
:10F920003846594632462DF067FE384659461DF096
:10F9300029FD34443046544503D9BAFBF6F000FBA8
:10F9400016A041462A4628B111F8013B013802F8B9
:10F95000013BF8E73544D2E707F598570EE000275A
:10F9600004A81FF0E5FA039958462EF03BFC07A8BF
:10F9700020212EF037FC58462FF0CCFE38460FB031
:10F98000BDE8F08F0081FFFF2DE9F04F85B0044600
:10F9900000F503704FF000084FF0000A4FF0000927
:10F9A000002502910190BAF1700F6BD0D4F8B40227
:10F9B00090F82C1003291ED13E49097A032903D15E
:10F9C0003C4A527A012A02D00139012913D804EBAA
:10F9D000080191F8D01189070DD404EB0A0191F8C0
:10F9E0002422D30707D0002302F0FE020125C1E93B
:10F9F000873381F8242204EB080191F8D021920783
:10FA000026D5D4F8CC32039501F5E0755FFA89F27A
:10FA100004A9984704EB0A0797F824B207F5037680
:10FA20005FEACB7005D02846314610222CF06AFEE2
:10FA3000A8B14BF001002946102287F82402304675
:10FA400030F038FC0498C7F81C020125C7F82002E2
:10FA500008F111080AF11C0A09F10109A3E7D7F816
:10FA60001C020499814284BFC7F81C1208460299FF
:10FA7000039D0029E9D0D7F820120F4A114488428B
:10FA8000E3D8E5E7E80702D1D4F8080278B904F52D
:10FA90004275B4F85C21D4F8B012019B284615F0E9
:10FAA0008BFC28462FF074FF0448C4F8080205B008
:10FAB000BDE8F08F644C012017730100401901006C
:10FAC000F8B500F178050446284630F0B9FC08285E
:10FAD0003FD8DFE800F005123E3E1C3F3E4C5A0086
:10FAE00020462946012220F0EBFA616C2046884727
:10FAF0002846BDE8F84030F07FBAA26820460021D1
:10FB0000904720462946072220F0DAFA4AE094F886
:10FB1000C10000F0FB0084F8C100284630F063F912
:10FB200030B1D4E91B018A6904F1880129F0C4F9D4
:10FB30002669284630F06DFBE26E01462046B0474C
:10FB400020462946052220F0BBFA30F0A8F92FF014
:10FB500064FAF8BD94F8C100000703D530F09FF9AE
:10FB60002FF05BFAA16C2046884761691BE02046B4
:10FB7000002119F0BFFCB0F1FF3F30DD20462946DF
:10FB8000082220F09DFA216C0DE004F1C40023F05E
:10FB900097FD064694F8C100012E08D140F00400FC
:10FBA00084F8C100E16B2046BDE8F84008472746CD
:10FBB00000F0FB0057F8A81F787639B1B4F8AE20F2
:10FBC000E36920469847384630F0A2F9002EC0D0AD
:10FBD000F0B2FE2808D128466FF0040102E0284662
:10FBE0006FF0050130F02AFC204629460422BDE8CA
:10FBF000F84020F065BA70472DE9F84F1D46009295
:10FC00008B46814629F0D6FF444A82464FF4A060D5
:10FC10000021012705F1010C002392F860406029C2
:10FC200035D007FA03FE1EEA040F0AD0BCF1000F1C
:10FC300018BF9D4205D1561896F80A80B8F1000FFA
:10FC400004D0203100F580700133E8E724EA0E0487
:10FC50000125737282F8604092F86240B5720134F7
:10FC600082F862409EB142F801902D49BBF1020F2B
:10FC700086F808B0716011D0BBF1010F34D1591D65
:10FC8000B1740A2131820A99896871612CE0FE24DD
:10FC900050462DF071FA60B2BDE8F88F718A5A1D96
:10FCA0000A9B02F00F0221F4706141EA0221718285
:10FCB00021F0F8015A7902F01F0241EAC201718273
:10FCC00021F4C0419A7902F0030241EA423140F244
:10FCD0000362328271824EF6FF721140DA7902F0CD
:10FCE000010241EA023171820B9A42B111785278D5
:10FCF000920042EA411108430A49084300E000200B
:10FD00000099B06101B171600748416809B9C0F854
:10FD1000049019F001F9747ABAE700BF8017002047
:10FD2000D372010001000406B44801202DE9FE4F02
:10FD3000494C00286CD0804618461E4693460D4616
:10FD400027F008FF04F58064002861D0074630469C
:10FD5000594627F0FFFE00285AD08146B84257D9AD
:10FD600028462FF005FB82463918385C2038B0FA57
:10FD700080F045094819495D0D39B1FA81F14A0908
:10FD8000815C0A2944D18418584601922FF0F0FA78
:10FD90004844014611F8012B202A18BF01460846A5
:10FDA00010F8012B0D2A18BF0846014611F8012B47
:10FDB0000A2A18BF01460134881B0E99A9EB0406D4
:10FDC000162E086012DB01990AEB0500234A08444D
:10FDD000002138440130535C455C9D4206D101311D
:10FDE0001629F8D11C4800F1800411E04C450CD2D2
:10FDF000009602AA002000212346FDF75DF82C3072
:10FE000009D1154800F5557402E0134800F56074F7
:10FE10002046BDE8FE8F029901202FF06FFC90B1C3
:10FE20000299009602AA23460546FDF745F870B1EF
:10FE30000299044628462EF0D5F928462FF06AFC90
:10FE4000A4F58854E4E7044800F54074E0E702981C
:10FE50000024C8E90050DBE780EBFFFFCB2D00005A
:10FE60002DE9F8431F469046894605462AF0BEFD17
:10FE7000A8B104464648007A02285DD094F83001C3
:10FE8000D4F8286168B1706A2FF0A8FFD4F828016F
:10FE9000406A2FF020FA204622F0CEFB2AE0FF260F
:10FEA00072E03846314628F016FB18BB708D484585
:10FEB00020D1706A2DF030F8E0B104F150063046E0
:10FEC0002EF0DEFFB0B130462EF0EAFF90B1D4F84C
:10FED0002811E068A36900220026496A984794F82F
:10FEE0003001236900210022013084F830012846C6
:10FEF000984749E0002084F83001D4F82801406A8E
:10FF00002FF06CFFD4F828513946284628F0E3FA40
:10FF100058B104F15005284623F05AFB284626F034
:10FF2000C7FD28462CF07FF806E0688D4FF6FF717C
:10FF3000884218BF4845ECD1D4F8280104F1E805FF
:10FF400042462946A0F82A9094F8320100F0CF00EA
:10FF500084F8320100202AF027FE2046294629F0A5
:10FF60009FF994F832010321012640F0020084F841
:10FF70003201012028F0DDF9A4F8040194F83201DF
:10FF800040F0040084F8320170B2BDE8F88300BF8D
:10FF9000644C01202DE9F047DFF81CA1DAF82400B9
:10FFA00038B1DAF82C000130CAF82C000020BDE886
:10FFB000F087DAF8180010F10109CAF818900BD38D
:10FFC0003E484168826842608160DAF83000013062
:10FFD000CAF830002AF080FADAF8201000208945AB
:10FFE00063D3DFF8D880364BDFF8D8E04FF0010C50
:10FFF0000021D8F804201268002A51D0D8F8042033
:020000022000DC
:10000000D268D668374657F8042F91454AD3D6E9C7
:1000100002547269AC60D6E902456C605468BC4217
:1000200001D1F468546070611468013C1460B26AD4
:1000300082B1D6E90745A560D6E907456C6006F1AF
:1000400018045568A54201D1346A5460B06214683E
:10005000013C1460F26A02EB82040CFA02F203EB38
:1000600084046468B460A568F560DAF804502A4333
:10007000CAF80420A2685760A760F26A02EB820205
:1000800003EB8204746153F82240013443F82240A8
:10009000F26ADEF80040E46AA24288BF0121A8E7C4
:1000A0004FF0FF320846CAF82020DAF8281000295D
:1000B00018BF0120BDE8F087DC470120F846012089
:1000C000DC110020A05401202DE9F04F03AF85B0D2
:1000D0004FF6FF78002A00F086809B46002B00F048
:1000E000828006464348B2F80AA0D2F8149014461B
:1000F00047F8181CC56885B1686931462DF02CF9A0
:1001000028B128464946524623F0F8FA58B91C202F
:10011000294630F02FF90546EDE7304628F0E0FE9D
:10012000054600285FD06869A7F112012DF09CFFF9
:1001300030B38146608947F81CDC083020F00700A6
:10014000ADEB0006B546B4F80AA0616930465246E8
:1001500030F0B0F80020BBF8341037F8122C06F855
:100160000A0095F9180084B0CDE900B1B96957F8D3
:10017000183C0296C84704B057F81CDC002832DC53
:1001800062896169284623F0B9FAB8B1816851B330
:1001900095F91B102346B1F1FF3FDCBF08218BF816
:1001A0003B10697EBBF834208BF83A1095F9191092
:1001B000856808465946A847804614E0E07890B91B
:1001C0000C489BF93A10406884B04FF0FF3284230A
:1001D0004FF00008CDE9003200222346CDE9028825
:1001E0001BF098F804B0A7F10C040FFA88F0A546AC
:1001F000BDE8F08F1C5101202DE9FE4314468122F9
:100200008DF80A2001AA20F0D7FE0428C0F08180D2
:10021000019801782170417861708178A170E1784E
:1002200021F00702C17811F003010A44E27002F0E4
:10023000C302C37803F038031A44E27003EB0102EF
:10024000C37823F03F0302EB0305BDF808304FF0FD
:100250000202E57018BF022914D1043B9EB29642F7
:1002600057D3A3EB02090229ADF8089003D0012966
:100270000CD000294DD1017900F106082171417996
:1002800061710BE0012944D10622E6E70430211D0B
:1002900028F052FFE578BDF808908046C5F3C20704
:1002A0000021002638462CF078FE1FFA89F18142A1
:1002B00030D3A9EB0000022FADF8080007D047BBF0
:1002C000404630F00DF8E57808F10208A081C5F34A
:1002D000811038B302280ED001281AD198F80000F6
:1002E000BDF80810207580000130884211D808F14F
:1002F0000100A06116E005F0070001280DD160891A
:100300000730C108C0F3C7002176BDF80810884245
:1003100006D000263046BDE8FE839DF80800207612
:10032000C4F814800126F5E72DE9F04F87B0164692
:1003300081460846194601221D4627F019FB002870
:1003400058D007464069102854D1484626F058F93D
:100350004846394622F0E4FE00284DD14846314651
:100360002A46012321F0C8FE002845D14FF000089D
:100370001022CDE90488CDF81880CDE9028802A8C2
:10038000009003A948460B46F9F760FEA0BBCC4697
:100390004CF8488F03AC17CCE64616BA25BA0FBA0C
:1003A000CCF88480CCF804804EF8808F0422CCE90D
:1003B000105603BACCE930730AB35FEA530109EB74
:1003C000C2004FEA3704FB07520843EA5607F30717
:1003D000C0F8C84043EA550605F001035B42C0E996
:1003E000126735463E46274603F061434B40C0F84E
:1003F000CC30E1E76FF0130007B0BDE8F08F4FF0AD
:100400000208B8F1080F24D80CEBC8005CF838A03B
:100410005EF838B008214C4646680EEBC8004768C5
:100420004FEAC800884211D0D4E934352218083187
:1004300083EA0B037D40C2E93435D4E9143508342E
:1004400083EA0A037540C2E91435EBE74FEA48082E
:10045000D7E70020D0E770472DE9F04190B000F1D8
:100460007805044628462FF0EBFF062800F2888026
:10047000DFE800F004860B863D4D560020462946F5
:1004800006221FF01DFE616C45E028462FF0ABFCF4
:10049000A8B302AF002100224FF00008384627F031
:1004A000E3FD0646E06E2FF0AEFECDE90801BDF893
:1004B000140094F87410ADF8188000223B4640F008
:1004C000C000ADF81400E06ECDE9006100212830D5
:1004D0000DF0FCF938B1014694F87400E36930443A
:1004E00082B22046984720462946042246E02669E3
:1004F00028462FF08EFEE26E01462046B047204689
:100500002946052210B0BDE8F0411FF0D9BDA16C0D
:10051000204688476169204610B0BDE8F041084791
:10052000E06E94F8C430D4F8B410D4F8C020283069
:100530001DF056FE002823D4E06E04F1880202A9C3
:10054000283015F090F8D8B1E26EBDF808100646D4
:1005500013F0B2F9074630462EF00AFC002F0FD4F4
:1005600028462FF049FDE06ED4E928232EF037F914
:10057000E168204688472046294602221FF0A0FD58
:1005800010B0BDE8F08170472DE9F041414F0446BD
:100590007878C8B1DFF80081B8F85400B8F8561080
:1005A00088421ED008F1380120462AF064FA80B94A
:1005B000D8F8480010B10069A04207D008F1400106
:1005C00020462AF058FA03E0BDE8F081D8F8480048
:1005D00038B1B0F9301020460A224FF0E0430BF05A
:1005E00071FD29F0E7FA2D4D0646284602C8A142C2
:1005F00008BF28460021016078780138787000062D
:1006000036D17C60387E02280ED1082024F09CFB75
:1006100030462CF0B1FD04F150004FF0FF3126F0D0
:10062000E7FE29F0C7FA064605F1280022F0E4FAB1
:1006300040462BF0C7FD1A4822F0DEFA08F11C00F4
:100640002BF0C0FD17482BF0A1FD17482BF09EFDA5
:100650001648416811B107F15000884707F128009A
:100660002AF01CFE1248807810B10D200BF0D4FC4B
:100670007868A04204BF0020786030462CF07CFDF2
:1006800004F15000F7F7E1F804F1B800BDE8F041DB
:100690002BF07CBDB4480120E44901201C49012015
:1006A000E4370120DC360120983601204C5301202C
:1006B000183300002DE9FE4329F07CFADFF80C9195
:1006C000804699F80100B8B1414803220168826070
:1006D000C80711D03F4C206841680220884701902C
:1006E000206841680120884702903B4801A91C30DE
:1006F0001CF051F926F092FED9F80450EDB13649BC
:10070000686A01AF01F11C06A96A884219D2304615
:1007100039461EF087F9013011D0D5E90912E86990
:10072000541A08443946082C28BF082422462FF0C2
:10073000C1FD686A20446862E6E700240CE0D5E960
:1007400009010024884207D309F10400294627F053
:100750002BFF85F83240012499F8010088B9D9F8B7
:10076000040018B180682DF057FA0AE01A481C30CE
:100770002EF0B5FC28B9194A4FF0FF3001211AF0CC
:100780004BF940462CF0F8FCF4B1A868002201684F
:10079000CA628A690AB10223137091F83030012BC2
:1007A00007D0022B10D101F1340027F075FFBDE80E
:1007B000FE8322B1CB6800219847BDE8FE830C6917
:1007C000CA698B6A0021A047BDE8FE83984E0120CC
:1007D00008800240CC010010284E012080A90300AF
:1007E0002DE9FE4F0446DFF80881894694F8B810D9
:1007F00098F8000061B13F4A3F4900284FF03205A8
:100800004FF0060B08BF114608BF2A2508260BE04B
:100810003A4A3B4900284FF02C054FF0000B08BF27
:10082000114608BF242500266068D4F828A02A466F
:100830002EF056F97019666849462081B01C2FF0D9
:10084000DCFC3048C11C06F10A002FF0D6FC94F8FD
:10085000B80020B1C6F813A094F8BA00F0750BEBFD
:10086000060705214FF0050907F11B0022F0DEFD08
:10087000254890F900005028C1B2A8BF5020523836
:1008800080294BF0210108BF4FF0FF30705498F8D9
:10089000000020B107F1250005211FF068FF0420AA
:1008A00094F8B82084F8149084F86B00002020801D
:1008B000A2B1C4E9170063682089D4E909C15F19AE
:1008C000451B2762ADB2CDE900070CF1150002957A
:1008D00009F0C8FE28B10026607005E0C4E91700E1
:1008E0002062204614F03CFA3046BDE8FE8F00BF7F
:1008F000C43E012037200000AB1A00003422000063
:10090000E11F00008C3D0120D63E01202DE9F04F73
:1009100085B0484F9946044600F1100A4FF001088F
:100920000DF1100B019104922BF0F8F8A06BE16B24
:1009300088424FD3B9F1020F4CD0049800285ED002
:100940005FEAC87003D0386B0290B86903902DF04D
:1009500093F8786A013078622BF0E0F894F844005C
:10096000FF2804BF002084F8440094F84500FF28C5
:1009700004BF002084F845002DF07EF802A85946F7
:100980001EF05CFD00283DD12BF0C8F8A66BE56B8E
:100990002DF072F8AE4216D1049950462BF0CEF8E5
:1009A0002FF0A4FB00F092FE4FF000080028BBD10E
:1009B0001F484FF080514FF000080160BFF34F8F88
:1009C000BFF36F8FB0E72FF091FB00F07FFE4FF089
:1009D0000008A9E7019920464A4615F09FFC54F803
:1009E000241FA9B1204606F02DFDD0B110494FF0CB
:1009F00080500860BFF34F8FBFF36F8F11E02DF071
:100A00003BF803E02FF072FB00F060FE00200BE0EB
:100A100038B107494FF080500860BFF34F8FBFF3E4
:100A20006F8F2DF029F8012005B0BDE8F08F00BFD1
:100A300004ED00E0DC4701202DE9F84390460E4626
:100A4000814615F0B3F800285BD086B1022E16D08F
:100A5000012E12D13E4C606890F9340000280CD56C
:100A60003E4A2FF044F8616881F834002CE0384C9D
:100A7000606890F9350000281DD400242BE0344C28
:100A8000616891F93600B0F1FF3F05DC324A2FF082
:100A90002EF8616881F8360049695FFA89F4C9B1B6
:100AA0008879A04202D1C879022811D008202FF0FD
:100AB00061FC0146F3E7274A112040F222211AF097
:100AC000CCFE616881F835000024002803D518E0C9
:100AD0008D88BDB901240125A8B2132804D827F0B8
:100AE0007BFE10B10135F7E7142510202EF038F900
:100AF0000746A8B2142818BF002F06D138462EF09A
:100B000037F90025A8B2BDE8F88394B120202EF073
:100B100027F90028F2D004460D48182122464068E3
:100B20001C302CF0A1FE002084F802902580A4F84F
:100B30001300074808213A46406814302CF094FE10
:100B4000FE71BD8087F80690C7F80080DAE700BF25
:100B500044530120E3FB0200BD3F01008D1E020053
:100B60002DE9FC410E4619461C46904625F0C8FB6F
:100B7000002800F0848005460898ADF800400190F8
:100B8000B5F8050000F4E051B1F5E05F20D03D4933
:100B90008A7BA2B1B8F1000F11D0B2420FD8097B05
:100BA000C0F341328A420AD220F4C04100F500501D
:100BB00000F4C0400844A5F80500BDE8FC8120F41D
:100BC000E05100F5806000F4E0500844A5F805000D
:100BD0002C4A117C01292BD1176B04EB440037F808
:100BE0001010314407EB400627F81010307901301F
:100BF000B8F1000F307106D004EB440007EB400061
:100C0000C1780131C170B5F805002946002220F0F5
:100C10001F00A5F8050030461CF03AFA78B304EB43
:100C2000440031886B4607EB4000C278284624E038
:100C300000F01F01B8F1000F15D18B191F2B12D82E
:100C4000811920F01F0001F01F010844A5F80500DC
:100C50001078A0B1814212D392F91400936A22460F
:100C60009847BDE8FC8120F01F00A5F80500288802
:100C700028B131446B462846012208F025FBBDE827
:100C8000FC8100BF384D01202DE9FC4FCB7BDFF804
:100C90001CB18C4682460F25009203F00F0300EB37
:100CA000C303D3E91287D3E932E9002D53D4384680
:100CB0001CF805700F2D02D14646034629E007F0C7
:100CC0000F064FEA0E735C46524661460AEBC606B3
:100CD00043EA101BD6E912A3D6E932C601960607ED
:100CE00083EA0B03A3464FEA1E1446EA181601983E
:100CF00044EA097486EA0A06924608F00F0284EA7A
:100D00000C0E8C465BF83220120482EA191282EA39
:100D100000093A094FEA0E77013D0AEBC20247EAA1
:100D20001317D2E91241D2E932204F404FEA1E1187
:100D300041EA097181EA020E190741EA161184EAB3
:100D4000010806F00F015BF83110090481EA19115E
:100D500081EA0009A9E700994FEA182088734FEA51
:100D6000184081F80F8081F807E0CF7281F8039076
:100D700048734FEA186008734FEA1E2088714FEAE3
:100D80001E4048714FEA1E600871380A8872380C9C
:100D90004872380E08724FEA192088704FEA1940DD
:100DA00048704FEA19600870BDE8FC8FE816000033
:100DB0002DE9F04104460020D4F8807084F87300D7
:100DC000002F62D0656BB4F8406007F10C002BF087
:100DD0005EFF97F80C80B8F1FF0F05D0284621463A
:100DE00002F0D6FC80B974E0062004F109012072FB
:100DF000D5F86C01408C2EF006FFB87E042161F31B
:100E00005F10E072F87E2073A01900F1880694F854
:100E10005C00400705D4B4F8660004F109012EF027
:100E2000F2FE103605F58C71304628F025FB08B12E
:100E300003200DE0D5F86C01818C4FF6FD708142E6
:100E400005D8304623F0E8FF08B1022000E000207A
:100E5000214601F81C0F28461BF01EFEA8B12146B2
:100E600011F8080F821E022A1AD306280DD195F810
:100E70009600C0060ED5B4F8760000070AD42846BE
:100E800027F02DFAB0F1FF3F0ADC2046BDE8F04123
:100E90001FF01CBF04F10B014FF6FF702EF0B3FEE4
:100EA000284621460FF058FD0146284623F0AEFAA9
:100EB000A8F1FF010438B1FA81F182B205F18C008A
:100EC0004B09214602F05EFF18B191218187BDE8F0
:100ED000F0810020BDE8F0812DE9F04F87B0814618
:100EE0004248A0F5807842B3834603A81F461546C2
:100EF0000E462EF0F1FE6C1E305D00B348463146C2
:100F00002A4608F08FFC002844D048462AF0C8FF43
:100F100048462FF035F802202CF092FB0146484657
:100F200027F08AFE30B9D9F8040031462A46FAF78C
:100F300097FA78B348462AF0B3FF474651E0109835
:100F40000DF1180A2A492B4A3346CDF808A0CDE9FD
:100F5000007003A8FEF7EAFE10F59C5F1CD0074660
:100F600010F5985F1BD017F5845F1AD0CFBB022015
:100F70002CF066FB0146484627F05EFE074650BB54
:100F8000D9F80400DDE90312FAF76AFA074610BB44
:100F9000002723E0002724E00BF1800721E05F46D3
:100FA0001FE0305D0028A9D100201349134ACDF875
:100FB00008A03346CDE9000003A8FEF7B7FE10F500
:100FC000845F9BD0074660B9DDE90312484608F00C
:100FD00029FC074610B148462AF062FF03A828F012
:100FE000A1FB384607B0BDE8F08F00BF00C4FFFF8B
:100FF00048270000672700005C2B0000E22B000060
:1010000070B588B03F4C0DF11E0142F20400A047BC
:101010000DF11F0142F20500A04706A942F20100AE
:10102000A047394C39489DF81E100DF10705606343
:10103000374820653748E06664204143E1629DF807
:101040001F104843A0643448007818B342F20300EC
:10105000294617F003FE28462AF0A0F89DF81F0045
:1010600070B1069860B104F14400012101251FF020
:1010700066FA20461CF0D2FB84F8245084F82050F5
:101080000DF107052EF0B6FC28462AF097F82EF051
:1010900006FD09E02EF0AEFC28462AF08FF82EF06F
:1010A000FEFC204618F026FB1C4890F8530026F062
:1010B00083FBC07B022804BF012084F8800094F8E1
:1010C0008400E0B92FF0D9F8154E01250DF1060185
:1010D0005D20756220F010FD9DF8060086F83C004A
:1010E000B08C40B1272148432FF0D3F8306310B9BA
:1010F00000202FF0C4F823F0A5FD84F8845008B038
:1011000070BD00BF5D8C03002C1000207D590300D2
:10111000DD8302005DB10400C43E0120FC15002007
:10112000A43701202DE9F0410546880058BFBDE8ED
:10113000F081002000241AF023FD3D493D483E4F38
:10114000CC61086040F60A008846B887FC8797F8AB
:10115000480000F0F00087F848003C6497F8490028
:1011600000F0F000013087F8490028460BF09AFEA5
:10117000AC68012021460E46496849B10A88A2F6AA
:101180000302072AF7D800FA02F212F0830FF2D016
:10119000707B00F0F000707307F13C00706027482E
:1011A000806B28B1C0680088A0F6030002281AD31B
:1011B000284630F8381FB1B10021E96369873864E7
:1011C00095F8440095F8451000F0F00085F84400CB
:1011D00001F0F000013085F8450097F8490000F073
:1011E000F00087F849002CF0F9FE1548F86197F8EF
:1011F000250030B127F028FA0028FBD01EF0B8FBFC
:101200000BE001202EF0C6F9012806D0707B00F01B
:10121000F000013070730B48F86100202146C8F8D7
:101220001C00C8F800400120BDE8F0412AF066B873
:101230000010044001010E04B4480120E4490120DB
:10124000D1AC0000D9E90300F8B53D4D044628783B
:1012500008B12AF0A3F83B4F386808B92AF09EF885
:10126000394E0120072C3470287023D8DFE804F0B1
:101270000404221C2522221C3A6834480021D28A08
:101280000170344901F14E00520658BF01F12500AA
:1012900002782F480270CCB9C978B9B1D1B202290D
:1012A00028BF0221017011E028480021017026F0BA
:1012B000F1FA0FE02AF072F80CE03868234A90F84F
:1012C000691090F86A001170214908700EF0D0FA88
:1012D000386830B32048007868B9386810B92AF007
:1012E0005DF8386840681D4A01788078107001F018
:1012F00020001B4908703078072812D8012101FA14
:1013000000F010F08C0F0CD028F054FC317802293A
:1013100008D1832129702BF02FFFBDE8F8402BF076
:10132000A3BBF8BD0F49097819B90F4909780029FD
:10133000EFD002212970BDE8F8402BF01DBF00BF9F
:10134000CF3E012090540120D13E0120BA3E012021
:10135000D03E0120FC150020DD3E0120DE3E0120B4
:10136000DB3E0120C83E0120CB3E01202DE9F843A1
:10137000054600780F46810623D4DDF82080164606
:10138000410620D440F08001802916D140B2B0F14E
:10139000FF3F03DC052F22D30435043F0EB318684A
:1013A00058B1988848B1D988024601F51671814232
:1013B00038BF0A468142DA802DD24FF0020901245B
:1013C0002DE001265FE02EF097F895F90000B0F1CE
:1013D000FF3F02DD4FF0040921E0052F08D2062669
:1013E00051E0B8B24FF00209012812D1012441E0C6
:1013F000681C2EF0B4FED8F8001021B982B2404625
:10140000002128F072F80435043F4FF0040900244D
:1014100005E0022637E02EF06FF84FF00309013F98
:10142000380427D076B3D8F8000020B9BAB24046C5
:10143000002128F05AF8B8F80600B8F8042005266C
:1014400010FA87F191421ED8D8F80030691CBAB260
:1014500018442EF02FFFB8F80600B8F804103844EE
:10146000A8F8060080B2401A18BF0120C00718BFB4
:101470004E4608E0002E4E4618BF0726002C08BF37
:101480004E4600E04E463046BDE8F883BCB5364CCB
:10149000364D07202146A84706202146A8470720A9
:1014A00000212DF08DFA062000212DF089FA304C14
:1014B0000F202146A8470E202146A8472D4C0F207B
:1014C00021462AF071FE0F202BF04AFE0E20214605
:1014D0002AF06AFE0E202BF043FE27482849294CAB
:1014E000294A0368254809680068CDE900010820F9
:1014F00021462CF036FC2548264A2146036824481C
:101500000068009008202CF02CFC05F0C9FB26F0A8
:1015100061F828F051FF10B128F056FDFEE70120D8
:101520002AF02CF9044628F04FFD04B1FEE71A4CCE
:10153000002100220023009141F2336194F901005F
:1015400001F016FD1549164B0722A0700EF044FD60
:1015500094F902001349144B01220EF03DFD20F0D6
:101560000BFE0020BCBD00BF006000207B0005001A
:1015700002400120CD740400A8540120AC54012085
:10158000B054012081360000CF1E0000C05401205D
:10159000BC540120751A000014540120DC360000F0
:1015A00049FF02007C360000550D040010B5464B83
:1015B0001A68002A00F087801A2800F28480DFE889
:1015C00000F00E19162024282C3034383C404448B2
:1015D0004C5054585B5F63676B6F72757F00106887
:1015E00001301060186842691144416110BD906972
:1015F00008449061506813690130506058181061B8
:1016000010BD90680130906010BDD0690130D0618C
:1016100010BDD0680130D06010BD106A013010627A
:1016200010BD506A0130506210BD906A0130906266
:1016300010BDD06A0130D06210BD106B0844106339
:1016400010BD506B0844506310BD906B084490630C
:1016500010BDD06B0844D06310BD106C08441064FA
:1016600010BD506C0844506410BD906C08449064E8
:1016700010BDD06C084401E0D06C401AD06410BD9D
:10168000106D0130106510BD506D0130506510BDFA
:10169000906D0130906510BDD06D0130D06510BDEA
:1016A000A2F8601010BDA2F8621010BDB2F866007A
:1016B000A2F8641088423CBFA2F8661010BD02E098
:1016C000906E0130906610BD885401202DE9F041E4
:1016D0002AF024FA404D686A01386862686A28B1C5
:1016E00000242CF0C9F92046BDE8F08128690024C7
:1016F0000028F6D0DFF8E4803949DFF8E8C04FF081
:10170000010E0026D8F84C30002B4AD0D8F85830BB
:10171000DE68D6E90772B36ABA60D6E907277A604D
:1017200006F118025F68974201D1326A5A60B462CA
:101730001A68013A1A60D6E9022773699760D6E9F8
:1017400002277A60371D5A68BA4201D1F2685A609E
:1017500074611A68013A1A60F26A02EB820301EBC3
:1017600083035B68B3609868F0600EFA02F06A6801
:1017700010436860986847609F60F06A00EB8000E3
:1017800001EB8002726151F82020013241F82020E3
:10179000F06ADCF80020D26A904228BFC5F828E041
:1017A000B0E70EB128F098FEEC6A44B10126FEF7CE
:1017B000F1FB00B1AE62013CF9D10020E862A86AF9
:1017C00000288DD008484FF0805101240160BFF3FC
:1017D0004F8FBFF36F8F84E7DC470120F84601206D
:1017E000DC110020A054012004ED00E070B58CB0A5
:1017F0003F4E306808B10CB070BD3E48006800280C
:10180000F9D03D48C0790228F5D028F0D3F9394DF8
:101810000446284612F034FB284635210CF094F992
:1018200030B12EF03CFC0CB0BDE8704024F000BCA0
:101830000BA80DF12A0115F0FDF92E4825212DF0F8
:1018400097F850B32D4D95F82400D8B12C4890F856
:1018500053002BF04DFE06282A486FF0030108BF05
:101860006FF00C0190F82F0008440B99814211D2BF
:10187000204825210CF068F92EF011FC002085F895
:10188000210030E01B4825210CF05EF92EF007FC0A
:10189000192011E0012085F82100164815210CF0CF
:1018A00053F960B130686946703021F0D3F80546CD
:1018B0002EF0F5FB35B12846FBF762FC9BE72EF0D6
:1018C000EEFB98E70F490B9A0C4891F82F108A42CB
:1018D00006D290F8241019B11C2007F03DFA8AE7CF
:1018E000002180F822100420FFF7AEFC83E700BF40
:1018F000905401207C3D0120EC5201202C1000204E
:10190000FC150020701500202DE9F047814618785D
:101910001C4690460D46FF2807D00020822D02D19C
:101920003D498C4205D0BDE8F087607810F00E0F7D
:10193000F3D014202EF04EF906460020002EF2D0EF
:1019400086F87400012006F11D074FF0040A0022FA
:1019500086F87350C6F8349086F87200A020394695
:1019600086F81CA086F878004420B08796F87500A9
:1019700040F0040086F87500B6F8760020F4406068
:1019800000F58060A6F8760048460DF0D7FCB0F16F
:10199000FF3F04DC0020F860B8607860386006F132
:1019A0000900842D86F808A001D11D4907E0822D89
:1019B00004D119498C4201D1184900E02146102276
:1019C0002EF078FC06F1090130464A46F6F704F994
:1019D000D6F88000D0B1B6F8400006F18807391873
:1019E00040462EF010F9014600202EF00CF9214659
:1019F000102205462EF05EFCE81B1030A6F84200CF
:101A0000304629F07CF83046BDE8F08730461FF0BC
:101A10005DF90020BDE8F087913000002130000022
:101A2000313000002DE9F04F89B015460E460446CE
:101A300028F01CFD00287DD0404801684068CDE9B1
:101A400004106888082805D1A96808684968CDE9A4
:101A5000060114E0A9684A7808788DF819208A7878
:101A60008DF81A204FF6FF62ADF81B20CA788DF86A
:101A70001D200A798DF81E2049798DF81F1080F0FD
:101A800002008DF818003078112821D0182816D0BF
:101A900017284FD1B08804AF81B210294AD310F073
:101AA0000F0047D16B68B2682046394620F084FBAE
:101AB000B088B16810381031B080B160ECE7686868
:101AC0003379B268009004A920460FF085FE31E01A
:101AD0007068B0F5815F2DD131890DF10E0A40F2A9
:101AE000291B4FF000080DF10809080422D0F06806
:101AF00089B2524624F08CFEE0B10746BDF80E00D4
:101B0000584510D1F0683189CDE9018801AA4B46CA
:101B10001CF04EFADDE9011208B902B919B16B687F
:101B200020460DF0E9FC3089C11BF0683181384452
:101B3000F060DAE709B0BDE8F08F00BF14350000AF
:101B400070B5064605460C46802256F8280B00F074
:101B50003F01701800F8012B372904D8C1F1370173
:101B60002EF0C6F90BE081F03F012EF0C1F92846B6
:101B70003146E4F76FFF304638212EF0B9F9D5E948
:101B80000001C20085F86720420985F86620420BF3
:101B900085F86520420D85F864204A0985F86220A1
:101BA0004A0B85F861204A0DC90041EA5070314660
:101BB00085F8602085F863002846E4F74BFFE87A53
:101BC000207068896070A868000AA070A868E0703A
:101BD000E87B2071E8896071E868000AA071E86814
:101BE000E071E87C2072688A60722869000AA0723D
:101BF0002869E072E87D2073E88A60736869000AEA
:101C0000A0736869E073E87E2074688B6074A869CB
:101C1000000AA074A869E074E87F2075E88B6075FD
:101C2000E869000AA075E869E07595F82300207658
:101C3000688C6076286A000AA076286AE076A86E2A
:101C400048B995F827002077E88C6077686A000A21
:101C5000A077686AE077002070BD70472DE9FF41EA
:101C60003B4E96F8420100286AD1012086F84201D5
:101C70002DF09CFC374F86F87001374D7868C6F818
:101C80006C01387B86F84101A86810F4402F13D10D
:101C9000386988B128686421C0F3066000FB01F44C
:101CA000ECF780FBB4FBF0F22C4906F19400002322
:101CB0001EF052FE2CF024FF01AC20462DF090FEC9
:101CC0002749A846002506F10C0000222DF074F9E2
:101CD00020462DF085FE234906F1500008222DF004
:101CE0006BF9214A06F1D8003221002311F080FA65
:101CF0001E4C1F4A06F1F4002C21002325604546A6
:101D000011F076FAD8F80800797BC0F3815021B140
:101D1000032804BF012186F83911032803D040F0BD
:101D20000200022810D1206840F04000206002200C
:101D300024F0F6F96868400702D4002024F0F0F996
:101D4000002004B0BDE8F08122F030F9F2E700BFD6
:101D500038410120642E0000AC4F0050E1F3040034
:101D6000E3B80100791B0400F572030090220840DB
:101D7000259D01002DE9F8431D46434BDDF82080E9
:101D800043F606061C68038814F0007411D0B342B1
:101D900027D0B3F5C15F33D040F60206B3423ED13F
:101DA00000F112030B604169116081692960C1690A
:101DB0002EE0B3420AD0B3F5C15F03D040F602066D
:101DC000B34203D100F11203143002E000F11A0310
:101DD0001C300B600068106000202860C8F800000C
:101DE0004BE000F11A034FF000090B60C16911606C
:101DF000016A2960416AC8F8001000F118011CE06E
:101E000000F112030B6041691160416A2960816A27
:101E1000C8F8001000F1100190F80F900DE000F1EB
:101E20001A030B60C1691160816A2960C16AC8F830
:101E3000001000F1180190F82490286868B10E880D
:101E40002DF0F2F8042808D8074606F007014846A6
:101E500018F0CAFC296841F82700D8F8000060B1E2
:101E60002DF0E2F8042808D805464846FF2118F06E
:101E7000BBFCD8F8001041F82500002C18BF012445
:101E80002046BDE8F88300BF941200502DE9F04FC2
:101E900089B00646007800287ED1B08804287BD31C
:101EA0001EF07AFF0546B0882CF072FF83460028AA
:101EB0006CD0002D69D0B38896F9010029465A46A6
:101EC0002CF0A8FC9BF800A0BAF10D0F5ED0804664
:101ED000BAF10C0F1BD11FFA88F102AA58461BF069
:101EE0007FF9002852D0069804991022C5E910B055
:101EF000BDF81600A5F84800681C2EF0DBF9DDF8E7
:101F00002090BDF81E80002799F800A005E096F902
:101F1000020026F075FC0746D94609F101002CF0B5
:101F20006FFEA8621FFA88F148461AF039F868BBBC
:101F30002FB13A681AB196F90200691C9047184906
:101F400070784968E876A8F1040009F104081FFADE
:101F500080F94F69D7B1B078B97981420FD138682B
:101F600068B1B888696A524643462883B078A87633
:101F7000B8883C68CDF80090A047012805D008201B
:101F800039462EF0F7F90746E4E70025284625F004
:101F9000DFFA58462CF0ECFE09B0BDE8F08F00BF28
:101FA000445301202DE9FE4F054641481746894616
:101FB00001AA0DF1080B4FF0010A063000902846E7
:101FC0004946312326F098FD002865D128680199FB
:101FD0003C464618284631465A46302326F08CFDAA
:101FE00068BB0298012854DB29682246062301EBCE
:101FF00000080878414601C2284626F07DFDF0B968
:102000002868A060606829680144A8EB0100296085
:1020100001283EDB26480A7804301E2A37D8254B93
:102020000AFA02F21A4232D0481C04F11002286067
:1020300008784146E06028460CF0F6FD80B1B0F526
:102040000E5024D12868B04215D00120202184F8F8
:102050001CA02DF053FBA06100280446BAD115E066
:10206000286860612069296808442860404517D1C4
:102070000020A061E6E74E4515D0012020212DF07B
:102080003DFBA0610746002801AA98D10748BDE89A
:10209000FE8F0098BDE8FE8FA0F50E50BDE8FE8FC4
:1020A0000348BDE8FE8F0020BDE8FE8F80D7FFFF0C
:1020B0001ADCFFFF0810585070B542490B784A7877
:1020C0009A4288BF0A70013A4A708178013903291F
:1020D00088BF70BDDFE801F00219353B4468206815
:1020E000017BFF294BD090F90E002DF08FFA20686C
:1020F000407B800735D421793348E288017021681C
:102100008280097B2DF0ECF939E0456825B3AC6B92
:1021100014B3207BFF283AD0A068C0B3607B80074F
:1021200039D404F11C0630462CF062FB30462946B7
:1021300027F015FC20461EF00BF830462CF058FB1B
:102140003AE04468C4B320461EF002F834E08089C7
:10215000BDE8704009F016B92846BDE870401EF091
:10216000B5BDA068184D002628612846217900F8E1
:10217000081F2168097B46602DF0B2F92E612068A6
:102180002BF01AFC2046BDE870402CF0F1BD28462B
:102190001EF09CFD10E094F90E002DF037FA0A486D
:1021A000002100F8141F227B42706A6B527BC0E949
:1021B00001518270A16888472046BDE870402BF02D
:1021C000FBBB00BFD9500120B04F01202DE9F047E3
:1021D000984691460D46064628F0AEFB18B10EF023
:1021E0005FFD002761E0A4202CF0BAFD044641F613
:1021F00010102CF0B5FD0746002C4FD0002F4DD00D
:102200002046A4212DF074FE384641F610112DF021
:102210006FFE41F6EC00DFF898A03844D04741F655
:10222000F4003844D04741F6FC003844D04741F62A
:1022300004103844D04704F14000E766D0471D48F9
:102240000021224600272CF0B3FDC4E91C59C4F834
:102250007880C4F8A0601849184A194BD6F868016C
:102260004568A847D4F8A0001649D0F868018268EC
:10227000904701201549164A164B174D174E2086D8
:102280004AF2ED00A0841048C4E90365C4E90732AE
:10229000C4E90510E06E21F003FB06E020462CF0B7
:1022A00067FD38462CF064FDFE2778B2BDE8F08764
:1022B00091FF0400D453012071840000554A0100AD
:1022C00003F803004D470200439A040049B103009C
:1022D00011EF0400A9DA04002B8B0300B999000068
:1022E0002DE9F84F0D464049002B9146096818BF6B
:1022F0001946866B002701F48072C1F3004AB2FAD6
:1023000082F04FEA501BB846002E6AD096F82100A2
:10231000800728D4304629464A461EF079F910B382
:10232000B8F1000F37461FD0404614F0FDFD0446BB
:10233000304614F0F9FD8442374615D3A04212D33B
:10234000D8F81810B06909B110B90CE0374658B97F
:10235000404625F0A5F80446304625F0A1F8407C1B
:10236000617C814206D947462C2031462EF002F886
:102370000646C8E788423746F6D898F8210096F80E
:10238000211000F0010001F0010188420DD198F800
:10239000100040280DD1154908F1080006222AF046
:1023A000DBF9B0FA80F0440904E0824508BFB0468A
:1023B000D9E70024307C402809D10C4906F10800F7
:1023C00006222AF0C9F9B0FA80F0400900E00020A6
:1023D0009BEA040F374618BF4746444008BF4746AC
:1023E000C2E74046BDE8F88F38540120143600009B
:1023F0002DE9FE4F81460020814210D0D9F880504F
:102400003F2D0ED84D44145C95F840506C401C5440
:102410000130D9F880400134C9F88040ECE78B46A0
:1024200000E08346A1EB000803EB0B0702EB0B0671
:1024300009F1400A02930192B8F1400F40D3484697
:102440005146FCF793FAD9F830000130C9F8300052
:1024500000203F282DD809EB0001325C91F8403074
:102460005A403A543218537891F841506B403D1815
:1024700008306B70937891F842406340AB70D3782A
:1024800091F843406340EB70137991F84440634006
:102490002B71537991F8454063406B71937991F8B2
:1024A00046406340AB71D27991F847105140E971D1
:1024B000CFE740374036A8F140080BF1400BBBE7AF
:1024C000B8F1000F18D048465146FCF74FFAD9F83A
:1024D00030000299002201305944C9F830000198B7
:1024E0005844904506D0835C1AF8024063408B54F0
:1024F0000132F6E7C9F880800020BDE8FE8F704702
:102500002DE9F84F3C4C3D4E3D4D42F62A294FF007
:10251000010A4FF0030B00274FF00508D4F83C01E7
:10252000062833D8DFE800F00433183B203D4B0089
:102530000F20F060C6F8109020F040FB45F804AC86
:1025400055F8040C8007FBD5C6F81CA094F8390197
:1025500090B10120EF6210E02F60C4F83CB1286810
:102560008007FCD40320DBE72F60C4F83C81286897
:102570008007FCD40520D3E70320C6F800B0C4F8D8
:102580003C012F6029688907FCD4C9E7FEE70126D2
:10259000022084F83A611FF00FFB2E6009E0022050
:1025A00000E0032084F83A0100201FF005FB012021
:1025B000286004F15000BDE8F84F0BF0F1BF002097
:1025C00045F8040C286055F8040C8007FBD42868F3
:1025D0008007FCD40B480025012105600A480160F2
:1025E0000D2009F019FD022022F094FBC4F83C51A3
:1025F00084F83B51BDE8F88F3841012000400C4081
:1026000058600C403C500C4004800C4070B50546AE
:10261000888D0E462DF0DEFA002D4ED0044600289F
:102620004BD0B28D316B204624F066FF307E04F132
:102630001D0184F87000707E84F87100307800F01D
:102640000300207770882DF0DEFAD6E901120160D0
:10265000426004F10901307B00F003002072F08930
:102660002DF0D1FAD6E90412426001607088A4F816
:102670006400F089A4F86600207A02280BD1E07A81
:10268000FF2808D1207BFF2805D1B4F8760040F060
:102690001000A4F87600656394F85C0096F82910A1
:1026A00061B140F0010084F85C00D5F8B4219AB122
:1026B00006F12101284690470EE070BD00F0FE00B3
:1026C00084F85C0028462DF00DF868B1B4F8760067
:1026D00040F00400A4F8760040F61900A0872046D8
:1026E000BDE8704016F0D4BED5F8580120B995F970
:1026F0003000B0F1FF3FEFDCD5F86C01227F04F130
:102700001F01D0F8840018F0F7FA0028DED0007D11
:1027100010F0180FE0D1D9E7F8B53A4C2078072827
:1027200069D8012101FA00F010F0BB0F63D0364DDB
:102730000420364E28703068017D25290CD190F890
:102740008200032808D11EF029F93168D1F88410DD
:10275000401A2F4988420CD22078072809D02D48EA
:102760002D4F01780131017097F82400C9B28142E0
:1027700004D9E120BDE8F84006F0EEBA1CF066FB93
:102780002078042806D12548017819B1C16C09B117
:10279000022088473168087D252808D191F88200F9
:1027A000032804D11E48027897F8310004E01C4A3F
:1027B00097F8310012780132824238BF1046184A29
:1027C000107048680989FDF7DEFE306840680088AF
:1027D000000704D51148007808B120F0CFFB20781D
:1027E000052808BFF8BD032808D183202870BDE85C
:1027F000F8402AF039B928F0D1FD98E7BDE8F84053
:102800000DF036B8D13E0120CF3E0120905401207A
:10281000A1860100BA3E0120FC1500204848012095
:10282000D03E01202DE9F0418AB08846D0E902125D
:10283000D0F894300446D0F8A8009A705970D4F8B3
:102840009010D4E92C234B600A60010AD4F8982038
:102850001170D4F898104870216CB9B3D4F8A8203E
:10286000D4F89C00D4E92375D4E902360892D4F850
:10287000A0200590121A381A41F23D1738440792E9
:102880002268069028686D688DF811308DF8126006
:10289000CDE90205D4F8A4008DF81000D2E9063085
:1028A000009002AAEDF7BAFAE0BB079808B11F48FA
:1028B00038E008989DF81010C4E92910D4F8981051
:1028C000020A0A70D4F89810089A4A70D4F8941042
:1028D000D4F8A430D4F89C200B70511AD4F894206A
:1028E000D4F8AC300844216C03441044C4F894007C
:1028F0002046C4F8AC3025F0DDFCB720AF280FD05F
:10290000215C01312154CAB201388A42F6D1B8F1B2
:10291000010F03D120461AF0B3FD18B9002001E0E1
:10292000024880300AB0BDE8F08100BF0094FFFF8C
:10293000F0B58BB0054600680C4600F0DF00822839
:102940001AD03A4E802824D1D5E901128028099264
:102950001ED1551809A80AAA0623294626F0CCF844
:10296000D0B1B0F5145614D100266946242240C4D3
:1029700020462DF09FFC0CE0261D242130462DF032
:10298000B7FA0220206095E8070007C6002600E09D
:10299000274E30460BB0F0BD0A980828F9D1099FA0
:1029A00024480822394628F076F90028F1D107F1A9
:1029B0000800A84234D2099009A80AAA2946A023EF
:1029C00026F09AF80028CCD109A80AAA2946302373
:1029D00026F092F80028C4D109A80AAA294606239D
:1029E000062626F089F80028BBD109980A99039693
:1029F000059008440491A84212D2099009A80AAA95
:102A000029460423042626F077F80028A9D109983E
:102A10000A990696089008440791A8420990A3D005
:102A2000684624212BF0DEFB034EB2E780DFFFFF78
:102A300000D8FFFFDF3400009ADAFFFFB0B5446B27
:102A4000054694B1A88F40F6FF01084040F61101F9
:102A5000884200F0758094F83000000705D5882082
:102A60002CF0C2FD802840F06B802846BDE8B040C5
:102A70001EF02CB9A98F01F00F00090515D40138FB
:102A80000D2822D8DFE800F00725292D212121215A
:102A90003121352121072046294605F0D1FD014687
:102AA0002046E6F77FFA00254AE003380C280CD8C8
:102AB000DFE800F007230B272D0B310B350B0B0B39
:102AC00042002846F6F718F92CE028461EF0FEF8DA
:102AD00028E02846F3F7AAF824E0284615F0F0FD90
:102AE00020E0284610F03EFC1CE02846FEF760F986
:102AF00018E02846F8F730FB14E02846E7F7DEF93F
:102B000010E094F90D002946EAF744FC0AE0284653
:102B1000E3F726F806E0284602F02AFD02E0284600
:102B2000E5F774FF002558B1416B0546A14207D077
:102B300016F0AEFC002503E0284606F0A9F80025B3
:102B4000002D7FF497AFB0BD2DE9F04F85B0404F19
:102B500001910492044600F1240901264FF0000B74
:102B60000DF1080A04AD28F0D9FFD4F83880B8F187
:102B7000000F4CD10498002861D0F00703D0386BC7
:102B80000290B86903902AF077FF786A0130786282
:102B900028F0C4FF94F84400FF2808BF84F844B02C
:102BA00094F84500FF2808BF84F845B02AF064FF78
:102BB000504629461CF042FC50B12DF097FAFEF722
:102BC00085FD20462AF080FE00260028CBD039E083
:102BD00020462AF079FEA0B10499484628F0AEFFBD
:102BE0002DF084FAFEF772FD00260028BBD11748AD
:102BF0004FF0805100260160BFF34F8FBFF36F8FFE
:102C0000B1E72DF073FAFEF761FD0026ABE70199FD
:102C1000204627F04FFCA8F10100A06354F8100FE4
:102C200058B1204604F00EFC38B108494FF08050EE
:102C30000860BFF34F8FBFF36F8F012600E00026BF
:102C40002AF01AFF304605B0BDE8F08F04ED00E031
:102C5000DC4701202DE9F041054690F82D0098460B
:102C60000E4600070FD52868816A61B1888C10F084
:102C7000030018BF084632B128B1011D10462AF0E2
:102C800017FB002857D0314605F11C004FF0010E0C
:102C900091E89C009CC04FF6FF7371786420B47873
:102CA00096F803C00EFA01F26332B2FBF0F29A42D8
:102CB00028BF1A460027202921440EFA01F428BF14
:102CC0003A466334B4FBF0F0984238BF03462029FB
:102CD000294628BF3B4631F8480F82420AD1B5F851
:102CE0004A00834206D195F84C00604502D12CF091
:102CF0008DF918E0FF2085F84CC0A5F84A30A5F8FA
:102D0000482085F84D002CF081F92868026B0AB143
:102D1000126800E00022AA4205D1383029F0DDF91E
:102D2000002085F82E00708927F066FC2968C865A8
:102D30002868C06D08B101260EE00020002627F0AB
:102D40005BFC2968C8652868C06D28B10126B8F108
:102D5000000F18BF88F800603046BDE8F08170476A
:102D60002DE9FE4F05460F465818AE687168884237
:102D700002D96FF0030564E0DFF8E8800C9C4FF0A7
:102D8000FF3199469246D8F8000024F031FBE00765
:102D900011D1A0071ED5306851464A463844CAB101
:102DA00010F8013B11F8014B013A23409C42F6D048
:102DB0006FF0060541E0D8E90101CB4301EA0902C1
:102DC00013EA090F18BF0244394028460FF096FD58
:102DD000054690BB30680297019607441FF00CF837
:102DE000CB4655460090BBF1000F16D0BBF1080F43
:102DF0005E4628BF082626F0DDFE80462846394676
:102E0000324629F0EDF9044640462AF0B5F92CB9CE
:102E100037443544ABEB060BE5E70024009827F078
:102E200091FBDFF84080DDE901210C9814B14FF0EF
:102E3000FF3502E0400707D40025D8F8000025F050
:102E40002BFC2846BDE8FE8F10680844B9F1000F3E
:102E5000F2D010F8011B1AF8012BA9F101098A42DE
:102E6000F4D0E4E780520120B0B50C46880722D4A4
:102E7000600758BFB0BD354D0120A870042023F075
:102E80004FF933480068006B8047E8602D48806B3D
:102E9000F0B16968046961B1A1420AD094F82800D0
:102EA000400704D5636A2046042100229847012088
:102EB00060766C600DE0FBF7C5FA2248006CE0B369
:102EC000214844F002012830BDE8B04028F033BF6B
:102ED0006C6860681F4900780860022023F020F9C0
:102EE000102008F0DBFD012028761B48807810B9FF
:102EF0000D2008F0D3FD6868416818488A680AB94F
:102F0000C96821B100218160154940F8141C154998
:102F100007220A600168002101604268416012498D
:102F2000124AE9610168114301601A202CF0AEFADF
:102F30001920BDE8B0402CF0A9BABDE8B04015F0AA
:102F4000EBBF00BFE44901201C490120B448012027
:102F50008C010010D02108401833000014100440E8
:102F600051000706000004602511020002400040E5
:102F70002DE9FC47074624209946154688462BF044
:102F8000EFFE002862D0DDF828A0242104462CF0B2
:102F9000AFFF012148B20E4627F064FBF1B27F2952
:102FA00002D0711C0028F5D1E5762A4DC4E900A9AC
:102FB000667627762878FF2806D1274800210DF06D
:102FC00053F8411C287006D042B2F12002214FF480
:102FD0007A731AF0B1F821482149224A224B23F092
:102FE0005FF9606178B300210176E07E010703D5C7
:102FF0006069217E0176E07E6169C0F300100123E3
:103000004876E17E6069CA098B43CDE90032C1F39D
:103010008002C1F340034146F5F712FBB0F1FF3FD8
:103020000EDD686828B911481149124A17F050FDA1
:10303000686005F10C001C2122462AF015FC06E010
:1030400060692BF095FE20462BF092FEFF2670B2B1
:10305000BDE8FC871C510120CDD60300B9840300D4
:10306000897C04009F540300710A030083FD04005F
:10307000A9FF0400BFFA02002DE9F04F03AF89B0A9
:1030800047F8240C15460E460846114608229A4673
:1030900029F09AFBBC69814650462022214629F03E
:1030A00093FBA7F1200B47F82C0C4FF4C0711622AC
:1030B000502358462CF04BF8073047F828DC20F016
:1030C0000700ADEB0008C546584641462DF014F9FF
:1030D0002A4916222DF0EEF8584641462CF028FFDA
:1030E0008346B9F1000F3046C8BF2846B9F1000F3A
:1030F00001684068CBF80400CBF80010C8BF354623
:103100002868696857F82C5CCBF80C10002D5146E4
:10311000CBF808000BF11000C8BF214620222DF08B
:10312000C9F8002D0BF13000C8BF544620222146BB
:103130002DF0C0F8A7F1200557F8241C20222846BE
:1031400029F0E6FD0446284641462CF070FDE01DBE
:1031500020F00700ADEB0004A5462846214615F0F7
:10316000B2FBF869214630222DF0A4F857F828DC8C
:10317000A7F10C040020A546BDE8F08FB42D000097
:103180002DE9FE4F1C4692460E46074600250DF1DE
:1031900003084FF0010B4FF000090BEA0601481E2F
:1031A000072810D8DFE800F0042265366565653E23
:1031B0000320B87041F20350002C38804FD02078A3
:1031C000F87060784DE0102953D109204146B8705D
:1031D00041F2095038808A202DF055F8F81C4146FC
:1031E00008222BF07DFC0B350B3742E0BAF1000FC3
:1031F0001CBFCAF85C709AF86B900120B87041F25D
:1032000005503880F81C5FFA89F11FF035FA073550
:1032100007372EE00420B87041F20250388024B302
:10322000A07823E042F205000DF10B0115F016FD28
:103230009DF80B00E8B1BAF1000F1CBFCAF860702E
:103240009AF86B900220B87041F206503880F81C52
:103250005FFA89F11DF050F90835083709E00020C0
:10326000F87038710535053703E00020F870043533
:10327000043726EA0B064FEA4B0B002E7FF48DAF86
:10328000A8B2BDE8FE8F70472DE9F0418AB0044630
:10329000304890F9000000281AD431480D460078D3
:1032A00018B901200021FFF72AF925F0C1FB482CAD
:1032B0001AD12C480021C0E90115017B427B01F0A5
:1032C00070018331017302F0F001013141730DE0AF
:1032D0002148002141712148018F013101870AB045
:1032E000BDE8F0412DF02CB828F058F81E48012117
:1032F00001701948047126F05DFC1C4F8046386847
:10330000416E02AE30468847164D002400210594D8
:10331000288A10F0A3F81649164A07901648174B4A
:103320000A603968006832460F6D0221CDE9001449
:103330002946B84712490028088005D4114805607D
:103340001148017801310170404629F015FF0AB09B
:10335000BDE8F081CF3E01201C3A01205C380120FD
:10336000D6540120143B0120E8540120583E01208E
:10337000A83E0120D9340300305301201175030009
:10338000B63E0120FC4F0120F44F0120F0B58BB078
:1033900004460D460846012221460BF061FB607A87
:1033A000411CD4F8A0006172C9B2D0F8380122F0F3
:1033B000B0FC04F1400040212A462BF0F9FCE06EFD
:1033C000294625F0F5FE68B10646D4F8A000294646
:1033D00020F00CFA30B131465C222CF06BFF4FF438
:1033E000007000E000206F8927F4007141EA0006B8
:1033F00028216E8101A82CF07BFD2989C7F30130BB
:103400008DF80400ADF80610C6F3002119B90020AC
:103410008DF819000CE0320A1031D5E900368DF82C
:10342000191002F00C010844CDE902368DF80400B1
:10343000002001210126ADF810000590287B8DF8B1
:103440001800284622F064FAB5F82B00ADF8286081
:1034500095F83C1005F130020023ADF82500D4F8B2
:10346000A000D0F868014669009101A9B04720B1D9
:1034700006490A8D01320A8506E0E16E41F60E1218
:103480008B5C43F001038B540BB0F0BDC4390120B9
:103490002DE9FE433B4C05469146884694F82F00A3
:1034A000A8B3374890F8240088B3374890F8530001
:1034B0002AF01EF8074602A80DF1060113F0BAFB28
:1034C000D8F8000002994FF47A7201FB020694F8D2
:1034D0002F1051438B1B41F20811062F08BF43F2F6
:1034E000C8218B4204DCA4686243921B8A4202DA40
:1034F0006520BDE8FE83012B09DB4FF47A72B1FB36
:10350000F2F14FF4916211FB0200C8F800000020B4
:10351000C9F80000E97A89B3284616F035FB07465A
:10352000284627F086FAC9F8000041F208112A7AE5
:103530003944B0FBF2F35343181A10444FF47A7233
:103540005043D8F80020831A8B4203D2002B01D4B9
:10355000490007E00D48C41B0020A3420ED9B3F177
:10356000FF3F0BDC4FF47A70B1FBF0F04FF4916148
:1035700080B200FB0120C8F800000020BDE8FE83F7
:103580002C10002070150020FC150020F8EEFFFF25
:103590002DE9F047A4B026F00DFB33490A78012A43
:1035A00004D124B0BDE8F04729F0E6BD4FF0010991
:1035B00081F8009029F0E0FDFEF750FB082008F0AC
:1035C0006DFA21AC20462AF036FFDFF8A0A0294A88
:1035D00010212346DAF80C00229025480FF008FE4F
:1035E0002548002501AE0478244890F8008047461D
:1035F000A74213D8DAF8000050F8271021F0FF0096
:1036000046F82700880707D4F8B201F001012BF033
:10361000D7F909FA07F005430137E9E718480560CB
:103620001848C16801F44001B1F5800F07D1006866
:10363000000E56F8201041F0070146F820101248FD
:10364000A4EB0802042306EB880103EB820240EAA4
:1036500088002CF02FFE0D482022016862F30D2116
:10366000016024B0BDE8F087DE5401200431000081
:10367000543B0120250A04000E1B00005B180000CB
:10368000D0200240A84F00500010084000300940F0
:10369000BCB50C460146032001F8020B207801F866
:1036A000010C60882CF0AFFA054660602078032892
:1036B00014D000286AD1207B2189A27AE37A009075
:1036C000284627F04FFA218963680A1A21691A44AB
:1036D0002CF0F0FD606821890D1857E0207A05F87C
:1036E000010BA08900F47F6100F00F0040EA810027
:1036F00029462CF088FA0146208A2CF084FA0246EA
:10370000D4E9060127F00CFA216A054619B12022F6
:103710002CF0D0FD02E020212CF0EAFB616A05F1DB
:10372000200019B110222CF0C5FD04E00021C16079
:10373000816041600160A26A002012B11168526884
:1037400001E000210022E863A86329636A6305F1B0
:103750004000E16A11B1A289520605D40021C1607E
:1037600081604160016002E010222CF0A3FD208EF8
:1037700005F150012CF047FA228E054632B1616BFB
:1037800021B128462CF096FD208E05442846BCBD6C
:103790002DE9FF47814608460F462CF0CDFBC0B30C
:1037A00000F10C0509F198084046294605F050FE45
:1037B00078B38246807C012830D8D9F894417CB116
:1037C0000DF10F0202AB48462946A04740B10298CE
:1037D0009DF80F30514620220090404606F00BFD28
:1037E0009AF81200012819D80AF12806002130465B
:1037F0002BF0E6FA0546022D2ED334683046002120
:10380000224627F0EBFF204680212BF01EF8013DD9
:10381000F1E738461DF05AFA002535E09AF8140011
:1038200038729AF8140029F04FFD024607F109009A
:103830000AF130012CF03EFDB7F87600C00705D044
:10384000284629F024FA08B155461DE04046514665
:1038500016F07AFB054617E0304600213A4600256F
:103860002BF0A6FA9AF8120070B940465146012290
:103870001DF01AFBD9F89041002CCDD04846514696
:10388000002200230025A047284604B0BDE8F087A9
:103890002DE9F0419CB005463C486E78C4689CB167
:1038A000607EB04205D0202021462CF063FD044606
:1038B000F5E7FF20002720766782287838B1606915
:1038C0002BF056FA678267611CB0BDE8F081A888CA
:1038D0000028F4D0616929B108462BF049FA00208C
:1038E0006061A8882BF054FA002860614AD0182142
:1038F0000DF120080022129116A9119101211091B9
:1039000014A91490A888CDF834800F911421159033
:1039100095F901000E910DA90025F1F7A7FC0128EA
:103920006082CCDBDDE91110032898BF29460DAE7B
:1039300041B1C8780928304608BF0D1D24F001FBAD
:103940000146F5E7002DBAD004AE294610223046D4
:103950002CF0B0FC287C2076206880B1856875B199
:10396000626994F9181094F91900B4F91270BDF84D
:103970003230CDE9006208F101020297A847606980
:103980002BF0F6F9002060619EE700BF085101208E
:103990002DE9F04387B000270297D3B100F5B47941
:1039A0008846044620211D46164648462CF0A0FABB
:1039B0000C2DC4F88881C4E95277C4E954770BD13F
:1039C000484631460C222CF075FC012084F8770122
:1039D0002EE06FF0130057E000200590CDE90300C2
:1039E000E80000BA0690A5B1102D2F4628BF102779
:1039F0000020874208D02218315C013092F86831EB
:103A0000594082F86811F4E72CF003F83E44ED1BAE
:103A1000E9E7002003A9102808D023180A5C013028
:103A200093F868516A4083F86821F4E72BF0F1FFBE
:103A300002A804F5AC734946102200902046F6F720
:103A400005FB08BBDDE90E7604F5BC780020C4E96F
:103A50005460C6B1102E4FF0100538BF3546002017
:103A6000854208D02218395C013092F878315940EB
:103A700082F87811F4E7204641464246FDF704F902
:103A80002F44761BE5E7002007B0BDE8F0832DE961
:103A9000FC4104460D46007D94F85B1000F0F800F0
:103AA00041F0040184F85B10697AC1F3C201084453
:103AB0002075687A10F0380F12D000F00701022943
:103AC00013D001291DD029BB2E46FF22FF2716F84F
:103AD0000C0F717806F0D0FA208596F8018016E078
:103AE000A88A01212185E08248E02E46FF214FF07F
:103AF000FF0816F80C0F727806F0BEFA208577786A
:103B000005E0688A961C4FF0FF08FF272085687A39
:103B1000327803E0FF224FF0FF08FF2781090229D6
:103B20000FD001291BD1218D009704F12C072CF017
:103B30009EF9218D2CF0D1FA2AF0AAFF11F005FE92
:103B40001CE0218D009704F12C072CF090F9218DB9
:103B50002CF0C3FA2AF09CFF12F091FF0EE03F28F0
:103B60000CD8218D608D814208D0009704F12C077C
:103B70002CF07DF9218D2CF0B0FA6085A879607564
:103B800028682062A8886083BDE8FC812DE9FE4F8B
:103B90004FF480402AF034FFA0B1354C35496068BD
:103BA000D1F8132009786FF39F5201F00401806867
:103BB00042EA417101AA04F075FE60688168012043
:103BC00027F09CFB2E482C4F2C4D44F2020B002476
:103BD0004FF0000A00F14009BAF1020F3CD055F84D
:103BE0002A80D8F80000A0B3D8F8000080692AF035
:103BF00007FF0646D8F800000023324624F038FDBF
:103C000016F00A0F1ED0D8F800008069B9686BEA78
:103C100000000840B860D8F80000C069396821EA9F
:103C2000000038601020D8F8001027F067FBD8F8A3
:103C30000010484625F0D0FF002044F00204C8F8E8
:103C4000000006E02EB1D8F800000D4944F480448D
:103C500008650AF1010ABFE724B10A482146283065
:103C600028F069F80BF020FBBDE8FE4FF3F76CB8C5
:103C7000B4480120850300210C1004400C350000DD
:103C8000E44901201C4901202DE9FC4191EA030887
:103C90004CBF4FF000484FF000084FEAC32545EAFB
:103CA00052554FEAC2264FEA43077F0D11BF45F038
:103CB000004500210020BDE8FC815FF4E06E1EF1AC
:103CC000FF0E774555D04FEAC12343EA50534FEAE0
:103CD000C0224FEA4104640D11BF43F000430021AC
:103CE0000020BDE8FC81744543D0E419A3FB050125
:103CF000A3FB06E7A2FB06631EEB030E57F10007CA
:103D000051F10001A2FB05631EEB060E57F10007FF
:103D100051F10001FF1851F10001C01951F10001EA
:103D20004CBF40F2004E40F2002E10EB0E0051F15D
:103D3000000148BF641C01D4400049415FF4407752
:103D4000FF37E41BDEBF00210020BDE8FC8117F532
:103D50008067BC420DD24FEAD02040EA41504FEA82
:103D600041014FEA113141EA045141EA0801BDE83D
:103D7000FC810020FF21C900C91D090551EA080185
:103D8000BDE8FC812DE9F04F8DB00C468346B1F8BB
:103D90004010B4F84200461AB0B2282847D3214454
:103DA00001F1880A9AF8001001F0F00160293ED173
:103DB000174690421D4638BF074638462AF0E8FFAE
:103DC000A8B30DF12C09804604F11C01484619F0F6
:103DD0005FFF90B304F1080109A819F059FF60B31F
:103DE0008DF8205009A8ADF81270ADF81060CDF82C
:103DF0000C80CDE901BA0021CDE9069000200590A4
:103E000001A8EEF7DFF828B1BDF81400BDF8165090
:103E100085421AD92046012106F0D0FF044640B35E
:103E2000204601212BF062F94121017021E020465A
:103E30000DB0BDE8F04F1CF049BF40462AF098FF96
:103E400020461CF043FF044616E0B4F84010084436
:103E5000A4F84000204626F052FE204629462BF0CA
:103E600045F9B4F8400041462A46204488302CF0F9
:103E700021FA40462AF07CFF20460DB0BDE8F08FC5
:103E80002DE9F84F0E46016B80463B48002940D093
:103E9000D8F85C101C46154601F1070AD8F83C100A
:103EA0004FEADA0789B3D8F8301091B3D8F83C104C
:103EB00079B300202AF0070B08F14C094FF01F0AD4
:103EC00000902BF049FB20BBD8F85C00ABEB000165
:103ED00030460DF0F9FBE0B9BAF1010A46D03046A0
:103EE00049466A460AF0C1FA98B93046012124F0E1
:103EF000B7F90028E5D400980128E2D10020BDE8F8
:103F0000F88F30461DF02EFC28B92BF025FB002839
:103F1000F7D0BDE8F88F30461DF024FCD8F85C10CF
:103F20000138884204D9411A30460DF0CDFB03E038
:103F30003046012219F050FA0028EAD1304600211B
:103F40002CF0E9F80028E4D1304601212CF0E3F808
:103F50000028DED1D8F85C00FE2805D130460221C9
:103F60002CF0D9F80028D4D100209CE7024800F5B5
:103F70002070BDE8F88F00BF80B0FFFF2DE9F04151
:103F800086B01546044600200122CDE90400CDE9A3
:103F90000202CDE9002003A816F0E6F90746002842
:103FA00060D16846294616F0DFF90746002859D146
:103FB00003AE304620F052FD0546684620F04EFD27
:103FC000A84238BF0546304629460DF07DFB07461E
:103FD000002847D1684629460DF076FB07460028A1
:103FE00040D10120E8460390009003AE3046002106
:103FF00024F036F958B3304620F030FD0146304603
:104000000DF062FB68BB404620F028FD01464046AB
:104010000DF05AFB28BB304641460EF0ACFA0028A2
:1040200007D430463146424610F016FCC8B9304637
:1040300006E040464146324610F00EFC88B9404644
:1040400001210DF041FB07460028CFD00AE0684669
:1040500029460AF035FE074620B96946204616F083
:1040600083F9074603A825F04AFB684625F047FB7D
:10407000384606B0BDE8F0812DE9F04F91B0E84632
:104080008946044625211F46164608F1180528468C
:104090002BF02EFF022C0AD0012C12D0D4B93348B9
:1040A000017A01B33248C16A0131C16210E02F4880
:1040B000817AF9B12E48B0F84C100131A0F84C10BB
:1040C00006E02A48417AE1B12948018F0131018790
:1040D000022047E02648B0F85C100131A0F85C10DF
:1040E00027F05CF918E0012101722148416A013191
:1040F000416211E0012181721D48416C013141642E
:104100000AE00122209942721948828E0132828689
:10411000284625222CF0CEF8DDE91C20DDE91A1511
:10412000DDE91EAB8DF801708DF800408DF80600BA
:10413000CDF8022008F107000B222CF0BBF80C4848
:10414000ADF83D60ADF81250CDF83F90ADF816B027
:10415000ADF814A04169013141610620414627F0C4
:10416000ADFB002011B0BDE8F08F00BFC43D0120C1
:10417000543301202DE9F041044600680068C76C03
:1041800039B1A068E06094F82D0000F0FB0084F8DD
:104190002D0097B1B7F84000B7F84220A58B101A50
:1041A00080B2A84238BF0546208B854228BF05460D
:1041B0008DB1214611F82D0F15E094F82C002B49F4
:1041C000085C81070AD4C00703D094F82D0041078A
:1041D00006D5BDE8F081E1B3012507E094F82D0094
:1041E00004F12D01002500F0FD00087028462BF099
:1041F000F1FC50B3064620684FF004081022408DB1
:1042000086F80880708306F10900216818312CF0C7
:1042100051F820681022008D86F81C80F08506F188
:104220001D00216808312CF045F847B1B7F840006F
:104230002A46384400F18801304623F05DF9606871
:10424000214670633046F3F7A9FDE08D2085BDE877
:10425000F081002084F82A00E08D208594F82D005C
:1042600040F0020084F82D00BDE8F08160330000CA
:104270002DE9FF47102A02D81446042A02D26FF013
:1042800013001CE006460D46D0F8480106F5A6735B
:104290000ECB4FEAC20AC700DB00C90043EA5278DE
:1042A000224641EA507906F5AC7128462CF002F816
:1042B00047EA0A0049EA0801084303D1002004B094
:1042C000BDE8F087380A69468DF80F708DF807A0B1
:1042D0008DF80B908DF803808DF80E00380C8DF85A
:1042E0000D00380E8DF80C004FEA1A208DF80600EC
:1042F0004FEA1A408DF805004FEA1A608DF8040065
:104300004FEA19208DF80A004FEA19408DF809008C
:104310004FEA19608DF808004FEA18208DF8020066
:104320004FEA18408DF801004FEA18608DF8000040
:104330000020102808D033180A5C013093F87871F7
:104340007A4083F87821F4E706F5BC7730463946A1
:104350003A46FCF799FC002CB0D017F8010B2978ED
:10436000013C484005F8010BF5E770472DE9F041A5
:1043700086B0DDF830801E460446012909D0254666
:10438000D9B998F80000A51C207098F80100607059
:1043900013E0D8F80400A51D2070D8F80400000A26
:1043A0006070B8F80600A07098F80800E07098F8FF
:1043B0000A00207198F80B0060710D9F6AB942F2F3
:1043C0000D00002F0DF1160108BF42F20C0014F091
:1043D00045FCBDF8160025F8020B022E0AD0012E6E
:1043E00039D102212846002F08BF012100F0D4FF57
:1043F000054430E00DF1050642F20300002F08BF2E
:1044000042F20200314614F029FCB8F80A0058B113
:10441000411E6FF0010301F00702C1F3C70103FA67
:1044200002F2735C1A4372540D4A0021112906D01E
:104430005718735C3F7B3B4073540131F6E70730FC
:104440000DF10501C20828462AF04AFBB8F80A0017
:10445000073005EBD005281B80B206B0BDE8F0811F
:10446000305001202DE9F84F8B460446012B01D82E
:1044700004200CE01046082510F8011F05EBC10AC6
:104480009A450DD9B4F840102144401A883800905C
:104490002046594604220023F2F744FDBDE8F88F78
:1044A0000C98DDF8289020B12046A9F800A0BDE8BE
:1044B000F88FDDF82C8002EB0A05971CAF42F3D28F
:1044C000384617F8012B002AF8D0AF4236D241788F
:1044D000861C7718AF4230D86D2A0DD0632A17D1C9
:1044E000DBF85C0188B3042927D3204659463246BD
:1044F000434617F077F808E0304624F0EDFBE0B1D2
:1045000020465946324619F02BFD0028D6D11CE032
:1045100012F0C001D2D0802904D0C02A15D3617A0C
:10452000FF2912D0B4F84010042202232144401A7B
:104530000021883800902046AEE73746B4F84000A6
:1045400020448830C0433844A1E703200121FDF70F
:104550002DF82046BDE8F84F1CF0B8BB2DE9FC4112
:104560000120DFF8EC8003270526082430258DF88C
:10457000040000208DF807708DF806608DF8054066
:104580008DF802508DF803004FF4FA50ADF800009A
:104590002BF061FC062808D18DF80760142505274B
:1045A00008268DF806408DF8025098F82500B8428C
:1045B00004D00DF107014F20F5F7EAFA98F8310021
:1045C000B04204D00DF106015720F5F7E1FA2BF0C7
:1045D00042FC032803D02BF03EFC042831D10C20F0
:1045E0008DF805000DF105016320F5F7D1FA2BF0E8
:1045F00032FC042807D14FF4FA46C025ADF800601C
:104600008DF8025001E04FF4FA5698F83500A842B0
:1046100004D00DF102015A20F5F7BAFAB8F83200C9
:10462000B04203D069465820F5F7B2FA01A9F72045
:10463000F5F7AEFA0DF10301E120F5F7A9FABDE8AF
:10464000FC812BF008FC0528CCD11820C8E700BF5E
:10465000FC1500201CB5044690F8340009280BD83E
:10466000DFE800F0056B156B6B6B1A6B6B1F204658
:10467000BDE81C4004F0B0B81A2847D0232801D068
:1046800021285AD12046BDE81C402BF0C0BB204653
:10469000BDE81C401DF070BF2046BDE81C4011F075
:1046A0001DBF20461AF032FE2046002107F005FC0F
:1046B000D4F85801234B90F8331093F900304A1E78
:1046C00052B29A420EDA6331C9B228290AD890F858
:1046D0000F1C94F90D006FF0630300936FF03B0320
:1046E00015F0B2FD1848007A38B3D4F85801B0F884
:1046F000542BB0F8001BD0F84C0B431C204609F09B
:10470000D4F92046BDE81C400CF010BB0020214627
:1047100018F05EFFD4F858010321052280F8C61A6C
:10472000D4F85801018DB1FBF2F10331A0F8C81A99
:10473000D4F85801B0F8C81A01B11CBD0121A0F885
:10474000C81A1CBD74440120644C01207CB50C4681
:104750000021217624F018FD00284DD0054621893E
:1047600020686A4623F0F6FE002845D09DF8000038
:104770009DF8011098B991B194F82400000715D55F
:10478000607E05F1400127F043FE78B106462B48D4
:10479000017891B305212176002101707CBD50EA9A
:1047A00001020DD100206881052024E023484178D2
:1047B000B1B16A8901394170012063326A811AE01E
:1047C000D0B1C9B1633021464FF47F4268814FF4C4
:1047D0007F40ADF8000028460DF00EF903200AE0F6
:1047E000002021468DF8010068812846BDF8002090
:1047F0000DF002F9042020767CBD0020C4E90300FE
:1048000060614FF47F40ADF8040056F8100F01A925
:1048100028F038FC0A4806F10801C4E9036194F85D
:104820002410606102202076E07E00F0FC00E0763B
:1048300041F0060084F824007CBD00BF7D520120B9
:10484000010002002DE9F84F044664204FF00008F3
:104850004FF003094FF0060AE56A01FB00F7002D4F
:1048600069D0202029462E462BF084FD0546B069EC
:104870000028F4D0B84202D9C01BB061EFE7B07C89
:10488000C6F8188001380528E9D8DFE800F0040FE1
:1048900003121E2CE3E7707C31460130C3B2707402
:1048A0002046032B41D320F01FFB34E086F8129002
:1048B000D5E72046314605221CF0F6FA204631465F
:1048C0000122002329F07DFEC9E7707C02280AD36B
:1048D00096F810B02046314620F006FB5FEA8B7058
:1048E00019D486F812A0707CFF2801D1FF2303E0C1
:1048F000431C0428737401D3F07C60B12046314618
:10490000012229F05EFE717C042909D3F07C78B184
:10491000C6F81880A3E7204631461BF06DF99EE7E4
:10492000204625F05BFDB06199E7002229F049FEA1
:10493000A068B06193E7BDE8F88F70472DE9F041BA
:10494000056804464FF0FF30E86225F033F98046F1
:1049500095F83000042809D13249497831B13249FB
:1049600003228A604A6822F003024A602D4F6B6975
:104970002E4E00217A68B34204D01AB97978002902
:1049800018BF01210023042804D11AB17B78002B21
:1049900018BF012341EA0300012808BF22F03EFDB1
:1049A00095F8320030B1404628F0E6FB4FF0FF307A
:1049B000BDE8F08195F83000042804D1381D29465F
:1049C00025F01CF903E0381D294625F005F90120E2
:1049D00085F83200404628F0CFFBFBF76BFE2468D9
:1049E00094F83000012811D0022812D00428DDD11B
:1049F0000D4DD4E90901884210D201202BF043FB70
:104A000028688007F9D0FBF755FEF2E70020BDE8E3
:104A1000F081216A04F1340022F0EAFCE06ABDE88A
:104A2000F08100BF984E01200880024080A9030059
:104A3000BFB52E4900202E4D002208602D49C5E942
:104A4000010008602C490870012129702B490D2AAA
:104A500003D041F822000132F9E7294829490160D1
:104A60002948016029480160294890F8530028F03E
:104A70003FFD411E042917D80C21E960254951F852
:104A800020000968B0FBF1F0A021B1FBF0F0224951
:104A900008600DF10F01E9201DF02EF89DF80F00C0
:104AA00010B9E8680230E860286900B1BFBD6C4603
:104AB00020462AF095FF00200121224601908DF822
:104AC0000000164827F054FB286125F07FFE0028DF
:104AD000ECD1E9F767FC1249B1FBF0F128692BF042
:104AE000C8FB286909F05CFDBFBD00BF243E012062
:104AF000F45001202C3E0120BF3E0120D03801207F
:104B00001C3E012037894100203E0120283E012023
:104B1000FC150020585101209C5401202D5F0300FA
:104B200000A3E1112DE9F04100295AD00D46098872
:104B3000002956D0A978002953D0E978002950D00F
:104B4000297900294DD025F09DF9002849D0064645
:104B50004068002845D050202AF002F9002840D0B3
:104B6000502104462BF0C4F9204FFF2031462A463D
:104B700084F84C007E6070680389A4F84E30706839
:104B8000406803F05DFBF86040B301464FF0000859
:104B900001F82C8F886D4068026A0AB11420904792
:104BA0001449154ADFF848E0144B174E1748DFF850
:104BB00050C0144DC4E900211649C4E902E3C4E918
:104BC00004061348A561C7F808803C60C4E9101CBE
:104BD000F968A064204626F061FE03E020462AF032
:104BE000C7F800242046BDE8F08100BF583D0120F1
:104BF0007DAF03007DD503006554040035580200E5
:104C0000ED7804009503050001690400775F020058
:104C100019A704003DB604002DE9F84F834628305B
:104C2000342100902AF00AFB0646002400254FF0AC
:104C30000008002E65D0DBF85C003146C26858469B
:104C4000904781463068B8B12F4A0068316BAA4658
:104C500025461268B0F84A70DBF80800541A2AF0AA
:104C600001FE7843B4EB102F2C4655464FF0000A56
:104C700088BF4FF0010A01E04FF0010AB8F1000FC0
:104C80002DD0B08CC00703D0B8F82400C00738D0AE
:104C90003068D8F8001008B321B389F00101294326
:104CA000C9071FD069EA0501C90718D08AF00101B8
:104CB00041EA0402D20722D0214210D178B1DBF8B8
:104CC0005C0060B18168304688470746DBF85C00CD
:104CD000816840468847874201D803E049B154467D
:104CE0004D46B0460098342132462AF071F8064607
:104CF0009FE765EA0901C907D4D10025F2E700243E
:104D0000F0E74046BDE8F88F983E01202DE9F84FC6
:104D10000A9D984691468A4683460027DBF84C4018
:104D2000BCB3A18C88072ED4AC422CD094F8292097
:104D300094F82A3094F82B60A07D1A43324382F015
:104D4000FF0210EA02061ED09DB1607D8A0602D5E0
:104D50002AF0D6FDA18CAA8C514011F0090F12D176
:104D6000697D88420FD195F8280094F82810814277
:104D700009D1BAF1000F35D0D9F8000030B390F85E
:104D8000260030422ED1302021462BF0F3FA044683
:104D9000C6E75DBBDBF84C10002469B1888C800746
:104DA00005D491F82B0010B1012481F82B7030202C
:104DB0002BF0E0FA0146F0E7E00717D09BF85A0025
:104DC000FF281CBF01308BF85A00A7E7DBF828103A
:104DD00041B191F8260030420AD134202BF0CAFAB2
:104DE0000146F5E7A07D88F8000005E0002403E017
:104DF00088F80000C9F800102046BDE8F88F704719
:104E00002DE9F0470C4631498046344F1546086875
:104E10008946800744BF2E48C86000212D480160A4
:104E20002D488246006838688169272088472C4EC3
:104E30002C49306B08403063B06F20F48070B0674D
:104E40003868016B4FF4806088473868016B4FF415
:104E5000816088473868016B4FF4C06088472248FA
:104E600001210160C6F880413160D9F80000800757
:104E700005D4681C08BF4FF04045C9F80C50DAF85B
:104E80000000F0698007FCD507201BF031FE0228E6
:104E9000FAD1B8F1000F13D1144C386A816820465A
:104EA00088470428F9D0012804D1386A03214268D0
:104EB00020469047D6F8180220F00300C6F81802E2
:104EC0003868806BBDE8F047004700BF100009401C
:104ED000FD0000400C4009402C200940B8010010A2
:104EE0000C200840FFFFFEFE282008600040034021
:104EF0002DE9F047054638480C46006880472046B3
:104F000014F002FF00285ED0D4E902010022AB5C5D
:104F10000132002BFBD1A2F10108626902F0070205
:104F2000042A0DD100264746002F4ED02068A9192B
:104F30003A4622F0BFFE002841D43F1A0644F3E768
:104F4000A1EB00094646002E3FD04E454F4638BFE4
:104F50003746616901F00701022912D13FB10021F2
:104F60006A5C0A2A07D001318F42F9D109E04FF07B
:104F7000000A002707E06A1803D04F1C4FF0010A0F
:104F800001E04FF0000A29463A462BF093F9A06859
:104F9000F61B3D44BAF1000F3844A06002D1B9EBD2
:104FA0000709D0D1204618F023FE40B96269D4E940
:104FB000020142F02002A1EB00096261C3E76069CF
:104FC00040F4806060614FF0FF380448006880471B
:104FD0004046BDE8F08700BF305401203454012022
:104FE0002DE9F04F8BB0202A02D96FF03B0765E026
:104FF000804600F17C0B4FF0000A40F20119CDE928
:105000000112CA4552D040460BF0D6FE002850D1BE
:10501000D8F870100AF1010A012000235F4600222F
:105020008B420BDABC68D7E90056012C08BF2A4432
:10503000B54238BF002014370133F1E70028E0D033
:10504000202ADED303AF202138462AF051FF08F191
:10505000040939464846FCF773FD074650BB4846ED
:105060002AF053FE48462AF055FE484600210BF030
:10507000B9FC0746F0B903A9484620220FF092FF79
:105080000746B8B903A8202100230024024606F0F1
:10509000F9FB074670B9D8F87030DDE9010200214C
:1050A00099420FDA4BF8144B0131F9E76FF03B07E7
:1050B00000E0074603A8202129F094F838460BB0F9
:1050C000BDE8F08F03A92BF0F5F80027F2E7F8B55B
:1050D000054608680C46896806686A1A374657F814
:1050E000381F8A42384638BF114617F056FDD4E9BA
:1050F0000001A56091F90D10183024F02FFA94F8F2
:105100002C003F68052809D360683146234690F992
:105110000D20B8B2009090200EF00CFCE068A84280
:105120004BD194F82A0058BB94F82D00800727D45F
:10513000208DE18D47F6FF72081A218E00B220EA19
:10514000E070914204D14100C000618620860FE0EA
:105150000AB2A0EBE202501811B282EAE1322086D4
:10516000A2EBE131B4F932201144A1EBA201618636
:1051700000B201EBD00080B2082898BF0820E0857B
:105180000020208584F82A006FB994F82C1040F68E
:10519000BF1294F82D0022FA01F100F0040201F090
:1051A0000101891805D120460021BDE8F840FEF72D
:1051B000E1BF00F0FE0084F82D00F8BD2DE9FC41B0
:1051C0000446C8780E462179C0F3C20001F0F80108
:1051D00008442071F07810F0380F12D000F0070169
:1051E000022913D001291DD029BB3546FF22FF27F4
:1051F00015F8040F697804F03FFFE08095F801800E
:1052000016E0B0890121E18020814AE03546FF2186
:105210004FF0FF0815F8040F6A7804F02DFFE080C6
:105220006F7805E07089951C4FF0FF08FF27E0803C
:10523000F0782A7803E0FF224FF0FF08FF2781096A
:1052400002290FD001291BD1E188009704F1420700
:105250002AF00DFEE1882AF040FF29F029FC10F029
:1052600074FA1EE0E188009704F142072AF0FFFD7E
:10527000E1882AF032FF29F01BFC11F000FC10E05D
:105280003F280ED8E188B4F84000814209D0009749
:1052900004F142072AF0EBFDE1882AF01EFFA4F892
:1052A000400030786071BDE8FC8170472DE9F04125
:1052B000044622F031FE054694F8230000BB94F822
:1052C0007E6022F029FE86421AD2DFF8C08094F870
:1052D0007E30E81DC208D8F80010D80803F0070394
:1052E000013A70310D5CDD40C7B22E0612D1BA42D0
:1052F00010DD0130C3B2CD5CC30084F87E30F3E72B
:10530000002084F87E001F481F4A0721BDE8F041B5
:1053100019F0CABA18F01CFCC0B240B13EB11A492B
:10532000486601F16000BDE8F04125F071BB16B39D
:10533000082000EBC70194F87E0042B29142D8BF2A
:10534000BDE8F081EA0705D1EAB2013084F87E00B9
:105350005508F2E70E4984F881000870013084F89E
:105360007E000C48007802280CBF07200320BDE80F
:10537000F041FBF769BFD8F80010002084F87E00E8
:105380004870C0E7EC5201202C10002090540120FE
:10539000C53E0120345301202DE9F04F85B08146F0
:1053A000012904D0022966D142F2030001E042F251
:1053B00002000DF1030B594613F050FC3049002058
:1053C000112808D00B181BF800201B7B1A400BF883
:1053D00000200130F4E7B9F1000F4E4618BF013646
:1053E00022F09AFDC11D4FF0000C4FF6FF7800220D
:1053F00000274FF0000A00234FEAD10E734527D251
:105400000024082C1FD0111981421CD21BF8035014
:10541000E54005F00105BD4213D03FB1B9F1000FE1
:105420001CBF08EB040126F8021B08E00AF1010A80
:10543000B9F1000F03D086F801C03170023687F051
:1054400001070134DDE7083208F108080133D5E728
:10545000B9F1000F18BF002F01D0013830805FEA8A
:105460000A4008D0B9F1000F4FEA8A0018BF89F846
:1054700000A0013000E0002080B205B0BDE8F08F50
:10548000305001202DE9FE4FDFF8DC90824601A864
:10549000DFF8D8804FF0000B0290CDF804B0D9F8B7
:1054A0000070002F4CD0282039462AF063FF7C8CF6
:1054B00005461FFA8AF0A0423FD3484628213A46C3
:1054C00026F08CF9AAEB040A7C6A07F11001204649
:1054D00027F0A2FF78B10646B4F8F000C00544BF3B
:1054E000D8F8000030603878FF2804D1786AB0F826
:1054F000F010C90504D4384629F03AFC2F46D0E70D
:10550000B0F80811B0F8060122F013FF7884307962
:1055100050B101383071000606D0786A798CB0F845
:10552000F600814288BF788487F820B001A828213E
:105530003A4629F03DFC2F46B3E7A4EB0A007884F5
:10554000019D01AC75B1282029462AF013FF0646BB
:10555000204628212A4626F041F928461AF0BCFAAE
:105560003546EFE7BDE8FE8FAC530120983E0120A1
:10557000F8B50446007A002865D0207F002862D064
:1055800004F11D05666B28462AF0B6FC4FF6FF7144
:10559000884258D0207A4FF6FD77022805D104F1D1
:1055A0001F002AF0A9FCB8424DD8D6F86C11B81CDF
:1055B00080B2498C814246D0B4F84070B4F84200C1
:1055C000C01B04283FDB217F284623F042FFD0B3D5
:1055D000E0198830007800F0D801C02902D140F6E7
:1055E000960005E000F0C001802904D140F69D003E
:1055F000A0872046F8BD412811D1B4F84000013001
:10560000A4F84000204625F07AFA40F69B00A087D7
:1056100094F84C0040F0020084F84C00E9E700F0F8
:10562000E00060280FD194F84C00214640F00200C1
:1056300084F84C0006F18C00EBF792FE60B1044652
:1056400040F69B00D4E703200121FBF7AFFF204683
:10565000BDE8F8401BF03ABB0024CAE72DE9F0434F
:1056600085B0064600200D46049024F0A3FA324C83
:10567000DFF8C09080462168D9F80000CB6C04AAFE
:105680000521984701A829F023FD2C48019626F012
:105690000106039520F00107BE420AD12949087886
:1056A000FE281AD02068826BD9F8000091F900100A
:1056B0000EE0234820F0010086421AD121494878A3
:1056C000FE280AD02068826BD9F8000091F90110F9
:1056D0009047812818BF25F061FE2168D9F80000A5
:1056E0000022CB6A01A998470546B0F1FF3F05DCCF
:1056F00002E025F053FEFE2525F050FEBE4201D10A
:10570000104806E00E4820F00100864202D10D4804
:1057100001300570012021680490D9F80000CB6C9D
:1057200004AA05219847404627F026FD05B0BDE8AC
:10573000F08300BF30530120583E01209DC4040077
:105740002DA20400F04F01202DE9F04F89B0364E14
:10575000002865D00D46002962D0144683461AB150
:10576000601910F8010C38B158462946224609B094
:10577000BDE8F04F2AF02CBD2C49284622F0EAF96A
:105780000028F1D000200DF118084FF00009002684
:105790000490022C39D340462AF09EFA0020234977
:1057A000234A2B46CDE9000005A802904046FAF7AF
:1057B000BDFA80B1074610F5A45F30D017F5845FBD
:1057C00023D0404623F0AEFFB9F1000F08BFB94621
:1057D000DDF814A011E0DDE905A1079A58462AF08A
:1057E000F7FC0746404623F09DFF47B117F5225FBF
:1057F00015D0B9F1000F08BFB946013601E001200C
:1058000004905544A4EB0A04C3E7049840B9064841
:10581000B9F1000F08BF00F180094E4600E03E4696
:10582000304609B0BDE8F08F00D8FFFF402B0000E4
:10583000FC2B00007FB5384E05463068A84200D0EA
:105840007FBDC81E0828FBD80FF206011446DFE80A
:1058500000F006050538050505194000F0E70020B1
:105860000390CDE901002088ADF80500F06801A99A
:105870001DF0DEFB0028E3D1AB6B01AA2846032113
:1058800098477FBD2078FD2802D17068016939B939
:10589000F0682146EEF7A6FC20B97068016909B1ED
:1058A000204688472078592826D084282CD0712873
:1058B000C6D161686078153104B0BDE8704025F04C
:1058C00083BAF06821461DF0D1FBBDE87F4026F089
:1058D000DDBFF16820460BF02BFE104890F86F00FA
:1058E00020720920E071012084F82D00204604B0C8
:1058F000BDE8704026F0BCBF227A6168592004B030
:10590000BDE8704023F04CBA61686078096804B063
:10591000BDE8704028F03BBA583D01207444012096
:10592000F8B5DDF818C000250026112E02D08555E7
:105930000136FAE700254FF0010EAFB28F4209D2CF
:10594000FF0805F007040135C65D0EFA04F4344380
:10595000C455F2E7013A062A0DD8DFE802F01F0429
:105960001F0C0C0C1600012B18BFBCF1150F17D122
:105970000022082310E0244A002111290ED05318D8
:1059800093F8923043540131F7E7012B18BFBCF173
:10599000010F0DD10E22402322F049FD0020F8BD59
:1059A000022B18BFBCF1160F0AD100220323F3E724
:1059B000022B18BFBCF1020F0DD106222023EBE70A
:1059C000032B05D0BCF1180F14D0BCF1170FE5D193
:1059D00000220223E0E7032B02D104221523DBE798
:1059E000BCF1050F09D0BCF1040F09D0BCF1030FC5
:1059F000D4D1F2E700220123CEE703220A23CBE72A
:105A000006220F23C8E700BF744401202DE9F04FA0
:105A100087B007680C461646DDF858B0DDE91498E3
:105A2000DDE912ECDDE910A27978082912D0062907
:105A300028D1C9F800E07146C06BCDE9003ACDE944
:105A4000042C22463346CDE9028B15F0DFF90546DA
:105A500012300FE0C9F800E07146C06BCDE9003AA2
:105A6000CDE9022C22463346CDE9048B22F0A4FB7B
:105A700005460F301E4808BFA0F50075284607B040
:105A8000BDE8F08F3D78492D18D1194DBBF1100FAD
:105A9000F4D1F968B142F1D1C9F800E07146C06BA8
:105AA000CDE9022C2246CDE900A817F0ADFF10F198
:105AB000560108BFA5F500700546DFE7A1F10B030D
:105AC0000B4D012B11D84AEA060353EA0B03D5D13B
:105AD000C06B4FF0FF330B39CDE900C9029318BFFB
:105AE00001217346F6F7B0FAC9E78035C6E700BF73
:105AF000009FFFFFF0B585B004460DF10F0015467D
:105B0000334A0491CDE900033048294600F12803C7
:105B100004A809F0F7FE012853D1002C40D09DF8CD
:105B20000F00C0073CD1E8780138C1B2182905D26E
:105B30004FF0FF1222FA01F1C90701D1A81C02E0BF
:105B4000244941FA80F0D4F85811007881F8080C03
:105B50002148D4F8587190F8726090F86F1090F85E
:105B6000702090F8713090F8750087F8086CD4F8C0
:105B7000586186F8091CD4F8581181F80A0CD4F839
:105B8000580180F8062CD4F8580180F8073CD4F866
:105B9000580100F604412046F2F72CFE002813D4E9
:105BA0000498A8420CD0294616222AF083FB3CB167
:105BB0009DF80F00000703D494F90D0023F01BFF9C
:105BC000002040B205B0F0BDF420FAE7A412002096
:105BD0007D2D0300612C0000744401202DE9F04369
:105BE00085B0044690F8A3030026010760D440F076
:105BF00008006221CDE9026684F8A303032028F09F
:105C0000E1FB002854D007462B48394616F0E8FD42
:105C1000B0F1FF3F38DD04F5037804F5AE7904F503
:105C20002C753846CDF8008002AA29464B460BF069
:105C3000F3FF064638462AF0F7F9002E27D4DDE9AF
:105C400002011DF087FE2968B9F8002086461B482E
:105C50001B4E00230027013102F57A7C2960A9F848
:105C600000C0702B15D0E21892F82452ED0709D02D
:105C7000D2F81C524FF0FF37B54238BF2F18C2E997
:105C8000877701271C33ECE738462AF0CDF9002648
:105C90000EE04FEAEE16F8070AD004F542741FFA38
:105CA0008CF2434620460FF087FB204629F070FE19
:105CB000304605B0BDE8F083EB2E0000A086010061
:105CC000BFF2FCFF2DE9F04391B0B2F5806F02D92D
:105CD0006FF0350765E0DDF86080B8F5807F02D9A8
:105CE0006FF037075DE00E46044605A830211F46D9
:105CF00015462AF0FDF82069E169884201DC6069F7
:105D0000B0B32046394642462AF044FA07460028F6
:105D100047D104F120080DF10409E5B10F20411C21
:105D200006D0215C01312154CAB201388A42F6D131
:105D30004046012122464B461EF0A0FBB0B9102D73
:105D40002F463046494628BF10273A462AF0B2FA75
:105D5000ED1B3E44E1E705A9204609F0F9FE0746A0
:105D6000B8B9206900270130206112E0074610E031
:105D7000B8F1000FCDD005A839464246F5F732FC00
:105D8000074630B905A9204609F0E2FE074600287B
:105D9000BFD005A8302128F025FA01A8102128F04D
:105DA00021FA384611B0BDE8F0832DE9F04F87B0F5
:105DB0008A46002107461C461546981A029101D9C9
:105DC00050450ED3D7E9520210EB0A0052F10002FF
:105DD00051F1000105D10F216FF01F031B1A9141F2
:105DE00004D26FF0130007B0BDE8F08FC7E952028C
:105DF00007F5BC7807F5B47903AEBAF1000F45D0CA
:105E0000BAF1100F4FF0100B38BFD346002000F14D
:105E100010010D2909D33918013891F87721013281
:105E200081F87721D1B29142F1D102A849461022DE
:105E3000334600903846F4F709F90028D3D1002002
:105E4000834519D0D7F8881131B93A18295C92F8EE
:105E50007831594082F87811315C2A5C51402154E4
:105E6000D7F88821012A05D13A1892F8783159409B
:105E700082F878110130E3E7384641464246FAF7A6
:105E800003FF5C445D44AAEB0B0AB6E70020AAE7D7
:105E90002DE9F8430546FF208DF8030061B34868FB
:105EA0000E4648B343B33DB30DF1030411461A4601
:105EB00028462346E4F778FAF0B104464078089F74
:105EC00001280FD09DF80310204611F08DFBB8B1CA
:105ED000A078400907280BD8012101FA00F010F042
:105EE000C20F05D02189284632463B4626F068FD80
:105EF000284621461BF0F8F900242046BDE8F88327
:105F0000E07810B9A1780029ECD0E16941B14A6A82
:105F1000013202D1896A013102D005206070ECE7BC
:105F200040F010003028E8D1288B0028E5D0A846A2
:105F3000B4F8089058F8107F002FDED078694088B8
:105F400000BAB9EB104F03D178897188814205D02E
:105F50001C2039462AF00EFA0746EDE740461C2180
:105F60003A4625F03BFC288B3946013828832846E1
:105F700026F018FDC1E770472DE9F047364CE3B134
:105F8000054604301E461746894629F0D5FB804653
:105F9000286BA24604F5807478B1E86B80B138783C
:105FA00004281AD00028204615D1012E504612D1BF
:105FB0004846BDE8F04722F0DBBD2046BDE8F0874B
:105FC000B0451CBF5046BDE8F087484639463246CA
:105FD0000FF0D7FAF8B1BDE8F0874FEA480001307A
:105FE000B0425046F7D17D1C48464246294612F041
:105FF000C7F90028EFD105EB080109F10C00424672
:1060000012F0BEF90028E6D109F118000121BDE81F
:10601000F0471EF06BBA09F10C0023F070FB2878F2
:10602000092809D14FF0FF30002200EBC601484695
:1060300017F0D2F90028CED109F1180001211EF085
:1060400055FA0028C7D1286B10B1E86B0028A6D1FB
:106050000020BDE8F08700BF80B0FFFF2DE9F84FBA
:10606000074604309A461446894629F065FB0546E2
:106070003249386B01F1800600285BD0F86BDDE90E
:106080000A8B00B30F4609F11800002122F0E8F84E
:10609000F8B1012C38D0002C4CD168003E460130BC
:1060A000CAF80000584545D804202A4608F8010BD4
:1060B000484641460EF00BFC0646D8BB08EB0501EE
:1060C00009F10C0030E0CAF800505D450CD90E46CD
:1060D00030E0BBF1000F3E462CD00026012088F8AE
:1060E0000060CAF8000025E00E46484641462A46B0
:1060F00011F028FC31460646E0B9386BC8B1F86BA0
:1061000000260028BED115E0681C3E46CAF80000F3
:1061100058450FD809F10C00002125F0EFFA0230A4
:1061200008F8010B484641462A46BDE8F84F0EF0F4
:10613000CEBB00263046BDE8F88F00BF00B1FFFFA0
:10614000F0B595B00446C068032843D1A06B334B2B
:106150003049314AC0E96E21C0F8C031A06BD0F897
:106160005012D1B300F5E67505AE402230462946FF
:106170002AF0A0F806F12001284620222AF09AF8F9
:10618000A06B3146202200F5F6702AF093F83046D5
:10619000402128F027F82268D4E90D67A06CE56853
:1061A000B2F87820D7F8C031B16807F5E677CDE9C5
:1061B000007502F00102CDE9022406F13402EAF78B
:1061C000EBF840B9A06B402100F5E67028F00AF822
:1061D000002000E00E4815B0F0BD626B4025D0F8FD
:1061E000C061D0F8C8113023029300F5E673343251
:1061F000CDE9005200F50375094A2846B04700284A
:10620000E9D12846442127F0EDFFA06BAAE700BFA3
:106210000094FFFF755103007157040051F801000D
:106220005F32000070B50446C80711D1880758BF17
:1062300070BD324C1C200021A0471D200021A0472A
:106240001E200021A0472E4C2E4D1C2021463DE053
:106250002A4E1C2000211546B0471D200021B047C2
:106260001E200021B047204610F0BCFD2988C60F33
:1062700040F60200224C814206D043F607008142DC
:1062800004D0B1F5C15F14D1E87B01E095F824009A
:1062900040060ED01C202146002205F0A7FB1D2041
:1062A000214606B3322205F0A1FB1E2021462F22F3
:1062B0001FE046B1134D1C2021462F22A8471D2068
:1062C0002146322207E00F4D611C1C200022A84706
:1062D0001D2021460022A8471E20214600222B46D1
:1062E000BDE870401847002205F080FB611C1E20AD
:1062F0000022BDE8704005F079BB00BFC1E9040091
:1063000000600020EDB902002DE9F047002854D0CC
:10631000DFF8D4A08846054648219AF801400AF1E2
:10632000040028F04DFDA04216D3DAF80410002630
:1063300071B191F84000022805D11EB1706C4A6C11
:10634000824200D20E4648202AF014F80146EFE7B8
:106350009EB330461EF036FADAF80410002449B134
:1063600091F84000002808BF013448202AF002F8C4
:106370000146F4E79AF80000E1B281421DD25020B4
:1063800028F0EEFCC8B15021064629F0B1FD4FF0CF
:1063900001090124DAF8041067B281B191F82C00E8
:1063A000B84204D0482029F0E5FF0146F5E759FA44
:1063B00084F4E0B2A042EDD011E0BDE8F08729F00E
:1063C00019F9706486F82C40002406F1090029466A
:1063D0001022347229F06EFFA6F81A80346030461D
:1063E000BDE8F04728F0C4BC085101202DE9F84F62
:1063F0001646024635481D4642F8040B084611462B
:1064000029F001FC2121074629F072FDDDF828A0C2
:106410000020315C01300029FBD1421E3846314654
:10642000202AA8BF202229F045FF286869684FF07C
:10643000000BC7F82510C7F82100293727F0B8FF4F
:10644000804689465FFA8BF5042D28BFBDE8F88F9A
:10645000BAF1000F32D05046294627F0B9FC68B394
:106460000120294642464B4607F8010B504624F0CE
:10647000E7F806460C46504629463246234624F0A5
:106480003CFD304621463A4624F04AFB044650463D
:10649000294626F05BFD20705046294627F080FAF9
:1064A000607050462946A61C27F087FC01463046FE
:1064B000102229F0FFFE04F1120704E038461B21E8
:1064C00029F016FD1B370BF1010BBBE7010097000C
:1064D0002DE9FE4F0546406C0C4688B105F13406A7
:1064E00001213154696C481CC1F10F0168643044CA
:1064F00029F0FEFC2846012132460023F6F74CF92C
:10650000A869D5E908232E6BD5E904A94FF0FF3E11
:106510000190E869571D53F100010290D5E90A0B7B
:1065200050F1000C5BF1000846F100060025A5EBD8
:1065300096050EEB96062F403240294033403040FE
:106540003A43194312EB0A024FEA1263227051EBED
:106550000901E3704FEA12434FEA1222217162707F
:1065600005EA0C02A37040EA0200019A50414FEA8A
:106570001162E2714FEA11424FEA11212072A271B9
:10658000617105EA080106EA0B0241EA0201029A7A
:106590005141020EE272020C000A21736072080E71
:1065A000A272E073080CA073080A60730020BDE8B3
:1065B000FE8F70472DE9F0478846002104460025EC
:1065C00010F0B2FC824618F1010002D1BAF1040FBA
:1065D0005AD3DFF8BC9000265FFA88F7D9F810503C
:1065E0008DB12846214626F063FE28B1BAF1030F8B
:1065F0002DD8287CB8422AD02020294629F0BAFE7E
:1066000005460136ECE7B9F80000864206D909F1E3
:106610001000202128F012FE1FF0BAFE282028F0DA
:106620009FFB002580B321461022064629F042FE3A
:106630000120F561708229F0AEFBBAF1040FB06160
:10664000354628BF4FF0FF3886F8108009E0D9F8AA
:10665000100085420BD009F1100020212A4625F0B8
:10666000BDF809F1100020212A4627F0FDF8204648
:10667000002110F059FCB9F8061014220328B1FBD0
:10668000F2F138BF0621A9822846BDE8F08700BF95
:10669000DC500120F8B50446C089000600D4F8BDDE
:1066A00020460E4627F058F9002854D0204626F000
:1066B000FFFB054638B1606A58B3E87DB04225D982
:1066C000801BE875F8BDE06C00284ED005463020F0
:1066D000294629F04FFEA98C0A06F5D541F48070B1
:1066E00020F08000A88400206062A06A0028E2D028
:1066F00007463420394629F03DFE97F82610002938
:10670000F4D0B98C21F01001B984EFE70020E875CE
:106710006062A06A20B306463420314629F02AFE82
:1067200096F826100029F5D0B18CC906F2D496F956
:10673000290023F09BFE70B1291D074624F077FB4A
:1067400048B102463846314611F052FF0028A6D023
:1067500005206662B5E72046BDE8F84020F06ABC37
:10676000A88C20F48070A884F8BDE08920F0800017
:10677000E081F8BD2DE9F04786B00E468046002046
:1067800001219246CDE90400CDE90201CDE90010D6
:10679000B0453CD0D04542D07068411E08464F1CE1
:1067A00005D0B16851F82020411E002AF6D0DAF851
:1067B00004106FF0030202EB8102494214460D46B9
:1067C00031B1DAF80810221F0B59691C002BF5D0E3
:1067D000401B411C404618F0D1FB814678BB404627
:1067E00000211DF083FE814648BBC5F1000900254C
:1067F000A9451CD0DAF80800B1680359D8F8080098
:1068000002193846F3F77EFE0135043CF0E703AE8B
:106810004146304613F0A8FD814680B9BAE7EA4602
:106820004146504613F0A0FD814640B9B4E73068B8
:10683000DAF800104FF000094843C8F80000684635
:1068400022F05DFF03A822F05AFF484606B0BDE8DB
:10685000F087F0B593B00446486890F85B00800775
:1068600064D5D4F8580115460E46D0F8A40C26F08D
:10687000E3FF014668464C2229F01CFD706890F841
:106880005B10490738D5022D04D06946204615F023
:1068900023FF7068017D11F007018DF801100DD103
:1068A000D4F85811C08AA1F8140CD4F858017168B2
:1068B000D0F84C0BC98AA0F868107068D4F8581149
:1068C00090F85B20D1F84C1B42F0080291F8681058
:1068D00080F85B20428BADF80220427D006A8DF883
:1068E0000E106946029020468DF80C2015F018FE17
:1068F000716820460BF025FBD4F858016F463946E5
:10690000D0F8A40C27F008FFD4F85801D6E90012FB
:10691000002DD0F8A40C18BF0125023114322B46EB
:1069200028F085FC2046394615F0FAFD13B0F0BD7D
:10693000F8B516460F46054623F03CF90446092FE4
:106940003AD8DFE807F00508111417313B1B4B2C30
:10695000306828604AE001206876D5E9040160309B
:106960006031C5E9040141E0306868833EE0306889
:10697000A8853BE030682249886037E01F482049FD
:106980000025806B097E91BB88BB1E48316828308A
:1069900025F0B2FC31681C4825F0AEFC26E0202032
:1069A000314624F0ABFC21E0306801281BD018B937
:1069B000802025F077FC19E0032518E00F481049E6
:1069C0000025806B097E91B988B93168192028F0BB
:1069D00007F831681A2028F003F807E030780649F4
:1069E00081F8600002E080201EF0AEF98325204689
:1069F00026F0C2FB2846F8BD80170020E44901209C
:106A0000B44801201C490120E437012070B5064636
:106A100005460C46802256F81C0B00F03F0170180A
:106A200000F8012B372904D8C1F1370129F060FAA9
:106A30000BE081F03F0129F05BFA2846314687F0F0
:106A4000DFFA3046382129F053FAD5E90001C200B7
:106A500085F85B20420985F85A20420B85F85920B9
:106A6000420D85F858204A0985F856204A0B85F8CA
:106A700055204A0DC90041EA5070314685F854202E
:106A800085F85700284687F0BBFAE87A20706889B5
:106A90006070A868000AA070A868E070E87B2071A8
:106AA000E8896071E868000AA071E868E071E87C34
:106AB0002072688A60722869000AA0722869E072F0
:106AC000E87D2073E88A60736869000AA0736869CA
:106AD000E073E87E2074688B6074A869000AA07473
:106AE000A869E074002070BD2DE9F0410446806B78
:106AF000D0F8C401807A0A280ED8012101FA00F0EA
:106B000040F29E61084207D02068B0F87800C007C4
:106B100008D1D4F8B80050B9606801306060002036
:106B2000BDE8F081204626F0BBFD002844D0204679
:106B300026F0B6FD0546072040F6FD78EDB1AE68BB
:106B4000A8EB00018E4233D8D4F8A010320CC71C39
:106B50000A54320AD4F8A01001444A703246D4F8DC
:106B6000A01001448E70D4F8A000E968384429F0E0
:106B7000A1FBD5F85051F019E0E7C21FD4F8A010DE
:106B8000130C0B71110AD4F8A0305971D4F8A0106D
:106B90008A711621C4E92910D4F8A0000B210170D4
:106BA0006068013060602046BDE8F04110F036BBFF
:106BB00003488030BDE8F0810148BDE8F08100BFA6
:106BC000808AFFFF2DE9FF4700F11D070446894633
:106BD000384626F05CF828B92F49384626F0F0FDF3
:106BE000002842D1B4F84000B4F84210091A142920
:106BF0003BDB261806F1880029F07EF916F88C5F39
:106C00008046FF2D04D02449304626F0D9FD60BBD4
:106C1000DFF888A09AF80000B0B11F49384626F086
:106C2000CFFD88B169464846002208F087FB00285E
:106C300009D46946384626F0C3FDB0F1FF3FDCBFFA
:106C400000208AF8000035786420B8FBF0F7B8F12E
:106C5000640F38BF0127FF2D0FD14846314623F07E
:106C60003DFF10B1394623F095FB14B120461AF0D0
:106C70002DF8002004B0BDE8F087D9F84450002D6D
:106C8000F3D02846394623F085FB1820294629F001
:106C900071FB0546F3E700BF91300000ED54012081
:106CA0007CB52C482D492E4C2E4A03682A48096889
:106CB0000068CDE900010820214627F052F82A4853
:106CC0002B4A21460368294800680090082027F0D5
:106CD00048F8284C207908B100207CBD264D94F955
:106CE000010005F1440114F05DFA00282FD494F955
:106CF0000100012101221B230AF0C2FE002826D434
:106D0000AA8AA978AB7D94F901000AF024F9002839
:106D10001DD4EE6A95F830306A8DE97D94F9010052
:106D2000009607F0EFFB002811D494F90100E91C4C
:106D300000220BF049F9002809D494F9010001213F
:106D4000012518F0A8FD002801D42571C4E704200E
:106D50007CBD00BFA8540120AC540120B0540120D8
:106D600081360000CF1E0000C0540120BC54012019
:106D7000751A0000145401207444012070B5334D7D
:106D8000696A01316962E96B01BB324B002230490B
:106D900013F007041E464A6003F1070424F00704B9
:106DA00018BF2646A3EB04034FF4A04418BF03F515
:106DB000A0440E603319083B23F00703991BEB63D3
:106DC000C3E90022C6E90031C5E91011C8B300F0DB
:106DD0000701A1F11102824233D3401A00F11001E0
:106DE00001292EDB286C81422BD8194A13681046E2
:106DF0005A681E468A4203D233683246002BF6D1C7
:106E0000EA6B96421DD03268046802607068421ACC
:106E1000112A05D370184260716019F079F8706812
:106E2000D5E910120834091A40F000409142296453
:106E300038BF69640021C6E90010A86C0130A8645D
:106E400000E00024FAF742FC204670BDDC47012038
:106E5000EC3D012051E300202DE9F8430446FF20DA
:106E6000002C63D00D46002960D0204626F04DFF4F
:106E7000AF7895F8038095F804907D01284627F0B7
:106E80006FFF064618B13046294629F031F807FB56
:106E900009F066658500284627F062FF064618B1AE
:106EA0003046294629F024F807FB08F0E66500EB98
:106EB00040008600304627F053FF60B33146054658
:106EC00029F016F8606D256638B3E16D29B300220C
:106ED00084F85A9084F8598084F85870BA4224D2C1
:106EE000002A134618BF434603EB430305EB830513
:106EF000134618BF01235E01002A855100EB4310A1
:106F000002F1010318BF4A4601EB82011A464160B3
:106F100094F85870E2E700202066204623F004FA37
:106F2000204626F0F2FEFF2000E0002040B2BDE83F
:106F3000F8832DE9F047894628211D4692460446EC
:106F400028F0D6FF4FF0000E4FF001084FF0FF3C45
:106F500000230022D8B2A8423AD2C70800F00701A5
:106F60001AF8076008FA01F131420FD019F80760EA
:106F7000314213D0D00729D06068032804D804EB2D
:106F800080005CFA83F1C18000221FE0E019C67D19
:106F90003143C175D00718BF724617E0A68A013683
:106FA000A682E619F77D3943F1756168D60705D0E9
:106FB00003299CBF04EB8101C88007E04A1C032A17
:106FC00062609CBF04EB8101088101220133C1E7AB
:106FD000E81D6168C008A07569B103290FD80123B5
:106FE000012261F38703834288BF0222207820F0C8
:106FF0000300104407E0207820F0030003E020782D
:10700000022161F301002070BDE8F087F8B5344F2C
:1070100004467868002855D0204621F0DDFBD0B129
:107020000546786808212A46143024F0D7FBE87911
:1070300002280DD1204621F0F7FB48B106467868BA
:10704000182132461C3024F0C9FB304627F090FE50
:10705000284627F08DFE7868C66A66B14C20314616
:10706000354629F087F90646288BA042F5D12846F7
:1070700020F06EFAF1E778680025002400264169C7
:1070800079B1C87928B1022805D0012808BF013597
:1070900002E0013400E00136082029F06BF90146D6
:1070A000EEE745EA060000060AD1786890F9340058
:1070B000002805D425F064FF7868FF2180F834109B
:1070C000200600D0F8BD786890F935000028F9D482
:1070D00025F056FF7868FF2180F83510F8BD00BF15
:1070E000445301202DE9F0478146886D0C4638B99C
:1070F000606E10B142690121904794F85C0038B18C
:107100002D480068002808BF0120A065BDE8F08771
:1071100004F13C0A1C21504628F090F8064604F180
:107120004408002EECD050461C213246374627F04A
:107130004FFE06467869214690F83E2048461FF0EB
:10714000C1FE0028EDD07D6950461C213A4624F04E
:1071500045FBB4F850000138A4F85000384627F039
:1071600007FE616C51B195F8580091F858208242A1
:107170000AD9002029F0FEF80146F3E74046002135
:107180002A4627F015FE03E000202A4627F008FED5
:10719000B4F84C000130A4F84C00204625F054F916
:1071A000B4F84C101920FAF701FAB4F84C10D9F8D9
:1071B00034011EF0AEFDB4E7983E0120FEB50D4649
:1071C00001680646324899B10021144611603268C0
:1071D0005178CB1EDBB2072B04D25F2727FA03F3CB
:1071E000DB0704D1137803F0FE03482B01D1002004
:1071F000FEBD02290AD001291CBF8030FEBD716A84
:10720000002918BFA0F5C0710846FEBD317A0129DA
:1072100009D1F368002BF2D006F114006AB1B16B0A
:1072200061B9D1680AE00AB1536900E00023776AC6
:10723000BB4207D0F1683943E3E70021726A9847FF
:10724000317A32689369F06B9F680AB1526900E045
:10725000002206F1140349B2CDE9003506F12803F6
:10726000B8470028C4D1307A18B1306830B14069CD
:1072700005E03068336920B1416903E000202060F7
:10728000B5E700212846224603B0BDE8F040184784
:10729000009FFFFF10B588B0044601A81C2128F00C
:1072A00027FE20780C2815D0112827D16078A178E6
:1072B0008DF8060060698DF80510CDF81100606842
:1072C00090F8B810002914BF90F8BA00FF208DF88C
:1072D00015003FE06168087D252813D0152817D1D7
:1072E00001208DF80400206AC0B10289ADF8162093
:1072F00042680692C26BCDF80B2011E01A4828F0C4
:10730000FBFB27E00020022206908DF8042007E016
:10731000154828F0F1FB6168002001E0002006908C
:107320000022A378ADF80F2062788DF805308DF833
:107330000620A268CDF807206269CDF8112091F8E7
:10734000B82012B191F8BA1000E0FF218DF81510A5
:1073500000B1079001A9012027F0F9F9201D1BF0C9
:10736000A3FE08B010BD00BF5C3801202DE9F04736
:10737000DFF8C08004461E4617468946D8F800004C
:107380008047206801304CD0042F01D0002E48D017
:10739000254655F8040FD5F810A060B15FEA0A71D0
:1073A00002D5013828F03EF900202AF0080AC5E984
:1073B0000000C5E90200002F2AF0070008BF0127DE
:1073C000B6F5807F40EA070A3746C4F814A028BF04
:1073D0004FF48077B9F1000F18BF012E0BD10137A0
:1073E00038461EF04BFC2860C0B101304AF008015D
:1073F0006161606002E009F101002860C11920614B
:107400000139C4E902010C4800688047D8F800003F
:1074100080470A480A490024016004E04AF4806079
:1074200060614FF0FF340448006880472046BDE8A3
:10743000F08700BF30540120345401201C53012038
:10744000B14D040070B5C068C468D4E90702A16AF0
:107450008260D4E90702506004F118004A68824251
:1074600001D1226A4A600022284DA2620A68013ACC
:107470000A60696A71B126490A6DE2619368236204
:1074800093685860906001F14C00A062C86C0130B4
:10749000C86431E0D4E9020261698260D4E9020281
:1074A0005060201D4A68824201D1E2684A60002291
:1074B000184B62610A68013A0A60E16A01EB8102D5
:1074C00003EB82025268A2609668E660012606FA23
:1074D00001F16E6831436960916848609060E06ACC
:1074E00000EB800003EB8001616153F82010013153
:1074F00043F8201022F0F0FF0749E06A0968C96AE2
:10750000884292BF00200120A86270BDDC470120A4
:10751000F8460120DC110020A05401202DE9F84399
:1075200081460E468046002559F82C4FE4B12020B4
:107530002146274628F01EFF0446F869411C02290F
:10754000F4D3B04202D9801BF861EFE7F87CFD610B
:1075500001380128EAD8404639461DF0C5FC4046AE
:10756000394618F049FBE1E798F80400B04204D925
:10757000801B88F80400BDE8F883D8F82C4014205C
:10758000002588F804004CB12020214628F0F2FEA6
:10759000E17C0446002908BF0135F4E7134CA089BB
:1075A000854221D94846202127F048FE0646DEB113
:1075B000484620213246374627F00AFC0646F87C2A
:1075C0000028F4D1B87C062801D00328EFD1F8694F
:1075D00010B160898542EAD94046394618F00CFB63
:1075E000A089013D8542E2D8BDE8F883DC50012046
:1075F0002DE9F04F87B007681646DDF858B0DDE991
:10760000149EDDE9128CDDE910A20C467D78082D70
:1076100012D0062D20D1C9F800800121C06BCDE920
:107620000063CDE902A242462346CDE904CBCDF862
:1076300018E01BF0CFFD3FE0C9F80080C06BCDE93A
:10764000003A02A93346CDF814B081E8045041460F
:10765000224620F0C6FD2FE03978492912D1184979
:10766000BBF1100F27D1FD68B54224D1C9F80080C5
:107670004146C06BCDE900A22246CDE902CE22F000
:107680002BF819E0A5F10B030D49012B12D84AEA9A
:10769000060353EA0B030ED14FF0FF31C06BCDE967
:1076A00000C943460291B5F10B0118BF0121F2F761
:1076B00007F801E08031084607B0BDE8F08F00BF51
:1076C000009FFFFFF0B585B0054690780C4600B3EB
:1076D000022021460322E061E07405F1980019F0D0
:1076E000E3FB95F90D202020042100230525CDE999
:1076F0000231CDE900530490204680212346F3F760
:10770000EDFD24482146006805B0BDE8F04024F0B6
:10771000F5B8108816460028DAD001202146032249
:10772000E0743088C0EB00108000E06105F1980043
:1077300019F0BAFBE06995F90D20202100230527F7
:107740000491CDE9007380210238CDE90230204652
:107750002346F3F7C3FD95F89B000322204400F174
:107760003001D5F86C01D0F8840013F0C5FA40B1AF
:10777000007D800705D40748E2692146006818F0BB
:1077800057FCF11C04F10802284605B0BDE8F040A2
:1077900014F016BE903E01202DE9F8430746284814
:1077A000984691460C4627F083FBB81E4FEA7000BE
:1077B00007280DD8DFE800F004080C120C0C0C169A
:1077C0002048254A264B10E01E48234A234B0CE054
:1077D0001C48244A4FF48071234609E019481C4A8A
:1077E0001C4B02E01748184A184B00944FF4807164
:1077F00026F007FA134E0746C0F580714A46434605
:107800003518284628F051FDC7F1F901164A2346DC
:10781000884238BF01466818CD19C5F5807126F039
:10782000F0F92C180025A54204DA705D26F07DFFE2
:107830000135F8E70248BDE8F8431FF069B900BF19
:10784000703B0120580D0020E02F0000563600004C
:107850009C2F00004A360000BE2F00003E3600007C
:10786000443600008B2F0000E83500002DE9F0437E
:1078700085B016460C4622F0F9FD002858D0D0F805
:107880005C51002D54D0DDF83090A64201D2012782
:1078900009E04FF6FF70B4FA84F1301A18BF0120E6
:1078A000490901EA0007284628F0A0FD224A80463F
:1078B000D9F80000D9F80410204C4FF000096E46AA
:1078C00013685268029080F0020003918DF808005E
:1078D000CDE900322D685DB320780021052838BF3E
:1078E00001213940012911D1013031460022207097
:1078F00028461BF013FEA8B1284627F089FF88B15F
:107900000246284641461FF073F80BE028463146F0
:107910001DF044FE20B12846414600221FF068F8C1
:1079200084F800900020294628F024FD0546D2E77F
:1079300005B0BDE8F08300BF14350000F15401200C
:107940002DE9F04F87B0059030484FF0000A0DF157
:10795000180B4FF00108016885682D4800680491F4
:107960000390002D4FD0D5F80090B9F1000F44D00E
:10797000002049464E4628F0FDFC8146FF2041B2DA
:1079800028461EF0A5FF38B3876B044617B397F857
:107990002100800718D4384625F079F9A0B9BB6AD0
:1079A00097F8222028463946CDF818A0CDF800B027
:1079B00028F03AFD06997B69CDE9008030468022A7
:1079C0000291394607F08EFB2C20394628F0D2FC74
:1079D0000746DBE7607BD2E7059C30462146F5F79A
:1079E00001F9304621460FF027FDDDE90310814201
:1079F000BBD9304600F00EF8B7E70820294628F03A
:107A0000B9FC0546ADE707B0BDE8F08FA0510120F5
:107A10009C3E01202DE9F84F8046806A18B9D8F8BD
:107A20001C00002853D008F11C055021284627F0DF
:107A300005FCDFF8B0A007464FF0000B42F22739F3
:107A400077B397F82D00C10716D17C68DAF800608B
:107A5000000718D4301B484503D897F82D10C906E5
:107A60000AD4BBF1000F06D0DBF80410DAF80020CE
:107A7000511A884200D9BB46284650213A4627F081
:107A8000A7F90746DCE73868816A0029E2D0086870
:107A90000068B842F0D0342028F06CFC0146F4E7CE
:107AA000BBF1000F03D058460FF0EBFF16E0404645
:107AB000FDF7B2F840B10146808C00F009000828BB
:107AC00002D191F8260030B10020BDE8F88F404681
:107AD00010F05AFD02E0404617F0DAFD0120BDE843
:107AE000F88F00BF983E0120B0B58CB004461198C5
:107AF0000B9010980A9007A80EC00DF10F010120FD
:107B00000591F7218DF818008DF80F00D4F8680161
:107B10008DF810100A21C36804AD2A469847142036
:107B20000A212A468DF8180007A80590FB208DF839
:107B3000100028F0A8F902202A468DF8180003A8A2
:107B40000999059040208DF810004FF47A70B1FB30
:107B5000F0F09DF82A10B1FA81F100EB800049099C
:107B60004900C8400A2100F54870ADF80C0028F023
:107B70008AF904200A212A468DF8180002A80590E7
:107B8000FA208DF810000B48029028F07CF9D4F808
:107B9000581109486FF0630390F9002094F90D0023
:107BA00091F80F1C00936FF03B0312F04DFB002087
:107BB0000CB0B0BD0200D00774440120B0B504463B
:107BC000D0F8580138B940F6A84027F0C9F8002885
:107BD000C4F8580158D040F6A84128F089F9D4F8E3
:107BE00058012A4D00F63C30A847D4F8580100F659
:107BF0004430A847D4F8580100F6AC20A847D4F880
:107C0000580100F6B420A847D4F858014FF6FF7188
:107C1000A0F8001BD4F8580190F8561B41F0010160
:107C200027F0DFF941F0020127F0DBF901F0FB0159
:107C300027F0D7F901F0C701103180F8561B26F064
:107C40004BFC0321D4F8580180F8061CD4F85801E5
:107C500080F8081C0221D4F8580180F8071CFF2185
:107C6000D4F8580180F8101C6421D4F8580180F829
:107C7000111CD4F8580100F60441F0F7BBFD26F0C2
:107C80002BFC002040B2B0BDFF20FBE791FF0400B9
:107C90002DE9F04F89B00E46814601A8202190467B
:107CA00028F026F9202E08D0182E09D0102E0CBF4F
:107CB0004FF0010A4FF0000A04E04FF0030A01E020
:107CC0004FF0020A0125234F234805FA08F47C608F
:107CD000834600684169272088470320C7F88053FE
:107CE000C7F88403C7F80053C7F88803B86882450B
:107CF00018BFC7F808A0182E3C6008D101AE49464D
:107D00001822304628F0D6FA3046202101E04846B5
:107D10003146002200231AF0F7FE104821F092FFAE
:107D20000546DBF80000016A27208847DBF80000E1
:107D30000169272088470020B0EB957F06D178683D
:107D4000C04320FA08F000F0010000E0012009B073
:107D5000BDE8F08F00440240B0010010030000C0F5
:107D600070B52548066823F059FA24480025244CAC
:107D70000560206C806C80472248006838B122483A
:107D80000068B6F1FF3018BF304604F0F1F91F4823
:107D900040F2391205601E48016862F31B41016020
:107DA0001C48016801F44051B1F5805F06D10168BB
:107DB000194A114001F5003202600160174D012699
:107DC000EE612068016A142088471548016841F473
:107DD000E021016013482E60006800F44000B0F517
:107DE000000F03D1206C416C0F4888470F48016891
:107DF0000029FCD170BD00BF1C13005084046042F8
:107E0000B001001080012843800520438C210840E8
:107E10004820034028000940EFFFFCFC00002443F9
:107E200000200940B44F0050BD3786000C00684266
:107E300070B5F8B1012858D1012027F0ABFB01281B
:107E400053D02D4C94F8380100284ED12848294EA3
:107E50000569306810F4402F30D17DB323F00EFA5D
:107E6000502028F010F90120A84704F1940006F0F2
:107E700097FB25E028F00FFA1E48006810F4402F09
:107E80000AD11B4804693CB11B48943028F0E6F83D
:107E900023F0E4F90020A047174C94F8380120B3F0
:107EA0001648016821F08001016080218160032073
:107EB0001CF030FF002084F8380116E028F0EDF9BE
:107EC000012084F83801306810F4402F00D14DB9FA
:107ED000207A800606D4094880218160016841F03B
:107EE0008001016003201EF01BF9002070BD00BF5F
:107EF000642E0000B44F0050384101209022084009
:107F00002DE9F04F87B00091866D04AD81469A4609
:107F10009346284627F00AFC01A827F007FCF01D2D
:107F200009F104044FF00008C708284639465A46AC
:107F3000534611F036FDD8BB284621460AF01BFBFC
:107F4000002804D42846012109F0BEFBF3E7B8F16C
:107F50000B0F38D02846012120F082F908F10108E2
:107F60000128E2DB009C04AB484604F1180128F02C
:107F700099F80646E8B901A904AA4846134623F031
:107F8000CDFB0646A8B901AB48462146224623F060
:107F9000C5FB064668B901A904AB484628F082F83B
:107FA000064630B904F10C0101AB484628F07AF8D6
:107FB000064604A821F0A3FB01A821F0A0FB30464F
:107FC00007B0BDE8F08F014EF9E700BF00B3FFFF37
:107FD000B0B58AB002782F4B9A5C002A8DF8002049
:107FE00056D0112A10D00C2A4DD190F8DC201A2935
:107FF0008DF82720B0F8CA2002F001028DF8262063
:1080000008D1002001903EE090F8C92001908DF841
:10801000022036E090F8C93001908DF80230C36834
:108020000293038AADF80C30837DDB0605D41A4C2D
:10803000837E94F83440E31A00E000238DF80E307C
:10804000437F8DF80F30C38BADF81030002379B922
:10805000002A4FF000024FF000044FF000050AD054
:108060000E4A1468B4F85850B4F87020E36E02E079
:10807000002200240025ADF824500894ADF81C20FF
:108080000693806A059068468DF801100FF06CFE2B
:108090000AB0B0BDB0360000FC1500208C3E0120B7
:1080A0002DE9F047DDF824A01F4614460D46804612
:1080B0000BB1FF203870BAF1000F53D04FF6FF76A6
:1080C000B8F1010F04D12DB1012D10D1062402E029
:1080D000002402E01124089E9EB1304621461DF086
:1080E0002DFB012804BF0220BDE8F0870AE0112C17
:1080F000F3D801201D4A00FA04F11142EDD0BDE889
:10810000F0870026284612F0BFF958B3054619F04B
:108110002FF920B38146A861284618F03DF8387041
:1081200001301CD00A9F0020687327F069FAA873F9
:10813000284685F81280C5F808A027F029FFFF20FF
:10814000A8821FB1687B40F0020068730020A9F884
:10815000286089F83440C9F80050BDE8F087284607
:108160001DF0D2FA0120BDE8F08700BF41000200F7
:108170002DE9F04F8BB01C4680460020159B032A4A
:10818000186001D22D4D55E014980D6800EBC20324
:10819000A3F1100A4B682560551E0831EA006360A0
:1081A000019228F089F805EB450000260DF1180B27
:1081B000D146470057EA06002AD020463A463346C1
:1081C00020F0BAFA2068616810225B46CDE902010E
:1081D000D9F80000D9F80410CDE904010AA80090EC
:1081E000404602A9F1F732FFB8B906AB0FCB616088
:1081F00020601498C9F80430C9F800208145504621
:1082000018BFA9F10800013F66F100068146D1E7D9
:10821000159801990025016004E00546149801991C
:1082200027F066FE02A8102125F0DCFF06A8102129
:1082300025F0D8FF28460BB0BDE8F08F009FFFFF68
:10824000F8B50024E0B10D46D1B100241746BAB10B
:108250006868A8B1A4201E4626F082FD78B1A4214A
:10826000044627F045FEFF203946C4F884502070AC
:108270002046FEF7F1FD28B120461AF0BBFE00248F
:108280002046F8BD686800890028F5D020462946B8
:10829000324666851DF0D9FC0028EDD122F032F877
:1082A000B0F1FF3F84F84A00E6DD27F079FD84F85D
:1082B000280002200021A46384F83C004FF4A06051
:1082C000C4F8A01084F837108DF803100DF10301E5
:1082D000A4F8350094F84A0084F834006868026A0B
:1082E0000A20904721464FF47E0331F8010F8A7827
:1082F00003EA02429DF8033042EA0342120C8A70FC
:1083000021F8190B6868026A0F209047B8E7704798
:108310002DE9F84321F04EFC80462F48DFF8B49059
:108320000068D9F89040006B8047D4E904572A468A
:108330003B4625F07BFE0646A0FB050206FB072216
:1083400001FB0521C4E906010120A9F8A000D9F824
:108350000800D9F80810D9F89850711A281A8842DC
:1083600003D9002089F8A0002FE0404624F004FF44
:10837000771B0026B74207D335440120BF1B29468F
:1083800012F0C0FA0646F5E721F014FC804699F891
:10839000A10020B10020294612F0B4FA0646701C54
:1083A00006D0D9F89C00F11B814238BF084601E095
:1083B000D9F89C00411922F0B1FE002089F8A000F4
:1083C000012089F8A200C9F808504046BDE8F843EA
:1083D00024F0D2BE281400208C010010BFB50DF18E
:1083E0000F0142F2050010F039FC9DF80F00002843
:1083F00053D002A942F2010010F030FC274D95F84D
:10840000200048B3202021F023FF0024002085F81D
:10841000204009F01CFE9DF80F000299E860081A40
:1084200095F8D41021B1D5F8D01085F8D440401A71
:10843000642126F000FE01A81BF0F4FC1848019905
:1084400090F82E00B1FBF0F202FB101102388142CD
:10845000019122D200241BE095F8D4109DF80F0062
:1084600029B1002185F8D410D5F8D010401A642124
:10847000012426F0E0FD012009F0E9FD002085F847
:108480002040E860A8880130A880202021F0F2FE7A
:108490000448024A214616F007FABFBD2C100020FE
:1084A00070150020EC5201202DE9F0478A4606465F
:1084B00021F0DCFFA8B10546304621F061FD90B106
:1084C00007460020002100223874F860787F00F011
:1084D000F80078773046F8F7AFFA38811FF0E8F8FF
:1084E0007874BDE8F087504626F098F804462820B6
:1084F00026F036FC0746A01C5FFA80F8404626F0BE
:108500002FFC814667B3B9F1000F29D038462821E6
:1085100027F0EEFC3046002100223E77F8F78CFA77
:1085200038811FF0C5F87874032020213A46C7F837
:108530001890A7F81680B8820D4826F039FCB96962
:10854000504627F060FB0446504605F58C7526F032
:1085500065F8024620462946BDE8F04727F0AABE46
:10856000384626F005FC4846BDE8F04726F000BC3A
:108570008C530120FEB5144601AB0D220D46064674
:1085800015F019FA40B9BDF80600022804D3029884
:1085900027F0B2FC022848D001AB3046294603221E
:1085A00015F009FA002840D1BDF806500C2D3CD337
:1085B000029E224F3046B8472060301DB8476060A9
:1085C00006F10800B847A060A5F10C0085B2052DA2
:1085D00029D30C3601AB29460D22304615F0EBF9B4
:1085E00038B9BDF80600022803D3029827F084FCAE
:1085F000D8B901AB30462946052215F0DCF9014611
:108600004FF0FF30C9B9BDF80610182915D3029DE7
:1086100005F11000E56027F0A2FD606105F114008E
:1086200027F09DFD07E0000402D04FF0FF30FEBDB3
:1086300000206061E06020610020FEBD5F01050058
:10864000B0B50C46097A49B3054604F1090020F09B
:1086500000FF48B3D5F86C01227A04F10B01D0F881
:10866000840012F049FBB4F87610C90712D188B122
:10867000017D11F0180F23D189060FD5D5F86C11A3
:10868000D1F88410CA8A013ACA82017D01F0DF0163
:10869000017503E0D5F8581191B188B920465021F1
:1086A00026F0D3F8002429E04FF6FF70A4F80B0061
:1086B0000220207294F85C0020F0180100200FE0E6
:1086C00094F85C1041F0100184F85C1020B1027D38
:1086D000082323EAC20200E0002221F0080111432E
:1086E00084F85C1094F85D20012A07D0C90602D5F1
:1086F000D5F8581121B1002084F85D002046B0BDA6
:1087000010B1007DC006F6D50220F5E7F8B50446A5
:1087100008460D4627F0E4FDA178228842EA01418F
:108720002A4A114000F00702114400F008021144E7
:1087300000F01002114400F02002114400F0400249
:10874000114400F4705241EA420200F4404142EA0E
:10875000410102F4C042B2F5804F0BD14FF4807258
:10876000802321F4C07102EA500203EA5000084459
:10877000871802E0164801EA0007380CC7F34131B8
:1087800027800229A07006D3AE1C0020022908BF52
:1087900017F0800101D1A878EE1CE070204612F09D
:1087A0006DFE27F4007160F34921080C2180A07050
:1087B000084801EA0005204618F042FC60F38A25CB
:1087C000280C2580A0703046F8BD00BF8007FEFF52
:1087D0007FFEFF00FFFBFF002DE9F843DFF8B880C4
:1087E000DFF8B8900446204622F0EDFB0546D4F8A9
:1087F0005801068D002031461FF09BFD074620469C
:10880000F5B12946002202F088FF0028EBD498F841
:10881000000008B3B9F800002989814212D0D4F8C9
:10882000580100212A4600F6B42022F0D7FFD4F8E0
:10883000580100212A4600F6AC2026F0B9FAD2E70A
:1088400015F0BEFD1648007890B10A2014211FF0E3
:1088500070FD6086BDE8F8831148007A811E022908
:108860000FD2298905F10A02204622F0F0FB0EE022
:10887000B8194FF6FF71884238BF01466186BDE8DE
:10888000F88320B92046BDE8F84327F0BBBA20465C
:10889000BDE8F84327F0E1BCC03E0120B23E012014
:1088A000644C0120F0B585B00D4600211446CDE999
:1088B0000311CDE9011101A9009104A903AA02AB9A
:1088C000F9F758FA029F002F394618BF0121019E7F
:1088D0000140002E324618BF01221140002D10D455
:1088E00011B3049840F22B2105806FF39F55384651
:1088F0002A4621F07FFA039831460FF069FA676043
:1089000010E0C9B104984FF0FF316FF39F552A462C
:10891000018030462B2121F06DFA0398314610F08A
:10892000C9FA666015201EE0C8B104984FF6FF72C0
:108930000188914214D110E078B16FF39F550398EC
:108940002B212A4621F056FAFF2806D004984FF032
:10895000FF3101801420656005E0032005E00498E4
:108960000580658010202080832005B0F0BD2DE9B2
:10897000F84F0D4600F1020A4FF480344FF002091F
:108980006FF07F0B009004EA0500B0F5803F19D02E
:10899000B0F5800F18D0B0F5802F19D0B0F5002FAA
:1089A0000AD0B0F5801F09D0B0F5001F08D0B0F58F
:1089B000003F28D1022608E005260AE0062608E046
:1089C000072606E0012600E003264FF0000802E03B
:1089D00004264FF001080AF1020731463846E8F74D
:1089E00047FFB8F1000F02BF00F4E06141EAC62181
:1089F0004BEA11268AF800008AF8016007EB000AAA
:108A0000484400F10209A5436400002DBBD11FFAC0
:108A100089F0032809D3009A09F2FE70142110701E
:108A2000000A61F3DF00507001E04FF000091FFA07
:108A300089F0BDE8F88F70477FB52D4C256875B17A
:108A40001420294627F096FC0646204614212A4683
:108A500022F0C4FE284626F08BF93546EFE7254C78
:108A6000254D8021322200232046A84700200021E6
:108A700028220123A8472148602123220423A84754
:108A80004FF4087010211E220223ADF80E000DF1E4
:108A90000E00A8474FF49070202105220523CDF841
:108AA0000A000DF10A00A847FC20072103220D232C
:108AB0008DF809000DF10900A84720466021012228
:108AC0000323A8474CF2FE000A2101220B23ADF834
:108AD00007000DF10700A8474FF63F601021012263
:108AE0000C23ADF805000DF10500A8477FBD00BFC0
:108AF0007C53012051300000FD270300F4320000B8
:108B00002DE9FE43044600682E4DA66BD6F83C21A5
:108B100006F5A073002A08BF00F16403076ED3F8BE
:108B2000009018BF1746082911D005291ED199FABF
:108B300089F0000CB9F1420FA6F80C023ED806F2FB
:108B40000E284946404627F0D3F9C84417E0D0E93B
:108B5000061006F20E2842234246CDE90010301DD1
:108B600002A908F06DFD20B1054627E005F5A065D6
:108B700024E0029801BA8044090CA6F80C1206F50C
:108B80001470A0EB0801022918DB99FA89F1090C8D
:108B900028F8021B404511D3A0EB080048450DD32F
:108BA000404639464A4627F085FBA16B08EB090091
:108BB0000025401AA0F50370C1F8C8012846BDE899
:108BC000FE8300BF008FFFFF2DE9F84F0746DDE968
:108BD0000AAB984616460D46814657F8404F7CB181
:108BE000207CB04206D104F111002946324617F02C
:108BF0000FFDC8B90420214627F0BCFB0446EEE770
:108C0000F01D142101EBD00027F0CFF8E0B30446AB
:108C100006741130294632461DF02AFB38460421DD
:108C2000224626F0C5F807E02068504504D1A07B15
:108C3000404501D1002000E00120002184F80E8091
:108C4000C4F800A084F80CB0BAF1000F08BF0321EB
:108C50006173D0B1D9F80050286BB0B100684845B5
:108C600013D1A868807C80B1AE6A76B1B08CC007A1
:108C700004D028463146224612F068FD34203146A1
:108C800027F078FB0646F0E700242046BDE8F88F81
:108C90007FB5856B04467DB994F8730094F8741021
:108CA00004F1080204F11C0325F00AFB30B3054669
:108CB0002046294624F020FB687B3F281ED8287BCD
:108CC000FF281BD0288A0021B1EB502F16D1286A2B
:108CD000D0B105F11C06304625F093FDB4F84010E4
:108CE000B4F84220511A884208DB284613F0C0FB32
:108CF00020B13046214620F032FE28E0204617F011
:108D0000E5FF012004B070BDA06B30B1018A4A1CA0
:108D100093B2934218BF0B460382A0630D4801949F
:108D20004178827801318DF8002041700020039055
:108D30008DF808008DF803004FF40070ADF80100C5
:108D400068461FF0D5FD10B1204617F0BFFF002088
:108D5000D8E700BFD950012070B5044628480078F4
:108D600060B11CB1E92C01D01B2C07D1254800684B
:108D70000089023011F0A8F91CF086F92248002180
:108D800001702248017084B9214D2878022806D04C
:108D900003280AD11B480068C08A400705D417F091
:108DA000FDFD68601B48007868701B4D2878D8B1BD
:108DB000686CC8B1134E3068017D35290AD101892C
:108DC0004068F7F7E0FB306840680088000748BF5C
:108DD0001AF0D4F8696C204688471048007818B912
:108DE00000200021F9F78BFB0648006818B1007DD0
:108DF000352808BF70BDBDE8704025F0A3B900BF9D
:108E0000DA54012090540120DD3E0120CF3E0120A4
:108E100034530120DC3E012048480120D654012073
:108E20002DE9F843C0B30446D0F83401A0B3D4F818
:108E3000380188B3D4F83C0170B30D4626F08EFC9F
:108E400038B100684CF25031B0FBF1F04000013015
:108E500000E00120C0B22149214E322828BF322033
:108E6000497C0746002918BF322794F82C100329A3
:108E700018BF0746D4F83401B0478046D4F838010B
:108E8000B0478146D4F83C01B047AF429CBF0120B7
:108E9000BDE8F883322D02D20020BDE8F883114DE1
:108EA0000646286878B9D4F8580164224FF48073D4
:108EB000D0F84C0BB0F8BA10B0F8B80019F0B5FC07
:108EC00000282860E8D009EB0801314489B21CF081
:108ED00020FF2868BDE8F8430EF069BDB04C0120C2
:108EE00059F20400C45401202DE9FE43D0F8581172
:108EF000044691F8090CA0F12202D2B2052A0ED341
:108F0000A0F13302D2B2042A09D3A0F14402D2B2B2
:108F1000032A04D3A0F15402D2B2022A2FD807F0B8
:108F200079FE8046D4F8580190F8090C1CF0D2FF65
:108F30000646D4F8580190F8090C12F0E9FC000438
:108F40000027002540EA0629D4F85801D0F81C6C07
:108F500090F80E0C25F018FA0246D4F8580145EAAC
:108F60000701434690F80F0C0843CDE900090F486C
:108F700006FB00F12046FEF7B7FDBDE8FE83113881
:108F80004FF00009C0B2082838BF4FF0010991F82E
:108F9000080C17F0D9F98046D4F8580190F8080C5D
:108FA00024F079FF05064FF48027CDE7A086010065
:108FB000F8B5002504462021C0F81650C0F812501C
:108FC000C0E9025500F2611026F092FF04F5E0704E
:108FD000442126F08DFF4FF0FF302421208204F53C
:108FE000397026F085FF22484FF6FF77C4F8B0525B
:108FF000C4F808023C20A4F80402FF2084F86001B1
:1090000094F8A30300F0E00084F8A303702D0DD0C2
:109010006619182106F5037026F06AFF96F82402F7
:109020001C3500F0FE0086F82402EFE704F120056D
:10903000284626F0D3FE04F1A80026F0CFFE04F562
:10904000C27630461BF0A2FB0A488079C0F340018B
:10905000304623F054FF14F5987008D0302126F0E4
:1090600047FFA4F85A71A4F85871C4F85451F8BDD8
:1090700040190100DC5301207FB50546D0F8E0001F
:1090800040B10C46022808D0012819D128461DF00D
:10909000D4FE14E06FF053004FE0D5F8D80010F084
:1090A0000F010DD00020C1F110026946CDF80B0070
:1090B0000290CDE9000005F1840009F01FFDE0BB3E
:1090C000032005F1D003C5F8E0000FCB0E0E8DF89C
:1090D000041084358DF808208DF80C308DF8076069
:1090E0000E0C090A8DF80510010E8DF800008DF8A0
:1090F00006608DF80310010C000A8DF80100180EAF
:109100008DF8021069468DF80F00180C8DF80E00CE
:10911000180A8DF80D00100E8DF80B00100C8DF84C
:109120000A00100A10228DF80900284609F0E6FC12
:1091300018B928462146FDF7CBF904B070BDFEE70B
:109140002DE9F04126F07BFE1EF018FA00284ED0E3
:1091500026F032FA26F036FA400743D415F07EFBAB
:10916000044625484FF47A78806D00FB08F704EB3D
:10917000840045003E46BD4238BF46000120012123
:1091800023F066F8864232D91C4E306820F0010088
:1091900030600A20BD421A4D28BFB7FBF0F4A4F19D
:1091A0001800686105F10C0005F0FAF917F0F6FBFC
:1091B000044600BF00BF0120F4F7FEFB00BF00BF64
:1091C000002085F8200017F0E9FB001B00EB800071
:1091D0004000B0FBF8F01EF041FD306840F00500A3
:1091E000306004E000BF00BF30BF00BF00BFBDE87B
:1091F000F04126F028BE00BFDC47012010E000E06F
:10920000384101202DE9FF4788B11646884682463D
:1092100020F0D0FC264D0746287808BB25490020C1
:10922000202806D00A1852600A500830F8E70020BB
:109230003BE0214800214FF00109214AC160016152
:10924000C0F814900170E02001918DF80C9002900C
:109250001A48296D01AB3C3009F0CAFF85F800902F
:10926000384623F089FF1749002E18BF31468A6817
:10927000501C08BF03220020032A16D8CAF804A0F5
:10928000CAF800A00AF10C0391E8F0000949F0C304
:1092900001EBC201CAF824005046CAF81420CAF8EB
:1092A0000810DAF81810CAE9078104B0BDE8F087A1
:1092B000DC4701206C470120F8460120844601204C
:1092C000EDDB0400C8250000F0B5DFF8BCC0BCF839
:1092D00018405CB144884CB9B0F80550BCF81C404B
:1092E000C5F38225A54224BF048844801AB14902EF
:1092F000B1FBF2F101E04FF6FF71DCF834200F46CC
:10930000914288BF1746002A08BF0F469CF81010EC
:10931000B0F8052039B1BCF81C60C2F38225B54213
:1093200005D8FC0007E0BCF81C60C2F38225048865
:109330002744A7EBD40449F6DF773A40DCF83870CD
:10934000A0F80520BC4238BF2746B542078038BF89
:10935000F0BD81B11A88DCF83010002402EB420223
:1093600021F8124001EB42010C719CF80420CC70F2
:109370008A7042790788BCB2811C02F01F02204625
:10938000BDE8F04011F0D2BB384D0120F8B5002007
:1093900021F048F800284AD0D0F85811002946D0CA
:1093A000D0F86C11002942D0D1F8841000293ED0A9
:1093B0000A7D097EDFF88CC0002500264C1E20495E
:1093C0005FFA84FE0C705C2151430022A94235D023
:1093D000D0F86C71D7F88470174497F83C30DB06EE
:1093E00022D5F3B2D7F82A40D7F82E709B0053FA53
:1093F00086F301364CF813400CEB43035F60D0F862
:109400005841D4F8984C2C44B4F85440E4081C72E9
:10941000D0F85841D4F8984C2C44B4F85640E4089D
:109420005C72F3B2734509D030325C35CEE7064941
:10943000064A1020BDE8F84024F093BCF8BD00BFF8
:10944000BE3E0120D807002081360000E821000040
:109450002DE9F04780468A4681460025002458F8C9
:109460002C6F7EB1F77C3046514623F021FFE8BBDC
:10947000002F314604BF34460135202026F07AFF04
:109480000646EEE722480089854204D31CB14846CF
:10949000214616F0B1FBB9F8001099F8030001F06D
:1094A000020100EB8100303025F05AFC002658B351
:1094B00051461022044626F0FDFE207C668200F014
:1094C000FC00207404F1280026F062FDC4E9066661
:1094D0002675667499F80000800705D599F8030091
:1094E0000021204441630163264608E0D8F80000CB
:1094F000864209D040462021324622F06FF940468C
:109500002021324624F0B0F93046BDE8F08700BF94
:10951000DC500120B0B52849497B0F291DD0274ACE
:109520001278D2B1264A294B0024294D52F8211035
:10953000244A127851434FF47A72B1FBF2F2224975
:109540000968891A38BF21461B689B1A38BF234611
:109550002D68AA1A38BF224605E01C4A1A4913682A
:109560001B4A096812684FF47A74624382420CD92C
:10957000634383420FD94FF47A734B4315498342B7
:1095800009780ED991B100210EE01249097803291A
:109590000CD0032108E00F490978022906D00221E6
:1095A00002E0012902D001210A4B197000218242F8
:1095B00088BF01210846B0BDFC150020C43E012033
:1095C000FC190000CC3E0120203E01201C3E012061
:1095D000283E0120BF3E0120B0B5044608B921F065
:1095E000DDFEA089800549D5606890F90110002949
:1095F00044D4E06694F82410254A0378032B18D14C
:109600004378152B15D18378032B12D1C3780579B4
:109610002B43204B1FBF45255D711F4B5D8D19BF2F
:1096200001355D8548255D7101BF1B4B9D8D013561
:109630009D85525C0021457803786D0045EAD3157D
:10964000EDB27E2D0CD07F2D0CD003F07F03258949
:10965000023319441844AD1A8BB29D42EBDC05E08D
:10966000012000E00020023184F86800238988B2DC
:109670009A1A824203DA0020A4F87000B0BDA4F860
:109680007010591A2181616808446060B0BD00BF44
:109690006C3500001C3A01205C3801202DE9F047B0
:1096A000AAB0044600782D4DD8B10F4609788842FB
:1096B00017D107F1880604F18800314608F05BFFF6
:1096C00078B907F1940A04F19400514608F053FF69
:1096D00038B904F1A00007F1A004214608F04BFFBF
:1096E00020B12F4638462AB0BDE8F0870DF1840836
:1096F000404621F0F3FF0DF10809484619F04CFDF2
:109700004846394626F049FD002007F17C0207F162
:1097100028034146CDE90000484624F0D0FF074623
:1097200090B921AF3146384608F025FF58B907F106
:109730000C00514608F01FFF28B907F11800214618
:1097400008F019FF38B12F4621A820F0FFFD02A82C
:1097500010F0AAFDC6E70027F6E700BF80B0FFFFC4
:109760002DE9F04385B005460020144630238DF8DE
:10977000030004AA28461FF0BFF910B1A0F57457E2
:109780001DE0286804990DF1030201AB4618284634
:10979000314615F08BFC074688B904AA28463146A5
:1097A0001EF0D0F810B1A0F56C5708E028680499B5
:1097B00008441B49B04201F58D78474603D038462E
:1097C00005B0BDE8F0839DF80300894623F038FF1B
:1097D00010B3014620461FF02FFA07460028EED1AD
:1097E0009DF803004F4600F0FE00022810D161688A
:1097F00001A819F0A3FD074650B962682846314612
:109800001FF0DCFF074618B928684746B04205D06C
:10981000204622F045FBD2E74F46D0E70027CEE7AF
:1098200080C3FFFF70B588B0044600200291114448
:1098300030238DF8070002A806AA1FF05DF940B991
:10984000069802990E1802A807AA314626F090FB46
:1098500020B1A0F57455284608B070BD0798214D79
:109860000028F8D102A80DF1070203AB314615F02C
:109870001DFC0028EDD102A806AA314604231FF0E2
:109880003BF90028E5D1069828B39DF8070023F09E
:10989000D7FE05F5807600B3014620461FF0CCF9CF
:1098A00005460028D7D19DF80700354600F0FE0098
:1098B0000228D0D1616803A819F040FD054630B9EF
:1098C0006068069A0299F1F7CBFD054638B120464B
:1098D00022F0E6FABFE72035BDE73546BBE70025B5
:1098E000B9E700BF80C2FFFF2DE9F84398468946DB
:1098F00006460AB1002704E0707D0127C00708BFB3
:109900000227294C0021204625F05AFA142804D3B6
:10991000208B02260130208342E0442025F038FAD3
:10992000D0B1054607720C303146282226F0C2FC21
:1099300099E80E0005F134000EC085F84080032040
:10994000012FA5F842000CD1217CA08959B950B94A
:109950000121002621740AE0E08A02260130E0821B
:109960001EE000260DE00A210126A5F84210618ABA
:10997000013082B2A08101316182E1898A4288BFCF
:10998000E081204600212A4625F012FA20460021D7
:1099900025F016FA628981B22081914288BF6081E8
:1099A0003046BDE8F88300BF743A01202DE9F84342
:1099B00005469B2083F8742088462C4903F109064C
:1099C00091461C4683F8730044209887042018723F
:1099D0003046089F002F18BF3946102226F06AFC37
:1099E000304641460DF0A0FA0021032809F0FE00A0
:1099F00038BF4FF0FF31022884F8721002D030785F
:109A0000FF2802D0C02084F8780058EA070014D15B
:109A10000027FF2041B228461CF05AFFC8B1064675
:109A200001463FB120460CF017FF10B146630FF01E
:109A30002FFD3946707B0F46ECE7B8F1000F05D1DA
:109A400095F9100020F012FD804620B1C4F8348052
:109A500001E02FB167632046BDE8F8430FF018BD61
:109A60002046BDE8F84317F031B900BF413000008F
:109A70002DE9FE4F4FFA83F983464FF0140A0F98F1
:109A80001F4614460D46B9F1FF3FC8BF4FF0040A08
:109A9000504480B226F09EF8002847D00646B0F821
:109AA00040004021029506F1880801EA570108EBC1
:109AB000000508F800702046697023F041FF014658
:109AC000584626F0ADFC18B1687840F08000687008
:109AD00000240C980E99B9F1FF3FAC70E87006DCD9
:109AE0000F460D99281D102226F0E4FB3946DDF8BB
:109AF0003C9005EB0A0738464A4626F0DBFB07EBAD
:109B00000900A0EB0800A6F84200304620F0F7FF5D
:109B1000109802990222334600905846FFF746FFFC
:109B200095F90100002848BF012400E001242046E7
:109B3000BDE8FE8F2DE9F84F994690460F46044642
:109B400020F0BBFF08B1002552E0B9F1010F20D190
:109B500094F84000E8B1A16B0026002581B191F88E
:109B60002200012806D1002D08BF0D460136F0B2B3
:109B7000FF2804D02C2026F0FDFB0146EEE7FF264F
:109B800094F84000F1B2814203D92046294612F0F0
:109B9000A7F8342025F0E4F800260028D3D0DDE92A
:109BA0000ABA3421054626F0A3F928463946102280
:109BB00026F080FB2046294685F8229085F8108003
:109BC00085F82160C5E905BA1CF00AFB28B195F8B3
:109BD000210040F0040085F821002046294600229B
:109BE00019F028F804F138002C212A4625F0E0F875
:109BF0002846BDE8F88FF8B504295AD30546007801
:109C0000032856D1687814460E461070A81C26F01A
:109C100073F901466080301F88424ADB2278281D94
:109C20006060032A07D0002A43D104F10802BDE88E
:109C3000F84013F045BE5F293BD30078022820721C
:109C400037D1681D26F058F9A3894FF47F6100F0E1
:109C50000F02002601EA900100F0070003F47043B0
:109C600002281A441144A18124D1E81D26F044F9A8
:109C7000208205F1090025F0C1FF04F1180E05F15D
:109C8000510C05F1410305F1310705F11102AEE870
:109C9000870005F16100C4E90A3C26F02DF905F1C1
:109CA00063012086616361885F398142A8BF012614
:109CB00000E000263046F8BD2DE9FF4104460020B3
:109CC000002C4ED000294CD000208DF80800CDE9A2
:109CD0000000487A03281DD81D46DFE800F0020B7B
:109CE0000E14022A40D0032A3AD128686968CDE9C7
:109CF00000010FE0D4E91C0207E008680090887AB0
:109D00008DF8040006E008684A68CDE90002887A08
:109D10008DF8080094F858C0606D4FF0000E6B4647
:109D20005FFA8EF161451BD290F81C800568002611
:109D3000F1B2414510D2697A0927C90708BF052742
:109D400000215A5C6C5C944203D101318F42F8D1FE
:109D500007E001360C35EBE70EF1010E2030DFE7AE
:109D6000002004B0BDE8F0810A98694625F04BFF59
:109D70002888ADF80200CDE72DE9F047904214465F
:109D8000804608BF0C46814218BF904519D101207A
:109D90006FF00301C8F80000606801EB80024142E7
:109DA0001646084629B1A168321F8B59411C002B69
:109DB000F6D045424046294615F0E0F838B1BDE8F6
:109DC000F087404610F0D0FA0028F8D1DFE7A1680C
:109DD000D8F8080006F1040A4FF0000C0023002414
:109DE0009D420CD0026851F823601719F6194CF106
:109DF0000007121940C047F100040133F0E74FF0AB
:109E00000009B4B1D8F804106E1C8D4208D3404646
:109E1000314615F0B3F80028D1D1D8F808005044E5
:109E200001680AF1040A3546091902C049F1000423
:109E3000E7E70020BDE8F0872DE9FC412A4C002926
:109E400080461E46174618BF0C463420FCF796FF86
:109E5000002845D0054620690021C5E90576C5E9F9
:109E60000711C5E90211002818BF012028742068D5
:109E7000C5E90A1129636860206930B90120002111
:109E8000032217F098FDA86038B3184847691FB13E
:109E9000416A416A01314162208921682B46CDE93E
:109EA000001582081248134912F01EFD012805D141
:109EB0002868294621F052FE002608E0A86808B16B
:109EC00025F054FD284615F0D5F90C260025C8F8D4
:109ED000005037B1F7F7FAFB03E0284615F0CAF94E
:109EE0000C263046BDE8FC818C2E0000DC470120AA
:109EF000A1EB04008E130000002855D070B52C494A
:109F00000446D0F8580191F8645091F8656091F8D2
:109F10005C2091F85D3080F80C5CD4F8580180F832
:109F20000D6CB1F86600D4F85851A5F8120CB1F8D0
:109F30006800D4F85851A5F8140C1E4DD4F85801F7
:109F400080F8042C0A6ED4F8580180F8053CD4F847
:109F50005801C0F8182C91F88C20D4F8580180F8DA
:109F6000702C91F88D2091F82C10D4F8580180F8BD
:109F70000B2CD4F8580180F80A1CA96ED4F85801AB
:109F8000C0F81C1CB5F86C0018F036FBD4F858115A
:109F900081F80E0C95F86E00D4F8581181F80F0C6A
:109FA0000020BDE8704000E0FF2040B2704700BFD5
:109FB000A4120020744401202DE9F84F002A53D048
:109FC0008246D0F86C0189460F211646294A0AF1CB
:109FD0009807D0F88400808A3F2888BF0A21193961
:109FE0007F2888BF6FF01801B2F800B04FF6FF72FB
:109FF000934508BF01EB000B384649461AF0D2F8EA
:10A00000C6EB0611890001F1010810B125F08DFDA4
:10A010002AE09AF82C00032804D0504601211BF0B6
:10A02000C3FE20B3DAF86C010024D0F8840006687F
:10A030005EB12820314626F09DF90546B11C384610
:10A040001AF0B0F804442E46F2E71FFA8BF0A1B2E2
:10A05000814224BF0220BDE8F88F25F066FD5046FE
:10A060001121012209F046F80020BDE8F88F0820F0
:10A07000BDE8F88FD45401200138062823D8DFE842
:10A0800000F004150F2222222600531E042B2AD88A
:10A090000FF206018120DFE803F0253B3D3F410040
:10A0A000481EC1B2042931D221492BE0A2F1150387
:10A0B000032B20D80FF206012620DFE803F013025D
:10A0C0003133122070471B4890F86E007047531EC2
:10A0D000042B08D80FF206018120DFE803F00319F2
:10A0E0001B1D1F007047FF2A10D1481EC1B2032953
:10A0F0000CD20D4906E0FF2A08D1481EC1B203293F
:10A1000004D20A4940B231F810007047002070476D
:10A11000402070472A207047202070471520704744
:10A120000C207047092070470836000002360000F6
:10A130005C35000074440120411E06291DD8B0B5CD
:10A140008AB00520DFE801F0041B2F52323C3E00AC
:10A1500001A826F090F804460DF1270142F208000C
:10A160000EF07CFD9DF82700002568B301201DF04E
:10A17000D1F89DF82710024628E0002039E001A818
:10A1800026F079F804460DF1270142F209000EF09D
:10A1900065FD9DF8270000B302201DF0BBF89DF877
:10A1A000271002461BE024F003FC1FE001AC42F242
:10A1B000130021460EF052FD204625F0CBF815E0A5
:10A1C000022013E0202011E000210022009501ABC5
:10A1D000204618F070FA043008E000210022012027
:10A1E000009001AB204618F066FA0A300AB0BDE8CC
:10A1F000B04080B270472DE9F0418046887C069FD0
:10A200001E4615460C46012819D8207C00F0FE0099
:10A2100040EAD51020748EB3204631463A4617F0F6
:10A220003EFA680647BFD8F80C000221032100203F
:10A23000A174A0612046BDE8F0411DF03FBF2EB1E2
:10A24000204631463A461DF024FFC8B1680604D5C1
:10A25000D8F80C000221A174A06169B2207C002909
:10A2600007D410F0010104D0404621460FF09CFEB7
:10A27000207C00F0FE0040EAD5102074BDE8F0819B
:10A28000A80608D4A07C0228F8D10320A0740020DE
:10A29000A061BDE8F0813046267523F015F802462E
:10A2A00004F13000394626F005F86806D0D40321C1
:10A2B0000020D0E72DE9F047002858D0814625F04E
:10A2C0007BFE002853D0D9F800004FF0800800240E
:10A2D000866A99F81C00C0F3420A00200746CEB3F4
:10A2E000B08C3546C00735D0574533D83420294681
:10A2F00026F040F830B1818C01F00101494201EAB9
:10A30000000600E00026A88C400704D4484625F04B
:10A3100053FE0828E3D028FA07F1781C2C4685F86C
:10A3200026105045DAD8002E2C46D7D0AA8CB38CF4
:10A330002C46C2F34312C3F343139342CED9C20750
:10A340002C46CBD028FA00F02C46084385F826008E
:10A35000B81CC3E75CB18020574508D894F8262084
:10A3600020FA07F10137114384F82610F4E7BDE81D
:10A37000F087F0B585B00D4691F8221089B30446F8
:10A38000D0F8580168B3072A2DD0F2B9022910D0AD
:10A3900094F834101A2905D12046294619F0EAF913
:10A3A000D4F85801B0F8C41A19B940F24C41A0F8D9
:10A3B000C41A284621460CF0B7FD032805D304F142
:10A3C0009606307840F00100307094F82C00032895
:10A3D00007D194F834001A2803D1608E08B90A20F6
:10A3E000608605B0F0BD022909D101AA95E8CA002E
:10A3F0001046CAC0002194F90D0014F0ABFB2420D4
:10A4000017F05AFC264616F8960F56F85E5C00F0D8
:10A41000FE003070002DD8D0284621460CF084FD77
:10A420000228CED82C20294625F0A4FF0546F1E7C6
:10A43000F0B519481A4B1B4C1D4F1E4A1A4D1B4EA6
:10A44000DFF858C00021C0E90543C0E901271A4AD6
:10A450001A4BC0E90365244E214C224DC0E914116A
:10A460000170C0E907C1C0E90911C0E91932144AF5
:10A470001A4BC0E90B16C0E90D540266114AC265B9
:10A48000114A8265114AC264114A8264114A4264C7
:10A49000114AC0E90F32F0BD48480120EF7E0400A8
:10A4A000DDBC0400ED170200192A0400C96B03008B
:10A4B0000110020099FD020029DF04003DB10400F3
:10A4C0007DB10400391A0400259B0400499B040057
:10A4D00013E4040051CD010021BA03006D9B040078
:10A4E0005D8C030001D701003DDF04002DE9FC4134
:10A4F0002A4D95F86100002844D000240026602CE5
:10A5000040D095F86100F040C00702D120340136F8
:10A51000F5E7112095F8618000FA06F71FF04AFB75
:10A5200095F86110B94385F8611022F025FE2819CD
:10A5300028D0817A31B31021194A2C59B14011EA3F
:10A54000080190F9091052F821804668CFB209D06D
:10A5500009F086FD002079B200224FF000730090D0
:10A5600020460EE0017A022902D1C17CC90601D43D
:10A5700009F076FDCDF8008079B2204600224FF038
:10A580000063B04795F8610028B106480021BDE896
:10A59000FC4121F0D0BBBDE8FC8100BF801700204A
:10A5A00094300440E4370120F0B5A5B046680F2E82
:10A5B00001D2002051E004460120A6F10E070E2F23
:10A5C0002290239701D9264847E00FAD3C21284629
:10A5D000249525F08DFCA068BA0000F138012846CA
:10A5E00025F068FE0E200021B04205D2A26842F894
:10A5F000201001306668F7E722AA25F030FC60BB26
:10A60000DDE922013822CDE91E0101A820900FAD1D
:10A61000294625F04FFE1EA8E02107F055F8E0B9C5
:10A620001EAA25F01CFCC0B92399072000228842ED
:10A6300003D245F820200130F9E722A81EAA0146DE
:10A6400013F03EFC48B90F20E021239022A804F02B
:10A6500037FB10B922AA25F002FC25B0F0BD00BFDF
:10A6600080B0FFFF2DE9F04F91B0DDE91ACA1C9DC3
:10A67000994614460F4680469A4588BFAC4503D894
:10A68000664620F08BFEB446002C41D02248042CB4
:10A69000224A065D0DF13700A5EB060B3CBF35469F
:10A6A0001AFA8BFA0021082905D0531893F8443080
:10A6B00043540131F7E73A0EADF8206042540144AB
:10A6C0003A0A8A703A0C0C71CF70042C4A70ACEBC9
:10A6D000050138BF4FF0000B06900DF12700ADF8D3
:10A6E0001C10ADF81EB0059002A88DF8044080E85B
:10A6F000000701A807F030FD58B91AFA8BF00DF1E8
:10A7000027012EB111F8012B013E00F8012BF8E7CB
:10A71000002011B0BDE8F08F6C350000FC15002062
:10A7200070B588B003201BF0FBFC02201BF0F8FC86
:10A7300023F01AFAF8F72CFF85F034FCEAF799FCBD
:10A7400023F0DEFB23F0C8FB204E2148706106F1A8
:10A75000080007F043FD1F49087022F0A5F802AC7D
:10A76000204623F053FD002030700120019001A904
:10A77000204623F0E3FF05462046012125F018F886
:10A78000054320464FF4806125F028FD284300D082
:10A79000FEE7114A07A802A90023FFF74DFB00B10D
:10A7A000FEE704F025FB1AF043FE06F124042046E0
:10A7B00009F0DEFB716A09B100208847746000F07F
:10A7C00085FD0DF0B1FF002008B070BD944501205B
:10A7D0009DB30400DA3E01208D1402002DE9F04102
:10A7E00088B02C4C002850D08046006800284CD0FF
:10A7F000D8F80870002F48D0847915460E46944248
:10A8000018D240461AF044FD0446D0BB40463146BB
:10A810002A461EF0E9F9044698BB694640461EF0F8
:10A82000BBF9044668BBD8F80000D8F808706E463B
:10A830004579847938462146362225F0C1F9D8F881
:10A8400000003C445C228179204625F0B9F90020C3
:10A85000854209D0395C325C51403954215C325C0C
:10A86000514021540130F3E740461AF011FD0446EF
:10A8700038B9D8F800003946827940461EF0B4F95C
:10A8800004466846202123F0ADFC204608B0BDE810
:10A89000F08100BF00AFFFFF70B50446806C08B1C7
:10A8A0001AF078FD606B08B122F012FFA06B10B1B6
:10A8B000204616F099FFA06C28B901204FF48C7146
:10A8C00024F01CFFA064606B20B90120702124F0EB
:10A8D00015FF6063A06B30B901204FF4187124F0AC
:10A8E0000DFFA06310B3A16C09B3616BF9B1084609
:10A8F000702125F0FDFAA06C1BF012FFA56B4FF440
:10A900001871284625F0F4FA05F5A476304625F0AE
:10A9100001FA30460021002406F064F80A482C8031
:10A92000C5F8B401281D15F087FA0BE00020074D8B
:10A93000A847A06CA847606BA8470020A064C4E9A2
:10A940000D00034C204670BDFBFD040015F704000C
:10A950000081FFFFF8B5044621F0E0F80CB9274864
:10A960000468251D28461FF020F870B9E06A244AC3
:10A9700000EB800152F8211039B9012101FA00F0F1
:10A9800020494A6822EA00004860A06A18B104F130
:10A9900018001FF00AF81B4F184EB8680130B86055
:10A9A0003068844208D0386901383861204623F085
:10A9B0000BFB1FF091FD0AE013482946243023F0D9
:10A9C0004FF8F8680130F860204623F0FDFA23F0D4
:10A9D00053F83068844202D0204620F02FFF786977
:10A9E00010B13068844200D0F8BD08484FF0805163
:10A9F0000160BFF34F8FBFF36F8FF8BDA0540120EC
:10AA0000DC110020DC470120F846012004ED00E0C5
:10AA100070B5044621F082F80CB927480468251D5A
:10AA200028461EF0C2FF70B9E06A244A00EB80019C
:10AA300052F8211039B9012101FA00F020494A6881
:10AA400022EA00004860A06A18B104F118001EF064
:10AA5000ACFF1C4E294606F1380023F001F894F8AB
:10AA60006000012804BF002084F8600023F004F88F
:10AA7000134D686928B121F051F81FF02DFD22F027
:10AA8000FBFF0D4801688C4200D070BD696941B17F
:10AA90000D484FF080510160BFF34F8FBFF36F8FB0
:10AAA00070BDB16B2A69914202D10021016070BD75
:10AAB000BDE8704008F0BABFA0540120DC110020AE
:10AAC000DC470120F846012004ED00E0B0B5044663
:10AAD000D0F85801D0F8A40C22F0AEFE0146D4F80C
:10AAE0005801D0F8A40CB0B1A9B1204611F018FD5E
:10AAF000D4F858012249D0F8A40C25F033F950B904
:10AB000094F82C00032806D1D4F858010021D0F87D
:10AB1000A40C22F08CF9D4F8580100F60441204628
:10AB200024F073FC2046522101220EF009FF94F814
:10AB3000300000F0BF0084F830001248057A20464B
:10AB4000002D294618BF062120F03FF8002D204691
:10AB500018BF0125294625F007FAD4F85801B0F8A6
:10AB6000002BD0F84C0BB0F8661094F82C0003388A
:10AB7000B0FA80F043092046BDE8B04015F09CBB18
:10AB8000A5480400644C0120BFB514460546039156
:10AB9000D0B195F82C00032816D12749607989781F
:10ABA00021B160B9012060710A2007E0012806D8B0
:10ABB00002206071608800EB40008000E0806088C7
:10ABC000292824BF282060800DF10B001C4A214653
:10ABD000CDE90003194800F1900303A804F092FEA8
:10ABE000012827D1F5B19DF80B00C0071AD12088A4
:10ABF0004FF47A71322248433130B0FBF2F025F83D
:10AC0000500F608848433130B0FBF2F06880207903
:10AC1000287160796871286AE288AA8110B1294692
:10AC200024F0FEFA0398A04203D0216862684260D3
:10AC30000160002004B0B0BD644C0120A4120020CB
:10AC400001030400BFB51FF09BFEE0B30446D0F83B
:10AC5000B40204F5C27104F51F7204F59873ECF7A1
:10AC600023FC00282FD41A481A491B4A1E4B1F4D9B
:10AC7000C4E9BF21C4F804031848C4E9B95318490A
:10AC8000184A1B4BC4E9BB21C4F8F402D4E9AD0156
:10AC9000D4F8D8220293174B0193174B0093174B0C
:10ACA00020F0F7F92046FAF799FFD4F8541120461E
:10ACB00006F06EFF2034204620F080FE204624F06F
:10ACC00003FB002000E0FF2040B204B0B0BD00BF95
:10ACD00039C80300D51504005DB20300395F0400D4
:10ACE000C9920400D163010001B2030021DB04001A
:10ACF000ED6A030051EF0400917D040039C30100A7
:10AD0000F8B5D8B12A4F0446C06A3968C96A884282
:10AD100016D2A169002904D43968C96AC1F10A01AF
:10AD2000A161244E00EB8000616906EB8000814246
:10AD30000ED03868C06AE0620120F8BD0020F8BD7E
:10AD4000E16C3868C26A0020914238BF0120F8BD2A
:10AD5000251D28461EF029FE40B9E06A012101FAAE
:10AD600000F015494A6822EA000048603868124B32
:10AD7000C16A01EB8100E16206EB80004268A260DB
:10AD80009068E06001205F6800FA01F13943596082
:10AD900091684D609560E16A01EB810106EB8102EB
:10ADA000626156F82120013246F82120F8BD00BF2B
:10ADB000A0540120DC110020DC4701202DE9F843DC
:10ADC0000F460446B0F84010B0F84200421A17FA95
:10ADD00082F51FFA82F8B4F84420954227D9E81C7E
:10ADE00020F003090020B0EB194F35D109F188009C
:10ADF00023F0CEFF80B321468822064625F05AFA7A
:10AE0000A6F84490A6F84250A6F84070F0194246C1
:10AE1000B4F8401088302144883125F04BFA1420D2
:10AE20000121F6F7C3FB204623F0A2FF1DE0B94243
:10AE300010D28842A4F84250A4F840700AD004F11D
:10AE40008802D0191144424625F036FA1520012116
:10AE5000F6F7ACFB264608E016200121F6F7A6FB24
:10AE60002046A02123F0F1FC002630461FF047FECB
:10AE70003046BDE8F88310B57F2A09D80368591A0F
:10AE8000012940DB591E0160012003F8012C10BD8F
:10AE9000FF2A0FD80368591A022934DB591E0160B2
:10AEA00003F8012C01684A1E0260812001F8010CA0
:10AEB000022010BD0024B4EB124F0FD10368591AC1
:10AEC000032920DB591E016003F8012C120A23F02C
:10AED000CDFA822001F8010C032010BD0368591A35
:10AEE000B4EB126F0DD104290DDB23F0E3FA120C41
:10AEF00001F8013C23F0BAFA832001F8010C042088
:10AF000010BD052902DA6FF06B0010BD23F0D2FAF4
:10AF100001F8013C01684B1E0360130C120E01F88E
:10AF2000013C23F0A3FA842001F8010C052010BD98
:10AF30002DE9F843804618200E4624F036FF0446DB
:10AF400000284FD04FF0FF302671C4F80080C14672
:10AF5000C4F80A00C4F8060059F8300F30B10E20CA
:10AF60000121F6F723FBD9F8007000E0002797B124
:10AF7000102039463D4625F0FDF92979074630462F
:10AF80000BF03CFA10F00C0FF1D0102029462246AD
:10AF900023F006FF04E048461021224623F008FF74
:10AFA000D9F800701020394625F0E4F9064698B12A
:10AFB000397930790BF022FAC00702D010203146DF
:10AFC000F2E71020314625F0D5F90546304610F05D
:10AFD00036FB002D2E46F4D1D8F8000005210022C2
:10AFE0001BF006FD2046BDE8F88370472DE9FC41C3
:10AFF00004462B484FF0000800274068C56A002D22
:10B0000049D04C2029462E4625F0B4F90546308E0D
:10B010000028F4D0A04203D9001B01273086EEE7B8
:10B0200096F8371096F83600013186F8371010B1CF
:10B03000C9B2814222D23046F2F714FE778E47F22F
:10B04000333148F6CD4238461CF02CFD3844728E20
:10B0500081B2914238BF4FF0FF30B18E308651B18E
:10B0600082B28A4207D9084647F2333148F6CD42C8
:10B070001CF018FD308670860127C0E7308B776999
:10B08000316A00220023CDF80080B84730461CF01A
:10B090005FFA0127B3E707F00100BDE8FC8100BFBC
:10B0A00044530120BFB50446006801220DF1030599
:10B0B000A16BB0F87800D1F8BC3129468243204614
:10B0C000984720460121ECF7A5FC60BB606F16286D
:10B0D00017D1E16E087814281FD1D4F88000102809
:10B0E0001BD1002004318DF80F000C2812D00A5C0F
:10B0F0002B5C01305A409DF80F301A438DF80F2019
:10B10000F3E7204602210A221BF0DAFA124800F582
:10B11000F06008E09DF80F0038B12046022132228D
:10B120001BF0CEFA0C4804B0B0BDA06BD0F85002B2
:10B1300060B12068B0F87810C90705D10A216160B4
:10B14000B0F87800C00704D00F2001E0606801303B
:10B1500060600020E7E700BF8081FFFF2DE9F04F2E
:10B1600087B082460020284EBAF1000F069047D0E3
:10B170008846002944D003AF14464FF0010906F574
:10B18000BC5B06AD384624F0A7FDF4B104EB080023
:10B190005E4610F8010CC8B900201C491C4A434601
:10B1A0000295CDE900003846F4F7C0FD064668B9BF
:10B1B000DDE90312A946069D5046E0F731FED8B9F5
:10B1C000A844641B01264D4604E05E465FEAC97050
:10B1D00013D0002638461EF0A5FA1EB14FF0000924
:10B1E000012CCFD80EB100260AE050464146224637
:10B1F000E0F716FE064603E0064603A81EF092FAA4
:10B20000304607B0BDE8F08F00D8FFFF2F2C0000BC
:10B210009B2D00002DE9F84F05462B484FF00A0BF7
:10B220000095D0F80490B9F1000F08BFBDE8F88F81
:10B23000B9F818004FF4167809F12E0600EB8000DB
:10B240004100B1F5167F38BF4FEA4008D9F81C70AD
:10B250009FB30020394625F08DF882467889A842B0
:10B2600022D93C69401B788124B31420214625F063
:10B2700081F8054604F10800314624F0BFF8C8B94A
:10B2800022F0B2F86168401AB0FBFBF0404511D3E0
:10B29000A08B2146204490F82000013038733846B6
:10B2A0001BF06EFA2C46DFE74846394619F00CFCD5
:10B2B0005746CDE7009D5746CAE73C20494625F052
:10B2C00059F88146AFE700BFD4520120B0B586B02F
:10B2D000224800240121274D0460214801702148A3
:10B2E0000821047020480470204804702048017030
:10B2F000C02C05D02819182124F0FAFD1834F7E7DE
:10B300001D48006808B106B0B0BD1C4800210022ED
:10B310001BF0E6FB00B1FEE701AC204622F076FF11
:10B32000092069460090204623F008FA0546204689
:10B33000012124F03DFA054320464FF4FA6124F040
:10B340004DFF284300D0FEE70B480D4A01A900231A
:10B35000FEF772FD0028D6D0FEE700BFA03E012018
:10B36000D83E0120D33E0120DF3E0120D53E012002
:10B37000C73E012068130020A4540120883C01200E
:10B38000CD7303002DE9F8430446294800880028BE
:10B390004CD0284800274FF4C8684FF00B090568C7
:10B3A000EDB3542029462E4624F0E4FF0546F07CF8
:10B3B0000128F5D1B16948680028F1D0028D002A32
:10B3C000EED0A24202D9111B0185E9E70785096881
:10B3D000497B4A07E4D490F82C20012AE0D00B2ABC
:10B3E00002D124F01FFFDBE790F82D30DB070AD1F4
:10B3F000072AD5D149B2B1F1FF3FD1DCA0F82880AE
:10B4000080F82C90CCE7C18D490089B2B1F5C87F96
:10B4100028BF4FF4C871C1850FF096F8C0E7064900
:10B4200002209622BDE8F8430CF0DEBFBDE8F883A9
:10B43000C050012004540120AD7B04002DE9F041EF
:10B440008046D0F858012A4E0C46D0F8B47A002F26
:10B450004BD0002039463D4624F08CFF0746A542DC
:10B46000F5D0E87CE17C8142F1D895F9140024F014
:10B47000F7FE31780D31814207D994F9140024F098
:10B48000EFFE31780D31814220D394F9140024F07D
:10B49000E7FE31780D31814207D995F9140024F087
:10B4A000DFFE31780D318142D1D3208BE17EEA7EFF
:10B4B00001EB9010298B02EB9111814206D8C6D383
:10B4C00094F9140095F914108142C0DAD8F85801A3
:10B4D0000021224600F6B42020F080F90020294601
:10B4E0002246BDE8F04123F05BBCBDE8F08100BF1F
:10B4F000035301202DE9F04F03AFA3B080462A4843
:10B500008A466E46007A032838D11046144623F046
:10B5100052FFC5B2CDB305F11700EB4620F007008E
:10B52000ADEB0009CD46484621462A4624F0C2FE2E
:10B5300009EB05005146102224F0BCFEA7F1780467
:10B54000204624F0E7FB2046002105F04BFA70B9B5
:10B5500005F11002A7F17800494609F023FD30B942
:10B56000A7F17800A7F19801F6F7EAFAA0B1FF2455
:10B57000A7F1780024F0C9FBDD4607E040465146BC
:10B58000102224F097FE002400E0FF2460B2A7F10F
:10B590000C04A546BDE8F08FA7F1980140461022A3
:10B5A00024F088FE0024E3E7644C01202DE9FE4FDF
:10B5B00006460A200D461B2190468DF80A001046CB
:10B5C00024F096FC01AA3046294615F0F5FCE8B3B4
:10B5D000019D234900244FF0000B15F8010B88F85A
:10B5E0000000012008609DF80800471E380631D091
:10B5F00015F8011B08EB04008E0901F03F091849FA
:10B60000032E80F8039008BF0426C67132460868EE
:10B6100030440130086008EB8400294600F10B0A31
:10B62000504624F047FEB9F1010F05D1012E0DD18E
:10B630009AF8000088F80200F0430BF1010B074470
:10B64000380606D001343544042CCFD10020BDE8A3
:10B65000FE8F5C46012088F80140BDE8FE8F00BFE8
:10B66000745001202DE9F84FFF26002852D00C46D7
:10B67000054600F110090DF103084FF0070BC161F9
:10B68000D9F80070002F44D07868A04205D91C205A
:10B69000394624F06FFE0746F4E7387801303870F9
:10B6A000C0B295F82810884223D948461C213A4652
:10B6B0008DF8036020F092F8288B01382883E86821
:10B6C00090B17A69798A28464346DEF76DFE58B113
:10B6D00080F801B007F108018246BA69EB68984723
:10B6E0002846514615F000FE2846394621F05AF901
:10B6F000C6E7798AD7E90503D5F808C007F108023B
:10B70000E0473A7895F82910204621F02FF9786023
:10B71000B6E7002670B2BDE8F88FFEB50C460546C8
:10B72000D0F8580109891646B0F8007BA0F8001B34
:10B73000284620F033FAD5F8580104F11801B42254
:10B7400000F5356024F0B6FDD5F858010021A0F8C9
:10B75000541BD5F85801B0F8000B874218BF002ED3
:10B7600002D0284615F06AFE04F10A0601AA28460E
:10B7700001233146ECF7D0FCB8B1284631461FF022
:10B7800033FC029FD4F8F02004F1CC013346384654
:10B7900024F046FCD5F8580104F1D40100F6044227
:10B7A0003846F9F70BFD002010E0D5F858010021CC
:10B7B000224600F6B42020F011F8D5F858010021F7
:10B7C000224600F6AC2023F0F3FAFF2040B2FEBD83
:10B7D0002DE9F041A0B00DF1280806461C4615469B
:10B7E000404623F0A3FF07AF384623F09FFF299878
:10B7F000289906F17C033A46CDE900540590CDE93D
:10B800000210049130464146EDF7CEF8044648B1A7
:10B810000AA81DF074FF07A81DF071FF204620B094
:10B82000BDE8F0810EA901F148000D900DA807AA0E
:10B8300007F090FE04460028EAD40DA80EA90AAA33
:10B8400007F088FE00281BD405190DA80EA92A466A
:10B85000FFF711FB04460028DAD40DA80EA9302208
:10B8600021F0B1FA00280BD46119DDE926260C1865
:10B870000D991046224624F01DFD34600024C7E7D0
:10B880000446C5E72DE9F0479CB08946824601A8E9
:10B8900068211F46904624F02BFB4FB11E481F49DC
:10B8A0001F4A204B204C214D214E8446214808E060
:10B8B00011481249124A134B134C144D144E84462E
:10B8C0001448CDE9091CCDE907321B97CDE9055491
:10B8D000CDE9030601AF51464A46384609F062FBFE
:10B8E00038464146F6F72CF9384624F00EFA002087
:10B8F0001CB0BDE8F08700BF19CDE05BABD9831F5A
:10B900008C68059B7F520E513AF54FA572F36E3C41
:10B9100085AE67BB67E6096AA44FFABEA78FF964D4
:10B9200011155868310BC0FF39590EF717DD70300B
:10B9300007D57C36D89E05C12DE9F04F87B0E84683
:10B9400004461C21404624F0D3FADFF89C904FF6C1
:10B95000FF754FF0D90A4FF0FF0BD9F80060002EA9
:10B960003ED000203146374624F004FD0646B7F8A5
:10B970004200A84218BFA04214D8A842EFD0B9F89C
:10B980002000A7F842500130A9F82000387A68B1A9
:10B99000022811D0012814D1B9F822000130A9F8E9
:10B9A00022000EE0001BA7F84200D8E7B9F82600F5
:10B9B0000130A9F8260004E0B9F824000130A9F804
:10B9C0002400387A97F820108DF802A08DF811B075
:10B9D0008DF8000040468DF8011011F07BFDBEE7A8
:10B9E00007B0BDE8F08F00BF743A01202DE9F84F91
:10B9F000FF2831D0264B0C4605464FF4BE21AF0040
:10BA000004F0020843EA80004158C9B2914227D1AC
:10BA100021489A464FEA142947EA000683461EF059
:10BA2000C9F80BF10101220C86F8009039430A7025
:10BA300046F00201220E0A7021F09EFBB8F1000FC1
:10BA400002BF45EA0A0004F001010170114801211A
:10BA500081EA5801384316E04FF0FF30BDE8F88F17
:10BA600000F5BE2024F0FF0162B9B8F1000F02BF5B
:10BA70002B4304F001041C70064B012484EA580493
:10BA80003B431C60114301600020BDE8F88F00BFFC
:10BA900000200240001A4442011008402DE9F04104
:10BAA000254E054637181EF085F8044697F84A01DA
:10BAB000411C87F84A1128B1204621F05DFB002087
:10BAC000BDE8F081DFF8748018F8257007F03F00BA
:10BAD000142898BFFFF7E2FF08EB8500458878B28D
:10BAE000B0F1FF3F0CDD78061FD4154800684169AE
:10BAF00028468847284615F01DF80128FAD1DBE7CB
:10BB00000F4E3068C169284688473068416A284628
:10BB100088473068C16A284688470A480121016081
:10BB2000094801688907FCD5C6E706EB8500D0F80F
:10BB3000601101208847BFE738410120C818000084
:10BB4000B801001028200860282008402DE9F84F8F
:10BB50000546009100210120FF2400232A46082BDE
:10BB60001AD232F8026B36BAB1EB164F01D01E462C
:10BB700010E01E46072E07D032F8027B01363FBA8E
:10BB8000B1EB174FF6D000E00826F71A874284BFC2
:10BB90001C463846731CE2E7DFF85C90009E04EB1D
:10BBA000000847004FF0000A4FF03A0BBAF1080FB7
:10BBB0001BD2A24507D10CB906F801BB3D4406F8DB
:10BBC00001BBC246F2E735F8020B494642BA30469D
:10BBD00018F030FE06440AF101004FF0080A082868
:10BBE0001CBF06F801BB8246E0E7002030700098D9
:10BBF000301ABDE8F88F00BF61200000B0B50446E0
:10BC000000F5A07024F0B0FB94F83000000701D4D8
:10BC1000FF2546E0D4F86C01D0F884001EF0E6FF62
:10BC200094F8200101281DD1D4F86C014FF6FF7162
:10BC300000254184D4F86C01818921F002018181C1
:10BC4000D4F86C018560D4F86C01017801F0C7016B
:10BC50000170204621F020FE2046002184F820516A
:10BC6000FCF7E9FE94F90D0015F05BFD94F90D0069
:10BC70001BF0B2F9D4F8280120B123F079F80020A4
:10BC8000C4F82801D4F86C010025658648301BF003
:10BC900030F994F8300084F8205100F0E50084F881
:10BCA000300020460CF075FE68B2B0BD2DE9FC41B5
:10BCB0000446FF20002C47D01746002A44D02046D7
:10BCC0001D460E461EF014FE30B1053039461022D6
:10BCD00024F0F0FA002037E0242023F041F890B35C
:10BCE000804600203946102288F8040008F105003B
:10BCF000C8F8004024F0DEFA154A11203146A8F8B1
:10BD000016500FF0AAFDB0F1FF3F88F8180017DDBC
:10BD1000C0210DF106030122ADF8061002210091A9
:10BD20002921E6F7E7FC0B4920460BF0FFFCB0F1B8
:10BD3000FF3F05DD08481C21424623F039F8C9E7DA
:10BD4000404623F015F8FF2040B2BDE8FC8100BF5B
:10BD5000ED2303003C330000A45301208B4208BFB5
:10BD6000824207D9009A002A01D010605160002158
:10BD700000207047002B08BF002A10D1009A002A2B
:10BD800001D01060516002000B0000210020002B48
:10BD900008BF002A1CBFC943C043EBF7FEBFF0B584
:10BDA0001C4615460B46024600200021B4FA84F6D4
:10BDB000202E04BFB5FA85F62036B3FA83F7202F7C
:10BDC00004BFB2FA82F72037F61BB6F1200727BF6F
:10BDD00005FA07F400257F42B4403EBF25FA07F775
:10BDE0003C43B540A34208BFAA4201D3521BA34122
:10BDF000404149416D0845EAC4756408761EF1D595
:10BE0000059F002F01D03A607B60F0BD2DE9F04125
:10BE100092B00646D0E9005088466F461446E900C5
:10BE20008DF8471069098DF84610690B8DF845109B
:10BE3000690D8DF8441041098DF84210410B8DF8C1
:10BE40004110410DC00040EA55708DF840103F216F
:10BE50008DF84300781C24F04BF8802078218DF871
:10BE6000000005F03F00382838BF38210A1A304654
:10BE7000394608F067FD10A93046082208F062FD37
:10BE800006F1080008F101010022072A12D88CB13E
:10BE900000EB8203203CDD7801F8015C5B880B70CD
:10BEA00050F822301B0A4B7050F8223001328B7050
:10BEB0000431EAE712B0BDE8F081F0B593B06D4609
:10BEC0000E4604464C21284624F012F823F002FBCB
:10BED00078B123F0FFFA6F4601464C22384624F031
:10BEE000E9F92046394610F0F7FB20463946EDF7D0
:10BEF00083FDD4F8580100210023D0F84C2B0EB953
:10BF000092F8643002918DF8011090F80F1CB2F88D
:10BF1000660005F10F068DF8003032461CF0F0FA8D
:10BF20000746D4F85801324690F80F1CD0F84C0B55
:10BF3000B0F868001CF0E4FA8DF80E00D4F858014F
:10BF400029468DF80D70D0F8A40C22F0E5FBD4F84A
:10BF50005801FF21D0F8A40C20F069FF20462946A3
:10BF600010F0DEFA13B0F0BDF8B516460D460746E0
:10BF700024F0CEF91EF028FDF0B10446384624F036
:10BF8000C9F907463DB9132F05D804F128004FF42D
:10BF9000967124F068F9062F01D14DBB02E06DB90E
:10BFA000072F0BD126B1B16EE068A3690022984734
:10BFB000204600211BF097F90020F8BD0A2F17D169
:10BFC000002DF5D0681DF7D194F832016FF0020111
:10BFD00040F0800084F8320120461BF084F9E068CC
:10BFE000D0F85801B0F8001B01200FF0A5FEE3E7E0
:10BFF000E81CC0B20128DFD8152FDDD304F12800DA
:10C0000023F0D2FC0128D7D894F8320140F0800008
:10C0100084F83201D0E77047F8B5254F05463E1841
:10C020001DF0C8FD044696F84A01013886F84A0119
:10C03000000637D11F4810F9251000EB8500458810
:10C04000CEB2B1F1FF3F0CDD70061FD41A48006874
:10C05000816928468847284614F04AFD0228FAD10B
:10C060001AE0154F3868016A284688473868816A9F
:10C07000284688473868016B284688470F480121C1
:10C0800001600F4801688907FCD505E007EB8500D2
:10C09000D0F860110020884706F03F00142898BFB0
:10C0A000FFF7BAFF204621F067F80020F8BD00BF77
:10C0B00038410120C8180000B8010010282008608D
:10C0C000282008402DE9F041002918D41F461546C4
:10C0D0000E46044620F002F9804620463146802272
:10C0E00014F06CFD20B1064690F9330000280AD404
:10C0F000404615F081FD00210220BDE8F0810020BE
:10C100000021BDE8F081D6E9080145F00A0547F0B5
:10C11000E04728403940084310D0404615F06CFDF8
:10C12000D6E9082303EA070102EA050042404B4032
:10C13000C4E92C01C6E90823BDE8F081B1680B48C9
:10C14000814203D0B168C4F8A810B0604046C4E989
:10C15000285715F051FD04F150004FF0FF311BF04E
:10C1600047F9D4E92C01BDE8F08100BF57970300DF
:10C17000F8B504462148224E4168890705D4016874
:10C18000F02242EA114186F84D101E494FF001227B
:10C190001E4F0A601C490988396809688568284665
:10C1A0008847A80105D4E80103D5307840F00200A3
:10C1B0003070386829464268204690471448154A2E
:10C1C0000068C0F305311170C1054FF0130158BF6D
:10C1D000232140237354382101EA901000F5605068
:10C1E000A2F85C003868816828468847022017F06A
:10C1F00035FE094801210160F8BD00BFAC4F005079
:10C200000962084004A40C4000A00C40F00100109A
:10C210000C1400500EB00C40940460422DE9F0471D
:10C2200081469A46144688460120C00708D023F06C
:10C23000B2FD07461DF08EFF002818BF0120F4E76D
:10C24000602022F08DFD0646102022F089FD054673
:10C250006EB365B30020102186F8018086F8009047
:10C26000BAF1000FF062C6E90650C6E90807C6F841
:10C270000210C6E90F007064708706D0B01D5146E9
:10C28000102224F017F80120F07054B12068616882
:10C29000002272653265C6E91022B0640120F164A3
:10C2A000307108485821324622F082FD06E03046BF
:10C2B00022F05EFD284622F05BFD00263046BDE8F8
:10C2C000F08700BF945301202DE9F84F914688462E
:10C2D0001DF064FF002849D08246834600245AF8A6
:10C2E000441F49B1B1F84400204400F18804002003
:10C2F00024F040F80146F4E7BBF84C000A2833D399
:10C3000042F2107084422FD3A4EB0901814238BF5E
:10C31000A4EB000950460021002722F08FFF0546BC
:10C3200015B3504600212A4622F052FD044695F8E6
:10C330005800404515D8B5F84460504600212A46BB
:10C340001FF04CFABBF84C000138ABF84C005846D3
:10C3500020F07AF82846502122F077FAB81900F137
:10C3600088074F452546DBD9002000E0FF2040B27A
:10C37000BDE8F88F2DE9FF47264E0446F0680130EE
:10C38000F06094F8250001282DD1002022492C22AC
:10C39000656994F8248004F12809607094F82600F7
:10C3A000013810FB0217616817F114002089A1EB16
:10C3B000050100EB010A08BF1EF0F0FFB4F86400AD
:10C3C000A169236E1FFA8AF2CDE902294246CDE91E
:10C3D000000507F1290004F0DFFF50B160707169BA
:10C3E0000131716112E0F320607031690131316116
:10C3F0000CE00A48218910F80800081A208194F8F6
:10C40000680010B120460DF0EFFE002004B0BDE83A
:10C41000F08700BF5C380120041100206C3500005B
:10C420002DE9FC470646506815468846D8B1A868ED
:10C4300028220078C1B2B1FBF2F3224A03EB830158
:10C44000A0EBC1004146C0B20090304614F06EFF30
:10C4500001466FF00A0000292DD441452BD20E442D
:10C46000A8EB010700E04746DFF85C904FF0000AB8
:10C4700001240023686884421BD2BAEB536F1CD19D
:10C48000A868005700F07F01002841EAC3130ED4CA
:10C49000304639464A4614F049FF01466FF00A001B
:10C4A000002908D48F4206D90E447F1A0023013494
:10C4B000E0E7A8EB0700BDE8FC876FF00A00BDE8E5
:10C4C000FC8700BF5C360000D83600002DE9F0473D
:10C4D00086B0054600680C46016B002947D0096804
:10C4E000A94244D1A18CCA0741D04F09214995F8EE
:10C4F000203094F92920007B04F1040861F31F1710
:10C50000298DFF2B07F08F0901FB03F6434608BF77
:10C510004FF0FF360C21CDE9001402A981E8410259
:10C5200000200021EEF7DAFE28684FF00B0A94F99C
:10C5300029204346007BCDE900A402A981E84102FD
:10C5400005F108008021EEF7C9FE28688168897C22
:10C5500069B9007B94F92920F9B24346CDE900A4DA
:10C5600004910021CDE902060020EEF7B7FE06B0E7
:10C57000BDE8F087F8FFFF0F2DE9F84F856A904678
:10C58000894600264FF0FF0B3746002D47D05C460A
:10C590004D450AD0A88CC00707D12868D9F80010EB
:10C5A000D0F800A00A68924507D0A3463E46342042
:10C5B000294623F0DFFE0546E6E70979007909F010
:10C5C0001DFF10F0060FF0D0A98D5046424621F015
:10C5D0006DFEC007E9D0284615F02EFF0928E4D8E3
:10C5E00083466FB1BA8DA98D504621F05FFEC10719
:10C5F00006D14007D9D4BBF1080F03D8082C01D9C4
:10C600002E46D4E7BBF1090F01D3092CCDD3A88C5A
:10C610008007CAD5B88C2E468007C6D4C7E73846EF
:10C62000BDE8F88F70B58AB0054600F201100DF133
:10C63000260105F1880209F016F8B8B3044695F80A
:10C64000C000032834D001283BD1BDF826100DF1DD
:10C65000160220461BF016F8002825D405F23116E4
:10C660000DF1060128460022002300960BF03EFA49
:10C67000002819D40DF116000DF10601102220F04A
:10C6800087F8F0B10DF1060128460022012300963B
:10C690000BF02CFA002807D40DF116000DF106015D
:10C6A000102220F075F860B1FF250BE0FF250CE0AB
:10C6B000EA6EBDF82610204607F0FEF8B0F1FF3F05
:10C6C000F2DD0025204622F053FB68B20AB070BDAF
:10C6D000F8B505461DF06EFA0446002121480170A8
:10C6E0001DB11CF091F9F7F740FE1F48017811B118
:10C6F000406800B18047F3F7AEFE1C4D95F942004B
:10C7000021F0E2FA1A48007820F0FEFEE88C22F0D0
:10C71000D1FF688D22F0D4FF05F1440022F0B8FA71
:10C72000144F0026072E05D057F8260000B1804789
:10C730000136F7E713F014FB22F0B6FF14F0D6FB36
:10C740000FF086FC204620F017FD05F1290152204C
:10C75000EDF71EFA95F8430017F0B0FDF3F77BFEF6
:10C760000020F8BDD854012048480120FC150020C5
:10C77000C43E0120343C01202DE9F047E0B0866939
:10C78000B6F5C07F09D80446C6F5C0701F4698426A
:10C7900003D3C01B1546904205D26FF037052846DB
:10C7A00060B0BDE8F087E9468A464FF4C07148465C
:10C7B00023F09EFBD4E91C3049463246984710B11D
:10C7C0006FF03305EBE7D4F818803FB1D4E91C30A3
:10C7D00069463A4698470028F2D1B844BAF1000FAA
:10C7E00018BF002D06D009EB080051462A4623F059
:10C7F00061FDA844684642460146EEF7F3FE054651
:10C8000040B96946204603F0A3F9054610B9012056
:10C810000025206168464FF4C07121F0E3FCBEE7BB
:10C8200000284ED0B0B50446D0F88C0050B141F28B
:10C830003D1121F0D7FCD4F88C0022F06BFF0020D2
:10C84000C4F88C00A06D40B141F23D1121F0CAFC4A
:10C85000A06D22F05FFF0020A065606C20B118F091
:10C8600099FD606C22F056FFA06B78B1204614F061
:10C87000BBFFA06C18F08EFD606B20F029FFA06B51
:10C88000104DA847A06CA847606BA847206B20B14B
:10C8900020F01EFF206B22F03DFFD4F8BC5055B1B4
:10C8A000284622F06CFD0146284621F09BFCD4F876
:10C8B000BC0022F02FFF2046C421BDE8B04021F08B
:10C8C00091BC704715F70400F8B5044621F038F81C
:10C8D000082805D0182801D0102828D1012600E00A
:10C8E0000026A56A00277DB195F8260095F8271047
:10C8F000814203D0C2430A4207D10743342029466C
:10C9000023F038FD0546EEE78FB1A16A71B191F8C9
:10C91000260010B191F8270020B1342023F02AFD21
:10C920000146F3E7A068032122F09DFC06B1F8BDA3
:10C93000E16C87F0FF060027A1B1888C42070CD577
:10C9400002070AD525B140F020008F62888404E0F8
:10C9500091F82A00304081F82A00302023F00AFDA7
:10C960000146E9E720460021BDE8F8401CF0ABBFD6
:10C970002DE9FE4F83462748007A032843D1894694
:10C9800000240DF1040800254FF0000A042D3CD0CE
:10C9900009EB0406304620F0F7FFB8B10BEB84003A
:10C9A000007FC0062CD5EEB25846314620F0C1FAC1
:10C9B00007465846314617F0A5F95FEA0A60504627
:10C9C00008BF01203C2F88BF824619E0EFB25846CD
:10C9D000394621F0F2F960B1414612F0A3FE40461B
:10C9E000314608221FF0E2FE30B15846394617F0B2
:10C9F00089F94FF0020A03E0584639461BF0D8FC8B
:10CA000008340135C2E74FF0000A5FFA8AF0BDE84A
:10CA1000FE8F00BF644C01202DE9F04F03AF8DB0B5
:10CA20000C468046A7F1300020219A4693461BF021
:10CA30006BFCA7F140054FF480710C2210232846AF
:10CA400022F085FB0730E94620F00700ADEB000639
:10CA5000B5462846314623F04FFC18490C2223F0F6
:10CA600029FC2846314623F063FA21686268C0F841
:10CA70000CA0C0F808B0426001602846A7F1300160
:10CA8000202220F045F904462846314623F0CFF80D
:10CA9000E01D20F00700ADEB0004A5462846214626
:10CAA0000BF011FF40462146202223F003FCCD4627
:10CAB000A7F10C04A546BDE8F08F00BF9C32000032
:10CAC0002DE9F84306460068174689461FF0C9FA63
:10CAD000244CD8B1D9F80020B81A022818DB32F853
:10CAE000020B90FA90F8C9F80020B8F1000F0FD0AF
:10CAF000B81A80450CDC3068476B67B1806B3146F3
:10CB00004346B84700BBD9F8002025E004F5C064CF
:10CB10002046BDE8F883C16E884515D1806E00219E
:10CB200013468DF80310414659B110F8017B13F8F4
:10CB3000015B01397D409DF803703D438DF8035042
:10CB4000F2E79DF8030038B130460221732219F054
:10CB5000B7FD04F57864DBE702EB08000024C9F8B0
:10CB60000000D5E70084FFFF2DE9F04190B0984622
:10CB700016460F4604461DF079FC0546002C03D4EA
:10CB8000C5B3D5F85801A8B36FF00100D6B3B8F11A
:10CB9000000F37D00AA8002121F0ECFB00282CD48C
:10CBA0008DF828700AAA284600210023F8F7A2FF72
:10CBB000002825D46F46002138461CF06DFA002865
:10CBC0001BD4781C31461CF0DBF9104800213A4692
:10CBD0000023B0F84200ADF82200284606F04EF8D7
:10CBE00000280DD425B1D5F8580108B1C0F8A08CA3
:10CBF000002007E04FF0FF3004E06FF0020001E09A
:10CC00006FF0030010B0BDE8F08100BF7444012054
:10CC1000F8B500284ED00446064606F1CC001FF0B9
:10CC20003FF9B56E2DB122F0B2FF23F07AFA3D46FE
:10CC3000F8E7D6F888502DB122F0A9FF23F071FA59
:10CC40003D46F8E7D6F834512DB122F082FF23F0AB
:10CC500068FA3D46F8E7D6F804512DB122F079FF85
:10CC600023F05FFA3D46F8E7D6F814512DB122F0D3
:10CC700070FF23F056FA3D46F8E7F06838B13168A6
:10CC800029B1B16821F0AEFAF06822F043FDD6F880
:10CC90005061002EC1D12546D5F8506128464FF489
:10CCA000AA7121F09FFAA54201D023F03AFA002E92
:10CCB0003546F1D1F8BD70472DE9F04788B0DFF86F
:10CCC000889099F80000D8BB204E21484FF0000A08
:10CCD0004FF0010876603660C6F808A0C6E9268ADB
:10CCE000C6F89FA0C6F8948004AA90E8B80006F1A0
:10CCF0000C001146B8C14FF0FF3416490694FCF7FA
:10CD000081FAB0640A2014496A46CDE900AA02906B
:10CD100006F1500000F066FFD6E91823C6F890002F
:10CD200047F69160101A73F1000005D3002047F612
:10CD3000906121F07BF9044689F80080C6F89C4098
:10CD400008B0BDE8F08700BF7F5201202814002002
:10CD5000C8250000118302005DF404002DE9F843AA
:10CD6000054624480078043810F1020F0AD32248FF
:10CD70000C460068C18A4A0704D4890605D5007D9F
:10CD8000152802D10020BDE8F88313F007FE814684
:10CD900014F0F0F8194A804611885088002908BF1D
:10CDA0000146526800239EB28642EBD201398EB210
:10CDB000B70017FA81F7D75DAF4204D00E0408BF61
:10CDC00001460133EFE706EB86001044D0F801106E
:10CDD000484623F056FA642104FB010008FB01F2E7
:10CDE000101A00F132024FF0000088BFB2FBF1F0E0
:10CDF000BDE8F88334530120905401205C53012096
:10CE0000F0B5274B02EB81021344021D1C46184665
:10CE1000042920D352F8045CF2E80367033938444C
:10CE20002B4434441B1A061983EA3070241A8319E0
:10CE300084EAB060351AC41885EA30601B1A0519F7
:10CE400083EA3040241A431984EA70302D1AC4183A
:10CE500085EA3070DCE7012907D0022903D00329D5
:10CE60001CD15168084411680C4452F8041C6040FD
:10CE7000A0EBB44019444140A1EB705181EA040297
:10CE8000A2EBF1125040A0EB32404140A1EB3071D7
:10CE90004A40A2EBB1414840A0EB3120F0BD00BFB9
:10CEA000EFBEADDE10B586B00146427E806800233D
:10CEB00043F606040593CDE90333029343800388C8
:10CEC0001C1B022C10D3B3F5C15F03D040F6020443
:10CED000A34212D1038A002A23F4FE6312BF038205
:10CEE00043F43472028208E0038B23F4FE630AB138
:10CEF000038302E043F43472028300224A7602A9DB
:10CF0000009105A904AA03ABF4F734FF28B10598F2
:10CF10004FF6FF71008888420ED0049C029920468B
:10CF20000AF056FF0748016821B1204606B0BDE867
:10CF30001040084706B010BD049C029920460BF033
:10CF4000B9FFEFE74C5301202DE9F047814690F9F6
:10CF50000D0014460D461DF021F9002842D08768C7
:10CF600082464FB11C2022F0B2FF22F0A3F8002825
:10CF7000F7D022F002FEF4E7DAF83C704FB11C2043
:10CF800022F0A5FF22F096F80028F7D022F0F5FD58
:10CF9000F4E7D04658F8447F17B3002022F097FFFB
:10CFA000074606F108002946224617F04FF90028E7
:10CFB000F2D04046002132461EF010FCBAF84C0078
:10CFC000411EAAF84C1089B2D9F8340118F0A1FE1C
:10CFD00050461FF039FA3046502121F036FCDBE78D
:10CFE000002000E0FF2040B2BDE8F0872DE9F043CB
:10CFF0008BB007460A9306A81E4614460D4622F03B
:10D0000095FB03A822F092FB1298302306440AA84D
:10D0100009AA31461BF070FD10B1A0F59F4405E050
:10D02000DDE909010844B0420AD0184C06A81CF0FA
:10D0300066FB03A81CF063FB20460BB0BDE8F08341
:10D040000DF118080AA8314642461CF01FFB0028C3
:10D05000E3D10DF10C090AA831464A461CF016FB33
:10D060000028DAD107F18803384629462246CDE95F
:10D070000089F0F79FFE04460028D7D10A98841B48
:10D080001CBF4BF20044CFF6FF74CFE71AB0FFFF8E
:10D090002DE9F041DFF89080244E04460D46D8F883
:10D0A0001870306804301CF080FC50B930680121E1
:10D0B000C06A01FA00F0D8F8041021EA0000C8F8AC
:10D0C0000400601C17D1B5B11948C16B326891607A
:10D0D00032688B68D36032688B6804325A60326879
:10D0E00004328A6000F1380132685161816B01318C
:10D0F0008163BDE8F0813068E41944600C4806D3D0
:10D10000806831680431BDE8F0411AF090B8406899
:10D11000316804311AF08BF8D8F82000844238BF07
:10D12000C8F82040BDE8F081DC470120A054012070
:10D13000F84601202DE9F0410746C88900060AD5C6
:10D1400008461D4614460E461FF0B2FE18B1804632
:10D15000706AA04202D00020BDE8F081902D20D15D
:10D1600008F1040138461DF062FE70B1064690F8E1
:10D170002200022809D0B5694B2055211BF0D9F8AF
:10D1800068430A21B0FBF1F0F061A18C002084F823
:10D19000280041F01001A184062188F81710BDE88D
:10D1A000F08194F82800042809D3304619F042FF92
:10D1B0003046214612F06CFA0120BDE8F0810130C2
:10D1C00084F82800142088F81700B8F8240040F4E8
:10D1D000C070A8F82400BEE72DE9F04707461420E8
:10D1E000984691460D4622F0F5FC044600283ED0B4
:10D1F000DDF820A004F108003946142223F05AF883
:10D2000004F11C002946142223F054F8062004F1EE
:10D21000880684F873007220A087B4F840003118A3
:10D22000688A144DA8470146788AA847124F0146DC
:10D230004846B84701464046B847014680F801A035
:10D24000502001F8020B0020A84701460020B847F3
:10D25000801BA4F8420020461DF051FC2046062108
:10D260001CF01DF9B4F8401031441031A847204695
:10D27000BDE8F08707FC040011FC04002DE9F04331
:10D2800087B00420082121F09DF804460020CDE954
:10D290000400214821460FF0A3FA002803D404A972
:10D2A00020461BF003F9204622F0BEFE1A4800F08B
:10D2B00089F8DDE9040108432AD0DFF86080002600
:10D2C0006C464FF00A09F5B23F2D21D8DDE9040183
:10D2D0002A461EF04FFDC00718D0404621468CC894
:10D2E0008CC1028880788870B5FBF9F00A8040F024
:10D2F000300100EB8000A6EB40008DF80C1040F0F0
:10D3000030008DF80D00204600F05CF80136DAE7B9
:10D3100007B0BDE8F08300BF843100005032000048
:10D32000F8B5054626480C462860084621F0B0FDB1
:10D3300020B1012129710168406802E0002100202C
:10D340002971C5F809002046C5F8051005F10D073B
:10D3500021F096FD0E3570B106460120387020464A
:10D3600021F0C0FF294622F053FC31462022054619
:10D3700022F0A0FF03E03846252122F0B9FD204627
:10D3800022F041FF05F120021DF0CAFB05462046B0
:10D3900021F086FD78B10646012005F8010B2046F4
:10D3A00021F0A7FF294622F033FC31463022BDE8A8
:10D3B000F84022F07FBF2846352122F099FDF8BDC4
:10D3C00002006B00B0B521490546E2F7BDFB204CD9
:10D3D00068B3204922F06FFE88B11F4922F06BFE2E
:10D3E00080B11E4922F067FE78B128461EF066FB28
:10D3F00070B11B4922F05FFEB8B1FF2024E004F5B4
:10D40000803414E004F5003411E004F540340EE0FB
:10D41000287B697B04F5802400EB800001EB400051
:10D420004FF6F051084481B202E004F58024002157
:10D430000C48006838B1026920469047002818BFA0
:10D440004FF0FF3000E0002040B2B0BDFC330000E0
:10D450000B000100F70C0000332F0000E431000046
:10D4600013320000984501202DE9F04790B00646A0
:10D47000DDE91890DDF868801C460D46D8B10368D8
:10D48000CBB1C18880880B445F1D1378FF2B1ABF76
:10D4900007F8013D4FF0050A4FF0040A431AB3F5AF
:10D4A000167F0BDD69B1107840F0400010703870C5
:10D4B0000AF5167010E0002704200DE00AEB0300C7
:10D4C0000AE0117861F03F01117007F8041D791C22
:10D4D00022F09EFB0AF5177080B2314622462B4699
:10D4E000CDE9000702A815F01DFCA8F8000048448B
:10D4F00021F04EFC044620B104EB090002A9F6F726
:10D50000C7F8204610B0BDE8F0872DE9F8439046F3
:10D51000894606460027002496F85400844207D224
:10D5200006EBC405E86D21F023FCEF650134F3E759
:10D530000027002496F86C00844207D206EBC4054D
:10D54000686F21F015FC6F670134F3E700270024B2
:10D5500096F88400844209D206EBC405D5F88C0005
:10D5600021F006FCC5F88C700134F1E70027002497
:10D5700096F89C00844209D206EBC405D5F8A400B5
:10D5800021F0F6FBC5F8A4700134F1E7002049460C
:10D59000424686F89C0086F8840086F86C0086F87F
:10D5A00054003046BDE8F843E7F760BC2DE9F04F82
:10D5B0008DB0169E1A9F0B904FF6FF70ADF830108D
:10D5C000388086B11C4673B1DDF86490B9F1000F64
:10D5D00009D0DDF85CA0BAF1000F04D0DDF860B02E
:10D5E000BBF5005F04D90425E8B20DB0BDE8F08FAB
:10D5F0000BA806AA214606F07FFC05460028F3D1B9
:10D60000104800F12408404622F0D2FC0E48ADF844
:10D6100014400496ADF80EB0ADF80CA0CDF808900B
:10D620001223C188C07802AA009206AAF1F73CFF33
:10D63000054610B9BDF81C003880404613F0CCFDFB
:10D64000D2E700BF944A0120943901202DE9F84F18
:10D6500000248046002100220460684603F004FD97
:10D66000204DDFF884A081464FF0FF374FF0190BB3
:10D670000020602C1ED02A19917AB9B1107A0228A4
:10D6800016D0DAF80400418B0069084495F862105E
:10D6900011FB0B01506919F073FB0646E0F782FE9F
:10D6A000B6FBF0F0B84238BF074601202034E0E76F
:10D6B0000120002709EA0001012904D10099B9429B
:10D6C00038BF0F4606E0B9F1000F01D0009F01E01E
:10D6D000C10701D0C8F8007040EA090000F001005D
:10D6E000BDE8F88F80170020B44801202DE9F84FDD
:10D6F0000546D1F80090234800268B46814588BF17
:10D7000003261CF057FADFF880A08046DAF80440C0
:10D71000601B18BF01205AF8207025B105F1B80030
:10D720001DF054F828B96FB107F1B8001DF04EF89C
:10D7300040B19AF82400CAF8205040F002008AF85C
:10D74000240018E0601BDBF800104FEA9904B0FADF
:10D7500080F0400940EA40000AEB800081609BF8BD
:10D7600008100174E0F71EFEB4FBF0F105F1B800FB
:10D770001FF062FD832640461FF0FEFC3046BDE8E8
:10D78000F88F00BF03093D001C4901202DE9F84F27
:10D7900006462448DDE90ABA98460D46D4B2076821
:10D7A0000C9800F10109CFB3B879A04230D1387894
:10D7B000A8422DD107F1300130462A4612F028FF49
:10D7C00030B3BBF1000F16D03879584520D1BAF1EB
:10D7D000000F02D0F86850451AD1B9F1000F03D0FC
:10D7E00078790C99884213D1BAF1000F03D00E4812
:10D7F00050F82B0090B97878B8F1000F00F00100D4
:10D8000005D028B907F1100140461FF051FD28B995
:10D810002820394622F0AEFD0746C4E73846BDE869
:10D82000F88F00BFB453012040350120B0B5C0B01F
:10D8300038AC1E4905462022204622F03BFD1C49FB
:10D8400030A822F03EFC1B4928A822F03AFC1A49D5
:10D8500020A822F036FC194918A822F032FC1849F9
:10D8600010A822F02EFC174908A822F02AFC16491D
:10D87000684622F026FC681E072805D8DFE800F07D
:10D88000110406080A0C0E1030AC0AE028AC08E0BF
:10D8900020AC06E018AC04E010AC02E008AC00E0FC
:10D8A0006C462046E8F77AFF40B0B0BD2823000060
:10D8B000482300006823000088230000A8230000FC
:10D8C000C8230000E8230000082400002DE9F04FE1
:10D8D00087B0DDE910A580461F4693460E4605EB4E
:10D8E0000A0021F055FAE0B300EB05090446394679
:10D8F0004846F5F7CDFEDEB1B989490504D4314675
:10D900005A4622F0D7FC13E0CDF80CB003A9ABF1D6
:10D9100008023346CDE90020029108F110010120F0
:10D92000802209F03EF8002818D40398584515D1F4
:10D93000B889400616D503A9102010224B46CDE920
:10D9400000A102900120414604F0D4FDB0F1FF3F58
:10D9500004DD03A9484620F096F903E0204621F0B3
:10D9600007FA0024204607B0BDE8F08F2DE9F0410A
:10D970001E460C46804642B3A07B30B3204611467B
:10D98000174621F03BFD05462046394632460AF04F
:10D99000E2F828B1FC2060734046D8F84010884770
:10D9A0009DB12046394621F029FD70B9FC206073F5
:10D9B000207B05281CBF04202073322060810020BA
:10D9C000A0734046D8F8401088476089B04203D918
:10D9D000801B6081BDE8F081FC20217B607300200A
:10D9E0000529608109D031B9404621460522BDE8AC
:10D9F000F04112F065BB042121733221A07340462F
:10DA00006181D8F84010BDE8F04108472DE9F84F92
:10DA1000002948D08046154610461A469B4689463E
:10DA200019F064FB26278246BBF1080F08BF2F2799
:10DA3000BBF10B0F08BF2F270024544533D0E2B2AF
:10DA4000284649465B4612F05FFB8446ACB1621E35
:10DA500000204B46002186B2AE420BD21E78B74260
:10DA600005D1060403D0CEB2B2420ED0013101334B
:10DA70000130F0E74FF6FF700AE099F8000030B18E
:10DA8000381AB0FA80F0400902E0013000E00120CD
:10DA90000A9919FA80F240465B460091614601F00E
:10DAA0006CFB0134C9E7BDE8F88F2DE9F041C0B146
:10DAB0001C4690460D4606461CF062FF88B107469C
:10DAC0008CB107F598702146E2F73EF858B1002175
:10DAD000625C781880F830213AB101312029F7D101
:10DAE0000DE0FF202DE0002310E0C1F12002022A0A
:10DAF00005D300F23110C1F11F0122F0F9F997F8B6
:10DB00005E01012340F0010087F85E014FF6FF70CF
:10DB100085420CD0B7F85801A84208D097F85E01AA
:10DB20000123A7F8585140F0010087F85E01A7F8DB
:10DB30005C81D7F804731FB1304629462246B847A6
:10DB4000002040B2BDE8F081F8B50D460446252915
:10DB500011D12046252120F012F806462046252125
:10DB6000032203271FF0CCFA0121022E05D320B196
:10DB70000021032701E0012100270022204606683A
:10DB800056B3307DA84207D1707EC00604D539B99E
:10DB900096F88200874203D0A6F10C003246EEE7E9
:10DBA0002046314618F0A4FAF08A0C4C0006266094
:10DBB000304604D596F91C0020F086F8206890F9CC
:10DBC0001900B0F1FF3F0648C3BFC17A0139C172E5
:10DBD000817ADCBF013981723046F8BD9054012052
:10DBE0007C3D01202DE9FE430446D0B316460D4688
:10DBF0001BF0E0FFDFF87080074698F8000090B94E
:10DC000000201B4A4FF001096B4614210090802030
:10DC10008DF8089001901548583005F0E9FA15483C
:10DC200088F80090846138461FF0A6FA1248002E4A
:10DC3000124A18BF30460023017821704168C4E9B8
:10DC4000021581680020E0626062C4E90500E061BD
:10DC5000002020F0EBF9A06220622061606020F0DB
:10DC6000DBF92046BDE8FE832154012084460120D3
:10DC700031BC0300F84601202433000040420F006D
:10DC8000F0B585B00F46164611461A461D460446A5
:10DC900012F0BEFC28B13F2D05D80020CDE90000D0
:10DCA00003E0102036E07F2D03D838687968CDE98D
:10DCB00002016F4631462A46384616F003FA3846C6
:10DCC00021461FF0F5FA08B1002023E06F2D0FD890
:10DCD0001148412D81880068ADF80C10029007D3DF
:10DCE00007F1080006F10801A5F1400216F0EAF973
:10DCF000684621460E221EF0F7FC50B168462146C8
:10DD000008221EF0F1FC01461020002908BF08205F
:10DD100000E0022005B0F0BD14360000F8B5254D36
:10DD2000296841B304460889A04202D9001B088132
:10DD300010E0888A4FF480414FF4404219F0B2FE5F
:10DD4000296808811EF002FB29684A8A0B8A9B1AFF
:10DD5000834211DD0D6875B10C20294622F00AFBC3
:10DD600006462889A04287BF001B288128461CF050
:10DD7000ADF83546EFE7F8BD0026F0B292B2824228
:10DD8000E8D909680136002069B10F4628B1028937
:10DD90000B89934238BF084607460C2022F0EAFA66
:10DDA00001463846F0E708B11CF090F829684A8A25
:10DDB000E3E700BF3C5401202DE9F84F9846924616
:10DDC000894605461AF008FD074612F0E5FFC8B37C
:10DDD000C7B3DDF828B0BBF1000F33D00C9989B37D
:10DDE00004460B98002605282DD3A08784F81C90A4
:10DDF0008946601C41461022C4F838B0C4F820A0FF
:10DE000022F058FA40F2232026706082B8792583E8
:10DE1000A0760E48406890F83500C4F81490E0767B
:10DE20000B480068E06220469BF8001005F05CFAA1
:10DE3000A16B606A013120F0EBFE2046EFF712FF84
:10DE4000666A00E000263046BDE8F88F44530120A2
:10DE5000983E01202DE9FF411E480026DFF87C8016
:10DE600006601D4806604FF47000C8F800001C48AA
:10DE700006701C48067021F099FE1B4F0446386856
:10DE800040B11CF0A3FC10B1386822F0E7F8386804
:10DE900020F0B6FA01AD284621F0A2FD1348012179
:10DEA0002A4602968DF804601EF062F9386010B9B7
:10DEB0001DF074FA386800F073FB204622F040F938
:10DEC0000F200AF08DF9D8F8000006F00FFFBDE82A
:10DED000FF8100BF543E0120643E0120683E0120C6
:10DEE0001B3D0120CD3E0120685401201178040023
:10DEF0002DE9F8438046FE20002941D01746002A2C
:10DF00003ED040460C4618F013FD202020F028FF9C
:10DF10008146C4EBC400800020F022FF0646B9F120
:10DF2000000F18BF002E07D1484620F021FF3046D1
:10DF300020F01EFFFF2023E04846202121F0D8FFDB
:10DF4000A9F8027009F10C07C9F8146089F800807B
:10DF5000384622F01DF809F1040022F019F80025D6
:10DF6000A54207D238461421324620F021FF013560
:10DF70001C36F5E7044818214A4620F019FF002016
:10DF800040B2BDE8F88300BFEC530120F8B5046B44
:10DF9000002C44D027680D4606461022284607F17B
:10DFA000080122F087F9307B2874387E6874207964
:10DFB000A874707BE874B08EA8820020A875B88C15
:10DFC000A887B66A5EB3B08C800728D0012006F11E
:10DFD0001401A875B08C400758BF311D05F117001A
:10DFE000102222F067F9B08D31462885342022F0C6
:10DFF000C1F9A0B10646808CC00710D0A87D06F1FB
:10E00000140140F00200A875B08C400758BF311DC4
:10E0100005F12A00102222F04DF9B08D6887002CFE
:10E0200018BF01242046F8BD2DE9F84F07462348C4
:10E03000DFF88CB01C460E4602F1010901F1010A1D
:10E0400000920568BDB3D5F8188098F83400B8423E
:10E050002BD1112F01D0062F0DD1B8F8280020B3F5
:10E06000718A884221D1B8F82A0004B120B1009900
:10E07000498A884219D12CB108F1080059461FF08D
:10E0800017F930B908F1080051461FF011F960B1D5
:10E090002CB108F1180059461FF00AF958B908F1D7
:10E0A000180049461FF004F928B95420294622F0E7
:10E0B00061F90546C6E72846BDE8F88F04540120FB
:10E0C0007431000010B5D0F8983093B10B2910D8F6
:10E0D000DFE801F006101922262A2E3242363A3E97
:10E0E0001A80D0F8980001884288914284BF41800C
:10E0F00010BD10BD596801315960D0F89800416ACF
:10E100001144416210BD996801319960D0F89800BE
:10E11000016A1144016210BDD8680130D86010BD99
:10E1200018690130186110BD58690130586110BD7F
:10E1300098690130986110BDD8690130D86110BD6F
:10E14000D86A1044D86210BD186B1044186310BD13
:10E15000586B0130586310BD986A0130986210BD49
:10E16000B0B51E48006808B91DF018F91C4D287894
:10E1700098B119F08FFB1BF01DFD0446194800787B
:10E1800010B91948007890B1184802210170204652
:10E190001EF0F2FFE96C042088471748007800B1B0
:10E1A000B0BD00200021BDE8B040F4F7A8B9E96C8B
:10E1B000002088470D4883210170002011F0F4FDF4
:10E1C00020461EF0D9FF002005F059FE08480949F5
:10E1D000007808701EF048FCDFE700BF9054012073
:10E1E00048480120C83E0120CB3E0120CF3E0120FF
:10E1F000DC3E0120C53E0120D654012010B5044666
:10E20000807803283CD8DFE800F002092D3421484B
:10E2100080684079BDE810401BF097BA207B092840
:10E220000ED8DFE800F02E0D0D05050D0D050505D6
:10E230001848032180680171016809B105208847E9
:10E2400014488068017904291AD0017AFF2917D06F
:10E2500090F905200120022141F28833BDE81040E9
:10E260000EF06ABF0B49E078896891F905100EF04D
:10E2700039FFE078012803D1BDE81040ECF796BBE8
:10E2800010BD044804218068017101680029D7D0BD
:10E290000020D4E730510120BFB505460DF10B0039
:10E2A0001446224A0391CDE900031F48214600F19C
:10E2B0003E0303A801F026FB012832D14DB39DF89F
:10E2C0000B00C00725D11A48234690F86500033893
:10E2D00018BF01202188002221FA00F0D5F858113A
:10E2E00000EB8000400008856188D5F8580101EBFB
:10E2F000810149004185D5F85801217980F82C1019
:10E30000FF21D5F8580180F82D102846002103F090
:10E31000FBFB0398A04203D021460C2221F0CAFF48
:10E32000002004B0B0BD00BFA4120020F987030094
:10E330007444012070B590B30446C06B78B30D46A9
:10E34000216C0026A0FB010100293CD11DF0E6FB59
:10E35000FF20A66384F84400D4E90F23216884F8E1
:10E360004500501E03FB021600FB0310C4E9011612
:10E37000E060B5B14FF0FF30002144F82C0F224689
:10E3800044F81C1C42F8140D44E9042244F8182CEB
:10E3900044F8081CC4E9014444F8044C10E0002689
:10E3A00011E004F11000016851B1F9F74BF838B1F0
:10E3B00006484FF080510160BFF34F8FBFF36F8F5E
:10E3C0001FF05AFB0126304670BD00BF04ED00E08F
:10E3D0002DE9F0410546FF2099B192B192F858001D
:10E3E000A8420DD90C46087992F85910884207D8EE
:10E3F00008B1206820B1207D92F85A10884203D9D4
:10E40000FF2040B2BDE8F08110B120690028F7D0AC
:10E41000D2F8548004F11501102208EB451606F1DC
:10E420000C0021F047FF374617F81F0F00F0FE00E1
:10E430003870227907F8032C42B1680102EB4202DE
:10E44000216858F80000920021F034FF227D727795
:10E4500022B170682169920021F02CFF3878800782
:10E460004FF0000048BFB060CBE72DE9F0434B68A8
:10E4700044689C421CBF6FF00300BDE8F0830B684A
:10E4800004685B086FEA540C4FEA540E83EA5403A5
:10E4900003F0010808EA540717604568013D6B1C4A
:10E4A0002DD08B68846853F8253054F8254084EAD1
:10E4B00003061B1BB34334402344C8F1010404EAA0
:10E4C0000E0448EAD37904EAD374C9F101063C4347
:10E4D00006EA0C08146087688E6857F8257056F8AD
:10E4E000256086EA0703BF1B9F4333403B4408EA8D
:10E4F000D37649EAD37846EA04071760CEE70020CE
:10E50000BDE8F0832DE9F0419AB01F4690460E46D3
:10E5100004461BF0ABFF0546002C03D4D5B1D5F85B
:10E520005801B8B10DA800211FF010FF002814D425
:10E5300068460BF011F800280FD420989DF80110C0
:10E54000002F18BF3946B0F1807F8DF8351007D302
:10E55000019806E04FF0FF301EE06FF001001BE075
:10E5600000B10E909DF80900FF2E18BF3046BDF88F
:10E570000C108DF83D004FF6FF708045284618BFFF
:10E5800041460023ADF840100DAA002105F0CAFA5B
:10E590006FF0020101EAE0701AB0BDE8F081704747
:10E5A0002DE9F84305461BF005FB214C804694F805
:10E5B000A200F0B194F8A000D8B91E48D4F8909009
:10E5C0000068006B8047D9E9046732463B461FF07C
:10E5D0002DFDA0FB062300FB073301FB0631C9E933
:10E5E0000621A168A268D4F89830411A9A1A91427B
:10E5F0000CD913F001FA01212975AA681044E860CA
:10E6000094F8A00078B184F8A1100CE001212975DC
:10E61000AA681118E960D4F89830181A824202D218
:10E6200010461CF07BFD4046BDE8F8431EF0A4BD3B
:10E63000281400208C01001070B58EB00D460446E1
:10E6400002A80DF1060108F0F5FA1F480068017DE7
:10E65000252914D12046294600F03AF806462878A4
:10E660001A49029ABDF8063081F8810021680092AB
:10E67000324640EA01410120F6F7C1FB0CE0703060
:10E6800004A914F0E7F9064630B904A803AA214604
:10E69000F4F7FEFE064610B130460EB070BD22689B
:10E6A000039904A804F066FD08492870029ABDF891
:10E6B0000630002681F8810021680092002240EA9D
:10E6C00001410220D8E700BF905401202C10002007
:10E6D0002DE9FC4105462148884690F853001EF07C
:10E6E00007FF1F4F41F2081606284FF47A7408BF3F
:10E6F00043F2C82697F82F006043811B2868A1F5D4
:10E70000FA62904206D9A1F57A61B0FBF1F202FB00
:10E710001100286001A80DF1020108F08BFA2868A9
:10E72000019901FB040297F82F1061438A1AB24243
:10E73000BCBF6520BDE8FC81A1F5FA618A42C4BF77
:10E7400000F5FA602860074890F8271080880AF0E2
:10E7500087F888F800000020BDE8FC81FC15002047
:10E76000701500202C1000202DE9FC41204F04469C
:10E77000786808B18047B0B3B8687A69610321F05E
:10E7800088FC012500282FD41A4904EB440001EB32
:10E790008006F07DFE2838BF451C17480021042361
:10E7A000F57540EA0520019001AA204615F0AAFB64
:10E7B000387018B903207076FF20B0750F4F21F024
:10E7C0004BF900234FF0FF080025B84721F044F92A
:10E7D0000123B84721F040F90223B847102086F8FA
:10E7E0001880B08300E00B252846BDE8FC8100BFFF
:10E7F000944A012094390120FF000F966D730400A4
:10E80000F8B50446FD201D468DF8030020461E681D
:10E81000324600F0D1FB10B101208DF803009DF8C5
:10E820000300FD2815D1A6B1E068007B00F00F00C1
:10E8300002280ED13768204631463A4600F0BCFB2C
:10E8400020B9002F3E46F5D1002602E002208DF8C7
:10E8500003009DF80300FD2804D1E06B10B10420F3
:10E860008DF803009DF80370042F0FD0022F06D0FF
:10E87000012F0FD1284621461BF0C0F90AE032686B
:10E8800022B1284621461AF0BEFD03E02846214663
:10E890001BF0A2F978B2F8BD2DE9F84F224FDFF84E
:10E8A0008C8004464FF0020A4FF0000BF868B0B3BA
:10E8B0007869012833D1F8684FF00309082129B19C
:10E8C000014205D14908A9F10109F8E74FF0000913
:10E8D00008EBC90630461EF0B3F9054658F8390072
:10E8E000B04206D10120F96800FA09F021EA0000DF
:10E8F000F860A869296AC5F824A028622046396111
:10E900001EF03AFCD5E90301EA6990471BF052F981
:10E910000446686A022808BFC5F824B0C6E700208C
:10E920003870BDE8F88F00BFF84601206C47012021
:10E93000F8B5054608460C460BF016FAE81E10F12D
:10E94000030F06D813F078F9162101604FF0FF305D
:10E95000F8BD022D2FD0194AA16819489368994231
:10E960000BDAD4E9003501440131B3F1010CA160A7
:10E9700065F10005C4E900C501E0D4E900C5D2E9AC
:10E9800000678646D2E90403BCEB060665EB070781
:10E99000351825607B41636090689269081A811878
:10E9A000A160714507DD074A681C114443F100026C
:10E9B000C4E90002A1600020F8BD00BFD04F0120D3
:10E9C000FFC99A3B003665C42DE9F04F85B001912F
:10E9D000866D02AD81469A469346284620F0A6FEF3
:10E9E000F01D09F104044FF00008C608284631461E
:10E9F0005A4653460AF0D5FF28BB2846214603F065
:10EA0000BAFD002804D42846012102F05DFEF3E798
:10EA1000B8F10B0F1FD02846012119F021FC08F195
:10EA200001080128E2DB02AB019C48462146224650
:10EA30001CF074FE074638B904F1180102AB4846D1
:10EA40000A461CF06BFE074602A81AF058FE38462C
:10EA500005B0BDE8F08F014FF9E700BF00B3FFFF3D
:10EA6000F8B50446087A17460D4601F14006C0B2D3
:10EA700031461DF0CDFC18B1287A01302872F6E736
:10EA8000F7B195F83C00316800F01F07E9B14889FB
:10EA900040F0020202F00702062A03D1C0F3C400CC
:10EAA000B84204D0402021F065FC0146EEE795F81D
:10EAB0003C004109013061F35F1085F83C00E2E75A
:10EAC000287A411C29722073F8BD287A411C2972CA
:10EAD000207395F83C00421C00F0E00100F01F009C
:10EAE00002F01F02114485F83C10618921F0F80101
:10EAF00041EAC0006081F8BDFEB5034621480468C4
:10EB0000656AAE6A721C2ED0626E62B3A76AB742A3
:10EB100002D9AF62656AAE6A771CAF62A662340E34
:10EB200014700468648D02F8014C0468A46A240A15
:10EB300002F8024C0468A46A02F8034C0068D0E9A9
:10EB4000085690F8B820846A581BCDE9001508448F
:10EB5000214680B2029006F11500FBF783FD0446C2
:10EB600010B900240CE0DB240748416C29B10748A8
:10EB700000220270E420884702E0E420FAF7ECF873
:10EB80002046FEBD9054012048480120CF3E012080
:10EB9000F8B51E4E01201C46154630701C4807680B
:10EBA00027B1002000212A462346B847A80707D4EA
:10EBB00014F0E24F0DD11A48018A013101820CE0B4
:10EBC0001448007828B11448008A0BF07DFA16F03A
:10EBD0005BFA124801780139017021F0B1FB1FF096
:10EBE000B1FA1048002101700C48017831B190F958
:10EBF0000000002806DC1CF0D1FB03E0002000210F
:10EC0000F3F77DFC00203070F8BD00BFD654012022
:10EC100028250000DA540120143B0120F44F012084
:10EC2000303D0120E854012070B50368CC1A012C56
:10EC300034DB93F90050002D05D45C1C04601B7874
:10EC40001360036834E005F07F05013D032D84BFA8
:10EC50006FF0630070BDDFE805F0021F0916022C9B
:10EC60001CD35B7813600368023320E0042C15D3B7
:10EC70009D785C78DB782D0245EA044423441360D8
:10EC80000368043313E0052C08D3D3F801301BBA12
:10EC90001360036805330AE0032C02D26FF05F00B3
:10ECA00070BDB3F801305BBA1360036803330360CF
:10ECB0001268C91A00208A4288BF6FF05F0070BDD9
:10ECC000F8B50D46044612F04DFD61682844B0EBDE
:10ECD000411F0BD90122C1064FEA501118BF02EBA8
:10ECE0005011204610F04AF900B1F8BD690905F04D
:10ECF0001F00202D19D2B0B1C0F120020023656899
:10ED0000A94210D2A56855F8216006FA00F745F827
:10ED10002170A56855F821703B4345F8213026FA4B
:10ED200002F30131EBE70020F8BD0022A2EB8103E2
:10ED30006268013A551C8D4206D9A56805EB82062A
:10ED4000F65845F82260F4E70023551CD3D0A56897
:10ED500045F82230013AF8E72DE9F84F0646C06938
:10ED6000224A8A4608B9306A38B1B06D316E401A0D
:10ED700041F23D110844504504D202F5C07948469D
:10ED8000BDE8F88FF76F02F52869934602F5D06861
:10ED9000574521D230461EF05FFC0028EFD1346A7F
:10EDA000AAEB070744B13168326EF56F706A0B6FDA
:10EDB00051193A46A04706E0316EF26FF369706A66
:10EDC00011443A469847002809D00AD4B8420AD8D4
:10EDD000F16F0F18F767DBE74FF00009CFE7D9466F
:10EDE000CDE78146CBE7C146C9E700BF808DFFFF75
:10EDF00070B51D48002101220025012617F070FE84
:10EE000000B1FEE719481A4C0222016821F0807116
:10EE10000160C4F88050016841F0807101601548BC
:10EE2000154901601548C0F8EC204FF0FF3206602C
:10EE3000C4F8B01122600F2222644FF4D072C26075
:10EE4000C0F800530E484FF4C04201600D48202125
:10EE5000006803680D209847D4F8800040F0010056
:10EE6000C4F8800070BD00BF703B0120FCED00E0E5
:10EE7000000E00E0B00F04E055CEACC5040004E085
:10EE8000B01F00E0B4010010F8B500F18804054699
:10EE900017460E46084611462246FAF7ACFED0B198
:10EEA000B5F8940000072FD5204621F05BF90F2814
:10EEB00013D0022828D120F03DFE28B395F8500148
:10EEC000D5E9282CD5E9523140070FD4D01A7CEB74
:10EED00001000FD218E0FF2617E020F02BFE98B1BA
:10EEE000B5F8940040050FD5032004E0981A71EBA3
:10EEF0000C0009D20120296C85F8C0002846A5F82D
:10EF00004071C5F83C618847002600203921A5F8EA
:10EF10004001C5F83C01204620F0EAFF70B2F8BD80
:10EF20002DE9FF4106461BF02BFDE0B3044600200F
:10EF3000C4E9C000C4F8F802C4E9B900C4F8EC029E
:10EF4000D4F854512046F6F749FE0028204648BF21
:10EF50000025294602F01CFE00281CD4D4F8D472E7
:10EF600004F5987837B1B4F85C21B4F85A113046FA
:10EF70004346B8471DB128461DF0CEFF58B90022C0
:10EF8000D4F8B402B4F85A11CDE90222009202ABCF
:10EF9000424616F059FD1AF06FF935B1D4F8B002B7
:10EFA000E6F74CFD03E0FF2002E0FEF767F90020E2
:10EFB00040B204B0BDE8F08170B5B2FA82F3B1FAA4
:10EFC00081F45B096409B0B312B190F844506DB399
:10EFD00089B191F844406CB3446B0E69096C0569C2
:10EFE0008908A408AE4214BFED6800252944611ABF
:10EFF000B1F1704F22DAB2B1D168097B01F00F0193
:10F00000022915D1516B0569006C146980088908C3
:10F01000A54214BFE26800221044081AB0F1704FF4
:10F0200001DB012804DB0124012304E0002302E0CA
:10F03000012400E0002404EA030070BD002400293C
:10F04000C8BF0124002AF6D00129D5DAF3E72DE95B
:10F05000FC4117460D4606461BF008FA0446002000
:10F06000DFB3D4B3D4F86C01B91C2A46D0F88400BD
:10F070000BF042FE98B301880546304617F040F980
:10F080002F7D8046BF2F384604D83046002110F02F
:10F0900033F8287D40F0C0000DF106062875688918
:10F0A000314620F0B0FD20460221324601F06CF8D6
:10F0B000AA1C2046032101F067F8B8F1000F05D023
:10F0C000B8F8000001091720F2F770FABF2F03D833
:10F0D0002046294621F0C6F90120BDE8FC81002028
:10F0E000BDE8FC812DE9F0471D4616460F468046D7
:10F0F00016F08CFE089C70B1C169C561DCBB6A1A50
:10F1000038BF4A1B3D2A36DB00218162818C41F0E9
:10F110002001818429E0DDE9099A404639463246DA
:10F1200000230FF00DF830B3FF214FF66263C0E902
:10F13000075A0176C18284F001014A42C262828C80
:10F140001A400423002C18BF0C231944114469F3FE
:10F1500004118031818420F0A3FBB8F80E1021F057
:10F16000800160F3C711A8F80E1040460021BDE8E9
:10F17000F0471AF0A8BBBDE8F087002A47D0F8B5E1
:10F180000E26DDF818C004460D46B1F5867F98BFFF
:10F190000D260D2938BFCEB2BCF8000021681F1A19
:10F1A000B8B20C2803D806EB0710012608E0B0F52A
:10F1B000867F07D8A7F10D004870A6F1300002261F
:10F1C000087007E0A7F20D10203E88700E70000A4C
:10F1D000032648700E44A5F10D0188B2FF2802D81D
:10F1E00006F8011B08E0B5F5867F05D9A5F20D10DC
:10F1F00000BA000C26F8020B114630462A46ACF83D
:10F20000003021F057F870192060BDE8F8407047D1
:10F210002DE9F84305460C46B1F84000B1F842101C
:10F2200081423BD005F11400002120F007F888B19D
:10F230000646B4F84000B4F84210B6F840C0B6F83C
:10F240004230B6F844700A1AA3EB0C0919FA82F19D
:10F25000B94205D928462146BDE8F8431AF07FBBDC
:10F260001FFA82F8F91A41450EDA06F188001FFAF2
:10F2700089F200EB0C0121F01FF80020A6F8429063
:10F28000A6F84000B4F840002044424600F188014E
:10F29000304618F031F92868404428602046BDE81F
:10F2A000F84311F013BD70472DE9F84F204E214F60
:10F2B000DFF8848000254FF0010B4FF002094FF07A
:10F2C000110A602D08BFBDE8F88F7C192ED0A07AF6
:10F2D00001282BD1607A41B20BFA00F01131C0B293
:10F2E0000BFA01F1CA4332607268114371601CF07D
:10F2F000D9FF04F11000002118F064F8812809D129
:10F30000A06920B1002118F05DF8812802D184F8AD
:10F310000A900BE0607A97F861100AFA00F008434F
:10F32000002187F8610040461CF005FD2035C8E744
:10F330000810044080170020E43701202DE9F04731
:10F34000E0B3876BDFF88480924689460646002545
:10F35000002417B397F82100800718D43878FE28C6
:10F3600015D1787800F0C000802810D1307B38B9F2
:10F3700007F10800414606221DF0EEF9394608B1B2
:10F3800029463C4614B10D4609B107E00D462C2034
:10F39000394620F0EFFF0746DBE72946BAF1010FB7
:10F3A00018BF00290ED14CB1B9F1000F214603D08E
:10F3B0004846102220F07EFF002000E0FF2040B2EF
:10F3C000BDE8F087B9F1000FF2D1F5E7143600007F
:10F3D00070B50446486E0E4690B32068204DB0F1DB
:10F3E000FF3F34DD204612F0BDF9B16DB0EB410FA7
:10F3F00033D8716E20468847054670BB04362068B6
:10F40000B0F1FF3F14DC2046002118F029FF78B14D
:10F410002046214632460EF053FD0028EFD0054627
:10F420001BE020462146324605F016FA0028F6D1A8
:10F430002046314603F09FF80028F2D500250CE065
:10F44000321D20462146BDE870400BF00DBD204620
:10F45000002118F005FF0028C4D0284670BD00BF69
:10F4600080B0FFFFBCB50446807803380E283ED834
:10F47000DFE800F0103D3D3D3D3D3D252F3D0808B6
:10F48000080808006068D0F80510A1B108461FF010
:10F490006FFC0FE016486568002200682946036A81
:10F4A00098471448B0F840100131A0F8401028786F
:10F4B00002F0D6FE6068BDE8BC401FF059BC606831
:10F4C00003F0DCFA6068816879B1C0680090684632
:10F4D00008E06068E3F7FAFF6068416929B1806974
:10F4E000019001A813F0E0FD60681FF041FCBCBD75
:10F4F000C43D0120543301202DE9F041BAB1044646
:10F50000002814D40D46204611469846174615F09B
:10F51000D1FC06466DB1B8F1000F0AD086B1304675
:10F520002946102220F0C6FEC6F8148004E0FF2011
:10F5300003E0304619F0A0F9002040B2BDE8F081A8
:10F5400024201FF00DFCE8B12421064620F0D0FC59
:10F550000020395C01300029FBD11FF001FC306133
:10F5600068B1347617F8011B00F8011B0029F9D1A6
:10F5700005481C21324608301EF076F9CFE73046A8
:10F580001FF0F6FBFE20D8E7B05101202DE9F8432B
:10F5900010F003060D4607469946904618BFC6F17F
:10F5A000040614218419201D20F0A2FCA81B04F1DC
:10F5B0002005820760F0030118BF0844022122469B
:10F5C0003038A1EB9001A06220F0030042F8301F18
:10F5D0001044BA5140F8041DE060284620F0D8FCE1
:10F5E000B8590021021D28461EF03EF90B48B9F11A
:10F5F000000F18BF48461821A06120F079FCA069CF
:10F60000A16A01606421C4F81C80A06AB0FBF1F01B
:10F610005F214843E0622046BDE8F883EC3C0120CE
:10F62000B0B5817808290AD8DFE801F005090A0990
:10F63000090912171C00BDE8B0400CF095BEB0BD22
:10F6400084891EF035F92046BDE8B04006F0F6BDCD
:10F65000C078BDE8B0401CF0A1B88089BDE8B040DA
:10F66000E3F7A2BA124D44682968D4F88000013942
:10F67000296058B100781FF0E1FF30B1204618F042
:10F68000DEFC204620F058FC60B1296809B91FF063
:10F69000D7FA606B30B1D0F8881119B12046BDE8B7
:10F6A000B040084720465021BDE8B0401FF0CDB81B
:10F6B000943E0120F0B585B0044690F84C00C00798
:10F6C0001BD0666BCEB194F84B50D6F85C712046D7
:10F6D00015F030FF02463846294612F0C7F860B1EF
:10F6E000054694F94D00B0F1FF3F09DD09200121E5
:10F6F000F1F75CFF28461FF09BFB002005B0F0BD32
:10F70000226B002AF9D012F8011B01AB30460BF036
:10F710005BFE0028F1D094F84D0040F0200084F802
:10F720004D00204618F08BFC626B01A92046E8F7DB
:10F7300053FA0028E1D0D4F880000D218560D4F878
:10F74000800001700120D9E72DE9F84F1446884662
:10F75000824617F0CBFC074600254FF6017940F2B0
:10F760000D1B0026EAB2BA4235D250464146234626
:10F7700010F0CAFC142C10D0082C0ED00B2C0CD07E
:10F780000F2C0DD0042C10D109F1F701A0F10902C2
:10F7900089B292B28A420AD21CE0FF2805D919E048
:10F7A000A0F5807189B2494514D30C2801D8711C89
:10F7B0000DE0B0F5867F01D8B11C08E040F20A41A7
:10F7C0008842314638BF0331584508BF31460E18CC
:10F7D0000135C7E70026B0B2BDE8F88F7CB5064614
:10F7E0001E481F491FF094FA06F17C0020F0ABFA86
:10F7F000304620F0A3FA06F5A07420461EF04DFF17
:10F8000006F5DC75284616F02BFF06F51F701FF075
:10F810009FFF06F575701FF09BFF06F5A56020F0B1
:10F82000AFFB00200F4900228023C6F8D0030090D0
:10F83000284618F0EBFC00280CD406200A490B4B94
:10F840002A460090204608F067FD002818BF4FF0B8
:10F85000FF3000E0FF2040B27CBD00BF31CA040091
:10F860005504050071E70300E14F0200DA3500009E
:10F87000BCB500208DF8070020F056FD1A494FF066
:10F88000FF321A4C1A4D097802FA01F188432080A0
:10F89000287830B3AA6B22B30DF1070142F21A00A7
:10F8A000904714480078A0B11348007888B99DF8B3
:10F8B000070070B1E86D60B1804750B1104A0F4940
:10F8C0001278097808325143B0FBF1F021880844DE
:10F8D0002080094920889DF80720097811FB020043
:10F8E000208020F025FDBCBDD03E0120B03E01208F
:10F8F00048480120DD3E0120BA3E0120CC3E0120D7
:10F90000D23E0120F8B50568079C95B1069971B102
:10F9100000220A700CB122780A701D480368012089
:10F9200033B112F0020303D142F00100087001204C
:10F93000F8BD174D2D6815B314B1267876071ED47F
:10F94000144EB34211D006F13E07BB420FD006F170
:10F950004C07BB420ED006F1B007BB420DD090362B
:10F96000B34208BF05F1580309E02B4607E005F153
:10F97000280304E005F1340301E005F14403002A03
:10F980000360C3D0184690470128BFD0D0E700BF1E
:10F9900084540120A41200202DE9F84F804600274E
:10F9A00021489A4691468B461760066896B3B06820
:10F9B00038B1404505D00020314620F0DBFC06463A
:10F9C000F4E735690024F08A8442F4D2B5F8660081
:10F9D00040040BD4BAF1000F0FD077B92846682144
:10F9E000C9F8006020F084FA2F4606E005F15000C7
:10F9F000594608221CF094FE10B168350134E2E744
:10FA0000C9F8006006F108002F46C0F800803846AB
:10FA1000BDE8F88F37B1D9F8000050F8081F002969
:10FA2000F5D1F2E70027F2E7BC5301202DE9F843B6
:10FA30000468804615460E4620461AF061F80746CF
:10FA4000D0BB022DA94618BF4FF0010994F834002D
:10FA500030B120691DF03CFB38B3012084F836003A
:10FA6000002784F83150A66120461022E762F16831
:10FA700020F020FCD6F800C004F11C019CE82D0009
:10FA80002DC14046D6E901123369CDF80090ECF75C
:10FA900063F988B1054694F8360060B11FF0F0FCB8
:10FAA00000202F4684F8360001E06FF001070020A7
:10FAB00084F8330000E02F463846BDE8F8832DE98E
:10FAC000F04387B006461846174688461AF034FABF
:10FAD000D6B30446C0B394F93A001AF0C3FD98B304
:10FAE00079680DF108090546102209F1010020F09E
:10FAF000E1FB0020E97E04F1100233468DF8080096
:10FB00007888C909ADF81A006869CDE900814946CD
:10FB1000EFF712F9411C14D068B9E06AA0B9404669
:10FB20001FF01EF9E06278B13146424620F0C2FB78
:10FB3000A4F8388008E0206B30B994F83D00102814
:10FB400002D120461AF030FE002007B0BDE8F08355
:10FB50002DE9F0478CB0E9468846044630214846F6
:10FB600020F0C6F904F1200A00274E462F2F13D8A3
:10FB70000F20411C06D0215C01312154CAB201384A
:10FB80008A42F6D1504601212246334614F076FCD3
:10FB9000F0B910371036E9E70020302808D018F8FF
:10FBA000001019F80020514009F800100130F4E766
:10FBB0006E4650464FF4807231461BF04FFD0546AD
:10FBC00038B906F1200090E82E002EC4002500E090
:10FBD0000546684630211EF005FB28460CB0BDE8FE
:10FBE000F087F0B587B00546007880BBA888042868
:10FBF0002DD31FF0CDF80446F0B1AB8895F9010084
:10FC000002A922461EF006FE0646601C1EF0F8FF02
:10FC1000054618F01DFE80B10746B1B220460CF033
:10FC2000BFF9D7F814C0A0B1396A388B002600227A
:10FC300000230096E04701E00025002620461FF043
:10FC400097F826B9284618F003FE17F081FC07B094
:10FC5000F0BDBCF1000FF0D02346043E396A388B6A
:10FC600013F8042BB6B20096E0470130B0FA80F0EA
:10FC70004609E3E72DE9F0410546D0F858019046E2
:10FC80000E46D0F8B44A002C0DD00020214627465D
:10FC900020F070FB044607F10A0031461DF060FDBC
:10FCA0000028F0D12AE04FF0000727D1B8F1000F6B
:10FCB00024D0D5F85801D0F8AC7AB7B13068716863
:10FCC0003A46C7F80E10C7F80A000021D5F85801C7
:10FCD00000F6AC201BF082FDD5F8580100213A4611
:10FCE00000F6B4201FF064F806E000F6B42000210E
:10FCF0001FF0A4FA074620B10020F8743846BDE88A
:10FD0000F0810027FAE7704770B50568044619F0DE
:10FD100051FF002185F8351095F83120033A022A69
:10FD200028BF85F833101DF027FA174EB068B0F1E0
:10FD3000FF3F0ADD1548305880000AD428461021BC
:10FD4000002210231DF0D0F906E04FF0FF30E862EA
:10FD500002E028461EF004FE0D483060284616F0EA
:10FD600037F995F83000022804D10A48BDE8704000
:10FD700018F092BCD5E905C2E96A95F83130204601
:10FD8000BDE87040604700BF88470240C8FDFFFFE4
:10FD90000100008048360120BCB51D4C1D4D04F10A
:10FDA0004400A84704F12800A84704F16000A847D0
:10FDB00020460021D8221FF0E1FB1EF0BFF818F00A
:10FDC000ABF884F8270084F8260013481FF07EFC67
:10FDD00001200DF1060184F87F0042F2040008F0D2
:10FDE0003DFF0DF1070142F2050008F037FF0B4817
:10FDF0009DF8061060630A4820650A48E0666420A2
:10FE00004143E1629DF807104843A064BCBD00BFB8
:10FE10002C10002081E90400DD2904007D59030035
:10FE2000DD8302005DB1040070B5214E044696F8F2
:10FE3000530017F0C1FC054696F853001DF058FB1F
:10FE4000062814D14FF41640052C08D0E97B02296E
:10FE500011BF00F57A701749B1F88210084441F2D9
:10FE6000707108444FF47A61B0FBF1F070BDA8895D
:10FE7000642809D0B0F5967F09D0C8280AD0962802
:10FE80000BD140F65500DFE74FF44860DCE740F265
:10FE90002A40D9E74FF4C860D6E796F8530000F03F
:10FEA000FE014FF4C850842908BF4FF4C860CBE767
:10FEB000FC1500202C100020FEB50D46044602A9BA
:10FEC00042F2010008F0CAFE1EF062FD0619029817
:10FED000864204D3B6FBF0F101FB10660D4419F025
:10FEE00069FE184F044697F82400F0B168460DF1FA
:10FEF000060106F09FFEBDF80610A8B2401A02994E
:10FF000000FB0160009988420DD00122401A10F1D7
:10FF10000A0F87F8D420D8BF6FF009000A28A8BFBD
:10FF20000A20C7F8D000002507E00020BD80FE6051
:10FF3000787010F033FDB8610125E0B21DF01CF9B6
:10FF40002846FEBD2C1000207FB5054698781C463B
:10FF5000811E02290FD2A089022821D1A169F9B1FD
:10FF6000087801281CD84978012919D850B30128EC
:10FF700016D1072027E0012817D106201DF0E8FF41
:10FF8000144E307007201DF0E3FF70700220002136
:10FF900022464523CDE900160290284600210CE0B8
:10FFA000002000212246802303E000200021224679
:10FFB0008523CDE900000290284618F0D1FB0020EF
:10FFC00004B070BD06201EF0FBFC0020002122467C
:10FFD0004423EEE7623701202DE9F84F9946904619
:10FFE0000F461AF03FFB0646FF20D7B3CEB3384684
:10FFF0001FF0D3F91FFA80FB8246304639465A4635
:020000023000CC
:1000000013F07CFB50B1054600681EF0B1FE06F10E
:100010000C000C212A461BF0E1FB06E014201EF028
:100020009FFEE8B105460020286058461EF098FE65
:1000300098B139465A46044620F03CF906F10C00C6
:100040000C212A46C5F80890A5F804A02C6085F874
:1000500006801DF009FC002003E028461EF088FE03
:10006000FE2040B2BDE8F88F2DE9F843DFF8849018
:1000700088460546D9F8041039B14868A84217D017
:10008000082020F077F90146F6E710201EF068FE00
:1000900098B1064611F0F0FE60B10746002460B248
:1000A00000280CD4E0B219F0B3FF48B10134F6E7F0
:1000B000FF201CE030461EF05BFEFE2017E080248F
:1000C000200608213246756044EAE070307009F17C
:1000D00004001EF06DFE3078002187F80280F96080
:1000E000F9707970387038460EF080FD307840B283
:1000F000BDE8F883505001202DE9F041E0B1804681
:10010000204800680546A0B33820294620F032F97F
:100110004545F7D1D8F8006086B10C20314620F073
:1001200029F9074640460C2132461BF057FB304662
:100130001EF01EFE3E46EFE7FF201FE0464656F843
:10014000087F77B10820394620F014F9044630467C
:1001500008213A461BF042FB38461EF009FE2746AE
:10016000EFE70848382142461BF038FB40461EF0B6
:10017000FFFD0020002D08BF4FF0FF3040B2BDE86A
:10018000F08100BFCC5301201FB504460020032995
:100190008DF805001ED0022936D11088D4F86C11D4
:1001A000A1F82900D4F86C0190F8281001F0FC01A6
:1001B000023180F82810D4F86C0129301FF09CFE21
:1001C00002208DF80C000DF1020002904B208DF8FA
:1001D000040019E010685168D4F86C21C2F82D10A1
:1001E000C2F82900D4F86C0190F8281041F00301FE
:1001F00080F828104A208DF8040008208DF80C00A3
:10020000D4F86C0129300290D4F8680118B1C368A1
:1002100001AA0A2198471FBD70B5214E044696F8E1
:10022000530017F0C9FA054696F853001DF060F91F
:10023000062814D14FF41640052C08D0E97B02297A
:1002400011BF00F57A701749B1F88210084441F2E5
:10025000707108444FF47A61B0FBF1F070BDA88969
:10026000642809D0B0F5967F09D0C8280AD096280E
:100270000BD140F65500DFE74FF44860DCE740F271
:100280002A40D9E74FF4C860D6E796F8530000F04B
:10029000FE014FF4C850842908BF4FF4C860CBE773
:1002A000FC1500202C1000202DE9F84F8246172065
:1002B0009B4617468846002A08BF02201FF08AFC8A
:1002C000C0B30646B0F84000DDF83090002106F1DA
:1002D00088052C18204620F8021BEFB141F20730A8
:1002E0000B9A6771608078060BEAE0702071A01DA0
:1002F000B90605D40021C16081604160016005E05C
:100300000A99934610221FF0D5FF5A4678B202EAA6
:10031000D010A07504F11700401BA6F8420030462B
:100320001AF0EDFB5046414600223346CDF80090CE
:10033000F9F73CFBBDE8F88FF8B50546582016469E
:100340000F461FF032FD044698B31B48256039461E
:1003500010220068606004F108001FF0ABFF17482E
:10036000394610221FF0A8FF0A202146267684F87D
:100370004C00002084F82E0094F82D0000F0E000DE
:1003800084F82D000E4841F8480F05F138001BF0A5
:10039000A4FE0C4E04F13000B04704F14000B04719
:1003A00004F13800B04705F11C00502122461DF031
:1003B0005BFA2046F8BD00BF983E01209C3D01201D
:1003C0000100FFFF91FF0400B0B50446407BA16926
:1003D00040F0B0006073486860B11EF079FDA0691C
:1003E0004068E0B10DF074FFA0694068B8B11EF03C
:1003F00077FD14E0174D01F10800102229461FF087
:1004000059FFA0692946102218301FF053FFA06938
:1004100000210185A0694185A06980F8341004F1AC
:100420001C001EF0E5F9607B40060BD424687CB10B
:10043000002021461FF09EFF05462046FFF7C4FF1F
:100440002C46F4E720460021BDE8B04015F010BD71
:10045000B0BD00BF7431000070B5C8B10446C06AB9
:10046000E26C8A4288BF1146884211D0226D012A6F
:100470000ED1A269E162002A02D4C1F10A01A16190
:10048000174E00EB8000616906EB8000814200D0CE
:1004900070BD251D284619F088FAE26A01219140B5
:1004A00018B9104843688B43436002EB820006EBA7
:1004B00080004068A0608268E2600A4A536819437D
:1004C000516081684D608560E06A00EB800006EB5A
:1004D0008001616156F82010013146F8201070BD8E
:1004E000DC110020DC47012001211C4A80F82C107F
:1004F0001949C0E9092100211D4A01870A2180F814
:10050000361040F21241818615490163022180F8BC
:100510004A101449C0F846101349C16340F2EE2155
:10052000A0F844104FF49661A0F85410042180F80C
:1005300056104FF0167101650C49C0E916120D49AD
:100540008A88C285CA88897A02646FF0010200290C
:1005500008BF802242877047F00080070500020034
:100560000802EE023C00F000805101000A00500039
:100570000802A005644C0120F8B51446024600208C
:10058000002940D0C4E90000C4E9020015461378F0
:1005900003F007032370062B15F8016B06F0F8062D
:1005A0001E4426702FD84E1EDFE803F01F2A042DAC
:1005B000042D1100B0B202281AD350788E1E951C5B
:1005C0006070E8B9B0B2022812D3012706E0002615
:1005D000012915D003290BD10226002728461FF038
:1005E0007FFE023E0235608057B1B0B2032801D2CF
:1005F0000020F8BD28461FF073FE023E0235A080A1
:100600000120A681A560F8BDF8B501F109050C46E9
:1006100007460021284606F087FC032807D8387DC6
:10062000FF2804D040B219F021FF064688BB287885
:10063000FF281ED02846002106F076FC042805D3AA
:1006400020461FF079FC08B1666B22E028460021A5
:10065000002606F069FC03281BD8002019F0E2FEF2
:1006600006466063A8B9012019F0DCFE0646606307
:100670000FE0B86990F92F000128DBDB19F0F6FED6
:1006800030B10646204629463246E7F7A5FA00B9BA
:1006900000263046F8BDF0B58BB0044690F82C002B
:1006A000011F05292CD2276806AD1022681C07F10E
:1006B00018011FF0FFFD01AE07F108011022701CA8
:1006C0001FF0F8FD798D0420E26800238DF81800F2
:1006D0008DF80400ADF82A10398D00902846ADF849
:1006E00016103146FCF778FD68B10546606829466A
:1006F0006863206816F06DFD284608F0C9FE02E028
:10070000811E022906D2204670211BF0C8FC002061
:100710000BB0F0BD012801D10320F9E720461FF0FE
:1007200081FDF4E7F8B50C46054687B2400646BFA2
:10073000E079861C0026F80602D560883044861CC5
:10074000780703D5A08808B13044861C380705D542
:10075000A0680721002808BF02210E44B80605D56D
:10076000A0680421002808BF02210E44B80705D55F
:10077000E068002105F05AFF3044861CE80705D0E8
:10078000E068012105F052FF3044861C380607D589
:10079000206A023620B1007800F00F003044461C79
:1007A000F80504D5A06817F04BFB3044861CB0B2A6
:1007B000F8BD7047F0B589B0ADF82010079083B34D
:1007C0007AB391B207A802AA1C4603F095FB06462D
:1007D00040BB194F786808B1804730B307F1240552
:1007E00028461FF0E5FB1548002203230092C1882C
:1007F000C07802AAEEF758FE06460A2818D0F0B2D2
:10080000A8B902A821460222E4F72CFE064678B9D0
:10081000BDF8141061B19DF818000EF06BF83E7829
:1008200006E00426F0B209B0F0BD0B26FAE7012677
:10083000284610F0D1FCF5E7944A012094390120B4
:10084000F8B5D0E900670D46044619F0B3F996F8FB
:10085000311049BB1949097831B30121A6F831108B
:100860001CF08AFC1649002D18BF29460A784868F2
:10087000012A08BF00281BD0C6E90240D1E90201C5
:1008800086F830200F4A104B3061B8683162A0F50D
:100890008071914238BF034606F134000021736134
:1008A00017F079FB2046F8BD1CF066FC0020F8BD6F
:1008B0008B680020002BDFD1F5E700BF984E0120A8
:1008C000782E000001FFFF0080A9030070B50446E8
:1008D0001B48002604F17805E0641A4820641A4891
:1008E000A0631A4820621A48C4E900061948A061AA
:1008F00028461CF02DF82046294600220FF0E0FB88
:1009000004F1880020211FF0F3FA94F8C10000F0F0
:10091000FD0084F8C10004F1B0001FF0F9FA04F101
:10092000A8001FF0F5FA94F8C10084F8C060C4E98B
:100930002E6600F0F20084F8C100002070BD00BFF8
:1009400035B00300C1FA0100F98F0400FDBA0400BC
:100950003D02050049DA04000246087F022809D05A
:1009600050B9D2F86C018089C0074FF0110008BF60
:10097000192002E0132000E019200B7A062B18BF83
:10098000022B01D1063806E02BB9D2F86C319B89D5
:10099000DB0718BF0838D2F86C21127812F0380F34
:1009A0001DD0B1F87610C90719D19109012906D0D7
:1009B000022906D003290CBF0E21052102E00621E1
:1009C00000E00A210844032101EBD20101F00701F4
:1009D00007291ABF024A52F8211000210844704723
:1009E000C0270000F0B50022C0E9002251B1184A2A
:1009F000194C1A4D1A4E1B4F1C4B9446154A9646DD
:100A0000194A09E00A4A0C4C0C4D0D4E0D4F0F4B84
:100A10009446084A96460C4A8166C0E90232C0E90B
:100A20000476C0E90654C0E908EC0020F0BD00BF20
:100A300019CDE05BABD9831F8C68059B7F520E51AB
:100A40003AF54FA572F36E3C85AE67BB67E6096A5F
:100A5000A44FFABEA78FF96411155868310BC0FF77
:100A600039590EF717DD703007D57C36D89E05C191
:100A70002DE9F04387B01C4615460F4618F030FAB2
:100A8000064630B1336823B196F91900394622463B
:100A90009847384629461FF0A7F860B3D0F82C8055
:100AA0000446B8F1000F26D00DF10809394610228E
:100AB00009F101001FF0FEFBF27E218F7069ADF895
:100AC0001A50002543468DF80850D209CDE900128E
:100AD00004F110024946EEF72FF9E06A1EF048F9DA
:100AE000206B2587E56230B994F83D00102802D1CB
:100AF000204619F059FE07B0BDE8F08370B520B16B
:100B0000044690F83000000702D44FF0FF3070BD6B
:100B100020461CF0C1FED4F868011FF02FFCD4F869
:100B20005801D0F8A40C1AF049FED4F85801002559
:100B3000C0F8A45C20460EF0E9FB20461DF0B2FE92
:100B4000204604F0FFFB94F90D000AF010FC0D4E56
:100B5000307A00F0FE00022808D1204611F02CFD6A
:100B6000307A032802D120460FF0D3FE204604F04D
:100B700075FB17F0B9FDC4F88C512046BDE87040F4
:100B8000FBF73CB8644C01202DE9F0418AB098464F
:100B900015460F4619F09AFEB8B3064644696846F2
:100BA00028211FF0A5F90F208DF8000001208DF8F5
:100BB000150020461EF08CF8ADF8020018201EF03B
:100BC000E7F810B3DDE9103102461298C2E900538C
:100BD000B37F1073916006F10800102153731CF06D
:100BE00043FEB27F386879680495ADF80C80002424
:100BF000CDE90101531CB0698DF81420B28B694610
:100C0000B37700230568A84700E0FF2460B20AB06C
:100C1000BDE8F081A0F12201142910D80FF20400E0
:100C2000DFE801F01D0B1F25271B1B1B1B1B1B1BBC
:100C30001B1B1B1B1B1D210B1F0014487047442846
:100C400013D045280BD046280DD0542813D0562851
:100C50000BD0552804BF11487047002070470D483D
:100C60007047094870470A4870470B487047054865
:100C70007047034870470148704700BFF0490200C1
:100C8000009F2400006A1800804F120000350C00FD
:100C9000C0270900801A0600E0930400400D0300FD
:100CA000F8B5066C04466D46A6B1402031461FF0EB
:100CB00061FB0746307B21468DF80000304612F07C
:100CC00003F9D4F8A0002946D0F86801826990475A
:100CD0003E46E9E7E06E41F60417C5597DB1402074
:100CE00029461FF047FB0646E06E40212A4638445D
:100CF0001AF074FD28461EF03BF83546EEE7E06E2C
:100D000041F60C110025455241F60E11E06E425C91
:100D100002F0FE02425404F1480024211FF0E8F8DA
:100D2000E06E12F0BDFD84F89C50F8BD70B504462D
:100D300019F026FE90B3054690F8A303C00717D01C
:100D400005F1200630461FF044F868B1D5F8B4022A
:100D500031460022EBF7F0FA30461EF0B5FAD5F82E
:100D6000B40231461AF0A6F91248007A022817D1C7
:100D700005F10806298AD5F8B40205F598733246BC
:100D8000EFF76EF8B0F1FF3F06DCD5F8B832204639
:100D90006FF0020132469847002508E0FF2506E083
:100DA000D5F8B8322046002100220025984768B2C5
:100DB00070BD00BF644C01202DE9F04FA1B0834607
:100DC000006F58B30BF174066FF03B070DF1040A86
:100DD000E84600240025844223DA0020D6F810904B
:100DE0005146802243460090D6E90070B847B9F1D9
:100DF000010F08BF4D46C8B9009B4BB1E1B2584640
:100E0000524603F0A5F9B8B9B06800990844B0603B
:100E1000DBF87000143601340027DCE76FF03F0781
:100E20000BE0002D08BF6FF03C0700E0074601A86B
:100E300080211DF0D7F900E00746384621B0BDE813
:100E4000F08F2DE9F84F9A4693466A4630230E46B6
:100E5000074617F051FE08B1BDE8F88F38680099D1
:100E60000144B14203D06FF06500BDE8F88FDDF8B2
:100E70003080E946B04222D2411C3960047804EA4D
:100E80000B0050451ED1384631464A46FDF7CCFE90
:100E90000028E1D1B8F1000F0CD00A980B9920403E
:100EA000884207D1009D3A680D9821462B46C047DD
:100EB00008B1D1E7009D386828443860DAE700209F
:100EC000BDE8F88F6FF06100BDE8F88F2DE9F041C3
:100ED0008AB0044690F82C00032839D1E8460E4623
:100EE00000211D461746404618F0D6F800282FD49A
:100EF000BDF822104FF6FF70814205D1D4F8580199
:100F0000ADF822601CF05CFED4F8580190F8561B36
:100F1000490701D41CF054FE9DF8010090B900214E
:100F20006A5C08EB010042701AB101312029F7D147
:100F300008E0C1F12002022A04D30230C1F11F01EE
:100F40001EF0D6FF6A4620460021002301F096FEDF
:100F50000AB0BDE8F0812DE9F0419AB01F469046F5
:100F60000E46044619F082FA0546002C03D47DB3E0
:100F7000D5F8580160B30DA800211DF0E7F900284D
:100F800029D4684608F0E8FA002824D49DF8000027
:100F9000002F9DF8081018BF3846FF2E8DF834003A
:100FA00018BF31464FF6FF708DF83C10BDF80A109F
:100FB0008045284618BF41460023ADF83E100DAAD3
:100FC000002102F0AFFD6FF0020101EAE07004E0E1
:100FD0004FF0FF3001E06FF001001AB0BDE8F08182
:100FE0002DE9F04188B0ADF81C10069006A801AAC2
:100FF000002102F081FF054668BB194E706808B1F8
:10100000804738B306F1240420461EF0D1FF154F67
:101010004FF000080323CDF80080F988F87801AA82
:10102000EEF742FA054688B9BDF810109DF8140095
:101030000DF060FCF988F878CDF8008001AA032350
:10104000EEF732FA35780A2818BF0125204610F04D
:10105000C3F800E00B25E8B208B0BDE8F08100BF9E
:10106000944A01209439012010B504461E4849B124
:1010700038300068B0B1C3681B7B03F00F03022B4C
:10108000F7D101E0806B68B102B11060C268137BD8
:1010900003F00F03022B08D151B101698A8DC96891
:1010A000114415E0002100201CE00120002119E07E
:1010B00012880169A2F60302012A4A8B8CBF0969D2
:1010C000496919231144094A92F8622012FB03115D
:1010D000406B15F055FE2060DDF764F92168B1FB27
:1010E000F0F10120216010BDE449012080170020AB
:1010F0002DE9F84F07461E4815460E46009300F1AD
:1011000038094C4624680CB1B442FBD14FF0000AB8
:1011100000F1400B44B32069D4F80080B84220D1DC
:10112000204600224FF0805317F0A2FA009870B1C9
:10113000204600224FF0807317F09AFA30690D496B
:10114000086291F8240040F0010081F8240048462C
:10115000214617F029FA5846214618F03DFD0AF1BC
:10116000010A002D4446D5D15046BDE8F88F00BF96
:10117000E44901201C4901202DE9FC47DFF87CA04F
:1011800005469AF81000012835D12846894619F0FD
:101190006DF980B3D0F86C01D0F8840058B30768BB
:1011A000E84647B33C882846214615F0A9F8E0B147
:1011B0000646B0F80500800617D4DAF8301004EBC4
:1011C00044004A4601EB4004314620460BF060FFE4
:1011D00058B13846E278434630F8021BADF80010AB
:1011E000218801903046F8F76FF8282039461FF023
:1011F000C1F80746D5E7BDE8FC8700BF384D0120A0
:10120000F8B50C4605461DF0F3FD284618F016FE0D
:10121000F8B11C4F0546787801281CD110F0ECFF7E
:101220000646A0421ED920461CF012F87968361BEB
:101230000127F9B1487818B1012805D1888801E063
:1012400000204F70304488800C201FF093F8014636
:10125000EFE7FF2412E00120AC806C80687006F09C
:101260001FFE05E006D201206C806870A01BA880DC
:10127000002403E0AC806C8000246C701EF07AFACD
:1012800060B2F8BD985201202DE9F0411E490A884C
:10129000104482B20880142A33D3DFF870801438E7
:1012A00000270880D8F8104054B1202021461FF0B4
:1012B00061F8A18A09B10139A18201370446F3E737
:1012C000B8F8040087421CD908F1100420212046F8
:1012D0001DF0B4FF0546A5B1204620212A462E4622
:1012E0001DF076FD0546B08A18B1B8F802008742B5
:1012F000F1D9304615F04CF83F1AB8F8040087428F
:10130000E9D8BDE8F08100BF520F0020DC50012079
:101310002DE9F0418EB0054618F04CFCDFF87080E6
:10132000044669681022D8F80000836B0AAF38467B
:101330009847064610BBD8F80000016901AE304658
:1013400088470D206A6901978DF82400D5E90201CC
:1013500005926A8B0290288BCDE903110790A88B28
:101360008DF82500101A08900844D8F8001006904F
:1013700008488A69314600689047064620461BF0B7
:10138000FBFE002E18BFE42630460EB0BDE8F0810B
:101390004C3E0120183E01202DE9F04790B000247A
:1013A000BAB31E4FDDE91A65042ADDE918CE4FF005
:1013B000000917F80280B24638BFC24638BFA6EB14
:1013C00008090DF13306082C03D02F5D3755013481
:1013D000F9E70D0ECDE90103ACEB0A00ADF81C8076
:1013E00005968DF80020ADF81AA0355534440D0A45
:1013F000ADF818006846E170090C2271A5706170A3
:101400000DF1230104910EEB09010391FFF780FF19
:101410000446204610B0BDE8F08700BF6C350000E0
:10142000B0B504461CF084FE207E000704D4207D65
:10143000012801D1174801E016480130164D027805
:101440002146284610F078FBA8B1144801682046D0
:101450008847E08A400715D418F0ACFBE97A0131DF
:10146000E9721BF089FE0F48017889B1406978B1B3
:10147000BDE8B0400047F12060702046BDE8B040B4
:1014800008F0F2BD064801682046BDE8B0400847B4
:10149000B0BD00BF605201207C3D01205C540120A2
:1014A00060540120484801207FB5184800241C4E94
:1014B00004701748047017480470174804601748F0
:1014C0000470F0890E3080B21AF0CCFF154D286000
:1014D00010B919F063FF2868F189ADF80840019050
:1014E0000822ADF80A1001A91DF0FAFA0E48296881
:1014F000C0E9001410F0C0FD0C48007800B17FBDB9
:1015000000200021F0F7FBFF7FBD00BFC83E012097
:10151000CA3E0120D73E01208C3E0120CB3E012057
:1015200060520120A43E0120FC3D0120D654012040
:10153000BCB50C46FF21E8B3E4B3D4F88410C1B3C2
:101540004968B1B38188204615F02AF81DF050FC97
:101550002046002530F8011F41F001010180D0F83C
:101560002310C0F8235059B194F84E2020460A2188
:10157000FCF7A8FD94F84F2020460921FCF7A2FDB6
:101580001EF0F8F820468DF8045018F065FD70B193
:10159000204618F061FD806B48B1204618F05CFDD4
:1015A000856B204618F058FD01AA0B21A8470021A1
:1015B00000E0FF2148B2BCBDF8B51C4617466A469C
:1015C00030230E46054617F097FA00B1F8BD28689B
:1015D000311A0129BCBF6FF05F00F8BD00783A46B0
:1015E0000099062301C2286846182846314617F09C
:1015F00083FA0028EAD12868B86078682968084426
:10160000B042286016D000782246314601C22868D0
:10161000013028602846FDF707FB0028D6D128684E
:10162000A0606068296808442860801B18BF6FF0BC
:101630006500F8BD20460C211CF0D4FD0020F8BD4B
:101640002DE9FE430D461F49B0B10646806D98B1A5
:101650008946DDE90A1006F1D0071C46904606F1DE
:10166000AC0206F17C03CDE900103046394609F0A2
:101670009FFB20B1BDE8FE830846BDE8FE833846E7
:101680001EF05AF8A0424846F4D8B06D0121420736
:101690004FEAD00218BF01EBD00230462A601CF09E
:1016A0008DFD2A68022806D13846414603B0BDE8C0
:1016B000F04306F047B93846414603B0BDE8F04371
:1016C00003F005B980B0FFFFF0B54368B3EB511FDD
:1016D00006D311F01F024FEA511406D09C4204D1E8
:1016E0000021BDE8F04012F001BF202919D2B2B1AB
:1016F000591EC2F1200300244D1C10D0856855F8F6
:10170000216026FA02F745F82170856855F82170A6
:101710003C4345F8214006FA03F40139ECE7002088
:10172000F0BDA50000211E1BB14208D2836803EB67
:101730008106765943F8216001314368F3E70024BC
:101740009942D4D2836843F8214001314368F7E7D6
:10175000F0B585B00446FF20C9B31E4F0D4697F97A
:101760000010002933D409201DF012FBC8B129460E
:10177000092206461EF09EFDB5F8030098B11DF043
:1017800007FBC6F8050060B1B5F80320D5F80510D1
:101790001EF090FDD5F80500019001A811F084FC21
:1017A00004E0FF2013E00020C6F8050000200296A8
:1017B0008DF8064004908DF80C008DF807008DF828
:1017C000050038788DF8040001A817F091F840B2B0
:1017D00005B0F0BDEA5401202DE9F84359B30546A0
:1017E000002828D4DDF8209028461C4690460F4655
:1017F00011F07AFA60B1B8F1000F064618BFB9F1DE
:10180000000F0DD1706A1DF0B3FA0024746220E05D
:101810002846394612F072FC68B10646C0F820909E
:10182000706A50B1318DA14208D01DF0A1FA00209C
:101830003085706202E0FF200DE0002054B120B935
:1018400020461DF08DFA706240B1414622461EF0DE
:1018500031FD3485002040B2BDE8F883FE20FAE770
:10186000F8B505468A4201D12F4636E016460C46A9
:1018700013D91B48406880B161421A4A002D08BF45
:1018800008211268314412FA81F2824205D989B2E4
:101890000A20EFF78BFE00271FE030461DF060FAAC
:1018A000074690B10F4801683144083101601120AA
:1018B0003146EFF77BFE65B1A642224638462946FF
:1018C00038BF32461EF0F6FC03E00A203146EFF73F
:1018D0006DFE2846214618F07DFE3846F8BD00BF53
:1018E000A05101209C3E01202DE9F8438146154678
:1018F0000E46CCB259F8407F77B116B1387CA04281
:1019000004D1384629461BF0D3FC68BB1420394665
:101910001EF030FD0746EFE73EB928464FF0FF3195
:101920000022E4F76DFBF8B1867970B218F09EFDE5
:10193000D0B107461C201DF013FAA8B12946102289
:1019400080461EF0B7FC3846294688F8106008F03B
:101950007AFF30B14846142142461DF029FA002092
:1019600003E040461DF004FAFD2040B2BDE8F883D4
:101970002DE9F04F93B009AE1D4D9046814601F11F
:10198000F804FF270DF1060A06F1100BDCB1204622
:101990003146F0F7CDFF0999084312D10E98082877
:1019A00009D10F9900200A5C2B5C934203D10130CE
:1019B0000828F8D105E050461E215A46FAF730FDB6
:1019C0000027E468E2E778B2B0F1FF3F03DC99F862
:1019D0003405C00701D1002006E0D8F8000040F42B
:1019E0008070C8F80000034813B0BDE8F08F00BF56
:1019F000E834000000D9FFFFF8B505460C4600208A
:101A0000ADF8002005F19401606105F17C07C4E99F
:101A100003100120C5F894706946A082D5F894603F
:101A200030461BF02FFB811B84F8251004211BF08E
:101A3000A7F8811B84F8261094F82510043184F847
:101A400025101CF0C9FC064694F82600033084F8E3
:101A5000260094F91A001EF003FC014630461CF0E3
:101A60003CFFC01BC5F89800E07E94F8241000F0FD
:101A7000FC00E07601F0F900023084F82400F8BDA3
:101A80002DE9F0418CB01E4690460F46044618F0F2
:101A9000EDFC0546002C03D475B3D5F8580158B3B6
:101AA00006A800211CF066FC002828D4684617F020
:101AB0002FFB002823D49DF80000FF2F9DF8011074
:101AC0009DF8022018BF3846FF2E8DF8180018BF69
:101AD0003246B8F1FF0F28468DF81A2018BF41464C
:101AE00000238DF8191006AA0021F4F703F86FF00F
:101AF000030101EAE07004E04FF0FF3001E06FF015
:101B000002000CB0BDE8F081F8B51C4617460E4641
:101B100018F036FFB8B305463FB37888002100EBD4
:101B200080004000A5F87C02B88885F880124FF448
:101B3000007100EB80004000A5F87E02B87985F8BE
:101B40008102388800EB80004000A5F88202B88945
:101B5000A5F88402F889A5F88602388AA5F88A12C1
:101B6000A5F88802B87C85F88C0226B105F52470AA
:101B700031460BF09BFF05480068C5F8AC0214B174
:101B80006089A5F8A8020020F8BD00BFDC53012041
:101B900070B58AB00446D0F8B4020D461DF0E0F9E5
:101BA000A0B30121972206461EF060FB194831467A
:101BB0000AF016FE002829D4009504F5AD7104F54D
:101BC000987208AB3046EDF7D1FB00281ED40020F8
:101BD000CDE90600D4F8B40290F90D0001A90EF089
:101BE000F4FC002803D4DDE90201CDE9060108A8D0
:101BF00006A908221AF086FD10B1284617F089FEC2
:101C0000B4F85A01A4F85801002000E0FF2040B2C7
:101C10000AB070BDF03300002DE9F0410546FF2009
:101C2000DDB3069ECEB32888032833D168886228A6
:101C300030D1281D984614460F461EF090FA3860A1
:101C400005F108001DF0DAFFC4E9000105F11000FC
:101C50001EF052F912350027A8F80000702F1BD093
:101C6000287878B1F419691C1022207E40F0010018
:101C7000207620461EF01EFB05F111001EF06FFAC3
:101C8000206104E0F019017E01F0FE0101761C37AD
:101C90001535E3E7FF2000E0002040B2BDE8F08109
:101CA0002DE9F041142A3BD81D461746044618F08A
:101CB0008BFEA8B3064690F83201400630D5304678
:101CC00019F0BCFF60B306F1300029460DF000F8B2
:101CD00006F128083946404615F0EEFA28B10546C7
:101CE0001DF0AFFF072F1CD1D8B120463946324630
:101CF00001F0C4F80546404632211DF061FE012F77
:101D00000FD14046082115F0D7FA28B920460821FE
:101D1000324601F0B3F820B94046294616F07AF869
:101D200000252846BDE8F081F8B5D8B30446C26A5C
:101D3000D0E91330411E00209A42216531D081BB89
:101D4000251D284617F031FE40B9E06A012101FA4D
:101D500000F015494A6822EA00004860E16C134A25
:101D6000114EC1F10A00E162A06101EB810002EBBA
:101D700080004368A3609868E0600120776800FAFB
:101D800001F13943716099684D609D60E16A01EB32
:101D9000810102EB8103636152F82130013342F883
:101DA0002130F8BD0020F8BDDC470120DC11002007
:101DB000F8B51546044630F8182F867842EA0646EC
:101DC000720735D45F1A678413F00DFFC219A81A81
:101DD000628400B200282BD4A18B891A3307E184D6
:101DE0001CD514FA82F292F82C20C2F3C103022B04
:101DF00007D0012B07D043B952070CBF012205229F
:101E000004E00A2202E0062200E00E22801A84F892
:101E1000282000B200280BD4891AE18406F00701BB
:101E200081F003010843B0FA80F04009404200E02D
:101E3000FF2040B2F8BD2DE9F04707463C20984608
:101E400091460E461DF0B1FF0446A0B33868DDF898
:101E500020A0314610220568201D27601EF02AFAB6
:101E600000204FF6FF7184F8299084F82BA084F8A5
:101E70002A80C4E90500C4E9070084F8260084F834
:101E80002800A08CA18520F01F00A08455F8281FF1
:101E900039B1888CC0070AD034201EF06BFA014695
:101EA000F6E72846342122461CF082FF03E0342066
:101EB00022461CF075FF2046BDE8F087F8B50C46B9
:101EC000B0F84010B0F84220561A0CB1002222603F
:101ED000B2B2282A0AD3084400F18805281D1EF052
:101EE0000BF8A6F1280189B2884200D9F8BD05F1A6
:101EF000280CAF790822034666461904F6D0002F55
:101F0000F4D19FB2082FF1D3717802EBC1012CB943
:101F10008F42EBD337785B1A0E44EEE78842E5D365
:101F2000614405F12A008842E0D2027822B1632A96
:101F300005D04278023200E001221044F3E720602D
:101F4000F8BD2DE9F0418AB0D0F8588104460E461C
:101F50000DF1170598F80A0C98F8062C98F8073C2C
:101F600098F80F1C00902846F3F7DAFC06F12C00D5
:101F700000210DF1060211290ED0D4F85871465CEB
:101F80006B5CD7F84C7B53540F4487F87B60465CFE
:101F900033406B540131EEE798F80F3C08F64840A7
:101FA0000DF117010DF10602F4F7C3FFD4F8580143
:101FB00090F80D1C29B990F8481C01F0FC0180F83C
:101FC000481C0AB0BDE8F0812DE9F0419AB01546F1
:101FD0000E46074618F04AFA0446002F03D4A4B16F
:101FE000D4F8580188B10DAF002138461CF0AEF985
:101FF00000280DD4E846404607F0AEFA002807D482
:1020000007F10E003EB1314607E04FF0FF301BE014
:102010006FF0010018E008F10E0111221EF04AF9DC
:1020200007F11F000DB1294601E008F11F0111223F
:102030001EF040F90DAA20460021002301F072FD98
:102040006FF0020101EAE0701AB0BDE8F08170475C
:1020500070B514460E4617F0ADFD0325052E2CD89D
:10206000DFE806F003090E2B161B19498A6CCAB16A
:10207000896C098E02E0154991F8601021801BE0FF
:102080001149097E0239B1FA81F14909217013E041
:102090000C490A68226049680DE00A490A681AB1C9
:1020A000D26802E0802508E000222260496809B178
:1020B000C96800E00021616083251BF05DF82846B7
:1020C00070BD00BF1C490120B448012080170020CA
:1020D000E4490120F8B5044617F06CFD1A4F054697
:1020E0004FF0FF30386204F1B8001DF0B7FF174E13
:1020F000B6F85600B6F85410884210D1144890F83B
:102100002400397E022918BF002808D028461BF079
:1021100033F8072004F09CFE17F04CFD0546B6F896
:102120005600B6F85410884206D10A481DF096FFB2
:10213000082012F009FE02E0012084F8FC00284685
:10214000BDE8F8401BF018B8B4480120E44901206C
:102150001C490120983601202DE9F0418EB005463A
:1021600017F028FDDFF86C80044669681022D8F863
:102170000000836B0AAE30469847074600BBD8F88C
:102180000000016901AF384688470D2005F10803BA
:1021900001968DF824000FCBCDE90311CDE905326E
:1021A000D8F800100290288B0790688B0890287F41
:1021B0008DF8250008484A69394600689047074667
:1021C00020461AF0D9FF002F18BFE42738460EB07A
:1021D000BDE8F0814C3E0120183E012070B586B06C
:1021E00004461A480021002214F07AFC00B1FEE7F0
:1021F00001AD28461CF00AF80420694600902846E4
:102200001CF09CFA0646284601211DF0D1FA06432F
:10221000284640F2DC511DF0E1FF304300D0FEE7DC
:102220000B4D0C4A01A923462846F7F705FE00B1DD
:10223000FEE728680549084A12F038FD074C20706F
:102240001DF02CFA207806B070BD00BF503C012074
:102250006C3E0120F52D01006C540120EF3A012065
:1022600070B51F4E05463068B0B3044600202146C5
:102270001EF080F894F82010A942F5D1184D0021E5
:1022800022460026284619F0A9FA207A01281ED1F4
:10229000A88A2E740130A882A8890138A8812868EC
:1022A000A8B10646002031461EF064F8317A0129B3
:1022B000F6D1012096F8403006F13401002228744E
:1022C0000320A6F8420006F10C001AF0FBFA2046A3
:1022D000BDE870401CF04CBD308D0130308570BDC4
:1022E000743A0120F0B591B00E46044602A80021D0
:1022F0000022002715F0B8FE0546BDF81400042E94
:1023000040F00801ADF814100ED0022E16D10021B5
:1023100040F04800ADF81810D4E95212CDE9081287
:1023200004F1C1010A9107E0D4E9521240F0C8005B
:10233000ADF81870CDE90812ADF8140094F87400E7
:1023400000210022CDE9005004F2011002ABFBF79E
:10235000BDFA38B1014694F87400E369284482B2AA
:102360002046984711B0F0BD2DE9F04107460546DB
:102370001446884657F8A80F70B9E86EC06E1EF074
:1023800059F800F5FA7095F8741082B2384617F0D3
:10239000ACF8D5F8A80020B395F87410B5F8AE20C5
:1023A0000B1913449EB2B5F8AC309E420DD903F51B
:1023B0007A7082B238460FF02FF9002811D495F8C0
:1023C0007410B5F8AE20D5F8A80008444146104472
:1023D00022461DF06FFFB5F8AE002044A5F8AE0010
:1023E00001E04FF6FF7420B2BDE8F08170B588B00F
:1023F0000546007808B108B070BD1C480668002E7C
:10240000F9D06878317E814205D01C2031461DF01C
:10241000B1FF0646F3E7A8881CF0BAFC0028EAD012
:102420000446AA8895F9010003A9002300912146DA
:1024300014F08AFEA988884214D13068092903D192
:1024400021461AF049FB0DE0002208398BB2CDE994
:102450000042029204F108022146FEF795FBB0F11A
:10246000FF3FC8DC20461CF083FCC4E7A4530120D6
:102470002DE9F84F0C4618F05FFAB8B30546C06E68
:1024800041F6F408DFF868B04FF0000941F6FC0AA5
:1024900050F8086056B36C20314637461DF06AFF8D
:1024A0000646B7F85E00A0420ED9001BA7F85E00F2
:1024B00097F85C000028EDD0A04292BF87F85C90AE
:1024C000001B87F85C00E5E7E86E6C213A46404463
:1024D00019F084F9E86E6C213A4650441CF068FC0F
:1024E000BBF824000130ABF82400D3E7BDE8F88F37
:1024F000C43901202DE9F04188B00E4604219846E8
:102500001546002808BF032108461BF081F8F0B1EA
:1025100005AC074620461DF0D5FB20463946012272
:1025200006F0BCFE98B905A831462A46F8F756F9D8
:1025300050B90E9A05A841461BF05EF820B905A8CF
:1025400069460AF01FFF38B105A80CF0F1FCFF2026
:1025500040B208B0BDE8F081DDE90F5405A80CF0E9
:10256000E7FC142C6946284628BF142422461DF097
:10257000A1FE0020ECE770B54268541E2346621CA1
:1025800005D0846854F823505C1E002DF6D04C68AA
:10259000651E6C1C06D08E6856F82560013D002E25
:1025A000F7D000E02AB3A24201D9026822E09442A7
:1025B00002D9086842421DE002680C68012A03DB68
:1025C000002C07D5012215E0012C03DB12B14FF0DE
:1025D000FF320FE05C1C0CD08C68856854F82340F7
:1025E00055F82350A54205D8A3F10103F2D2524277
:1025F00000E00022104670BD70B50446006B0D4629
:1026000048B10668C6B3B8B330461AF037FC217C2F
:1026100038B1F1B930E0207C70B3E66966B3306B55
:10262000F0E7B1B9E089800513D41DF039F980B124
:1026300020461AF063F9F8B11DF032F9E18918B1BA
:1026400011F0A00F18D101E0880615D4B4F8560097
:1026500090B904F1380006F148012A4605F07BFAEA
:1026600050B1E0890021002220F01000E0812046D6
:10267000BDE87040ECF732B870BDF8B50C460546C1
:1026800055EA040038D04FF0FF30B5B3ACB3206842
:10269000296881422DD16A686068824229D1A16887
:1026A000A86818F0F8FA20BBE668EF68B74208D1CE
:1026B0002A692069824204D16169686918F0EBFADD
:1026C00080B1132F01D00C2F13D1132E01D00C2E5B
:1026D0000FD12A69206982420BD16169686913F0C0
:1026E0005DFC30B9207F297F814202D1A469AD69A8
:1026F000C6E74FF0FF30F8BD0020F8BD70B588B0D8
:10270000ADF81C10069043B33AB391B206A801AAE3
:102710001C4601F0F1FB064600BB164D686808B187
:102720008047F0B1243528461DF042FC12480022B3
:1027300003230092C188C07801AAECF7B5FE90B1DE
:10274000C0B20A2811D101A821460122E2F78AFE6F
:102750000646002818BF012608E00426304608B0C7
:1027600070BD0B26FAE70D2600E0012628460EF084
:1027700033FDF3E7944A0120943901202DE9FE430B
:1027800093B11D681E4680468DB11DF00FFA0446B8
:10279000286818F01BF810B128681DF05FFC20466F
:1027A0001DF0CEFC28681BE00220BDE8FE830C2053
:1027B00017460C4613F062FAD8B1E946054648467A
:1027C0001DF00EF9002041464A4602958DF80000A2
:1027D0000190094819F0CCFC85E8910048B13560BA
:1027E00041461DF046FD2868FBF7DAFE0020BDE8F3
:1027F000FE830820BDE8FE833B0105002DE9F04182
:1028000080461C201E4617460D461CF0A9FA98B1BA
:1028100041462A46044611F055FC17486774A674D1
:102820002574076867B1387CA8420FD9142039464F
:102830001DF0A0FD0746F5E74FF0FF30BDE8F08141
:102840000D48142122461CF0B3FA12E00CD1384690
:1028500041462A460DF0DCFE30B120461CF088FAD5
:102860006FF00100BDE8F0811420394622461CF0CB
:1028700097FA0020BDE8F0817C530120F8B50844A8
:10288000904288BF02460024D01C20F00307B4EB1E
:10289000174F2BD107F188000D461CF079FA002460
:1028A00020B306461CF0A4FA134801680131016008
:1028B0001CF060FF304688211DF01AFB781B746302
:1028C0004FF400613446A6F84470A6F84200A6F81A
:1028D00040004FF0FF30A6F87610F067FF2086F832
:1028E0004B0086F87200042086F85C00132001215A
:1028F000EEF75CFE2046F8BD405401202DE9F84378
:10290000DFF874901446D9F8082002EA01038B42DC
:1029100021D1806843688B4220D966186FF0050585
:102920009E4226D82240A24223D1006847180FF0C9
:1029300063FA8046ACB117F03DF90646384619F007
:102940005DFC054630461AF017FC5DB9D9F8040065
:10295000241A0744EEE76FF004050AE06FF0030560
:1029600007E00025404617F0EDFD002D18BF4FF0A1
:10297000FF352846BDE8F88380520120F0B587B0C6
:1029800001F118040E46054600210027204615F0E7
:1029900067FC80B304AF38461CF0C8FE01A81CF0E9
:1029A000C5FE2A1D38462146DEF7F4F80746E0B991
:1029B00001A904AA2846134618F0B0FE0746A0B99C
:1029C00001AB1DF0C1F8074678B90C3601AB1DF01C
:1029D000BBF8074648B904AB1DF0B6F8074620B966
:1029E0002046012111F082FD074604A816F087FE5B
:1029F00001A816F084FE384607B0F0BD2DE9FF416E
:102A000006460C201D4690460F461CF0A9F960B3FF
:102A1000C0E90067174E04463078FF2807D11648F2
:102A20000021FDF721FBB0F1FF3F307018DD0021E0
:102A30008DF801008DF800006846019403918DF82F
:102A4000081040F20111ADF802101DB1294613F033
:102A50006FFC02E0414619F0BAF9A06030B901E01C
:102A6000FF20307020461CF083F90024204604B07B
:102A7000BDE8F081F854012061A70400F8B51D4FAE
:102A80000546786D013078656846A968F5F73EFE21
:102A90000646A868E98814F071FA044600B3009865
:102AA000154F3346A06128686061002084F82B0030
:102AB000687984F82A00287984F8290078682060E9
:102AC0002046EA88A968FFF773F970B9204601F03B
:102AD000E2F850B1D7E900212046E8F743FE04E0D0
:102AE000B7F858000130A7F85800204612F086FCCD
:102AF000F8BD00BF54330120C43D01202DE9F04151
:102B0000CAB30546406C14460E4668B1C0F11007C2
:102B1000A7420BD928443146224634301DF0CAFB67
:102B2000686C2044686426E000270FE005F1340853
:102B300031463A4640441DF0BDFB0020012142468B
:102B4000012368642846E9F727FEE41B102C0AD30A
:102B5000F219210928460123E9F71EFE24F00F008F
:102B600004F00F04074434B1F11905F13400224692
:102B70006C641DF09FFB0020BDE8F0812DE9F04161
:102B800005460020984616460F46107095F89600A8
:102B9000400703D438461AF07AF8C8B107F10804A0
:102BA00014490622204619F091FD60B10320124A13
:102BB000307020686168C2F8020080F00200C2F83C
:102BC0000610907004E002200B493070F8894880AC
:102BD000367846B1D5F86C01074C408C21461DF083
:102BE00012F8C8F80040002E18BF01263046BDE894
:102BF000F08100BF14360000D03D01207CB50446B2
:102C00001748002604F17805E06416482064164849
:102C1000A063164820621648C4E90060284619F0EF
:102C200097FE2046294600220DF04AFA206F694699
:102C30004FF47A720023C088C4E95266A4F8820077
:102C400094F8500100F0F80084F850010948019010
:102C50000948009004F1C100F9F7DEFE00207CBDB8
:102C600025F90400656B0100A7F2020089EE02005D
:102C7000E9E2040005060708010203047FB50446E3
:102C80000DF10B0015461B4A0391CDE900031A4BC9
:102C900003A82946FCF736FE012828D1039EAE4240
:102CA00024D0284610F8011B31700021435C7218B3
:102CB00053701BB101312029F8D108E0C1F1200087
:102CC000022804D3901CC1F11F011DF011F9688C7A
:102CD0007084A88CB084E88CF0843CB19DF80B0023
:102CE000000703D494F90D0016F085FE002004B00F
:102CF00070BD00BF09A60300A41200200121184ADC
:102D000080F82C101549C0E909214FF40001164A3A
:102D10008163002180F8361040F20E21C0F8462071
:102D20004FF4E15281860F49C2634FF4A572A0F8B7
:102D30004420782201630221A0F854200D4A80F833
:102D40004A1080F85610094901650949C0E9161270
:102D500009498A88C988C285016470470F003C0010
:102D60000800040004014A011E005A0078001E00F9
:102D70000A0050000802A005644C0120F0B5A5B07F
:102D80000C461D49002808BF01F12800267801786B
:102D9000B14212D1A7788178B94211D162784378D3
:102DA00093420CD1E278C378934208D1227900791A
:102DB0000F46904204D100211BE0A77800E00F46A7
:102DC00001AD902128461DF093F8607829468DF8D2
:102DD00006608DF808708DF80700B4F80300ADF8B0
:102DE00009000020E5F706FD0121002848BF6FF02B
:102DF0000B0148B225B0F0BDA41200202DE9F04728
:102E00000D46814617F0BCFD80B300F26118824682
:102E10002946202240461DF04DFA1749087A03281A
:102E200002D1497A012902D00138012816D80AF1C5
:102E300020070026F4B2032C10D828461AF0A4FD6F
:102E400048B1384621461AF0C3FF20B1DAF8C02253
:102E500048462146904708350136EBE7DAF8FC2270
:102E600032B148464146BDE8F0471047FF2000E038
:102E7000002040B2BDE8F087644C01207CB5D2F858
:102E80002C31154600220026EBF73CF860B305F123
:102E9000300104461DF036FA05F1500120461DF0C0
:102EA0006AF912481249134A134B009020461BF04E
:102EB000CFFE28352146284614F0E7F958B10146DF
:102EC00020461DF023FA204618F018FBB0F1FF3F12
:102ED00005DD264608E020461AF0DAFA03E0284627
:102EE000214614F097FF002630467CBD65CB0400D8
:102EF00053C10400F192040069BF0200FEB51446FC
:102F00000DF1050207230D4606461BF089FD9DF8CD
:102F100005109DF806209DF8073026749DF80A607C
:102F2000A5819DF80B009DF808504FEA910C01F027
:102F30000301A07242EA01219A009DF8093084F849
:102F400008C042EA9512E1809F01A28047EA9607F5
:102F500067720127962806F0030008BF042738434C
:102F6000E07205F03F00800140EA9300E081080331
:102F700040EA0C6010442060FEBD2DE9FF4104468C
:102F80000B981E46174688461AF042FB05461CF071
:102F90008FFE386001AF38461CF094FE3846294653
:102FA000002206F07BF90746C8B901A812F070F9B3
:102FB0000746A0B9A06B402200F5E67101A815F004
:102FC00013FE074658B90A9A01A8314615F00CFEBF
:102FD000074620B901A8414615F0DEFD074601A8C5
:102FE0000BF0A6FF27B120460221502213F068FB08
:102FF000384604B0BDE8F081B0B50546FF20C5B342
:103000000C46B1B32888022832D168886B282FD1AA
:103010002879012803D1691D20461AF0E4FE687B57
:10302000012809D105F10E001DF099F8024605F1BD
:103030001201204615F040FF05F132001CF0DEFDC4
:10304000024620460B461BF0CAFB95F83A000128C1
:1030500009D105F13B001DF082F8024605F13F0160
:10306000204618F0EFFF20461CF04AF9002000E04F
:10307000FF2040B2B0BDB0B5C1896424B4FBF1F209
:10308000C2F16403DAB2C2EB021295000268B2F533
:10309000616FB2FBF1F138BFB5FBF4F3857DDCB2B3
:1030A000A54288BF83758389B2FBF3F28A1A98BF61
:1030B0000A46818A438A8A4206D29A4219D29108E4
:1030C0000182C2F34F0113E08B4212D9322901D29F
:1030D0000A220AE0B1F5167F01D9012205E0C1F507
:1030E0001672362392FBF3F292B24A43120902821D
:1030F0004182B0BD00283BD0D0F85801002837D01D
:10310000D0F8940C002833D0122931D8DFE801F030
:103110002D0A0C0E10121416181A1C1E202224261A
:10312000282A2C00043020E02C301EE030301CE037
:1031300034301AE0383018E01C3016E0203014E04B
:10314000243012E0283010E008300EE00C300CE0A3
:1031500010300AE0143008E0183006E03C3004E09B
:10316000403002E0443000E0483001681144016022
:10317000704770477CB50D46044601A80DF1020169
:10318000164603F057FD4FF47A70174A0199B6FBC3
:10319000F0F09368014499420AD292F82F209142AC
:1031A00015D2124991F8241089B1BDF8020006E049
:1031B0000E4991F8241051B1BDF8020001300B49BD
:1031C00080B291F82710BDE87C4005F049BB411959
:1031D000207AB1EB004F28BFA1EB00412046BDE8AB
:1031E0007C4019F0A5BF00BF701500202C100020F6
:1031F000FEB568B11E460D4604465BB17068C1B2AB
:10320000FF2910D01549096DA9420ED0E0280CD134
:10321000002421E001206E468DF808004FF0FF30B9
:10322000019000200090C02070600D480D4940F8CA
:103230002540626030682560A060284614F080F860
:10324000094F31793868826828469047307A18B13A
:1032500038680169284688472046FEBDDC470120C2
:103260009C43012091600400B0010010F8B50E46A7
:10327000074616F09FFC80250446022E0AD8164900
:10328000F0B201EB40162EB1B07A10B13068B842FE
:1032900005D08025204619F06FFF2846F8BD0F485D
:1032A000017E022911D1717A4FF4A062406802EBCD
:1032B00001210B4A11430B4A1140002211F05EFD1F
:1032C0000546304600F0CCFEE4E7304600F0C8FE8C
:1032D00005F022FE8125DDE780170020B44801209B
:1032E0000100080401FF0804B0B5C0B30446012979
:1032F00009D00E290CD005290FD1642000214FF4EC
:1033000016720A230DE00A2000214FF4616207E0E3
:103310000A22052101230A2003E00A2005210022B8
:10332000012384F83610A28647F2333148F6CD42A5
:10333000638614F0B7FB60862086A08E00EB8000C9
:103340004000A086064C207848B9606802216423BA
:10335000012590F93720012009F0EEFE2570B0BD5F
:103360004453012070B5466B0421F7F727FDB0B137
:1033700004461BF0C2FE05464220A087207F042899
:1033800011D004F11D0104F109023046002316F0AA
:1033900067FD30B12046BDE870400DF097BC0024B9
:1033A0001CE00420207794F87300287094F87400CF
:1033B00068700235002029461CF025FC20463A2181
:1033C0003A2616F06CF829461CF01DFC94F878009B
:1033D000A4F8736000F0FC0084F87800204670BD0B
:1033E0002DE9F8431C4D0446002716F0E3FB814607
:1033F0002E6886B196F91900B0F1FF3F07DC307DE9
:10340000012804D1207996F8C91081420CD0A6F188
:103410000C053746ECE7484619F0AEFEE72120469A
:10342000BDE8F843F4F7D4BDDFF82C8031463A46C6
:10343000404612F05DFE98F80A00013888F80A004C
:10344000484619F099FE30460BF08EFC3046F021CC
:10345000F4F7BEFD0021E2E77C3D0120BCB50D463E
:1034600004460DF107014F200EF046FB184890F876
:1034700053001AF03DF806280BD1ADB115494FF4B1
:103480007A7260010978B2FBF1F1084400F53E70F0
:1034900012E075B10F494FF47A72E0000978B2FB7F
:1034A000F1F10844F83007E04FF4867000EB441067
:1034B00002E0602000EBC4000C21122C88BF282100
:1034C0000844044980B2097848438000BCBD00BF6D
:1034D000FC150020CC3E012010B5194C01202070B5
:1034E0001848018E01310186910706D413F0E24F8E
:1034F0000DD015480178013908E013490A78013ADE
:103500000A70418E013141861048002101701CF083
:1035100017FF1AF017FE0E48002101700A480178C3
:1035200031B190F90000002806DC17F037FF03E006
:1035300000200021EEF7E3FF0020207010BD00BF47
:10354000D65401205C380120F44F0120CF3E0120E9
:10355000E8540120F8B50446104617460E461CF004
:10356000EBF805462068B04202D3811BA94202D283
:103570006FF06B00F8BD411B38462A46216001F010
:10358000A6F900B1F8BD386801280ED1206890F97D
:103590000010B1F1FF3F08DC811B0129E8DB411E6F
:1035A00001352160002100F8011C204631462A46E1
:1035B000F7F761FC0028E5D421688A1B012AD7DBD4
:1035C00028444A1E22600222013001F8012CF8BD75
:1035D00010B5044601F0010062F34100B4F8782010
:1035E00022F0030210444FF6F3520240002908BFB4
:1035F00002F10800022B40F40070A4F878004FF0AC
:1036000003300CD160671048A0640D48011D00F123
:103610001002A265C4E90011C4E902110DE060675F
:103620001CF0B2FC0649C4E90000C4E902001C31E8
:10363000A1650449A16418F0BDFFE065002010BD3C
:10364000C84E0120543100006431000010B5816C77
:10365000044614F02FFE2068A16BD4F8A020B0F827
:103660007800D1F8BC31111D00F0010220469847C6
:10367000E16816201023D4F8A020002908BF2823D1
:10368000C4E9290314201070A06BD0F8500260B177
:103690002068B0F87810C90705D10F216160B0F833
:1036A0007800C00704D00A2001E060680130606043
:1036B0000020A16CC4E92C00606B2164E06220460C
:1036C000BDE8104003F0AABD10B51D4C2168A9B398
:1036D0008A8A8B6810440A69888252699A4203D99F
:1036E0008A600A7B022A12D182B20A2A26D30A38B9
:1036F0004A68888208698068904211D9087B02284C
:103700001CD0012018F07AF82068022112E0022073
:103710000873012018F072F820680021818210BD22
:103720000A68904208D9087B40B9002018F066F872
:1037300020680121017310BD0020087310BD00BF77
:103740008054012010B50446C08DB0F5337F07D0FA
:10375000608B44F64C51884212D0B0F5337F0BD1C8
:10376000607AFE280CD0B4F87600400708D52046D1
:10377000BDE810400DF0AABAB4F87600400701D4B5
:10378000204610BD616B04F11D0003F0CDFB022843
:10379000EDD8A06B70B904F11C0204F108011120EE
:1037A0000123FAF741FC0146204619F0A5FDA06B64
:1037B0000028DCD0806990F835000028D7D1DFE7F9
:1037C00070B5054690F902000C4616F04FFE80B326
:1037D000D0F85C1169B329780C2929D801228A40D4
:1037E00012F4C45F10D112F4407F1FD0124EAC68A7
:1037F000317829B1B26805F10C0107F07AFFB8B948
:1038000070682168081A0DE00B4C217881B9A26814
:1038100005F10C0107F06DFF50B9A8681CF0DCFB46
:103820006168401AB0FA80F0440902E0052900D02E
:103830000024204670BD00BFE052012070B5044650
:10384000C089012300F0020283EA52024A4032D1C9
:1038500020F0020061F34100E08191B1A0680121F4
:103860001BF001FD0D200121EDF7A0FEA0681CF06A
:10387000D3FD608200206074E08920F40070E08154
:1038800019E020F400700021E081206B618290B18A
:10389000A66A86B13420314635461CF06BFD0646DB
:1038A0002868A98D18F083FB0028F2D0204629460D
:1038B0000BF0EEFEEDE770BDF0B587B014460DF1EC
:1038C0001B020DF10B030D46064610F087FC002885
:1038D00016D400202946019001AA304615F058F868
:1038E000A06E019B9DF81B100DF10B0200F04CFE29
:1038F0009DF81B70B0F1FF3FD8BF4FF0FF3700E0DD
:10390000FF2701AA3046294616F0EEFB00280DD409
:103910009DF8041020461CF073FC78B2002803D4F4
:10392000F9B220461AF052FF002000E0FF2040B21A
:1039300007B0F0BD2DE9FF410646487B3F2832D84D
:103940000C201F4690460C461BF022FA58B3054641
:103950000A9834B1218A4A1C93B2934218BF0B468D
:103960002382E8801148AF602E712C6085F80580B5
:1039700001954178827801318DF800204170002056
:1039800003908DF808008DF803004FF48070ADF8B7
:103990000100684614F0ACFF28B120461AF00CF87C
:1039A00028461BF0E5F9BDE8FF8100BFD950012092
:1039B000BFB50446901E0D4618BF4FF0FF300129D9
:1039C0008DF80F0014D1B4F8CC0009280DD004F103
:1039D000C8000521092215F088FDD4F8C80010B3ED
:1039E0001149053009221CF065FCFF208DF80F00FD
:1039F00094F8740094F8DA3003A904F1C802029133
:103A00002946CDE900020DF10F020220F9F72CFD45
:103A100048B1014694F87400BDF80C20E3691044E5
:103A200082B220469847BFBDB0340000B0B51B4DF0
:103A3000686A10B10120A862B0BD0020184CA862CD
:103A40002068006B0168B1F1A53F0BD14168B1F16D
:103A5000A53F07D18168B1F1A53F03D1C068B0F19E
:103A6000A53F04D020682168343106F04AFF686819
:103A70000C49B0FA80F0C0B2C0F11F0000EB80002A
:103A800001EB800151F8040F40680A1D9042086064
:103A900001D140680860C0682060B0BDDC470120EB
:103AA000A0540120DC110020B0B5044690F82C0091
:103AB000032803D019480078012816D0D4F85801FB
:103AC000002590F8021B41F0040180F8021BD4F895
:103AD000580180F82650D4F8581101F11E00283101
:103AE00018F0FBFA0E48007800B1B0BDD4F85801C8
:103AF00090F8021B41F0100180F8021BD4F8580125
:103B0000A0F8045BD4F858018574D4F8581101F179
:103B10000A002831BDE8B04018F0DFBA6C5001202F
:103B2000C13E01207FB504460DF10B0016461B4A2D
:103B30000391CDE900031848314600F15C0303A866
:103B4000FBF7E0FE012824D1039DB54220D0284692
:103B5000314634221CF0AEFB297A4FF6FF70002963
:103B60004FF6FF7103D16989814201D1002169813A
:103B7000697A19B9A989814201D10020A8813CB193
:103B80009DF80B00000703D494F90D0015F033FFE6
:103B9000002004B070BD00BFA412002055760300C1
:103BA000F8B507461C2016460D461BF0D9F878B329
:103BB000044626B1A07EE66020F0010008E0284619
:103BC0001BF0CEF8E06000B30646A07E40F0010096
:103BD00006F1100100F0F900A582A7602161A0762E
:103BE000A5F110006821B0FBF1F029462083E082A6
:103BF00030461AF069FE20460CF0CAFB0648002148
:103C0000224600251BF0D4F803E020461BF0B0F854
:103C1000FF2568B2F8BD00BFBC53012070B5044653
:103C20004FF48036022516EA04002AD0B0F5803F12
:103C300013D0B0F5800F12D0B0F5802F11D0B0F5B1
:103C4000002F10D0B0F5801F0FD0B0F5001F0ED0A0
:103C5000B0F5003F0DD102200FE001200DE0032060
:103C60000BE0042009E0052007E0062005E007201E
:103C700003E000211BF0B9FE18B1F6F75DFA284405
:103C8000851CB4437600002CCDD1A8B2022898BF81
:103C90000025A8B270BDB0B504460020A084C4F8C9
:103CA0001E00C4E90100608C94F8281020440844E8
:103CB00000F12C05208BC00502D4E5600120B0BDC9
:103CC000E08C022801D20020B0BDA56080B202289D
:103CD000F4D328461CF004FB01B20029F3D4E08C95
:103CE00001F07F02023883B2E0849342EBD3A38CCD
:103CF000801A0232C1F3C7117E29E0841344A384E1
:103D0000DCD015447F29D8D0218C11442184DDE7F3
:103D1000B0B551B304464FF055304FF0333200EA9E
:103D20005400201A02EA900220F0CC3010444FF0E8
:103D3000013200EB101020F0F0305043000E02284A
:103D400013D2082C01F1080598BF08242819F3F7AD
:103D500015F870B12118621E024210D06242114063
:103D60000839814238BF21440AE00DF065FF162171
:103D700002E00DF061FF0C2101600020B0BD0839A8
:103D8000C1E9000501F10800B0BD2DE9F8430A9C26
:103D900005460E4617469100A5229846206B1BF05B
:103DA0000FFF206BDDE9081900EB8700043820F0D5
:103DB000070020646EB104F1340200230C2B05D0FF
:103DC000F75CD754F75C0133002FF7D1002284F859
:103DD0003F200022092928BF0921C4E90942C4E97A
:103DE00004424246C1F10A03E164E1622946A3614B
:103DF00016F084FBB9F1000F206018BFC9F800402D
:103E0000BDE8F88310B50446881C0CD059BB2AB114
:103E1000D4F85801D0F8D01AC0F8D41A2046BDE81A
:103E200010401BF0EFBF2046114607F043FD20462F
:103E300000210AF0EDFAD4F8580190F8021B41F085
:103E4000020180F8021BD4F8581101F11400283146
:103E500018F043F9D4F85801008D41080A2014F0F5
:103E600068FA608610BDD4F8581101F114002831A9
:103E700018F024F92046BDE810401BF0C8BF704779
:103E80002DE9F047DFF86C90194F824600254FF07E
:103E90001D08066856B3307D0021042904D07A5CE1
:103EA00001319042F9D11DE0504631462A4612F0C8
:103EB0001FF996F91900B0F1FF3F05DD99F80B00E5
:103EC000013889F80B0004E099F80A00013889F8F4
:103ED0000A0056F80C4C304686F8018006F0C4F80B
:103EE0002646D7E7A6F10C003546D2E7BDE8F087B5
:103EF000AC3600007C3D012010B503460020B0EB3D
:103F0000113F1CBF052010BD18783F2884BF092031
:103F100010BD5C880020B0EB942F1CBF072010BDA3
:103F20009C88B0EB942F1CBF082010BD0F48007870
:103F3000032804BF032010BD0020D18190815C883C
:103F400019786FF39F2401F03F01240344EA0161D3
:103F50009C886FF39F24214411609988918059882F
:103F6000D180197896239372117210BD1B540120D1
:103F70002DE9F041154F164A164B174CDFF838C0A3
:103F8000DFF838E0DFF838800E4D0F4E0021C0E931
:103F90000A11C0E90043C0E90227104A104B114C36
:103FA000C0E90465C0E9068EC0E908C1C0E90C4358
:103FB0008263BDE8F08100BF95CF0300796D0300F7
:103FC000ADD50200ED590300E10F0300B507030072
:103FD000FD260300EDCE0300FDFC0A00812B04004A
:103FE0000D6D030019C20400F8B51A4E054630687D
:103FF00028B119490978A9420AD8002428E00AF012
:104000009FFC3068002418B313490978A9421FD9CE
:10401000124A05EB450102EB81044FF0FF31D4E970
:10402000015713F0E5F9287870B970683968421EB5
:104030000A4209D17968814206D3B06808408142BA
:1040400002D10120287000E00024306814F024FB25
:104050002046F8BD805201200F1B00000C330000E9
:10406000F8B5054615F0A6FD0446A87A50B36F7A58
:10407000012617F053F9697A48B1154A48B2113050
:10408000536806FA00F08343C0435360106006FA99
:1040900001F31049002206FA07F02A72AA72C5E954
:1040A0000422AA61C5E9002291F8605091F86220CB
:1040B0002B4381F8603012B1013A81F86220C0B21E
:1040C00010F042FE2046BDE8F84019F055B800BF98
:1040D000081004408017002010B586B0902932D116
:1040E0000446007A032808D004282CD104F10901E1
:1040F00002A810221CF0DEF80EE0144AD4F80B00DF
:10410000D4F80F1013685268049080F002000591F3
:104110008DF81000CDE90232606B02A9983016F0DC
:1041200032FD48B10146606B237A04F10902009226
:1041300040229830F6F75FF8606BD0F8581111B153
:1041400002A916F09FFB06B010BD00BF1435000099
:104150002DE9F0418AB01E460F460446212B0BD3B1
:104160000DF106081046314600234246F7F78AFB58
:10417000054600BB202600E0904620688DF82760A9
:104180008DF8267080B101200DF12601022201C4B4
:10419000204600F007FF054668B9204641463246F2
:1041A00000F000FF054606E0201D0021FCF71AFC88
:1041B00005460028E7D00DF1060020211AF012F87C
:1041C00028460AB0BDE8F081B0B5184890F9000063
:1041D000B0F1FF3FD8BF17F0E1F815F0EBFC144D3C
:1041E000144C297822788A4207D113490978490763
:1041F00003D418F0C1FF0120B0BD18F0BDFF14F0CA
:1042000017FC207812F06CF958B1247829782046F0
:1042100010F038F82C7020B1084890F9420019F0DD
:1042200053FDBDE8B04019F08DBF00BFCF3E012067
:10423000C53E01200C530120C93E0120FC15002081
:10424000B0B50446C07A184D287019F05DF904F134
:104250000801E820E5F79CFCE11DE720E5F798FC64
:10426000287838B1211D5020E5F792FCA11DE120EE
:10427000E5F78EFC0D4801210E4D01700C4804F14C
:104280000E01407B0F3818BF01200B22287505F165
:1042900015001AF025FC05F1200004F119010B228C
:1042A000BDE8B0401AF01CBCC43E0120C33E012052
:1042B000FC150020F039012010B51948007810B91C
:1042C0001848007808B117F069F815F073FC164922
:1042D0000A78022A1FD10122144C0A70227802F0B7
:1042E000FE02022A04BF83220A7018F045FF2078DC
:1042F000042807D80121814011F0130F02D0FBF7E9
:10430000B7FA207800F0FE00022818BF10BDBDE803
:10431000104018F0A9BBBDE8104018F02DBF00BF39
:10432000C83E0120CB3E0120CF3E0120D13E0120DE
:104330002DE9F0438BB00546006B1A4E70B3E86B65
:1043400060B302AEDDF850901F46144688463046F2
:1043500017F0C4F92846314622463B46CDF8009076
:1043600001F0D6F80646B0B9DDE9122328464146E9
:10437000CDF8009001F0CCF8064660B902AA2846B4
:1043800041464346DEF780FF064620B928464146AF
:10439000FEF7F4FA064602A815F0D8FF30460BB037
:1043A000BDE8F08380B1FFFFF0B5DDF818C004462A
:1043B0004FF0FF3062452FD2BCF1640F2CD8174D5F
:1043C0002D684DB3286907687A436427B2FBF7F27A
:1043D0002A600768BE1AA6423CBF3A1B2A6029B170
:1043E0000468A21A8A4284BF611A296002686424A0
:1043F000059902FB0CF2B2FBF4F26A600468A61A9B
:104400009E423CBFE21A6A6029B10068821A8A4261
:1044100084BF401A68600020F0BD00BF80540120B6
:104420002DE9F041DDF8188015460C46064633B9F3
:10443000404618F02CFC10B10020BDE8F081304659
:104440001AF03EFC07464FF6FD70874206D808F189
:10445000080006F58C7115F00FF880B164B10220E8
:1044600025706070D6E94601C4F802000020C4F847
:104470000610C4F80A00E0811020BDE8F08144B1C4
:104480000120A11C2570607038461BF0BCFB002089
:1044900060600820BDE8F0812DE9F04117460E4626
:1044A000054615F0E3FF0446002067B35CB3D4F87B
:1044B0006C01B91C3246D0F8840006F01DFC20B314
:1044C00001880646284611F01BFF8046307D00F02B
:1044D000C007402F04D0284601210AF00DFE307D90
:1044E000012161F39F10B8F1000F307505D0B8F8C5
:1044F000000001091820EDF759F8402F02D020469E
:104500001BF0B2FF0120BDE8F0810020BDE8F08182
:104510002DE9FF410F6C0C46804600256E467FB1A9
:104520003A7C07F111013046CDE90255CDE900553D
:104530000FF0C8FD042039461BF01CFF0746EEE7CC
:10454000A76B00256E467FB1CDE90255CDE9005538
:104550003946304611F80C2B0FF0B4FD1C203946BB
:104560001BF008FF0746EEE7246B08F128054CB165
:104570002846214616F08EFC102021461BF0FAFE3C
:104580000446F4E7BDE8FF812DE9F84312B10F4678
:10459000032901D9FF2030E000EB47180446994673
:1045A0001546464616F81C0FC00606D54046294655
:1045B000102218F0FBF80028ECD0204639460FF006
:1045C000A1FB204604EB471713F0AEFA317800F058
:1045D00003001022C7F8189001F0E00141EA8000C2
:1045E00029461030307040461BF064FE94F880007D
:1045F00040F0010084F88000002040B2BDE8F8835C
:1046000070B504461748002604F17805E0641648A2
:1046100020641648A063164820621648C4E900606A
:10462000284618F095F92046294600220BF048FD4F
:1046300004F1D000C4F8D860C4F8886084F8DC6065
:104640001BF066FC04F1C8001BF062FC012084F83A
:10465000DD0094F8DE0000F0FC0084F8DE000020AD
:1046600070BD00BF01DA04003D48010029DE0400EE
:10467000FB070400D5E20400F8B506461B480D46CA
:104680000468B4B1A069B04205D0202021461BF0D7
:1046900071FE0446F5E7274657F8086F4EB12878B3
:1046A000717B814206D0102031461BF063FE064626
:1046B000F4E7F8BDB36863B168786FF00101E928E9
:1046C00008BF4FF0FF31002808BF0146327B606908
:1046D000984770681AF04CFB38461021324617F0A4
:1046E0007DF83046BDE8F8401AF042BB9C530120EB
:1046F000F8B5A9B30646888D0C4688B3206B78B30D
:104700001848056865B3A869B04205D0202029463D
:104710001BF030FE0546F5E72F68261D07B36869D4
:104720007A6831469047002805D50C2039461BF0A1
:1047300021FE0746F2E77878C00707D0E36994F8CE
:1047400020206869314605F08EF948B1A38D226BAF
:104750006869D7F808C0314601B0BDE8F04060474D
:10476000F8BD00BF9C530120BCB5044690F832014F
:1047700080071BD4E06869460DF0FCF800280BD4D4
:1047800004F1E8056A460020294616F00DFA204695
:10479000294614F085FD03E094F8320140061AD54D
:1047A00004F128004FF496611BF05DFD0B481525C0
:1047B0002246007A022808BF1E25A0682946FEF777
:1047C0005DFB40B104F1300204F15003294618F0BA
:1047D00053FE002000E0FF2040B2BCBD644C01202D
:1047E0002DE9F0410546EFF311864FF0200080F3EC
:1047F0001188BFF36F8FBFF34F8FAC6B9CB195F9EE
:1048000044702846904615F055FE601EA863F8B225
:10481000FF280AD00F490969B94284BF013085F8E1
:104820004400012012E0002010E055F8100F00288D
:10483000F7D02846F2F706FE01460120B8F1000F36
:1048400018BF002902D00120C8F8000086F31188A3
:10485000BDE8F081DC470120FEB504460D46084660
:104860001146174605F050FD002808D40020CDE978
:1048700001000120BC42009004D03E4609E06FF0E8
:10488000090722E06E463946304605F06DFD0746C1
:10489000C0B9AC4205D02046294605F065FD074663
:1048A00080B901202060D6E90121104632B101EB28
:1048B000800252F8043C421E002BF6D0A2680FF092
:1048C00004FA0027684614F01AFF3846FEBDF8B512
:1048D0000446406816460D468700B2EB800F05D9A6
:1048E000F11B28461BF004FB384613E0F00031466C
:1048F0008F420ED0A36821F0030201319A5800F0D4
:1049000018030830DA4012061CBF6FF00700F8BD2C
:10491000EEE73046F21B4FF0000138BF0A46002395
:104920002A44013A984204BF0020F8BDA66823F04B
:1049300003050133755901F018060831F540155487
:10494000013AEFE72DE9F843AAB3064600680D46A1
:104950001446811800F03F09316002D370680130BD
:104960007060B9F1000F11D0C9F14007A74216D805
:1049700006F1280829463A4608EB09001BF09AFC84
:1049800030464146EAF794F8E41B3D444FF00009F5
:1049900005E030462946EAF78BF8403C4035402C8C
:1049A000F7D244B106EB0900294622462830BDE87B
:1049B000F8431BF07FBCBDE8F8832DE9F0410025EA
:1049C00098B392B30446D0F86C010B46911C1A467A
:1049D000D0F8840006F090F94FF6FF7528B30788E9
:1049E0000646D4F8580100F69840394619F05EFAA8
:1049F000804694F90D00394611F082FCB8F1000FA1
:104A000018BF002811D094F90D00394603F07CFA44
:104A10000746A84208D104F19800B11C0FF0C2FB70
:104A200010B14FF4807500E03D462846BDE8F081A6
:104A300070B505460C460846294611F0F1FCAE1C3F
:104A400004F1980031460FF0ADFB20B12046122151
:104A50000122FEF74FFB287D800707D56989204694
:104A600010F01AFD2046314610F064F82046294621
:104A700016F0CBFA18B1014620460CF067FD2988E4
:104A800094F90D00324604F00FFBD4F85801298840
:104A900000F6984014F0B4FB204610210122BDE836
:104AA0007040FEF727BB7047F8B5054616484BF235
:104AB000F521174E006800FB01F714483C0A006816
:104AC00000F44020B0F5802F10D112480068800318
:104AD0000CD4F068006880470EF034F83168C9687B
:104AE0008847C010390B484304EBE0342DB90A481D
:104AF000006820F07F40204444083069416C204623
:104B0000BDE8F840084700BF08400C40B44F0050D3
:104B1000E00100108C13005010200940F8B5164F2A
:104B20001648BD6C19F074FF044615480168066804
:104B3000214011F0200318BF002D0AD02846002282
:104B40003D6513F095FD0F484FF48041283017F074
:104B5000F2F804EA060010F4602008BFF8BD0A4924
:104B600091F8612042EA504081F861000748002135
:104B7000BDE8F84017F0DFB8E449012020000E003E
:104B80000C1004401C49012080170020E43701204C
:104B9000F8B506680446701C04D06569204609F023
:104BA00027F818B14FF0FF352846F8BD207D05F4F1
:104BB0008057000707D5606801381AF033FD606937
:104BC00020F0080060610020C4E90100E060206876
:104BD00005F02AF905464FF0FF30002F2060E3D0A2
:104BE000054800688047054800EB06101BF0D6FB1F
:104BF000034800688047D7E730540120D0140020D4
:104C0000345401202DE9F041054690F830000007AA
:104C100030D5AE6B0C464FF000085EB32C20314609
:104C200037461BF0A7FB0646F8690028F5D0A042DE
:104C300002D9001BF861F0E797F82100C7F81C8043
:104C4000800705D42846394603220DF0F3FF0DE016
:104C500097F8200050B92846394611F0C1FA28B11A
:104C600097F8210040F0040087F8210095F8300003
:104C70000007D2D4BDE8F0812DE9F047DFF85CA051
:104C80000446DAF8000080474CB1204608F0B0FF37
:104C900004461548006880472046BDE8F087DFF8E5
:104CA0004080104DDFF8409000240027D8F8000025
:104CB0008742EEDA296801310CD0DAF8000080472B
:104CC000284608F095FF0646D9F800008047D8F836
:104CD0000000344318350137EAE700BF30540120A3
:104CE0002C540120AC42012034540120B0B51549A8
:104CF000097819B1144801210170B0BD144A134953
:104D0000144D12780968920002FB0014B5FBF2F111
:104D1000814238BF16F042FB0F480068C06B8047E5
:104D2000211AA1F54871B1F1FF3F05DC291B0144AF
:104D3000013148BF00F5487408482146BDE8B0403D
:104D4000F0F78CBCE7540120CD3E0120543E0120F9
:104D5000CC3E0120FFF6C2FF583E01202DA20400E8
:104D6000F8B518494468058908600DF1030164200D
:104D70000CF0C2FE144EAF1C0DF10201E920378287
:104D80000CF0BAFE9DF802001821002808BF2F1D64
:104D9000C7F3022008BF08210844294604F8010C83
:104DA000204600F8027DF0612046EBF7ECFB9DF811
:104DB000031006480029064908BF00F5B2500861F3
:104DC000B061F8BD94540120143B01200E7A555572
:104DD00034390120B0B5174890F90000B0F1FF3F19
:104DE000D8BF16F0DBFA14F0E5FE134D134C29780A
:104DF00022788A4206D112490978490702D418F06C
:104E0000BBF913E018F0B8F913F012FE207811F096
:104E100067FB58B12478297820460FF033FA2C70BC
:104E200020B1084890F9420018F04EFF19F08AF9B5
:104E30000120B0BDCF3E0120C53E01200C53012012
:104E4000C93E0120FC150020B0B50446008BC0050A
:104E500032D5E08C022801D20020B0BD618C94F8DC
:104E6000282021441144A28C114401F12C056560D5
:104E700080B202281FD328461BF032FA01B2B1F1EA
:104E8000FF3FE9DCE08C0A466FF3DF22023883B291
:104E9000E0849342E0D3801A01F4F041B1F5F04F81
:104EA000E08408D0911CE28B0D440A44E283E2685E
:104EB0000A44E260DCE7E5600120B0BDF8B50646D3
:104EC000D0F8E0000D46411E012984BF6FF0530069
:104ED000F8BD1C461746012807D10220C6F8E0009D
:104EE000304611F0AAFF00B1F8BDD6E936014019ED
:104EF00041F10001C6E9360196F8E40050B106F12F
:104F0000840039462A46FDF7F9FD0028ECD11AF055
:104F1000CFFA09E01AF0CCFA0028E5D106F18400B6
:104F200021462A46FDF7EAFD0028DDD10020F8BD24
:104F30002DE9F8439AB3064600680D4614468118D9
:104F400000F03F09316002D3706801307060B9F140
:104F5000000F11D0C9F14007A74216D806F11C086E
:104F600029463A4608EB09001BF0A4F930464146B1
:104F700079F046F8E41B3D444FF0000905E0304667
:104F8000294679F03DF8403C4035402CF7D234B109
:104F900006EB0900294622461C301BF08BF9002045
:104FA000BDE8F8832DE9F8439AB3064600680D463C
:104FB0001446811800F03F09316002D37068013057
:104FC0007060B9F1000F11D0C9F14007A74216D89F
:104FD00006F1280829463A4608EB09001BF06AF951
:104FE00030464146D1F736FDE41B3D444FF0000901
:104FF00005E030462946D1F72DFD403C4035402C98
:10500000F7D234B106EB09002946224628301BF0BE
:1050100051F90020BDE8F88310B50446406F16280A
:1050200005D1204610F09CF900B110BD606F152825
:105030000DD014281CBF002010BD1348A16F00F52F
:10504000D0600129F1D1E16E0978013916E0A06F35
:105050000D4902281CBF01F5D06010BDE06E02783A
:10506000022A04BF01F5807010BD012A09D14278DF
:10507000B2F1640018BF01F59050002A08BF08463D
:1050800010BD01F5905010BD8087FFFF2DE9F04164
:105090000160054604464FF00008012041F23D1131
:1050A00044F88C8F1AF02AFB2F46144E47F8580FFD
:1050B00070B1012041F23D111AF020FB206038B19F
:1050C00028460FF0E6FC2846F5F7E6FB064698B1C1
:1050D000A86D1AF01FFBD5F88C001AF01BFB3846A0
:1050E0001821C5F800801AF003FF204618211AF095
:1050F000FFFE3046BDE8F0810026FAE70081FFFFA1
:10510000F8B50446084617460E4619F0B1F8D0B176
:10511000054614301AF0D2FFB0B1281D1AF0CEFFA8
:1051200090B1342029461BF025F960B10546808CEA
:10513000800708D005F114001AF0C0FF20B1281D27
:105140001AF0BCFF00B1F8BDF66C002EFBD0302089
:10515000314637461BF00EF90646B88C0007F4D5E9
:10516000391D204615F063FE02462046294603F00D
:105170003FFAEAE72DE9F043A7B0456B9046894630
:10518000064605B9356B04AC20461AF0C3FDB06B7A
:1051900000F5A47120461AF0B3FD1FAF2046394632
:1051A000ECF7CEFC20461AF0B0FDB06B20210D4A82
:1051B0003B46D0F8C0410C20CDE9001902900848C8
:1051C000B8F1000F08BF024605F134003021A047B6
:1051D0003846202119F006F827B0BDE8F08300BF5B
:1051E000A431000094310000F8B51B4F0C4639691A
:1051F00041B388B18D687DB10C2029461BF0BAF807
:10520000064638690C212A46083016F0E7FA284687
:1052100019F0AEFD3546EEE78CB13869046874B11B
:105220000C2021461BF0A6F8054638690C212246C1
:1052300016F0D4FA204619F09BFD2C46EFE73869AA
:10524000816801B1F8BD01680029FBD119F090FD1A
:1052500000203861F8BD00BF3051012070B5044610
:10526000D0F85801D0F8AC5A75B1002029461BF08F
:1052700081F80646D4F8580100212A4600F6AC20F1
:1052800016F0ACFA3546EFE7D4F85801D0F8B45A26
:1052900075B1002029461BF06DF80646D4F8580178
:1052A00000212A4600F6B42016F098FA3546EFE7BA
:1052B0000A2534265DB1D4F858010021821900F680
:1052C000AC2019F075FD06F58676013DF2E770BD5C
:1052D000F8B5A0B115F0FAFA88B10568044685B1B1
:1052E0000C2029461BF046F8064620460C212A468B
:1052F00016F074FA284619F03BFD3546EFE7FF201B
:105300001BE0254655F8086F76B1102031461BF09A
:1053100031F8074628461021324616F05FFA30462B
:1053200019F026FD3E46EFE705482021224616F0FB
:1053300055FA204619F01CFD002040B2F8BD00BF10
:105340009C53012070B50446D0F85801D0F83C5B5E
:1053500075B1082029461BF00DF80646D4F858010F
:1053600008212A4600F63C3016F038FA3546EFE7B9
:10537000D4F85801D0F8445B75B1082029461AF0DA
:10538000F9FF0646D4F8580108212A4600F64430B1
:1053900016F024FA3546EFE70025302D08BF70BD22
:1053A000D4F85801411900F6443001F60C320821B6
:1053B00019F0FEFC1035F0E72DE9F84315460246DA
:1053C0001948984642F8040B084611461AF020FC8A
:1053D000064618F0EDFF324615F0A2FB01462846BE
:1053E0001AF011FC054600244FF00109702C08BF8B
:1053F000BDE8F88308EB0406307EC00705D12846D7
:1054000015211AF075FD15350CE02F46681C314644
:10541000102207F8119B1AF04DFF306939461AF037
:10542000F7FB05461C34E1E7030062002DE9F0417B
:10543000002488B30D4679B317466AB3064605F1D2
:105440000F0014F055FD012825DB80463046394613
:105450000AF01EFBF8B10446882019F081FC206296
:10546000B0B188211AF044FD206A29464C2234301C
:105470001AF020FFFF20A4F806803C212070687BF2
:10548000A070206AC18004F168001AF081FD03E079
:10549000304614F0CFFD00242046BDE8F0812DE910
:1054A000FC410E4600211C4615468DF8071013F0EE
:1054B00017FD07464FF0FF3044B13FB178694168AE
:1054C00031B120461C221AF0F5FE0020BDE8FC8117
:1054D000402019F045FC78B1D7F804C0BCF1000FAA
:1054E0000AD0804697F919000DF107012A4600916C
:1054F00031464346E04718B14FF0FF30BDE8FC812C
:105500000220C4F8148020709DF807002076DCE7A4
:10551000FEB50D460446104601211E46174612F000
:105520009FFE78B138464FF0FF3112F099FE80B1FE
:10553000002029463A463346CDE900002046D0F700
:10554000EBFEFEBD2846314603B0BDE8F04012F048
:105550003BBA2846314612F037FA064608B13046C3
:10556000FEBD0C3500210026284612F079FE0028E9
:10557000F5D0211D28462A4603B0BDE8F04009F0C9
:10558000A9B82DE9F84306464FF0010890074FEA05
:1055900092071446894618BF08EB92077068B84214
:1055A0000DD0304614F0ABF800203946C6E9008033
:1055B000B060304609F0E2FC08B1BDE8F88330463F
:1055C00000210EF093FF0028F7D1002000218C422B
:1055D0000DD019F8012000F01803B76808309A4080
:1055E00021F003030131FD582A43FA50EFE7002070
:1055F000BDE8F883F8B5A8B304460646F56C4DB18E
:10560000AF692846202118F0EDFD28461AF082F8EF
:105610003D46F4E7D6F8C0504DB1EF6B2846402127
:1056200018F0E0FD28461AF075F83D46F4E7B0683A
:1056300028B1716818F0D6FDB0681AF06BF8D6F88A
:10564000F060002EDAD12546D5F8F0602846F42126
:1056500018F0C8FDA54202D028461AF05BF8002ECB
:105660003546F1D1F8BD2DE9F04385B0168E76B3FD
:10567000576B15465FB381463046884619F088FB64
:10568000A8F8006018B30446A889400505D4204650
:10569000394632461AF00EFE1AE0288E09F1100142
:1056A00080223B46049004A8CDE9006402900020CB
:1056B00001F077F9002807D40498A6F10801884280
:1056C00002D1A8F8000003E0204619F051FB0024A5
:1056D000204605B0BDE8F0832DE9F84F8146D0F8AB
:1056E00058011C4615464FF0000B48F6A04A0091A1
:1056F000D0F8B47A3FB3002039463E461AF03AFE5D
:105700000746D6F8F400281A504509D83089A04237
:10571000F0D100980BF101088345C346EADB00E0B5
:10572000D846D9F858010021324600F6B42016F0C8
:1057300055F8D9F858010021324600F6AC2019F08E
:1057400037FBC346D6E7BDE8F88F2DE9F047D1F81F
:1057500004A01446884606464FF0010998F8000058
:1057600050B350461AF0BCFD05460AF102001AF08B
:10577000B7FD98F800100AF1040A013988F8001002
:105780000021A142EAD2A94201D3814203D9814238
:10579000E4D80131F5E7CB0801F0070256FA83F3AC
:1057A00009FA02F213F8027F1742F2D07A401A7017
:1057B0003288013A3280ECE7BDE8F087F8B5066838
:1057C0000D46044614F0F6F916490978012902D16C
:1057D00096F8321019B117F0CFFC00241FE0012712
:1057E00086F8327017F0C8FC0F49002D18BF294603
:1057F00048680A787061002086F83020022A4FF04D
:10580000000208BF8A6886F8360086F8350086F8F8
:105810003470326186F833000A20F6F73FF92046EB
:10582000F8BD00BFE0540120A4300000BFB50568FA
:10583000174A687A012807D11268686990F8211020
:1058400040699268904714E068696C4690F82110AE
:1058500010688268204690476869416990F8212065
:1058600020460FF08FF808B1686801E06FF0030080
:105870006860084840210160802101600021C0F873
:10588000FC1202200FF046FA034812F005FFBFBDDC
:10589000FC01001004440240F8350120F8B5066808
:1058A0000D46044614F086F916490978012902D1FB
:1058B00096F8221019B117F05FFC00241FE00127B1
:1058C00086F8227017F058FC0F49002D18BF2946A2
:1058D00048680A787060002086F82020022A4FF07D
:1058E000000208BF8A6886F8240086F8250086F83A
:1058F0002370B26086F826000A20F6F7CFF820461B
:10590000F8BD00BFE2540120C43000002DE9F0478B
:105910000546DFF864A08846632000264FF01D0985
:1059200029460F682FB3397D41451ED12846394697
:10593000324610F0DDFB97F91900B0F1FF3F05DDAD
:105940009AF80B0001388AF80B0004E09AF80A0074
:1059500001388AF80A0057F80C4C384687F801904D
:1059600004F082FB00202746DCE7A7F10C013E464D
:10597000D7E7C0B2BDE8F0877C3D0120B0B516483E
:1059800090F8290038B3154C2078FDF7F2FB207809
:105990000121134D21EA00006421207095F82E00AA
:1059A000104C48430021E06204F128000AF0C7FDD2
:1059B000608895F82E10A2680130114482B2608090
:1059C00082420948224618BF0021A1600021BDE89B
:1059D000B04008F069BFB0BDFC150020F9540120AB
:1059E000701500202C100020EC5201202DE9F04110
:1059F00088B00E9EADF81C1006902EB31C461BB34B
:105A0000154606A801AA2146FEF776FA0746E0B930
:105A1000104800F1240840461AF0CAFA0E48002245
:105A200003230092C188C07801AAE9F73DFD07462B
:105A300030B901A829462246334608F0AFFD074693
:105A400040460BF0C9FB00E00427F8B208B0BDE8FF
:105A5000F08100BF944A01209439012070B519F0FB
:105A6000C7F9134D287808B1FF241DE011481249E9
:105A7000134A144B144C0026C16040F2FF71068299
:105A8000C0E905430181022101700C49C0E90721E9
:105A900001212A4602F8081B426000F017F804466C
:105AA000B0F1FF3FD8BF2E7019F064FE60B270BD38
:105AB000804B0120F03A01202C340000E1F7040073
:105AC000F9D80400A5030500A103050070B558B17D
:105AD00004461948016849B14868A04204D014201E
:105AE0001AF048FC0146F6E7FF2023E01C2019F0DD
:105AF00037F978B100260546C0E902660661143020
:105B000019F032FE802E07D070B214F0BBF920B12C
:105B10000136F7E7FE200DE0FF266C602E7062690B
:105B200012B1002000219047034814212A4619F0A1
:105B30003FF9287840B270BD8453012070B550F809
:105B4000224050F821502C44049D40F8214050F848
:105B5000256074404FEA344640F8256050F82360D1
:105B600006EB344440F8234050F8226074404FEA7A
:105B7000345640F8226050F8216006EB345440F867
:105B8000214050F8251061404FEA316440F825402B
:105B900050F8234004EB316140F8231050F82230D4
:105BA00059404FEA716140F8221070BDB0B5184DF0
:105BB000686810B101242046B0BD382019F0D0F833
:105BC000686018B3134C1430A04768681C30A047B5
:105BD00068682430A04768682C30A0476868FF21B7
:105BE000012480F836104FF6FF7181860A480121A2
:105BF000FAF73AFA01466868B1F1FF3F80F83710CA
:105C0000D9DC19F0B5F800246C60D4E70024D2E7A1
:105C10004453012091FF040049CD0300F8B5174615
:105C20000E46044614F022FC00256FB360B3D0F892
:105C3000B8312BB131463A4601B0BDE8F0401847C3
:105C4000017B012901D101251EE0D0F86C01B91CAE
:105C50003246D0F8840005F04FF84FF6FF7598B142
:105C60000188204610F04CFB70B1018840794FF656
:105C7000FF7300F01F0001EB40229A4238BF134629
:105C8000002808BF0B461D092846F8BD2DE9F04144
:105C90000746007890460D4619F052FA10B319F0F5
:105CA000A7F8144844682CB104301421224615F09A
:105CB00095FD03E0242019F053F8044619F05AFD2D
:105CC00084B197E84E0020464EC0C4E9075803202F
:105CD000208209480068281A002807DD20460CF0B9
:105CE000EBFB00E000242046BDE8F08120461AF0DE
:105CF00013F9F8E7A4520120143E01202DE9F041E8
:105D0000B3F1FF3F03DC5B42B1F1FF3F24DD4FF015
:105D1000000C4FF0010EDFF85080471E0026B1FB4B
:105D2000F3F505FB131418F80440BC55013E8B42F3
:105D30002946F4D93044714230230138914203DAC4
:105D400000F801390131F9E7BEF1000F0CBF80F80E
:105D500000C00130BDE8F081013A49424FF02D0CFE
:105D60004FF0000ED7E700BFCF2F000070B50446FC
:105D7000B0F876000D461646410725D4A18F0905D7
:105D800001D5400520D494F8720002281CD3B5F840
:105D9000F000000618D5104904F11D0017F004FDAD
:105DA00090B1D5F8A02112B128462146904794F829
:105DB0007500000708D494F86A0028B120462946E7
:105DC00012F091F9002400E00EB1204670BD20468B
:105DD000BDE870400AF07ABF91300000F8B5044683
:105DE00019480027456875B3102029462E461AF039
:105DF000C1FA0546307820443070C0B23C28F2D950
:105E00007089E0B17178D1B931890844F168A1F89D
:105E10004200F068B0F840208118B0F842008C31A0
:105E2000801A283880B219F0EEFEF06800210322B3
:105E300001230097E1F776F803F02AFBF76030467C
:105E400012F06AFDCFE7F8BDC85201207CB50446C8
:105E5000FF2064B30D4651B31648016851B108687C
:105E6000A04223D04868A84220D008201AF082FA25
:105E70000146F3E7102018F073FFB8B10646C0E9F9
:105E8000004500200C4A002101230090204600F02C
:105E900051FDB0F1FF3F06DD06480821324618F0FB
:105EA00087FF002003E0304618F062FFFF2040B279
:105EB0007CBD00BFC4530120A980030010B5124867
:105EC0001249174C016012481249016012481349E7
:105ED0000160206908B11AF0DAF9082100200B22CC
:105EE0002173104920612075A1600F49087004F1E9
:105EF0001500002119F042FB04F1200000210B22C3
:105F0000BDE8104019F03ABB183C012099A20400EA
:105F1000F43D0120816404006C3D0120E133030065
:105F2000F0390120B1EC0400C33E012070B51748E0
:105F30000D22002401680131B1FBF2F303FB1211C1
:105F4000134A52F8213042F8214001601149086893
:105F5000C01A0860F3F7DEFA0F4D2E78D8F722FA50
:105F60000446286914F032FC00B170BD002E1CBF3D
:105F70004AF20036C1F2E1162869B6FBF4F11AF0D4
:105F800078F92869BDE87040F8F70ABB243E012083
:105F9000D03801202C3E0120F45001201CB5194BB3
:105FA0000146019080891B78C2B283B18B7BFF2BA5
:105FB00023D002F00502012A1FD100F007000128BA
:105FC00009D0032819D148680078052815E002F0A7
:105FD0000700012811D10C4C04200870201D12F07C
:105FE0001FFB13F0E7FD217B0131217317F0C4F88B
:105FF0002020BDE81C4018F05BBE01A80DF054F84D
:106000001CBD00BF484801207C3D01202DE9F04720
:106010000E46824600EB400028211F46904601EBC9
:10602000001018F09DFE814628B348461C2119F047
:106030005FFF4846A9F814A0C9E90776C9F824808B
:1060400019F0A6FF09F10806304619F0A1FF09F181
:106050002804002555450ED22046302119F048FF6E
:10606000274630462821224627F8305B18F0A0FE4C
:1060700001353C46EEE74846BDE8F0872DE9F043A0
:1060800085B00546806D50B31F46DDE90C3005F143
:10609000880416468946D5F8DC8005F17C01224645
:1060A000009028460FF0A6F8D0B904A92846324639
:1060B0003B460FF0B9F898B904984246391A304473
:1060C000CDE9000103AB284621460FF0C7F838B9E7
:1060D000DDE903100844C9F80000002000E0024890
:1060E00005B0BDE8F08300BF80B0FFFF70B5064685
:1060F000006B194C88B1F06B0D4688B12846012120
:1061000012F0AEF8002824D406F14C012846FCF722
:1061100032FA002848BF00241BE0A4F5407418E0C0
:106120002846002115F0EAFA98B92846012115F011
:10613000E5FA70B928460BF015FBF16D013888427D
:1061400007D1FE2804D12846022115F0D7FA00B95C
:106150000024204670BD00BF80B3FFFF70B5054628
:1061600042F21070814202D96FF00F0070BD686872
:106170000C46884224D9411E084629B1A96851F825
:106180002020411E002AF7D00130A04288BF0446DB
:106190000421204619F0B2FA0028E5D0A968064685
:1061A00051B1A20030461AF085F8D5E9011019F076
:1061B000F7FFA86819F0AEFA0020C5E9014670BDE6
:1061C00028462146BDE8704008F0D8BE70B5164696
:1061D0000D46044610B90EB9002128E0642E84BF94
:1061E0004FF0FF3070BD19F0B9FA4EB140B1006800
:1061F0006421B0FBF1F000FB06F20F48026001E001
:106200000D480268A24221464FF000032E4688BF87
:1062100011460020A94288BF0123002D18BF012686
:10622000334018BF2946A24201D303B970BD0248CA
:106230000160002070BD00BF7C5401202DE9F047B3
:10624000DFF864A004464FF000094FF03208002741
:106250003C2F08BFBDE8F0870AEB0700818809B32F
:10626000A14202D9091B81801CE0621A01893229EE
:1062700022BF323901810132C38895B29D4201D2D9
:10628000012108E09EB2B5FBF6F505FB132202FBE7
:1062900008110181691C0268A0F80690A0F804901A
:1062A00088B290470C37D3E7203801201CB515F091
:1062B00035FC154C606B10BB14480021144B024692
:1062C00042F8141F40F8281FC3E907204FF0FF329F
:1062D000034643F80C2D40E9023340F8103C0346D6
:1062E00043F8082F0C4AC0E9033343600948009182
:1062F000102100F12003142012F041F96063BDE881
:106300001C4017F0B9BB00BFDC47012084460120C8
:10631000F84601206C4701209806002070B515460C
:10632000866B026C0446CAB105B3E06819F0C2FF7F
:10633000E268206C2168121A8A42E26003D2A168E6
:1063400040420844E060002E304618BF0120A91EDC
:10635000B1FA81F149090840361A13E02068002596
:1063600080B9A068FBF7E0FCA5600CE0606819F05C
:10637000A1FFD4E90101226C10448842606001D37E
:10638000206860600020711CA16370BD2DE9F041A0
:10639000804615F0C3FB98F84570174E08F12405A8
:1063A000012478B2012808DB286830B12846F1F7CB
:1063B00049F800B1B462013FF3E7FF2088F84500D7
:1063C00017F05AFB15F0AAFB98F8447008F1100575
:1063D000012478B2012808DB286830B12846F1F79B
:1063E00031F800B1B462013FF3E7FF2088F84400C0
:1063F000BDE8F04117F040BBDC470120884204BFF4
:1064000002207047024640B2B0F1FF3F0ADC4BB2B7
:10641000002B07D4881A00F580710420112938BF99
:1064200001207047002808D44BB2B3F1FF3F04DCD1
:1064300002F58070411A012008E000280AD4501AA1
:1064400000F07F0108206F2988BF0120112938BF83
:106450000420704701208B1A8A4288BF042088BF1D
:10646000531AD9B2102988BF08207047B0B5D0E9B7
:106470000012144B164DC918134B5A41C0E90012B3
:10648000880F40EA820082EA927248400F49A0FBDE
:10649000013400FB0540104D02FB0100D90E0D4AEE
:1064A00041EA401180EAD0605940A1FB023401FB6F
:1064B000054100FB0211D80F40EA410081EAD17189
:1064C0005840B0BD157C4A7FB979379EB9E5E41CC8
:1064D0006D4758BFEB113113BB49D0941FB504462B
:1064E000D0F8580190F82E10C9B1D4F85C0114F01E
:1064F0004DF828BB94F82C0058B91249D4F85C0127
:1065000000220023CDE90022002202912146F9F762
:10651000CBFE0D48007860B13220C8210DE0D0F8E4
:10652000D01AC0F8D81A204604B0BDE8104019F0BF
:1065300078BC4FF461704FF4E16111F0FAFE6086AF
:106540001FBD00BF41300000644C01202DE9F04127
:10655000064614460D46084611461A460FF08EFAB6
:1065600008B1012709E0D5F8A8000027001B38BFB3
:106570003846C5F8A80088BF0127B5F9AC00D0FAA5
:1065800054F11FFA80F8A5F8AC1086B1B5F8AE004A
:10659000A04201D9001B08E030462946D8F792F8FE
:1065A00019F0FCF94FF47A714843A5F8AE000020C9
:1065B000A04588BF01203843BDE8F0812DE9F041B6
:1065C00086B01C461746884614F0FEF930B30546DF
:1065D000C06890F90D0001AE314609F0F6FF0028C1
:1065E00003D4311D384616F03BFF95F83201C00642
:1065F0000FD405F1500018F04BFC08B101460AE039
:1066000095F8320100070CD5404619F083FE142896
:1066100007D305F58C71204616F022FF06B0BDE8C1
:10662000F08120461C2119F063FCF7E770B50D4698
:106630000A2104460920002D18BF042118BF082094
:1066400094F90720205C022A9ABF134B33F81220DA
:1066500000225618012116F0A0FC30443DB1217FE4
:1066600011F0030116D001290ED1218C08E094F815
:10667000441011F003010DD0012908D1B4F84810DD
:1066800000EB8100013005E094F8321001E094F84D
:106690005A10084480B270BD0E360000F0B540F6C6
:1066A000FF7C10F8013B0024082CFAD00646DF07D7
:1066B00016F8015B0DD1467806F00F070337122F4D
:1066C0000DD190F90220D7B2B2F1FF3F09DD0330BE
:1066D0000DE001F8015B304601345B08E4E702306D
:1066E00006E0C27807F07F07043047EAC217123786
:1066F000320942EA0515654508BFF0BDED43002F9C
:10670000EAD04A5D013F0A700131F8E770B5002414
:10671000844621F0004E4042C7F6F07474EB0E0040
:106720004FF0FF3028D323F000455642AC4138BF2C
:1067300070BD42EA0C0045EA0E0630430CD013EA65
:1067400001000BD4BCEB020071EB0300BCBF4FF0A7
:10675000FF3070BD0AE000BF002070BDB2EB0C003E
:1067600073EB0100BCBF4FF0FF3070BD8CEA02003C
:106770005940084318BF012070BD704770B5002410
:10678000844621F0004E4042C7F6F07474EB0E00D0
:106790004FF0010028D323F000455642AC4138BFEA
:1067A00070BD42EA0C0045EA0E0630430CD013EAF5
:1067B00001000BD4BCEB020071EB0300BCBF4FF037
:1067C000FF3070BD0AE000BF002070BDB2EB0C00CE
:1067D00073EB0100BCBF4FF0FF3070BD8CEA0200CC
:1067E0005940084318BF012070BD2DE9F041866B68
:1067F0000C4605464FF0000866B32C20314637465C
:1068000019F0B8FD0646B869411C02290BD3A04215
:1068100002D9001BB86106E0284639460422C7F8B1
:1068200018800CF007FA7869411CE5D0A04202D923
:10683000001B7861E0E7284639460522C7F8148036
:106840000CF0F8F978690028D6D12846394605F0C9
:1068500047FAD1E7BDE8F0812DE9F04178B304466D
:10686000B0F84000B4F84210081A80B219F0B2F93A
:10687000002628B3D0F84080B0F844702146882222
:10688000054619F017FDB5F87600C5F880602E634F
:10689000AE636E65A5F84470C5F8408020F4806052
:1068A000A5F87600B4F84000B4F842202118101A78
:1068B00082B28831284610F01FFE2E4600E00026E6
:1068C0003046BDE8F0812DE9F04385B0074610F869
:1068D000100C8846994616460228044608BF012433
:1068E000142888BFA0F1140497F8771057F8080C03
:1068F00015F080FDA0B14568A5B10C9A97F8771006
:1069000057E9033017F8047CCDE900860492E2B21F
:10691000CDE90279A8470546B0F1FF3F06DC02E069
:10692000FF2503E0FF25404618F022FA68B205B0C3
:10693000BDE8F0832DE9F843E8B10746DDF8209083
:10694000984615460E4657F8084F44B12078B04295
:1069500013D00820214619F00DFD0446F5E7E5B1F6
:10696000102018F015FA30B10446384608212246A6
:1069700016F07AFF02E0FF2010E035B16560267066
:1069800084F8029084F8018007E038460821224606
:1069900014F024FF204618F0EBF9002040B2BDE8C7
:1069A000F8832DE9F04194B003AC054698461646AD
:1069B0000F46204619F08BF9204602213A4633460D
:1069C000009502F09DFC08B1FF241AE01C98DDE957
:1069D0001A32016845B1CDE90020029103A80021D7
:1069E0004246E2F76DFE07E0CDE90020029103A8E0
:1069F00000214246E5F728FB0446002818BF4FF067
:106A0000FF3403A817F0E4FB60B214B0BDE8F081D6
:106A100070B50C46054621B12068164616F02EFAD0
:106A200008B14FF6FF76AE862E6BA64208BF70BD4A
:106A30002C63A4B1206890F82D1041F0100180F86B
:106A40002D10206890F82D00C00702D0284616F0BF
:106A50003CFA36B121683068884203D107E03446F9
:106A600005E0216805F13800483115F036FB216852
:106A700005F138004831BDE8704015F01FBB2DE925
:106A8000F0430B7983B3D1F800C0DF004FF0000E64
:106A900001244FF000091FFA89F1914224D2002904
:106AA0001FFA87F818BF0CF1010C9CF8006018BFA2
:106AB0000EF1010E002350FA8EF10231082B0DD099
:106AC00004FA03F7374207D00D782F4204D07D40F7
:106AD0000D700588013D05800133EFE7A8F1080737
:106AE00009F108093904D6D1BDE8F08370B588B042
:106AF00088B3054613F044FF68B3044690F85E017E
:106B0000C00704D1D4F8540119F063F918B3002078
:106B100004F59876CDE9060095F90D0001A909F074
:106B200054FD002803D4DDE90201CDE90601D4F8C3
:106B30005401B4F85A113246009006AB28460EF0C4
:106B400083FF94F85E0100F0FE0084F85E01D4F843
:106B5000540118F0B9FB08B070BD7047B0B50568B6
:106B6000044613F027F8002185F8241095F8212019
:106B7000033A022A28BF85F8251016F0FDFA0F48BF
:106B80008168B1F1FF3FDCBF4FF0FF31E9610C4993
:106B9000016020460DF02AF995F82000022804D162
:106BA0000848BDE8B04011F077BDD5E9002CE9698F
:106BB00095F821302046BDE8B04060478847024044
:106BC00001000080483601207CB50DF1070142F23A
:106BD000050002F043F8694642F2010002F03EF877
:106BE0009DF8070018B3009909B3114DEA68824275
:106BF00004D20121801A85F8201005E0914207D9BE
:106C0000002085F82000881A64214843A86402E027
:106C1000074819F034FB05F14404204617F0B0FE94
:106C200020460121012609F08AFC85F824607CBDFC
:106C30002C1000202DE9F041174F05460C4697F81F
:106C4000240010B312F0B6FF80461448866807F19E
:106C5000440018F0A3F900EB80004FF47A71400073
:106C6000B0FBF1F02860F96808442860B8882080FB
:106C70002868B04204D3801B28602088013020801F
:106C80005FFA88F016F078FA02E000202860208091
:106C90000020BDE8F08100BF2C10002070150020FE
:106CA0000D480E490E4A0F4BC161C0E905320E482E
:106CB0000E4941600E48002101600E4801600E48F7
:106CC0000E4901600E480F4901600F48018941F0EB
:106CD00002010181704700BF444F01206C3D01203B
:106CE000183C0120F43D0120343C0120BD5E03002E
:106CF00060540120585401205C54012075FC0400AC
:106D00005454012065E60400AC3D012070B5174CD9
:106D1000606808B1804730B304F1240019F048F9E5
:106D2000134E00253178E8B2884206D2F7F71CFDF1
:106D30002178013508432070F4E70E4E002014F846
:106D4000245BF0707070481E7E21B070B08BF080B4
:106D500000200DF091FFB078FE210DF08DFF204650
:106D60000AF03AFA00E00B25284670BD944A01204B
:106D7000BD3E012094390120F0B587B0ADF8181060
:106D8000059033B32AB31C466B46114605A81A4634
:106D9000FDF7B2F80546E8B9114F786808B18047A9
:106DA000D8B107F12406304619F002F968462146A9
:106DB0000022DEF757FB054638B9BDF80C1021B1AB
:106DC0009DF8100007F096FD3D7830460AF004FA71
:106DD00000E00425284607B0F0BD0B25FAE700BF08
:106DE000944A012010B586B0184C00218068CDE986
:106DF0000411CDE90211019402A9009105A904AA88
:106E000003ABEAF7B7FF05994FF6FF720988914285
:106E100001D00C4617E00399002918BF0121014059
:106E2000012904D1029911B101AA084602E050B12A
:106E3000049801AA2B2115F027FAFF2803D0019806
:106E4000204000F10044204606B010BDFFFF3F0087
:106E500070B5054612F0AEFE174E044696F82400B3
:106E6000A84386F82400306820B1B83013F0AEFC97
:106E7000054600E00025706818B1B83013F0A6FC94
:106E8000054396F8240030B92DB9306A18B190F84E
:106E90002810890704D42046BDE8704016F06CB96C
:106EA000456A204616F068F9306A02210022002463
:106EB000A847346270BD00BF1C49012070B5B0B056
:106EC0000FAC8421204619F013F8154803A90A468F
:106ED00090E86800042068C28DF82800CDE90141DF
:106EE00004F07AFE01A80AA9F9F7AAFC98B106AD48
:106EF0000C4904461422284618F0B6FA20462946C2
:106F000019F0D5F90546204617F07CF8002D18BF7A
:106F10004FF0FF3501E04FF0FF35284630B070BD2F
:106F2000AC3200001C3D012070B505780446FF2DF1
:106F300003D1607800F00F0070BD6678FE2D03D19C
:106F400006F0C000802819D010492046102215F004
:106F500003FC98B1FE2D03D1BF2E84BF052070BD68
:106F60000B4920460C2215F0F7FB08B10E2070BD2E
:106F7000217BA92904D1607BFE2801D1022070BDAC
:106F80000E207F2908BF022070BD00BF51300000D5
:106F9000F432000070B514460E4613F067FA40B3A1
:106FA000054690F89600C00702D056B1012E0FD0CA
:106FB000022E1ED1284621460022BDE87040F8F777
:106FC000BDB90E4B18F043FD98B1014620460BE0C9
:106FD000094B18F03CFD60B1084B064618F037FD30
:106FE000864206D020463146102219F063F900206F
:106FF00000E0FF2040B270BD00000101000101006F
:107000002DE9F041184F0646388CD0B10C46154694
:10701000314319D0ADB1396BF9B900EB40004000F4
:1070200017F09EFE014638630020D1B101220023F3
:107030003A743A8C934210D288800860013306314A
:10704000F8E70020BDE8F081386B4FF0000887F8C2
:10705000108017F08DFEC7F830800120BD833E718F
:107060003C72BDE8F08100BF384D0120F8B50C46F8
:1070700031B1184F0546388CA0420CD10120F8BD23
:10708000144DE86A17F074FE286B17F071FE0020AB
:107090002874286316E0F86A17F06AFE0026E000FC
:1070A0003E843E7417F05CFEF86240B100213D75ED
:1070B0003C84A142E2D2E0E802660131F9E7002017
:1070C00017F056FEB4FA84F00249002240090A84FF
:1070D000CA62F8BD384D012070B5044616480E4608
:1070E000C18D0131C185052031460BF00BFF134DD9
:1070F00031460B2205F1B00017F0F2FCB07A1049CE
:107100002C22013810FB021616F1140013D056F889
:107110003C1FC5E9090128462146E9F761FB50B14A
:1071200095F8B80010B13068013030604820BDE8F3
:10713000704000F007B870BD5C380120580E002088
:107140000411002070B5482824D109F027FC04461A
:1071500015480668D7F726F91449A41BAA224FF44C
:107160007A7360430978B2FBF1F2B3FBF1F3B0FB41
:10717000F1F09D1AA84204D90A48848E013484860D
:10718000A8101044181A484381004820BDE87040F8
:10719000ECF77AB80348C18E0131C186BDE8704072
:1071A00014F0FCB85C3801205C3E0120CC3E01208C
:1071B0002DE9FC41064616480D4630F81670384653
:1071C00012F064FDC8B100213A4604464FF00008B1
:1071D00018F0D4F90F48294684F801802670825DA2
:1071E000201D17F07DFC0C482146007804F09CFC23
:1071F0000446002818BF1A2406E08DF8046001A890
:107200001A211A24F0F7E4FE2046BDE8FC8100BFF5
:1072100074350000B8360000CE3E0120B0B5D0F87D
:10722000A420044642F0020016280DD1D4F8A01084
:10723000D4F8A830162A087808BF002801D0A56B1A
:1072400015B1B3F5805F01D90E48B0BD162A13D130
:107250001A1F130C4B70110AD4F8A0309970D4F88F
:10726000A010CA7040B1A06BD4F8A010D4F8A82028
:10727000D0F8B4312046984720460121BDE8B040FF
:10728000EBF7D0BA0094FFFF2DE9F041DFF858800A
:10729000074698F80000E8B91C4615460E4627B97F
:1072A00030460EF0EBFC0746B0B1F4F7B4FE3846BA
:1072B00031462A46234617F063FD0CF05DF805F0D1
:1072C00065FF19F055F802F04DF8F3F78EFE012036
:1072D00088F80000BDE8F081044805492722BDE890
:1072E000F04109F0AFBC00BFBB3E01208B3600006F
:1072F000E3120000B0B5174C6068216801EA000590
:1073000021EA0002680622601DD51348006800F4D7
:107310004000B0F5000F03D1104800680DF0E0FC0C
:10732000042018F037F9811E022905D20CF03EFE28
:1073300002200DF0EFFC03E0012808BF0CF036FE40
:1073400020200FF07DFA280648BF07F047FFA56010
:10735000B0BD00BF90220840B44F00507C510120C6
:1073600070B504880F2C1FD00E2C0DD00D2C29D1F8
:10737000D3B10C68651C954216D31A44954213D8B4
:10738000237803F10D0415E0022B0DD30C68A51C26
:10739000954209D31A44954206D823884FF6F266DF
:1073A0001BBA1C0CB44201D9FF200DE040F20D14B1
:1073B00004EB1344954239BF0D60511B0A60002154
:1073C000049A11800480002040B270BDDFF8549010
:1073D000154D164E164FDFF85C80484617F068FDD5
:1073E00028780028F9D0307800EB400157F83100B8
:1073F00007EBC10101F10804B1F904101CCCA0474E
:1074000014F08CFB2878317801380131287098F815
:107410000000B1FBF0F202FB1010307016F02CFBF4
:10742000DBE700BF883C0120D33E0120D53E012090
:1074300068130020C73E01202DE9F04180B3C66CDF
:107440000C4605467EB118F04DFB0646F869411C16
:10745000F8D0A04287BF001BF8612846394698BF84
:1074600015F0FFFCEEE7EE6C4FF00008C6B118F027
:1074700039FB0646B88C4107F8D5F96A4A1C022A3E
:10748000F4D3A14287BF081BF862C7E90A8840F01D
:1074900020009FBFB8842846002112F014FAE5E7C7
:1074A000BDE8F081F0B5DFF84CC0134F9CF80050F8
:1074B00005EB450647F8360010480478013404709F
:1074C0000F4804680134046007EBC6000D4C00F15E
:1074D000080681800C48691C1CC60078B1FBF0F2DC
:1074E00002FB10108CF800000848BDE8F0400FF0D7
:1074F0000FBB00BFDF3E012068130020D33E0120F8
:10750000A03E0120653B0100C73E0120883C0120D0
:10751000F0B5DFF84CC0134F9CF8005005EB450662
:1075200047F8360010480478013404700F480468A6
:107530000134046007EBC60081800D49C0E90223D5
:10754000096801610B48691C0078B1FBF0F202FB8D
:1075500010108CF800000848BDE8F0400FF0D8BAD1
:10756000DF3E012068130020D33E0120B4540120E7
:10757000A83E0120C73E0120883C0120F8B54FF00D
:10758000FF3100F11C02002300916946042B09D051
:107590001478E50642BFC4F381040C442370203202
:1075A0000133F3E700220023042A08BFF8BD8C56FC
:1075B000002C17D4E4B2DFB200EB441414F81C5FC3
:1075C000C5F38106BE4205D090F8806046F0010602
:1075D00080F8806003F0030605F0F305013345EA07
:1075E000860525700132DFE740291FD1C1784FEAB7
:1075F000311103291AD88178FF20A1F18002252AB0
:1076000016D8DFE802F02121212121212122212287
:10761000222221212221222222222222222222224D
:10762000222222222222212121212121FF200CE0BD
:10763000A1F141021E2A05D8012303FA02F2044BEC
:107640001A4201D1052900D2002040B2704700BF84
:107650001F00004010B5194A002808BF02F15C0065
:107660000E228B5C845C9C4220D101321F2AF8D10F
:107670000A780378934219D14A784378934215D116
:107680004A684368934211D10A7A037A93420DD132
:107690004A7A437A934209D14A894389934205D170
:1076A000898982898A4201D1002005E0017A6FF040
:1076B0000E00042938BF012040B210BDA4120020E2
:1076C00030B91948006808B1443001E01548B030BD
:1076D0004A884388934222D18A88838893421ED164
:1076E0008A79837993421AD10A880388934216D102
:1076F0000A890389934212D14A89438993420ED160
:10770000828989898A420AD1C189914207D1018A35
:10771000914204D1807C101A18BF012070470120CB
:10772000704700BFA41200208454012070B50E469B
:10773000FF2178B376B313F0C9F8F0B104461420F2
:1077400017F00EFBC8B10546307828707068686085
:10775000B068A8606878717800F0FE0001F001015F
:1077600008446870216851B108782A7882420CD99F
:107770000C2018F0FFFD0146F5E7FF210AE0204646
:107780000C212A4617F014FB03E00C202A4617F0C0
:1077900007FB002148B270BDF8B504461848002622
:1077A0003C27056835B3D5F8EC1209B12046884767
:1077B000B5F80402A04203D9001BA5F8040205E0B5
:1077C00028460121A5F80472E8F7DEF8D5F808028A
:1077D000A04203D9001BC5F8080205E02846012194
:1077E000C5F80862E8F7D0F80020294618F0C2FD75
:1077F0000546D7E72046BDE8F84016F079B900BF46
:10780000E4530120B0B50C46EFF311854FF0200191
:1078100081F31188BFF36F8FBFF34F8F826BC16B02
:107820008A420FD290F9451001328263CAB2FF2A10
:107830000CD00E4B1B698B4284BF511C80F8451045
:10784000012000E0002085F31188B0BD50F8241F0E
:107850000029F5D0EFF7F6FD01460120002CF2D00B
:107860000029F0D001202060EDE700BFDC470120B7
:10787000F8B50546B0F84C0060B32E4656F8447F84
:1078800047B3002039463C4618F074FD074694F88B
:107890005C00C00605D5A86D18B194F858000328FF
:1078A00018D3284621460FF045FF0028E8D030467F
:1078B0000021224613F092FFB5F84C000138A5F8DC
:1078C0004C00284614F0C0FDB5F84C101920E9F71B
:1078D0006DFE00E000242046F8BD70B588422FD030
:1078E0000D4649681446064607F048FB00B170BDD6
:1078F0007168284607F042FB0028F8D130682968F3
:10790000002C08BF01463160296818BF01460020DD
:1079100029607168884213D2B168AB68002C51F8B5
:10792000202053F8203008BF134641F82030A968C2
:1079300051F8203018BF134641F820300130E8E7F5
:10794000002070BDF8B544684FEA840CB2EB840F98
:10795000644613D8D4001546AC450ED0876825F090
:1079600003060135BE5904F018070834FE403606F8
:107970001CBF6FF00700F8BDEEE714460025002697
:10798000B4420AD0836826F00307DB5905F01807D4
:107990000835FB408B550136F2E7944505D201EBE3
:1079A0000C00A2EB0C0118F0A3FA0020F8BD70B592
:1079B00080B304464088B4F8091081429EBF00207D
:1079C000A08170BDA28891420BD8121A081AA17921
:1079D0004843A1894002B0FBF2F04143B1F5484F62
:1079E00003D30020A081012070BD4FF44842C1F5AF
:1079F000484100255043B0FBF1F600204CF2FF71E6
:107A000010F097FC864282BFA581012070BDA0893D
:107A10000130A081002070BDF8B50F6816460C46F5
:107A2000054657B195F90D10384610F0ACFC002012
:107A3000394618F09FFC0746F3E7AF6B6FB1384645
:107A400015F025F918B92046394613F057FF2C20B8
:107A5000394618F08FFC0746F0E75EB126684EB154
:107A60000020314618F086FC0746304600F08CFDB9
:107A70003E46F4E7687B217C814204BFFF202074EE
:107A8000F8BDF8B50768056B04464DB110202946CE
:107A900018F070FC0646284603F0D1FD3546F4E7A1
:107AA000256C55B10420294618F064FC0646204692
:107AB000294613F0ABF93546F3E7A56B55B11C2009
:107AC000294618F057FC0646204629460FF09BFA37
:107AD0003546F3E707F11C005021224613F07EFEE5
:107AE00020465821BDE8F84012F074BD2DE9FF4151
:107AF0000746C06E1C461646884617F0C1F978B195
:107B00000546F86E17F0C4F940B13CB90168406809
:107B1000BB6D0022CDE9001002A906E014B108B93E
:107B2000FF2014E0BB6D02A96A46384698470A98C0
:107B300018B1DDE900124260016016B102A96A467F
:107B400001E0694602AA2846434609F089FB40B293
:107B500004B0BDE8F08170B543784C79A3422AD2D5
:107B6000B0F90650848895FA52F2ADB2A54207D218
:107B700095B2A54204D30C790578A5421ED3ECB189
:107B800000244588C28092B2AA4215D32AB24FF08F
:107B9000FF36B2F1FF3FC8BF6E004680B2B24988DF
:107BA0008A4238BF1146FD2B41809CBF591C417051
:107BB00013F0E7F900E00024204670BD0124E0E75F
:107BC000B0B5054690F82C00032820D0D5F8580110
:107BD00090F8020BC0071AD148680C4690F85B0079
:107BE000410714D5800712D520680022811C284641
:107BF000F8F740F858B1616891F85B00000707D4C6
:107C0000284621460222BDE8B040EEF722BEB0BDB4
:107C1000D5F8580101F1140221680023D0F8A40C12
:107C20000231BDE8B04017F002BBB0B58AB2890599
:107C30004FF0000109D590F8543033B100F15704EA
:107C4000002113B117F076FCFBE7530508D590F837
:107C50006C302BB100F16F0413B117F06BFCFBE734
:107C6000130508D590F884302BB100F1870413B1C7
:107C700017F060FCFBE7D2040AD590F89C203AB1DB
:107C80009F302AB110F8013B013A19440231F8E75C
:107C900088B2B0BD7CB50446407840060BD420784D
:107CA000E0B112B304F10C030846194602B0BDE876
:107CB000704014F003BF254615F80C6B7AB1D4E977
:107CC0000130324617F0E1FE40B121782846022209
:107CD000242302B0BDE87040FAF790BD7CBD0020BF
:107CE0003246002317F0D1FE7CBD91F90D0004F15E
:107CF0000C02002102B0BDE8704006F02BBF91B32A
:107D000070B50C4601210022042A07D0A3185D7B20
:107D100015B15B7C194401310132F5E7CAB20A2181
:107D200017F046FAE17A002200F8011B04F1150170
:107D3000042A16D0A3185D7B85B15B7C9E01042BC1
:107D400008BF6FF03F06354300F8015B0D462BB1CD
:107D500015F8016B013B00F8016BF8E704310132C3
:107D6000E6E7BDE870407047017808390A292CD849
:107D7000DFE801F0062B2B0B1016272B2B1C220003
:107D80001248018801310180704710484188013153
:107D9000418070470D49CA680132CA60EFF77ABA6C
:107DA0000A498A6901328A6108F0FAB807498A6883
:107DB00001328A60EFF76EBA044881880131818010
:107DC00070470248C1880131C1807047A83B01203B
:107DD00089B36FF0C0020B0E02EA8112202B05D08E
:107DE000212B05D0A02B05D1302118E0102116E061
:107DF000202114E0B1F1807F01D240210FE0102B4F
:107E000005D0112B05D0402B05D1702107E0502162
:107E100005E0602103E09021502B08BF8021114331
:107E200041F00F0104C8531C18BF8A42FAD14FF029
:107E3000FF3140F8041C704770B5054611F0BAFEDA
:107E40000446686A01280FD06869114901266E62EC
:107E500001EBC000294613F05FFF0E496869CA684C
:107E600006FA00F01043C8600A48017859B9416920
:107E7000012908D10849096D102902DB074A103988
:107E80001160012101702046BDE8704015F074B901
:107E90006C470120F8460120DC47012000EF00E09C
:107EA000F8B5184D00260024696871B1487801289A
:107EB00006D11CB1A0888A88824200D20C460136C5
:107EC0000C2018F057FA0146EFE7CCB1A088002744
:107ED000677015F0BDF96968013E89B130060FD0B1
:107EE0004878012807D1A0888A8882421ABF101AD0
:107EF00088804F70013E0C2018F03CFA0146ECE7F8
:107F0000F8BD00BF98520120B0B50C460EF0F8F94C
:107F100040B31649B0F805200B7CA3B18B8BC2F39C
:107F200082259D420FD20A6B04EB440002EB400015
:107F3000C3784FF6FF70B3B904EB440332F8132053
:107F40008AB1886B0FE0008802F01F014FF6FF73C3
:107F500000EB41229A4238BF1346002908BF03466E
:107F6000180900E0002080B2B0BD00BF384D0120EC
:107F700070B50646164814460D46006880473068BE
:107F800001301DD0012C07D1307DC00604D5B0686A
:107F900010B131692844451A304605F029FE71694F
:107FA0003068224621F42061716129460FF0D8FB28
:107FB0000446084800688047601C18BF002404E09D
:107FC0000448006880474FF0FF34204670BD00BF72
:107FD0003054012034540120FEB5016804460026C7
:107FE000885D18B13A2803D00136F9E7134D22E035
:107FF000124D8F191FD0082EA8BF08268EB10DF183
:108000000300324601300B7800F8013C23B1013007
:108010000131013AF7D104E0022A02D3511E17F0D0
:1080200067FF0DF10300002181550FF0E9FA10B14F
:10803000791C054621602846FEBD00BF0C46012084
:10804000F8B528B10446C07E0138E076000600D0BD
:10805000F8BD144F7E6866B148203146354618F0A9
:1080600089F906466868A042F5D128460CF0AAFBBB
:10807000F1E794F9190014F083FF07F10C002021B7
:10808000224613F0ABFB606918B116F071FE0020B8
:108090006061206808B116F06BFE2046BDE8F8402C
:1080A00016F066BE085101202DE9FE4340B31E467E
:1080B00033B30A9D25B307460E9808BB1248DDE985
:1080C0000B8914460168D9B10868B84204D0082069
:1080D00018F050F90146F6E74F688FB1304617F0B7
:1080E0002FFF68B1014609482C702A464346CDF857
:1080F0000890CDE900503846F8F746FDBDE8FE830C
:108100004FF0FF30BDE8FE83C4530120D1FC0300D3
:1081100070B539B3054602F0C1FD742016F020FE9B
:1081200010B37421044617F0E3FE00262570A682E2
:1081300017F036FE207117F029FE0D4D608004F116
:108140000800A84704F14400A84704F13C00A847F0
:1081500008486C212246E664A4F85060043016F00A
:1081600027FE02E0FE2600E0FF2670B270BD00BFD1
:1081700091FF0400B0520120B0B50446C08AC00788
:1081800026D0164D0420A877D4F8A900C5F82300FE
:10819000D4F8A500C5F81F00D4E92201286094F89E
:1081A00090006960287294F89100E87238B105F186
:1081B0000C0004F19301112218F07CF802E094F80D
:1081C0009200287394F8A4006877284614F0A4FF5E
:1081D0002046BDE8B040F9F723B900BFC83A0120F6
:1081E00070B5134951F8205011F0E4FC04461248D0
:1081F000104E0560114835600068C06B8047114A19
:108200000146306813685BB90D4B1B789B00B1FBCE
:10821000F3F1814204D9B1FBF0F1414359431160BC
:10822000ECF78BFB2046BDE8704014F0A5BF00BF03
:10823000FC1900007454012070540120583E0120A4
:10824000CC3E0120543E0120F0B591B01D460446BD
:10825000C9B100206F460E4624218DF830200B90C6
:10826000FF200A908DF83100381D17F041FE07F10C
:1082700015003146102218F01DF801208DF8040079
:108280000AA8009003E06846282117F031FE282054
:10829000E3688DF839500A218DF8400068460F9048
:1082A00071208DF838000EAA2046984711B0F0BD15
:1082B000F8B580B306680C46054666B328203146FB
:1082C000374618F057F80646F868A0421ED9411CF8
:1082D00002D139690131F0D0001BF8606A6A002AC6
:1082E000EBD0E88A0328E8D8387D8106E5D4C007BA
:1082F000E3D0E969384690470028DED0E88A0130AB
:10830000E882387D40F020003875D6E728463946A7
:1083100006F080FED1E7F8BD2DE9F04389B00C46A8
:10832000054601A82021984617464FF0200917F06E
:10833000DFFD05F12006304608F0A4FEC5E91C4724
:10834000AC6914B92024C5F8189042F210702F6956
:108350004FF48072E86101A9304613F07FF960B9EB
:10836000601C109A4146430828462F2C88BF0023E2
:10837000002F58BF3B46F4F7FFF909B0BDE8F08382
:108380002DE9F041012704469508164688469007D6
:1083900018BF07EB92056068A8420DD0204611F087
:1083A000AEF900202946C4E90070A060204606F01E
:1083B000E5FD08B1BDE8F081204600210CF096F8FB
:1083C000B8F1000FF6D00028F4D1A168C6EB850003
:1083D00032460844414617F06DFFA068294613F065
:1083E0007DFD0020BDE8F08169B32DE9F04105462F
:1083F0001548DFF858800C46824288BF4FF6FF725E
:1084000032200126632A88BFB2FBF0F605EB450057
:1084100008EB800716F0ECFC3846022EFE8020F8B0
:10842000046F0BD305EB450108EB810131F8082FF0
:10843000322A03D3323A0A80711E01803C60BDE8C3
:10844000F04117F097B97047EDFF12002038012076
:108450000178072917D8DFE801F004080C17261C5B
:108460001621D0F8010005F05FB8D0F8010005F042
:1084700031B8D0F801000E4A0168406850600D48DC
:108480001160012101707047D0F801100D20F9F73B
:108490005FB9D0F801100F20F9F75AB9D0F80110E0
:1084A0001120F9F755B9D0F801100E20F9F750B99D
:1084B000884B0120DD5401202DE9F04F85B00F9E3F
:1084C0004FF0FF3526B3109F17B3BDB282469B46CF
:1084D00090468946284617F054FCB8B131463A46D2
:1084E000044617F0E7FE0C480E9A0C49CDF800B090
:1084F000406801AB0491514634C34A464346E6F70F
:108500005BFD0546204616F033FC01E04FF0FF35D9
:10851000284605B0BDE8F08F1C510120C9000200BB
:10852000BCB501A90446F9F7C9FC019810B3C57898
:108530004178102000EAD5000844013016F028FCEC
:108540006065B8B1019911F8012F013217F0B2FE40
:1085500068B2B0F1FF3F0DDC680604F1090158BFB5
:1085600004F11D010198626D407810441022013021
:1085700017F0A0FE94F87500C00701D0606D08B137
:108580000120BCBD0020BCBDF8B58568866A0446E4
:1085900056B13420314617F0EDFE074620463146ED
:1085A00007F076F83E46F3E7E6694EB150203146D3
:1085B00017F0E0FE07463046FFF763FA3E46F4E761
:1085C000E66C56B13020314617F0D4FE07462046FF
:1085D000314614F046FC3E46F3E728460021224689
:1085E00013F0FCF820466021BDE8F84011F0F2BF1E
:1085F000F0B587B0054601200E46002714468DF8D9
:108600001A00D5E946018DF80E70CDF81310CDF89B
:108610000F0017F015F9ADF80C0030B960693C2176
:10862000B0FBF1F00130ADF80C0003A8311D22467B
:108630000123CDE900702846DFF790FC044628B1FD
:10864000C02084F87800204600F022FF002C18BFDC
:108650000124204607B0F0BDF8B50D46044615F0DC
:108660007BF960B3C5B1E76C4FB3302039463E4665
:1086700017F080FE0746301D294615F0ADF800289A
:10868000F2D1E189B08C090602D510F4C07F16D171
:1086900040F08000B0840EE0E08900060BD4E56C69
:1086A0004DB13020294617F065FEA98C41F08001BC
:1086B000A9840546F4E7E08940F08000E081F8BD38
:1086C00070B5017F042929D10821F2F777FB002436
:1086D00010B30546B0F84000124E0838A5F8400027
:1086E00015FA80F000F18801E88DB0470146688BEB
:1086F000B0470146B5F84000B5F84220101A80B2E4
:10870000B04728460EF04CFA112085F84A402C4616
:10871000A5F873003220A887204670BDBDE87040E0
:1087200008F0D4BA07FC04001FB5134815496022AD
:10873000002302901148019000200090104806F09C
:10874000A3FE114CE061A0B107F0B2FE012810D1E8
:108750004FF0200080F31188BFF36F8FBFF34F8F6E
:108760004FF0FF302062012060610020A06107F01F
:108770007BFE064800681FBDBC3301209803002023
:1087800019C4030077360000DC470120E8360000FA
:108790002DE9FC47164DDFF85C8000240027902C63
:1087A0000BD0295939B128198089404488470028BD
:1087B00048BF6FF001071034F1E74FF000090DF1E9
:1087C000070A0026902E0FD0A81953468DF807905F
:1087D00081898468002041440A46A047002848BF98
:1087E0006FF001071036EDE778B2BDE8FC8700BFF7
:1087F00038140000A412002010B530B917480068E2
:1088000008B1283001E014483E300A8803889342BA
:1088100011D14B8844889C420DD10B7904799C423C
:1088200009D1CB88C4889C4205D10B8904899C421C
:1088300001D1002007E02AB1FF2A03D84988B1EB13
:10884000022F02D9F32040B210BD0079012818BFD1
:108850006FF00C00F7E700BFA41200208454012041
:10886000B0B586B00C4605460DF1170142F209007D
:1088700000F0F4F99DF81700D0B101A942F20B0005
:1088800000F0ECF9BDF804102846224610F0A8FDCF
:108890000DF10605044642F20300294600F0DEF918
:1088A0000FF03AFB02462046294601F03DF907E069
:1088B0000DF1060142F20D0000F0D0F99DF806001E
:1088C000C0B206B0B0BD2DE9FE4F05468B46C0894B
:1088D00000264FF0A0094FF01408A989084402307F
:1088E0001FFA80FA2889F4B29F30B0FBF9F7A7424B
:1088F00015D9E889A98908446968084446700120A7
:108900006A89D5E90013CDE900ABCDF80880F9F705
:10891000F1FD002803D401360BF1140BE2E700202F
:10892000A74288BF4FF0FF30BDE8FE8F7CB50D46F3
:10893000144601461E462A78686801F8012B16F095
:1089400067F9002111F0F4FB05F1080201210CF098
:1089500033FB1EB1022132460CF02EFB15F0A9F9B3
:10896000EA6995F820100DF043FD05F11003002C85
:1089700025460ECB18BF0125009509F0FDFA3CB144
:10898000D4E90013A26802B0BDE870400BF042BC0D
:108990007CBD80B370B5044690F896000021002598
:1089A00000F0FE0084F89600B4F8F00020F4807027
:1089B000A4F8F000204608F011FA04F18C0010F041
:1089C0000FF804F1980010F0B6FD84F88950C4F84F
:1089D0008851A56B55B12C20294617F0CBFC0646D3
:1089E0002046294603F07CF93546F3E72046BDE8EA
:1089F000704011F0DDBD70472DE9F0410646D0F81A
:108A00005C0138B390460D4616F04AFF10B3D6F815
:108A10005C0100270468F4B196F90D202046294630
:108A20000FF06CF802460028B2FA82F118BF01205C
:108A300049093943C90701D0074305E030462146BB
:108A40004346F4F777FB07460020214617F092FCD7
:108A50000446E0E7002707F00100BDE8F0817CB59F
:108A600090F8DA3090F89B50B0F89810D0F8A04009
:108A70009D4203D93222A0F8D82009E006D1B0F8EF
:108A8000D8203226A0F8D8605AB901E09D4208D318
:108A900090F8DC20012A04BF00207CBD0CB106291F
:108AA00001D206207CBD00F1D002009200229D423E
:108AB00000F1C80388BF0122481F81B22046E8F7B1
:108AC00055FC7CBD2DE9F04100F1880405461746B0
:108AD0000E46084611462246F1F78DF8E8B1B5F882
:108AE0009400000717D4D5F86C80204617F03AFBA5
:108AF0000E2810D1D5E92801424610F01DFF50B1D3
:108B0000B5F89400400506D5296C2846A5F8C47030
:108B1000C5F8C0608847002500E0FF2520463E21BB
:108B200017F0E6F968B2BDE8F081F8B515460E46D3
:108B300011F014FFB8B104464AF2ED000627854251
:108B400008BF0427256C36786DB1688900F00700EE
:108B5000874202D1687BB04208D04020294617F0F6
:108B600009FC0546F0E7E7263046F8BD287B694654
:108B70008DF80000D4F8A000D0F868018269904711
:108B800006460028F0D1284621460AF09DF9EBE779
:108B9000B0B50C46097801F007010170227802F0A7
:108BA000F8021144024602F8011B217801F0070186
:108BB00006291ED8DFE801F0171D041D041D0A0058
:108BC000811C607838B110700A4612E0608880B16C
:108BD0000025114603E0002001251070608817F081
:108BE0008FF902462DB1A0881146BDE8B04017F0BC
:108BF00087B91046B0BD7047B0B50568044610F09F
:108C0000D9FFA97819B1BDE8B04014F0B5BA002178
:108C1000697014F0B1FA0E488168B1F1FF3FDCBF12
:108C20004FF0FF3169600B4901602046FCF7FEFD03
:108C3000287A022804D10848BDE8B0400FF02CBDC6
:108C40006B7AD5E904C269682046BDE8B040604748
:108C5000884702400300008048360120F8B50646E8
:108C6000A0F5005080B21E28074628BF4FF6FF77B8
:108C70001D2884BF6820F8BD0C4610F09BFF0546F8
:108C800042F20F00864203D10C49204602220AE03C
:108C9000084A07EB8700084B12F8101002EB40005F
:108CA00042782046194415F01BFF284614F064FA58
:108CB0000020F8BDB80A000070150020AC3E01206D
:108CC00070B59AB0064614480D460068804701AC5E
:108CD0003146204616F022FB304616F034FB06469D
:108CE00020442946013016F019FB284616F02BFBCC
:108CF0000A4D30442246831CF72029460CF072F8B6
:108D0000284600210DF03CFA0548B5F900400068FE
:108D1000804720461AB070BD30540120DA3D012052
:108D2000345401201548164AD0F8841000681140C8
:108D3000144A914214D1C0F34061C0F3C052C0F351
:108D400003300F280FD008280AD100294FF0FF3038
:108D50004FF0FF3308BF1720002A08BF184600E075
:108D6000FF2040B2704722B91C20002908BF1B20F9
:108D7000F7E71A20002908BF1920F2E794120050E3
:108D800000F0FF0F0070B70BB0B5134D0124E86B76
:108D900001680120884701281BD028683C21012256
:108DA00000230024C5680D48A84790B10BF0C6F811
:108DB0000B480C490068D1E900238860C01A0A4BAF
:108DC000A2EB92025843B2EB104F98BF020C012461
:108DD0000A602046B0BD00BFA401001000A00C40F6
:108DE000302009406C51012040420F002DE9F8432A
:108DF00005461548DFF854908846002400F1140613
:108E000099F80000C1B28C4228BFBDE8F883FF2D5D
:108E100008D156F8107C16F0D7FC874209D099F893
:108E2000000003E016F8141CA94202D018360134E1
:108E3000E8E716F0BBFE31680A6822EA08020A6019
:108E4000BDE8F84317F07CB98434012001530120B8
:108E5000B0B51448144D807B95F83911084306D0FD
:108E600010F0A8FE95F83B1121B114F085F900240B
:108E70002046B0BD012485F83B4114F07DF9022065
:108E80000DF04EF90D20F2F709FE0848016800299F
:108E9000EED1074940220A604A60002185F83A1164
:108EA000C461E4E7642E00003841012004800C40D6
:108EB00038500C4079B36FF0C0020B0E02EA8112F9
:108EC000202B05D0212B05D0A02B05D1302118E077
:108ED000102116E0202114E0B1F1807F01D2402161
:108EE0000FE0102B05D0112B05D0402B05D17021A0
:108EF00007E0502105E0602103E09021502B08BFDE
:108F00008021114341F00F0104C8531C18BF8A424D
:108F1000FAD140F8041C70471CB51548017E02299F
:108F200004D11920BDE81C4015F052BD017E012975
:108F30001DD0007E04281AD010F03CFE044601A883
:108F4000F4F784FB28B101990A4831B114F074F99F
:108F50000AE0084817F082F806E017F07FF80648A4
:108F60000421283012F0E7FE204614F005F91CBD5C
:108F7000B4480120DC3601201C490120B0B54FF077
:108F8000FF3015F03DFD104D04461049E869884258
:108F90000DD10F480F49002214F0FAF8022028766C
:108FA0000DF0D6F818B9F6F77FF9DDF7CDFE0A48CF
:108FB000044208BFB0BD09484FF000512830BDE859
:108FC000B04012F0B8BE00BFB4480120D1AC0000E0
:108FD000E44901208D3B0200020000401C490120B1
:108FE000BCB51C46134601AA05460FF085FD00B12D
:108FF000BCBD019878B1296891F90020002A0AD4F3
:10900000013170B111F9012C1AB92960013101380F
:10901000F7E7042802D96FF06300BCBD01D1002A34
:10902000F9D40021216088420AD02B6822680131DE
:109030001B7843EA022222602A6801322A60F2E7A2
:109040000020BCBD2DE9FE4305464FF48870144650
:1090500088460292ADF80400908EADF80600E868EC
:1090600017F0F0F901464046D3F776FC064616F0B5
:1090700083FE074616B10FB9FF2012E0E8680DF134
:1090800004093A46434600944946E2F7E9FCAD68D4
:10909000384631464A462346A847384616F080FFF0
:1090A000002040B2BDE8FE832DE9FC4116460D4686
:1090B0000DF026F928B3DFF85080D8F8247007B3F4
:1090C0000446008860B1628898F9140000962B4627
:1090D0001109102A4FF6FF7238BF4FF6FF71B847DB
:1090E00098F81000012809D1D8F8300005EB4501A7
:1090F000002240F8112000EB410082800020C4E9EA
:109100000000BDE8FC8100BF384D01202DE9F04191
:109110008AB0074615480E461C461546016801B33D
:109120004868B84204D0082017F024F90146F6E751
:109130000F68B7B103A9002032464FF0000811F0C4
:1091400033FD287814F0B0F958B1611E0246681C4E
:1091500089B28DE8030103AB3846002104F002FC1C
:1091600000E0FF2040B20AB0BDE8F081C453012006
:1091700010B51348006810B1114816F071FD10F0D9
:1091800019FD104900240A6813681C7112680A60EE
:1091900013F0F2FF0C48017811B90C49097839B184
:1091A00004700A4804700BF0D5FA0948007800B141
:1091B00010BD00200021BDE81040E9F7A0B900BFB4
:1091C0008C3E0120FC3D0120C83E0120CB3E012009
:1091D000D654012070B5154D286810B912F0DEF88C
:1091E00028684068124E007800F02000307010F0BF
:1091F000E1FC04460F480178832907D1317851B149
:10920000286890F8780008B912F0C8F82046BDE840
:10921000704013F0B1BF85210170204613F0ACFF00
:109220000020BDE87040EFF797BD00BF90540120CB
:10923000DB3E0120CF3E01202DE9F0418CB00C46F1
:10924000179F14991646DDF854802246069708ADFC
:1092500003911399CDF81080059502911299CDE9EB
:10926000003101213346D5F728FDA0B91698002119
:109270000022CBB2BB4205D2C65CEB5C013173402D
:109280001A43F6E732B14046214614F0ABFF6FF0C7
:109290000E0000E000200CB0BDE8F081F8B5174FDB
:1092A000044607F1800011B30CB30D460979164648
:1092B0004A1F022A08D201206C2116F01FFA6060B2
:1092C000C8B116F027FD09E0042910D101205C2166
:1092D00016F014FA606070B116F00DFD2EB1A97988
:1092E000022016F00BFAA06010B100202560F8BD36
:1092F000204605F01DFE3846F8BD00BF80AEFFFFDA
:109300002DE9F843914606460D46084619460122C6
:109310001C460EF02DFB0746114877B179691029DC
:109320000BD1022D0BD1DDF8208030460DF068F90D
:109330003046394609F0F4FE20B1BDE8F8838030AC
:10934000BDE8F883B8F1000F30464946224618BF01
:109350004FF00108434601B0BDE8F04308F0CCBE31
:10936000009FFFFFB0B586B01448002100220DF029
:10937000B7FB00B1FEE701AC204614F047FF022026
:1093800069460090204615F0D9F90546204601218E
:1093900016F00EFA0543204640F6D86116F01EFF7F
:1093A000284300D0FEE70648064A01A90023F0F74B
:1093B00043FD00B1FEE706B0B0BD00BFFC3B01209D
:1093C000383E012029FF040070B5044690F83000B3
:1093D000010744BF012070BD00F0F4000021022508
:1093E0000A3084F834104FF6FF71658684F8300037
:1093F00020460EF065FA20464FF6FF7107F04EF951
:1094000094F83000400703D52046002111F0DDFB21
:109410000126204684F8206104F0F2FDD4F86C01A6
:1094200084F82E6080F86C50002070BDB0B51C46EA
:10943000022910D0032916D11448016840686060E1
:109440002160D2F80200D2F80610A06080F002007D
:10945000E160207215E0951C284616F04DFD4FF690
:10946000FD71884201D90020B0BD0748016880889D
:10947000A1600649A0810A68496861602260288865
:10948000E0810120B0BD00BF14360000143500009B
:1094900050B3BFB5154D044602218DF80810019454
:1094A000286801302860002003908DF803004FF4F5
:1094B0000060ADF801000E4800788DF800006846A5
:1094C0000FF016FA70B1286801382860A08F0005E7
:1094D00005D42046A0210AF032FC044610B12046F3
:1094E00007F0F4FBBDE8BF40704700BF943E012089
:1094F000F44E01207FB5054690F8C1000C4605F1F9
:10950000C40640F0080085F8C1003046F6F766F959
:10951000002813D40B480E4A0E4B294602900A48E5
:1095200001900A48009030460FF07AFDE86E21461F
:10953000C26E3046DAF7E6F8C01100E0FF2040B214
:1095400004B070BD85A70400D97B0400EFF30400CC
:109550006923030075D70300F8B5174D044622218F
:10956000A88A6081688DA081A87D2070E86A60600B
:1095700095F830006070A8782072E87D607295F8E8
:10958000730084F8300095F8740084F8310004F119
:109590000E0016F0ADFC0020112804BF0020F8BD1D
:1095A000231829180130CA789E7BDF7F32439A73D3
:1095B000097E3943D977EFE774440120B0B5B0F89C
:1095C000543047F6FF72934203D0B0F856109142E0
:1095D00006D190F85B1001F0FE0180F85B1010E0FE
:1095E0000E4CDA082478E51DB5EBD30F88BFB5EB38
:1095F000D10F07D804F10D03934238BFB3EBD10F5D
:1096000007D3B0BD90F85B3003F0FE0380F85B3009
:10961000F0E790F85B1041F00101DEE70353012011
:10962000F8B550B304461648FF27056835B305F56D
:10963000C2760020042815D005EB8001D1F88411F2
:1096400009B10130F6E723892268C1B2304613F030
:1096500049FC616829B1608918B1C2B2304615F081
:1096600007FC0027304604F093FDA5F8BC0100205C
:10967000294616F07FFE0546D8E7FF2778B2F8BDE9
:10968000E45301200068002101700A20F2F7C4BCF5
:10969000EFF30980BFF36F8F154B1A681EF0100FA0
:1096A00008BF20ED108A20E9F04F10602DE9090075
:1096B0004FF0200080F31188BFF34F8FBFF36F8FFF
:1096C000FAF7B4F94FF0000080F31188BDE8090003
:1096D00019680868B0E8F04F1EF0100F08BFB0EC32
:1096E000108A80F30988BFF36F8F704700BF00BFF7
:1096F000A0540120BCB504460DF1070142F2080058
:10970000FFF7ACFA9DF80700022808D078B901A944
:1097100042F20C00FFF7A2FA9DF8040002E0204696
:1097200008F0AAF994F8201011B101202070BCBDF6
:10973000C5B228460AF0C2FD0020A4F87C50207073
:1097400094F8220018B994F885000028EFD0102072
:1097500015F0AEFABCBD2DE9F041D0F8A8501F4677
:1097600016468846044625B12046414632463B46C9
:10977000A847D4E928010F40064056EA070008BF71
:10978000BDE8F08120464146802207F017FAC4E97F
:109790002C6740B1D4F8A8108160D0E90812B14319
:1097A000BA43C0E908120020C4F8A80004F1500030
:1097B000BDE8F0410EF070BF10B5FCF7DFFF0028E8
:1097C00001D0002010BD012010BD00BF10B5FCF776
:1097D000D5FF002801DB002010BD012010BD00BF17
:1097E00010B5FCF7CBFF002801DD002010BD0120E3
:1097F00010BD00BF10B5FCF789FF002801DA00207A
:1098000010BD012010BD00BF10B5FCF77FFF002880
:1098100001DC002010BD012010BD2DE9F843984661
:1098200015460E4604460DF036FBDDF8209038B1A3
:109830000999FF2920D0C0E901894170BDE8F8836A
:10984000242015F08DFA07460020AFB1FF21C7E9AB
:109850000400B8612A46C7E901893D70797039462C
:1098600041F80C0F084631460CF002FD20461C2141
:109870003A4615F09DFA3846BDE8F88370B51446AF
:109880008278038843EA024515F4C03F26D02A06B1
:1098900005F4C0434FF0020258BF0322B3F5804FD6
:1098A00018BF03228E180FF0A5FE3044C5F38021A7
:1098B000C5F3C13200EB4100911EB1FA81F14909B3
:1098C0004900032A08BF08214A1E54FA82F229B12E
:1098D00010F8013B013902F80139F8E770BD1FB5F6
:1098E00088298DF80F2009D086290BD1D0F86C314A
:1098F0001C7804F03F0444EA82120CE0D0F86C318A
:10990000DA7009E0D0F86C3102F007021C7804F03C
:10991000C70444EAC2021A70D0F8680178B1C3687B
:109920006BB101228DF800100A218DF808200DF18D
:109930000F02019200228DF801206A4698471FBD50
:109940007FB55D298DF80F2005D0522923D14FF620
:10995000FB74042303E06FF004039C1C0223D0F883
:109960006C51AE893440002A18BF1C43AC81D0F83A
:10997000680190B1C368002483B101228DF8001002
:109980000A218DF801408DF808200DF10F02019297
:109990006A46984702E0FF2400E0002460B204B069
:1099A00070BD2DE9F843012504468E08994690467E
:1099B0000F46880718BF05EB91066068B0420DD0CE
:1099C00020460FF09CFE00203146C4E90050A06004
:1099D000204605F0D3FA08B1BDE8F88320460021FF
:1099E0000AF084FD0028F7D1A168C7EB86003A464B
:1099F00001444846C047A068314612F06FFA002083
:109A0000BDE8F883F8B500F11D0604460D46304662
:109A100013F03DF958B1B4F84000B4F84210091AF7
:109A2000142904DB211811F88C0FFF2805D014B17C
:109A3000204607F04BF90020F8BD284611F04EF8FB
:109A40000028F4D00746408A0028F0D02846314646
:109A500012F06EFC0028EAD100207882387C00F0F9
:109A6000FE003874E3E72DE9FC41984614460F46A2
:109A7000054610F061FF60B10646C06E39460FF032
:109A800097FB78B190F85C1029B190F85D10A14275
:109A900001D1002615E00621012680F85D4080F8FE
:109AA0005C100EE0D6F878C06A4628463946002396
:109AB0000026E04728B10198214642460EF052F9AF
:109AC00006463046BDE8FC817FB510F073F8114EB4
:109AD00004463078C8B901AD284614F0ACFC00202B
:109AE0000E4A27212B468DF80C004FF0FF300290D4
:109AF0000948F9F77DFB0A48012101250EF04BFAD0
:109B0000084800210EF047FA3570204613F034FB68
:109B10007FBD00BFE35401208C3B01204FCD0100ED
:109B2000F8350120483601202DE9F0414FF0010EB3
:109B300000254FF0FF3800270123FCB294421BD2CE
:109B4000DE0719D011F8013B07F1080C0024072C9F
:109B50000BD82EEA0306354458FA85F6864205D01E
:109B6000DBB2013401375B08F1E76746072C4FF0A1
:109B7000000388BF0123E0E7D80702D0002016F0D9
:109B80007EFB2046BDE8F08148B37CB504460DF16C
:109B9000060142F20400FFF761F806F0FFFE0546F9
:109BA00066680DF1070142F20600FFF757F8627A86
:109BB000A81B0C49FF2AB0FBF1F0217A08BF0A224A
:109BC0009DF80730FF2B08BF0A231A444243880838
:109BD0004FF47A714843824238BF10467CBD002062
:109BE000704700BFA08601002DE9F0478AB0064605
:109BF0008800994690460C1D00270DF1080A8DF843
:109C00000700200412D0A5B2B1B248465246202D1A
:109C100028BF20252B4614F003FFF8B251462A46F0
:109C200012F0BEFB07462E44641BEAE7F8B20DF1C2
:109C30000701012212F0B4FBB0EB080018BF0120AD
:109C400040000AB0BDE8F0872DE9F8430546144806
:109C5000DFF8508089460321002400F10C0798F8B2
:109C60000000C2B2944218D217F80C2CAA4211D1AB
:109C700015F09CFF0646B868016841EA09010160D9
:109C8000386808B10CF044FF304616F059FA98F8DD
:109C90000000002118370134E3E7C8B2BDE8F883BB
:109CA000843401200153012070B515F0A1F8154C42
:109CB000002502266168657041B1487808B9013510
:109CC0004E700C2016F056FB0146F5E7FEF7E8F85B
:109CD000646803268CB128060FD06078022806D16C
:109CE000A268618894F9000066709047013D0C20DD
:109CF000214616F03FFB0446ECE7BDE8704015F046
:109D000039BD00BF9852012010B5044600680130EB
:109D100028D06169C80622D4080605D5204600214E
:109D2000022216F0E7FA6169880604D4480644BFA7
:109D300041F020016161626801206AB911F00402FA
:109D40000AD101F00702204600214FF48073EDF79D
:109D50000DFBB0FA80F04009E168216110BD41F4CB
:109D600080606061002010BD70B504460FF022FFD6
:109D700010490D6B8E6913F0FFF90F484FF47A719B
:109D80000E4BB6FBF1F205FB00600D4E02FB03002B
:109D90007543B0FBF1F10A4401FB03000949521974
:109DA00001FB00F04FF0000141F10001A060C4E9A7
:109DB000002170BDDC470120C976BEFF18FCFFFF03
:109DC0003789410040420F002DE9F04188460546A1
:109DD00012F0AEFA08B1002020E04046FDF7A4F8EA
:109DE0000646284400F10F040E4807688FB1AF42C1
:109DF00009D0B8192178C07B884204D13846414641
:109E000012F096FA28B92420394616F0B3FA07461C
:109E1000ECE70020002F08BF4FF0FF3040B2BDE854
:109E2000F08100BFF84E012070B5002802D405462D
:109E3000092802D94FF0FF341DE010480068804720
:109E40000F4E56F8351089B106EBC5000969406818
:109E50008847044601300BD056F83500002146F8FB
:109E60003510418921F00101418101E04FF0FF34BB
:109E7000044800688047204670BD00BF3054012070
:109E8000E44A01203454012048B32DE9F843DFF8B7
:109E900054900C468046D9F80050CDB14020294658
:109EA0002F4616F067FA0546B86AA042F5D2484632
:109EB00040213A4611F092FC3E6B2EB1BA8E97F9D2
:109EC0003A0039460023B047384613F0C3FFE4E7B1
:109ED000D8F80C002146BDE8F843F1F7C3BB4FF0BA
:109EE000FF307047F4530120F8B5154F0446387819
:109EF00020B9144815F044FC01203870002670B2D7
:109F0000002819D40FF09AFF08B10136F7E71420A2
:109F100014F026FF80B1054684600020A88003204D
:109F20002E70687014F064FF381D0C212A4614F05E
:109F30003FFF15F01FFC00E0FF2670B2F8BD00BF28
:109F400098520120A99C030070B50546C87C0C46B8
:109F500010B91448C089E0612E4656F82C0FA04273
:109F600009D030462021224611F038FC304620210D
:109F7000224613F079FCA07C062809D003280ED1D4
:109F8000288840070BD50420A07441F2883005E0F2
:109F9000A06920B9617C284610F020FAA061204613
:109FA00070BD00BFDC5001202DE9F0418046087CE7
:109FB0000C4600F0FE000874124898F8025007683A
:109FC000CFB1282039463E4616F0D4F90746B0797D
:109FD000A842F5D130790628F2D17078C007EFD1C8
:109FE00006F11001204613F063F90028E8D030464E
:109FF00004F048FEE4E740462146BDE8F0410AF09F
:10A0000073BF00BFB4530120F0B589B06C4605465C
:10A0100000210B220B2704F11906304615F0AEFA89
:10A02000022005F132018DF8180004F10C0014F043
:10A03000C4FBA01C05F1280114F0BFFB094805F181
:10A040001C01C08CADF81600304616F09AF86878FE
:10A050008DF800708DF801002046FDF785FE09B0EF
:10A06000F0BD00BFFC15002010B50446007D01289E
:10A0700005D0152803D0352801D0252817D1207EFA
:10A08000000714D40E48617890F8820050B11B2963
:10A0900006D1012010F0EEF84FF4806014F000FEBD
:10A0A000002161702046BDE81040EDF791BF072008
:10A0B0002146207003480078BDE8104001F034BD0F
:10A0C000FC150020CE3E012070B5134E044696F8D4
:10A0D000530013F00DFA054696F8530013F008FAF2
:10A0E000411E04290AD80D4951F820000968B0FB27
:10A0F000F1F0A021B1FBF0F009490860681E0428C6
:10A1000006D808480649C06809682044484370BD1D
:10A1100011F044F9002070BDFC15002058510120B9
:10A120009C540120F450012070B50C4604201146C7
:10A13000164608F0E7FE124D31460B2205F1B0003D
:10A1400014F0CEFCB07A0F492C22013810FB021615
:10A1500016F1140012D056F83C1FC5E90901284633
:10A160002146E4F71FF848B195F8B80010B13068FF
:10A1700001303060BDE87040E0F72ABF70BD00BF1D
:10A18000580E00200411002070B50D46064615F04B
:10A190000DFD0446D4F706F90146B5FBF0F0022E9A
:10A1A00006D0012E14D1A94209D90C48006803E059
:10A1B000A94207D90948406815F0E6F908E00949BD
:10A1C000064B02E005490B1D05490022F8F7D6FAB7
:10A1D0002046BDE8704015F0B3BF00BF0453012016
:10A1E00051FF040059FF0400B0B5044608B911F04E
:10A1F000D5F8606890F90110B1F1FF3F00DDB0BD06
:10A200000021034660655A7802F07805782D0AD05F
:10A210001D7862F30A25AA1C1144134422898DB2C9
:10A220009542F0D301E0228902318BB29A423EBFBF
:10A230000020A4F85800B0BD521A10FA81F0A4F81A
:10A24000581022816060B0BDF0B585B01F4616463B
:10A250000D4610F00BF918B30446D0F86801F8B1B8
:10A260000A998DF812708DF811608DF810508DF8E4
:10A27000131004218DF80C1004A9C3680291F42175
:10A280008DF8041001AA0A219847F5206A46032197
:10A290008DF80000D4F86801C3689847002000E0FA
:10A2A000FF2040B205B0F0BD50B370B50446006E5B
:10A2B00001280FD0134D201DA84704F11000A84716
:10A2C00004F11C00A84704F1280010F03FF804F145
:10A2D0004C00A847606F68B100250026D4E91D0135
:10A2E0008E4205D2284410F031F824350136F5E7C6
:10A2F00015F010FA20467C21BDE8704013F072BFC3
:10A30000704700BFFF96040070B54268541E224695
:10A31000631C05D0846854F82250541E002DF6D0DA
:10A320004C68651E6C1C06D08E6856F82560013D91
:10A33000002EF7D000E0ABB1A34201D9012070BDDF
:10A340009C420CD8531C0DD08B68846853F8223083
:10A3500054F822409C42F1D8013A9C42F2D24FF08C
:10A36000FF3070BD002070BD70B588422AD00D4608
:10A3700049680446B9B14842890002460E46013098
:10A3800006D2A968314451F8043C311F002BF4D0A7
:10A390006368286851428B42206008D2204604F04E
:10A3A000EDFD50B170BD20460FF0A9F90AE0A0689C
:10A3B00099188900304415F09BFDA968A0683246C1
:10A3C00015F078FF002070BD2DE9FE4F0646154CB4
:10A3D0000068029304F1800760B10D4601920DF10F
:10A3E000300BDDF83CA09BE8000B02A9284611F0D9
:10A3F00084FD10B13846BDE8FE8F3068D0F814C037
:10A40000BCF1000F0CD070680CA981E8000BCDF8EE
:10A410003CA02946029B019A03B0BDE8F04F60477B
:10A420002746E7E700C1FFFF2DE9F04728B30F46B5
:10A4300019B391460AB305462C209846A847002632
:10A44000E0B100F1100A04461C21504615F050FD01
:10A45000012084E8A002C4F80C8084F82B00504648
:10A4600015F096FD0220666284F8220040F6032073
:10A47000208504480680264600E000263046BDE8D8
:10A48000F08700BFC2390120F8B505465C2014F002
:10A4900067FC044620B320465C2115F029FDFF200F
:10A4A00004F11C06E5742073304613F0B2FC04F18D
:10A4B0003807384613F0ADFC012D0CD14FF4007075
:10A4C0004FF40061A06430460CF052FB38464FF464
:10A4D00000610CF04DFB03485421224614F068FC47
:10A4E0002046F8BD04540120B0B5054611F0D6FA57
:10A4F00038B3E87CFFF7C8FF18B30446A86910F02A
:10A500002FFDD8B141210460A0616173A87CA074C3
:10A51000E87CE074287D2075687D6075A87BA56067
:10A52000A073208A411C8AB28A4218BF024628467C
:10A5300000212282224614F03BFC03E020460BF06F
:10A54000E3F800242046B0BD1CB50446062290F86E
:10A550002A0094F82C10052938BF072282421DD901
:10A56000013084F82A00C0B2032811D1D4E90001D7
:10A57000002391F90D20016800200090B020F9F728
:10A58000D9F9D4E9000191F90D1018300EF0F9FF56
:10A5900020460121BDE81C40E9F7ECBD20465021D2
:10A5A000BDE81C4011F07BBDB0B586B00446D0F8C4
:10A5B000580120B30D460491098800F6984013F025
:10A5C00075FC059004A920460122ECF742F9D5F864
:10A5D00002000C4AD5F8061002901368526880F009
:10A5E0000200039100218DF8080094F90D00CDE9D7
:10A5F00000326A4602F0FAF920460DF003FF06B079
:10A60000B0BD00BF14350000B0B50C461449154D5F
:10A610000968002918BF0D46611C0122A35C0132A4
:10A62000002BFBD1002818BF0546901E202801D919
:10A63000F52012E0681CD5F787FA68B9608C698C40
:10A64000814209D1A08CA98C814205D1E08CE98C92
:10A65000081A18BF012000E0012040B2B0BD00BFC1
:10A6600084540120A4120020164A002808BF02F1D9
:10A6700098000B6802689A4221D14A684368934265
:10A680001DD18A688368934219D18A89838993424C
:10A6900015D1CA89C389934211D10A8A038A934288
:10A6A0000DD14A8A438A934209D18A8A838A934286
:10A6B00005D1897D807D401A18BF01207047012097
:10A6C000704700BFA4120020B0B540B3054610F09B
:10A6D00057F908B1002523E04FF46A7014F040FBED
:10A6E000D0B10446C0F8B45200F51F70342115F003
:10A6F000FFFB04F52E70142115F0FAFB002520460F
:10A70000C4E9B455C4E9B655EEF752FC054800213A
:10A71000224614F04DFB03E0002014F029FBFF2536
:10A7200068B2B0BDE45301202DE9F04120B30446E6
:10A7300014484FF0FF08056805B313F019F92268B3
:10A7400023890021064612F0CDFB05F5D677314668
:10A75000384608F001FF18B1304615F069FE05E0F3
:10A760003846314615F044FC4FF0000800202946D9
:10A7700015F000FE0546DFE74FF0FF084FFA88F0BE
:10A78000BDE8F081E453012070B546680C460546EB
:10A79000964204D1A96820460BF000FC10B3204675
:10A7A00014F0F4FD032E1AD3AB6819782A2916D1B8
:10A7B00013F8011F2E2912D1002290420FD0A15C64
:10A7C0002E2901D00132F8E74AB1811B01319142B3
:10A7D00005D1A118821A18460BF0E0FB10B14FF01A
:10A7E000FF3070BD002070BD0F280ED840F202521D
:10A7F000DFE800F014101210080D081010100D10F2
:10A800000810100D4FF2011208E01E2802D141F28B
:10A81000011203E0002201E04FF4817231B1FF29FF
:10A8200007D14FF203101040C03008E042F0300072
:10A8300005E0C8070CBF42F0200042F01000000401
:10A8400000F20370704770B50E46054610F046F9E9
:10A8500040B10446808A4FF6FF7188421CBF013028
:10A86000A0821DE03078FF2819D130460CF002FE9E
:10A87000A8B9202014F074FA88B131461022044699
:10A8800015F018FD012018212246A08205F1440090
:10A8900014F08EFA2846214604F0B0FE00E00024B1
:10A8A000204670BD2DE9FC41984614460E460746E9
:10A8B0006D46B0B2032815D3284639460FF010FD77
:10A8C0009DF8040010F07F0108D062799DF80530F2
:10A8D0009A4203D1009A1378434506D0881C074456
:10A8E000361AE6E70020BDE8FC81511C01382160E2
:10A8F000217900F07F0001F0800101442171BDE861
:10A90000FC81FEE72DE9F047144F8A4605464FF0DB
:10A91000FF394FF000083C68BC421CD02646246832
:10A92000307D0028F8D065B1F068504509D1306914
:10A9300010B15044F06001E086F81480D6E90610AA
:10A940008847307D0028E7D0F068A0EB0A00484532
:10A9500038BF8146E0E74846BDE8F087281400206C
:10A96000B0B515F0DBFC0FF025F904460FF04CFCF8
:10A97000104D95F9420013F0A7F90F48007812F036
:10A98000C3FDE88C14F096FE688D14F099FE05F175
:10A99000440014F07DF9204612F0EEFB95F84300D8
:10A9A00009F08CFC05F129015220BDE8B040DFF729
:10A9B000EFB800BFFC150020C43E01202DE9F04196
:10A9C00004461348DFF84C800027002600F10805F4
:10A9D00098F80000874217D215F8080CA04210D151
:10A9E00028460EF023FD0646286828B1F8B24FF439
:10A9F0000041FFF729F904E0F8B24FF40041FEF7F7
:10AA0000F5F918350137E3E73046BDE8F08100BFBE
:10AA10008434012001530120F8B50646114801276E
:10AA200014460D4647700720F1F738F802200BF066
:10AA300077FB3120314613F0D3FF0B48032100226E
:10AA40004160016821F0030165F3000165F34101F4
:10AA500001600648214600680368002098470448C2
:10AA60000760F8BD984E01200C800240CC01001018
:10AA7000A8025042B0B5154C2168D1B110F10805BB
:10AA800019D00968B9B100202A5C0B5C934203D14C
:10AA900001300828F8D104E00C2015F06BFC0146C9
:10AAA000F0E720680A894089824284BF0120B0BD56
:10AAB00008810020B0BD11F049FC01462068028ADF
:10AAC0000020914228BF0120B0BD00BF3C540120AE
:10AAD000F8B538B30E4629B315461AB30746102009
:10AAE00014F03EF904460020C4B10F4BC4E90250F3
:10AAF000384631462A46C4E90076FFF795FCE06007
:10AB000068B1002115F08BFBE068002115F084FB93
:10AB1000E06803210A2210F091FF2046F8BD20468C
:10AB200014F026F90020F8BD09EB0300F8B50C4637
:10AB300014490546088B98B132B105EB42224FF615
:10AB4000FF75AA4238BF15462288AFB2BA4208D272
:10AB5000AE1A864209DA886BA84201D1954204D127
:10AB6000F8BDFDD9561B8642FADBB3F800C091F957
:10AB700014004E6A5968009111093A096346B047BA
:10AB80002580F8BD384D01202DE9F84F846B99469A
:10AB900015460E4682464FF0FF3B4FF4E158F4B1A4
:10ABA0002C202146274615F0E5FB044697F82200A5
:10ABB0000128F4D1387CA842F1D1384631462A46E2
:10ABC00005F026FD0028EAD00A9B504639464A4641
:10ABD000CDF800800BF01CFB4FF0000BDFE7584670
:10ABE000BDE8F88F70B50022002308B3D1E9005406
:10ABF000002C264618BF01261E40012E04D115F850
:10AC0000013B013C1A4400230135022C07D335F8DF
:10AC1000016C0235023C36BA02EB1642F5E724B16C
:10AC200015F8013C02EB0322012301380831DCE76F
:10AC3000100C10FA82F000EB1040C04380B270BDDF
:10AC40002DE9F8430C46A0F198094FF0000854F89C
:10AC5000287F0FB30020394615F08CFB06462046AE
:10AC600000213A4610F0BAFD97F875503846802119
:10AC700009F065F800283746EBD0A9074FF0070325
:10AC8000CDF8008058BF032349460122DCF74AF97A
:10AC9000FEF7FEFB3746DCE7BDE8F883B0B50FF002
:10ACA0007DFA18B3044613486C212246043010F094
:10ACB00095FD04F13C000021002512F050F804F14C
:10ACC0001800A4F8505011F0B1FB04F10800012164
:10ACD00012F045F804F144000DF01AFD2069E56416
:10ACE00014F046F8204614F043F800E0FF2568B25F
:10ACF000B0BD00BFB05201202DE9F04120B3144691
:10AD00000D460746022A04D1284615F0F5F80646F6
:10AD100002E00026032C1AD13F684FF6FF789FB15E
:10AD2000022C05D17889404508D0864206D10DE035
:10AD3000B81C2946082211F055FD38B128203946A3
:10AD400015F018FB0746EAE7002600E03E463046CD
:10AD5000BDE8F08170B590B01546002204460EF0B3
:10AD6000A8FC0646E8B96E464021304615F0C0F80A
:10AD70002046402132463346E7F73AFB064680B983
:10AD800004F18400694600F09DF8064648B90026A3
:10AD9000012084F8E450C4E93466C4E93666C4F896
:10ADA000E0006846402113F01DFA304610B070BD37
:10ADB0002DE9F0418CB003AC07461D461646884687
:10ADC000204610F08BFC002021462A463346029094
:10ADD00013980190129800903846CBF79DFA0546DB
:10ADE00050B903A813F062FC08B1074D04E003A9B1
:10ADF0004046FFF7B9FA054603A80FF0A7FA284620
:10AE00000CB0BDE8F08100BF80B0FFFFF0B58BB0A3
:10AE10000C4607A91646139F159D069114992246C4
:10AE2000059704950391119902911099CDE900318C
:10AE30000021334608F0CEF9A0B91299002007AAE4
:10AE40003FB111F8013B12F8016B013F7340184309
:10AE5000F6E730B12846214613F0C4F96FF011002F
:10AE600000E000200BB0F0BD70B50E460546104660
:10AE7000002114460DF0F4F9002820D400202946C2
:10AE800032462346D3F7FEF8C0B9284600210DF01C
:10AE9000E7F900280BD528462946224603F010F88A
:10AEA000F2E728462946224603F014FC30B928462A
:10AEB0002146F7F760FB0028F3D5002070BD6FF046
:10AEC000090070BD10B5CA78044688780B8843EA3B
:10AED000004002F00F0240EA0260104A2060486819
:10AEE0001040606088681040A060C8681040E06052
:10AEF00008692061486960618869A061C869142196
:10AF0000E06104F1200014F0F3FF04F1340010219B
:10AF100013F068F900206064002010BDFCFFFF0FF3
:10AF2000F0B597B06F460D4606465C21144638468C
:10AF300014F0DEFF0C4831462A4606900B48059077
:10AF40000B4804900B4803900B4802903846F9F7E1
:10AF5000EFFF38462146EBF759FD384614F0C6FEA0
:10AF6000002017B0F0BD00BFF0E1D2C3765432101C
:10AF7000FEDCBA9889ABCDEF01234567B0B5154C1F
:10AF80002268824205D1E3681A4632F8015F2D0734
:10AF900002D4FF2148B2B0BDC16299B1D3F89C0080
:10AFA00013F0E6FE882013F0DBFEE168C1F89C0098
:10AFB00070B100210170E06830F8012F42F01002FA
:10AFC0000280E7E71088002120F010001080E1E700
:10AFD000FE21DFE7583D01202DE9F0410D680446D0
:10AFE0001E4690460F46287E984216D02168384665
:10AFF00010F0A4FC10F0060F0FD02868816A29B168
:10B00000888C10F0030018BF084600E00020A04222
:10B0100003D12E76386810F081FC0548276084F84B
:10B020002A60A4F82C8000682063BDE8F08100BF8E
:10B03000983E0120B0B5054690F8C1000C46C10706
:10B0400011D0D5E92E21121B38BF0022A142C5F82C
:10B05000B82001D9091B04E029B1012185F8C010ED
:10B060000021C5F8BC1095F8C01019B1002085F872
:10B07000C00001E0400702D5296C2846884705F149
:10B080007801284600222346BDE8B040F2F76EBCA6
:10B09000B0B5044690F83400232826D0D4F85801DF
:10B0A0000D460021C0F8D81AD4F85C0178B194F8A4
:10B0B00034001A280BD1204604F028F9D4F85C118A
:10B0C000052D08D120460DF093FE502009E02046C2
:10B0D00014F09DFE06E00846012110F04AFF41F2FF
:10B0E00070706086232084F83400B0BD10B504462B
:10B0F00090F834001A2826D131B9D4F85C01002127
:10B1000014F074FB0146A8B1084613F089F888B121
:10B11000417801204FF4FA72884000F2F310B0FB3E
:10B12000F2F24FF6FF70824238BF1046202928BF46
:10B13000002000B93C20D4F85811B1F8C42A90423C
:10B1400038BFA1F8C40A10BDB0B50D460FF006FC1B
:10B15000F8B10446012D1ED04AF2ED00854218D107
:10B1600094F84E0000F11901002808BF1621B4F828
:10B170004C00821D002808BF0422606D5518012173
:10B18000FBF754FA0544606D0021FBF74FFA2844A1
:10B1900006E0002004E0606D0121FBF747FA123061
:10B1A00080B2B0BD70B58AB00C4606460FF05EF9AD
:10B1B0000546002E03D4CDB1D5F85801B0B1C4B1C5
:10B1C0006E46002130460DF067FF002814D4701C35
:10B1D00021460DF0D5FE2846002132460023F7F720
:10B1E0004DFD6FF0030101EAE07007E04FF0FF3022
:10B1F00004E06FF0010001E06FF002000AB070BDE2
:10B20000F8B504461348144D46680EB396F832015B
:10B21000400717D506F12801002022462B46FBF7F0
:10B2200095F90746304610F009FD58B957B9304630
:10B230006FF002010CF057F896F8320100F0FB00B5
:10B2400086F832010020314615F094F80646DCE716
:10B25000F8BD00BFBC52012057FC0400B0B50D463C
:10B260000FF0C4FB10B30446124829460460D4F81A
:10B270002801406AF1F77CFB78B194F83201C007ED
:10B2800002D094F8310140B9204606F052FB94F800
:10B29000320140F0040084F83201D4F82811E0684B
:10B2A000A36900220024496A984700E0FF2460B2A5
:10B2B000B0BD00BF4C54012070B50C4605460EF0E1
:10B2C0003FF8064620460EF03BF8811B38BF311A86
:10B2D000A80B032802D0A20B032A04D10C488142F8
:10B2E00008D9002070BD022818BF022A04D1B1F588
:10B2F000E15FF6D8012070BD012818BF012A03D1F3
:10B30000B1F5967FEDD8F5E70A29EAD8F2E700BF54
:10B3100000A30200F8B5FF2638B31F462BB304463E
:10B3200038890CF06FFCE8B10546069AE0683946AA
:10B3300000F066FAC0B10746DDE907210998B96156
:10B34000B8817A60204639462A46FDF77BFE0646DC
:10B35000E068394605F0C8FF3EB928460FF024FAE8
:10B36000002602E0FE2600E0FF2670B2F8BD2DE9BF
:10B37000F04385B005460EF003FE10B38046008909
:10B38000EBF744FE28460FF071F8D0B1814601AECC
:10B3900098F811000EF0F0FE80B1074648303146B3
:10B3A00090E83C0038463CC10AF092FF38460DF068
:10B3B00003FB4846314609F000FBE9E70020A8F806
:10B3C000080005B0BDE8F0832DE9F041D0F89841C0
:10B3D000984615460E4607462CB1384631462A4651
:10B3E0004346A047D0B9D7F8C4707FB1384631463C
:10B3F0002A460CF04EFE18B1384611F048FC40B910
:10B400002020394614F0B6FF0746EEE70020BDE8DD
:10B41000F08140463946102214F04CFF0120BDE86F
:10B42000F0812DE9F0438FB00DF1200814460D4650
:10B4300006460020002241460FF0B6FB0DF104093C
:10B440000020002249460FF0AFFB56F8080CA6F189
:10B45000240142464B468769B8472DB1DDF82100EB
:10B46000DDF82510696028602CB1DDF80500DDF8F5
:10B470000910616020600FB0BDE8F083817800881A
:10B4800040EA0140C0F3C12161B1C0F3C1324AB109
:10B4900000F4C043B3F5804F1BD1032908BF032A32
:10B4A00017D10AE010F4C05F0AD010F4C03107D100
:10B4B00000F4C041B1F5804F0BD1400607D408E03D
:10B4C00000F4FC31B1F5804F01D1400601D40020D9
:10B4D00070470120704710B58378008840EA034325
:10B4E00013F4C05F23D0180603F4C0444FF00200E9
:10B4F00058BF0320B4F5804F18BF03200844C3F39E
:10B500004021C3F3C12300EB4100991EB1FA81F140
:10B5100049094900032B08BF08214B1E52FA83F248
:10B5200029B110F8013B013902F80139F8E710BDE3
:10B53000B0F874100A0714D4828D9AB141F0080152
:10B54000A0F87410014631F8303F1A4403880A808D
:10B5500023F4C24303F582430380438D93B9C08D26
:10B5600080B97047428D002AFBD041F00801A0F855
:10B570007410018821F4C24101F58241018030F844
:10B58000302F0146901C088070472DE9FC47D0F809
:10B59000C46014460D46814600F198084FF0050A34
:10B5A000F6B120203146374614F0E4FE0646F87C1A
:10B5B00001380228F4D23846294622460CF069FDAB
:10B5C0000028EDD099F90D20384680213B46CDF872
:10B5D00000A012F07BFD4046394604F00DFBDFE78A
:10B5E000BDE8FC8770B5547880F84B4090F84C402B
:10B5F00044F0010480F84C40147814F020060FD178
:10B6000090F8751041F0010180F87510B0F87610CF
:10B6100041F40071A0F87610117880F84D100AE01E
:10B620004BB15478D1F85C5109F084FF02462846AA
:10B63000214606F01BF9B6FA86F0400970BD2DE9E7
:10B64000F041D0F800800446D8F80050286BA042A2
:10B6500006D1002005210022286328460BF0C8F9F6
:10B66000AF6A6FB1342039463E4614F083FE074678
:10B670003068A042F5D12846314604F009F8F0E7D9
:10B6800008F130001021224610F0A8F820461821B9
:10B69000BDE8F0410EF09EBFBCB50446B0F85800BE
:10B6A0000D46A8B1A84203D9401BA4F858000FE0EA
:10B6B000E189002094F855304FF0FF32A4F858008B
:10B6C000490648BFFF20002100902046E0F7F0FE29
:10B6D000B4F8560020B1A84203D9401BA4F8560084
:10B6E000BCBD0020A4F856002046BDE8BC40D0F701
:10B6F00095BDBFB514461AB30A4602A90DF10F0352
:10B7000000250091002102F097FFD0B121789DF82B
:10B710000F00884214D1029D11F0D6FDA0B1611C2A
:10B720000B782A789A4206D1013805F1010501F11A
:10B730000101F5D11346D01AB0FA80F0450900E0B6
:10B740000025284604B0B0BD0125FAE7F0B585B064
:10B750000646907B15460C4600F01800182804D0C9
:10B76000082805D0E8B9002003E04FF0FF3000E0E2
:10B77000012011F069FEA38C94F92920297C367BE5
:10B780002F684FF0070CCDE900C4C3F34313CDE994
:10B7900002671844231DC0B2049005F11100DFF7C1
:10B7A0009DFD05B0F0BDF0B500EB4114059FA1690A
:10B7B000D4E90456C91B4FF0000738BF3946521868
:10B7C000A16143F10003B2EB050C63EB0604AA1A76
:10B7D00076EB030338BF0127002F1CBF23466246C8
:10B7E00040F22D14121B73F1000207D3069A2AB1FE
:10B7F00090F8802042F0010280F880200846F0BDD9
:10B80000F8B5002438B30E4629B3174605460FF0A5
:10B8100096FBF8B10446012F02D1012060800CE0B4
:10B82000F078102806D090B92020A770E0703089F9
:10B83000208102E01020A770E070306958B13278A2
:10B8400028462270316910F0E9F8206118B969685A
:10B850002046884700242046F8BD1FB5FF23022854
:10B860008DF80F300CD0062805D0202805D01128DF
:10B870001DD100240AE0012408E002243A2005E05A
:10B88000FF2901D9FF2312E00224084600238DE896
:10B890000E00C2B2012021460DF10F03ECF700FCAF
:10B8A000022803D09DF80F30002800E0FE2358B294
:10B8B00004B010BDB0B500220446F4F7DBF9A8B11E
:10B8C0000546D4F8580100212A4600F6B4200FF0AE
:10B8D00085FFE87C02280AD3D4F8580100212A46C3
:10B8E00000F6AC20BDE8B04013F062BAB0BD013044
:10B8F00000212A46E874D4F8580100F6B42013F069
:10B9000057FA20462946BDE8B040EFF797BD70478B
:10B91000A0F1220114290FD80220DFE801F0250B45
:10B9200020221E2424242424242424242424240BFC
:10B9300020221E00032070474438122813D801210A
:10B94000814011F0011F0AD111F0021F09D101211C
:10B9500001FA00F010F0041F05D006207047042003
:10B9600070470520704700207047BFB50D4604465C
:10B970000EF0E2FF28B3418919B32A09282A0AD810
:10B9800064226A43002D08BF012293B2994282BF0C
:10B99000891A4181BFBD00214181D4F8680180B17D
:10B9A000C36873B101218DF80C100DF103010291F0
:10B9B000F221ADF8041000218DF8031001AA0A212C
:10B9C0009847BFBD2DE9F8439046894606460027B3
:10B9D000002496F82500844207D206EBC405E86AE5
:10B9E00013F0C6F9EF620134F3E70027002496F85C
:10B9F0003C00844207D206EBC405686C13F0B8F92A
:10BA00006F640134F3E700204946424686F83C0063
:10BA100086F825003046BDE8F843E3F709BC7047D7
:10BA2000F8B5054612480C4690F8800098B1114FC1
:10BA300000267888864214D228462146F2F7FCFD7B
:10BA400098B929682078F1F789F978B12968013621
:10BA500008442860EDE728462146BDE8F840F2F7A3
:10BA6000EBBD002014F00BFC6120F8BD0020F8BDF8
:10BA70002C1000205C530120F8B5064611481446EE
:10BA80000D4600688047104F200A00220023F871FD
:10BA9000280E3946BC71BD703E707871280C387123
:10BAA000280AF870300A7870F42009F09BF93846BB
:10BAB00000210AF065FB05483C6800688047204685
:10BAC000F8BD00BF30540120DA3D0120345401207C
:10BAD000F8B50646114814460F4600688047104DD9
:10BAE000380A0023E870200AAF702C706870F05C90
:10BAF00001330028FBD1F0202946324609F072F9C3
:10BB0000284600210AF03CFB0648B5F900500068C1
:10BB10008047002D48BF2C462046F8BD30540120F8
:10BB2000DA3D012034540120F8B511B3044612481F
:10BB30000D46A0F11001114800780130013804BF12
:10BB40000320F8BD01F11806097CA1423146F5D168
:10BB500014F02CF80746304629460CF061FD2046CB
:10BB60004FF40041FEF770F8384614F0E9FA00206F
:10BB7000F8BD0520F8BD00BF843401200153012029
:10BB8000B0B5124949684A68D2E90115D46860B174
:10BB900055EA040005D00E480022C2610D4A503219
:10BBA000026021B1D9F75DFC01E001B1884755EA97
:10BBB000040008BFB0BD12F011FA05B1A84704B1E6
:10BBC000A0470448BDE8B0400FF008BBB4480120CE
:10BBD000001004400100070670B50DF0EBFF104E99
:10BBE00004463078B0B90F4D0F4A31210023284662
:10BBF000F7F7FEFA05F11C0006F1100104220823F4
:10BC000012F085FC094A4FF0FF3001210125FEF7B3
:10BC100003FF35702046BDE8704011F0ADBA00BF9B
:10BC2000984E0120284E0120B506020080A903008D
:10BC3000F8B51148114F124D124E8469386838B169
:10BC4000306A28B14FF48070286001203968884735
:10BC5000786838B1306C28B14FF480302860022009
:10BC600079688847306830B101202860D4E9020142
:10BC7000BDE8F8400847F8BDF84601206C530120A4
:10BC8000042009408000244370B511490446FEF7A2
:10BC9000DAFD10492046FEF7D6FD0F480F4D066825
:10BCA00076B1207D317D814204D1304629460EF0A7
:10BCB00015FF58B92420314614F05CFB0646EFE727
:10BCC00006492046BDE87040FEF7BDBD70BD00BF0F
:10BCD0001130000031300000F84E012081300000AA
:10BCE000F0B585B0054691F821000C46400710D507
:10BCF000104801A90A46C8C8C8C200781070B4F834
:10BD00000D00ADF81100E07B8DF8130028460CF013
:10BD100081F905F138002C2122460FF05FFD2846FD
:10BD20002146072206F086FF204605B0BDE8F04018
:10BD300013F01EB88C320000F0B5144B00284FF001
:10BD400005004FF0FF344FF6FF7503F1120208BFF4
:10BD500003F10C0208BF0320002398420CD932F8EB
:10BD60001360671C02D1AE421F4602D08E422746A6
:10BD700009D001333C46F0E7601C04BF6FF00100BE
:10BD8000F0BD22F814100020F0BD00BF6C5001205F
:10BD900010B50446006B18B112F0EAFF00202063D2
:10BDA000606D18B112F0E4FF00206065002094F887
:10BDB0005C1084F84D00B4F8760020F48070A4F88C
:10BDC000760094F84C0000F0FE0084F84C0041F03E
:10BDD0000400002184F85C00204611F08DFA204612
:10BDE000BDE810400CF02BB9F8B5144D04464821BD
:10BDF000281D12F0E5FF00B36E6844F25067E6B10B
:10BE000048203146354614F0B5FA064695F840000C
:10BE100050B1012805D00228F1D1686C00F56160AD
:10BE200005E0686C384402E0686C00F51670A042CA
:10BE3000E5D8284608F0C6FCE1E7F8BD0851012026
:10BE400070B50546C06D1E460C460730B3EBD00FEB
:10BE500088BFC608084611463246FCF791FA00B181
:10BE600070BDE86DB0EBC60F06D2F100091A20468E
:10BE7000F5F72AFC0028F3D14C3520462946F6F781
:10BE80007AFB002806D4204621462A46BDE87040A9
:10BE900002F020BC002070BDBFB50446007A0D46FC
:10BEA000032808D004281FD104F109016846102294
:10BEB00014F000FA0EE00D4AD4F80B00D4F80F107D
:10BEC00013685268029080F0020003918DF8080018
:10BED000CDE90032606B69462A46FCF78DFD18B14A
:10BEE000606B694614F0BAFABFBD00BF143500009C
:10BEF0002DE9F843DFF84C908046202109F1100528
:10BF0000284612F05DFF06462846202113F096F9D8
:10BF10000446A4B1284620212246274612F058FFA5
:10BF20000446B88A30B1B9F80400864202DCB8F1A0
:10BF3000000FEED038460AF02BFA361AE9E7BDE8D2
:10BF4000F88300BFDC50012028B32DE9FC41134DDC
:10BF500004464FF000082E68CEB10820314637461F
:10BF600014F008FA06463868A042F5D128460821A0
:10BF70003A460FF033FC384612F0FAFE2046002114
:10BF800000220023CDF80080FAF7D4FCE4E700207B
:10BF9000BDE8FC4100E0FF2040B27047C4530120DF
:10BFA000B0B588B011B3027802F0FE020C2A0AD1B3
:10BFB00001AA01F015F9D8B1BDF81A10C1B107985E
:10BFC000FFF7EEFF16E0052910D30D1F041D28040E
:10BFD0000CD0A8B204280BD3A01C13F08DFF291F8E
:10BFE0008AB2824204D30D1A2044EFE7002001E018
:10BFF0004FF0FF3008B0B0BD2DE9F04106680C46A7
:10C00000054648F6A0480EB31820314614F0B2F9A0
:10C0100007463068A04203D9001B30603E46F2E775
:10C02000B088810408D420F44050C6F8008000F5A0
:10C030000050B0803E46E6E72846182132460FF011
:10C04000CDFB304612F094FE3E46DCE7BDE8F081C1
:10C05000F0B50B48DFF82CC00B4A0C4B0C4C0D4DC7
:10C060000D4E0E4F0E49C0E90017C0E90265C0E948
:10C070000443C0E9062C0B4800210170F0BD00BF4D
:10C080006439012039030500890105006DE10400D0
:10C090001903050081EC04001DE10400798103000F
:10C0A0005B1C0200C43E012070B50DF083FD124DF3
:10C0B0002E782978012902D111F05EF80AE00121D9
:10C0C000297011F059F80D48007818B901200021A5
:10C0D000E6F715FA14F032F904460DF06BFD04B9D9
:10C0E0002E7011F049F80548007818B90020002199
:10C0F000E6F705FA204670BDF24F0120D654012024
:10C10000B0B50446054614F80C0F411EC9B20A2901
:10C1100015D2E8202146DDF73BFD05F10B01E720B4
:10C12000DDF736FD342014F0B4F80A49086178B11F
:10C13000A4F10801342212F0D3FC0020B0BD41B2BA
:10C14000B1F1FF3F02DCC0B28928E2D9E820B0BDDE
:10C150001A20B0BDF0390120B0B50C4605460DF0EF
:10C1600029FD10490A78862A0ED187220A700E49C5
:10C17000CA890132CA8110F0FFFF0C480078A8423A
:10C1800005D14CB11B2008E010F0F6FF02E0E920D9
:10C19000ECF7E2FD0020B0BD0020ECF7DDFD012052
:10C1A000B0BD00BFCF3E0120303D0120DE3E01206A
:10C1B0002DE9F0410446124890F80080B8F1000FD4
:10C1C00018D0104E00270025B7F5167F09D0F019BA
:10C1D000214611F00DFBB0FA80F008374009054305
:10C1E000F2E7B8F1010F06D0B8F1020F02D185F0E5
:10C1F000010500E0012505F00100BDE8F08100BF68
:10C20000E9540120E03E012070B50E46496814460D
:10C21000054602F0B3FE10BB002C314608BF29468C
:10C220000968296000217268914215D2B368AA6832
:10C23000002C03EB810308BF02EB81031B6842F86B
:10C2400021300131EFE7AA68002C52F8213018BFE5
:10C25000002342F8213001316A689142F3D370BD66
:10C260002DE9FE430446134E106806F1800760B1C5
:10C2700015465AB18946C16820469846884728B174
:10C28000062C06D106F5B06600E03E463046BDE815
:10C29000FE83B9F1000F3E46F8D1DDE90C10DDE96F
:10C2A0000A23CDE900102846414612F011FABDE8F4
:10C2B000FE8300BF00C1FFFF7FB5144E054696F90F
:10C2C000000000281BD40C200C4612F061FDC0B108
:10C2D0000021C0E9001181600570447001904FF4A5
:10C2E000407003918DF808108DF80310ADF801002F
:10C2F00030788DF8000068460CF0FAFA02E0FF2072
:10C3000000E0FE2040B204B070BD00BFEA5401203E
:10C31000F8B5144F0446BD6885B11C2029462E4649
:10C3200014F028F805467069411CF5D0A04287BF7B
:10C33000001B706130460CF09FFAEDE73D6885B157
:10C340002C2029462E4614F015F80546306A411C6B
:10C35000F5D0A04287BF001B306230460CF0A0FA37
:10C36000EDE7F8BDB051012010B5144C206810B1B4
:10C370006FF0010010BD13F0F1F90028F8D018207B
:10C3800012F0EEFC2060A8B113F0E8F921685F23F9
:10C390006324086102685A436423B2FBF3F20A6023
:10C3A00002680020087388826243B2FBF3F2C1E99D
:10C3B000012010BD4FF0FF3010BD00BF80540120A0
:10C3C00070B50446D0F86C0116460322D0F88400FC
:10C3D000FEF792FCC8B10F4905463046062210F020
:10C3E00075F918B9B01D13F087FD6881287D8107A4
:10C3F0000DD4000707D5D4F86C012A692946D0F876
:10C40000840011F0BDF8012002E0FF2000E00020D0
:10C4100040B270BD14360000134D144EE86890B160
:10C420000FF07CFB306BC468201D0DF0BEFA28694C
:10C4300001382861E8680138E86011F01DFB2046EA
:10C440000FF0FCF9EAE709F05BF80228E6D3686A26
:10C450000130686209F054F8022802D3A86510F090
:10C46000C7FEE5F733F9D9E7DC470120F84601209C
:10C47000BFB54FF4407104460020ADF801101149DA
:10C480008DF803008A788DF8002034B1228A531C7D
:10C490009DB29D4218BF154625824A7803908DF8BB
:10C4A00008006846019401324A700CF021FA0546F2
:10C4B00010B1204611F080FAB5FA85F0400904B0B9
:10C4C000B0BD00BFD95001202DE9F843DFF8488006
:10C4D000DFF848900C4605462846214609F096F9B3
:10C4E000B8B10746404640213A460FF077F93E6B17
:10C4F0002EB197F93A00294622460023B047D9F8D1
:10C500000000F98EC06801F093FE384611F0A2FCDD
:10C51000E2E7BDE8F88300BFF45301202051012079
:10C52000D0F858214B7BA2F8123CD0F858218B7BD5
:10C53000A2F8143CD0F85821D2F84C3B93F8643060
:10C5400082F80C3CD0F858214B7882F80D3CD0F89A
:10C5500058210B7B82F8053CD0F858218B68C2F833
:10C56000183CD0F858210B7982F8043CD0F85801D7
:10C570004988A0F8161C704730B91448006808B103
:10C58000343001E010484C300A780378934219D1D6
:10C590004A784378934215D18A788378934211D1AF
:10C5A0008A88838893420DD1CA88C388934209D16F
:10C5B0008A688368934205D1C968C068401A18BF69
:10C5C0000120704701207047A412002084540120EC
:10C5D000BFB505460DF10B001446124A0391CDE993
:10C5E00000030F48214600F1B00303A8F3F78AF9CE
:10C5F000012812D14DB19DF80B00C00705D1284686
:10C60000002122460023F5F77FFA0398A04203D0C9
:10C610002146142213F04EFE002004B0B0BD00BF2E
:10C62000A4120020C1760300F0B585B005460DF1D7
:10C630000F001446114A0491CDE900030E4821462B
:10C6400000F1980304A8F3F75DF9012811D14DB169
:10C650009DF80F00C00705D128462146002200237F
:10C66000F5F752FA0498A0421CBF94E8EE00EEC021
:10C67000002005B0F0BD00BFA412002069A6030091
:10C680002DE9F84F0446D0F85801DFF84480DFF870
:10C6900044A000274FF008090DF1030B0026C0F855
:10C6A0004C8B902F10D00AEB07005B468DF803905F
:10C6B00081898568204641440A46A847002848BF2A
:10C6C0006FF001061037ECE770B2BDE8F88F00BFDD
:10C6D000A41200203814000010B5D0F858214FF6ED
:10C6E000FF74D2F84C2B92F85C200A7113F036FAE2
:10C6F00092F864200A7013F031FA92F865204A70BB
:10C7000013F02CFA92F85D200A7313F027FA126ED8
:10C710008A6013F023FAB2F86630A34204D04B7358
:10C72000D0F85801D0F84C2B92F86800887310BDEF
:10C7300010B504460EF000F928B313F0C4FB92F8CC
:10C740005B2BCA7213F0BFFB92F85C2B0A7313F0D9
:10C75000BAFB92F85A2B8A7213F0B5FBD2F85D2B14
:10C76000C1F80D2013F0AFFBD2F8612BC1F81120F6
:10C770001022006DD4F85811153001F66531BDE86E
:10C78000104013F097BD10BD70B50C4605460EF075
:10C790003CFC20B30646D5F858010821324600F685
:10C7A0003C300FF01BF8D5F858010821324600F64E
:10C7B000443012F0FDFA207D800607D5D5F86C01D3
:10C7C00022692146D0F8840010F0DAFED5F86C0119
:10C7D0002146D0F88400BDE8704013F055BA70BD12
:10C7E000F8B506461348006860B1476957B1088834
:10C7F0000C46000400F10B0530460FF05FF918B14C
:10C8000000210BE0FF2013E0307B717B00EB800008
:10C8100001EB40004FF6F051084481B26388201DBF
:10C82000002200902846B847002818BF4FF0FF307C
:10C8300040B2F8BD98450120B0B51D460EF0D6F8BF
:10C8400004460020002C0CBF4FF0FF30002D1DD0FF
:10C8500004F15005284606F0BBFE28460AF028F9E8
:10C8600028460FF0E0FBD4F82801406A0DF051F89B
:10C87000284613F0A9FA28B9D4F82801406A13F021
:10C88000A8FA10B1204605F0D7FE002040B2B0BD96
:10C89000BCB5144604228DF806206A4604F08CFBD1
:10C8A000054605281BD1009813F01AFD208000983A
:10C8B000023013F015FD00996080A0790A7962F3C7
:10C8C0000000A0710A79520862F341003822A07179
:10C8D00000F0C700097902EA91010844A071681FBD
:10C8E000B0FA80F04009BCBD2DE9FE4F074690002C
:10C8F000984615468946EAF741FAE8B106466420AB
:10C90000EAF73CFAA8B1DDE90CBA6421044613F059
:10C91000EFFA384649462A4643462663CDE900BA2F
:10C920000294F7F732FA2046E2F764F90120BDE8F5
:10C93000FE8F304602F09EFC4FF0FF30BDE8FE8FC8
:10C94000F8B50446012600270DF1030506EA0401A7
:10C95000481E072807D8DFE800F0040A180C18184A
:10C96000180E053711E0102908BF0B370DE0073707
:10C970000BE0043709E042F205002946FCF76EF9A6
:10C980009DF80300002818BF0837B4437600002C38
:10C99000DCD1B8B2F8BDF8B50E4604460DF00AF980
:10C9A0000546D4E90101814205D1284610F0E4FB97
:10C9B0004FF0FF30F8BDE3682168A2690133B3FB93
:10C9C000F0F707FB103702FB0710314613F072FC3B
:10C9D000A0686169E76001308842A06088BF0146B5
:10C9E0002846616110F0C8FBA068F8BD70B5144618
:10C9F0000D4606460DF0C4FA00B325B1304629466F
:10CA000008F0F4FA05E0417F890717D5407C0DF066
:10CA1000B3FB054690B1AE1D2146102230460FF003
:10CA2000A9FE48B130462146102213F043FCA86A03
:10CA300010B1214610F038F9002070BD4FF0FF30E2
:10CA400070BD2DE9F84FDDF828A01D4617468B462E
:10CA5000804601F10C09CAF34504ADB1B4FA84F083
:10CA60003946460958463246FFF7CEFB50B907F122
:10CA70000C0148463246FFF7C7FB2437013C013D15
:10CA80000028EAD0BDE8F88F4FEADA12404659464E
:10CA9000BDE8F84F03F0DFBD70B50646D0F86C0175
:10CAA0000D460131408C11F06BFB0446287800F0F4
:10CAB000FE01022902D1022807D10FE0D6F86C014D
:10CAC0008089C00708D103202870D6E94601C5F83F
:10CAD0000710C5F8030008E002202870D6F86C01A2
:10CAE000E91C808C11F04CFB0440204670BDF8B569
:10CAF00028B3074650F8085F00240DB30E462821DE
:10CB00002A460EF06BFE384628212A4612F050F9CC
:10CB1000388B0130388330687168C5E90644C5E94F
:10CB200008442C46C5F802000320C5F806102875F5
:10CB3000F020C5E903004FF6FF70688100E0002493
:10CB40002046F8BDB0B5054612F03EFE04464562EB
:10CB500012F03AFE0121C161A06A30B10168026998
:10CB60008A62D0E901108847F6E7204603F03CFAD4
:10CB7000207C38B1204602F07DFB0020BDE8B040AB
:10CB8000EDF7E8BEA068002100220023E3F7BEFE17
:10CB90000020BDE8B040EDF73BBF2DE9F0410D4668
:10CBA000804600F114060DB33768FFB1B7F84000B6
:10CBB000B7F842100C1AA5420DD3404639460EF084
:10CBC0005DFF304600213A460EF008FE384604F07C
:10CBD0007DF82D1BE7E72844A7F8400038460DF004
:10CBE0008EFFD8F80000401BC8F80000BDE8F081B7
:10CBF000F8B5044600200D4612F0ECFF064600B3DF
:10CC0000206804271022408D3772708306F10900D6
:10CC10002168183113F04EFB20681022008D377701
:10CC2000F08506F11D002168083113F043FB6068B0
:10CC300070637020B087FF2086F87400206A284453
:10CC400020623046F8BD70B50446988815461E46E9
:10CC500020F4F04000F5C05098804A894868114699
:10CC60001A4602F037FC50B1B18830682A466FF39B
:10CC7000DF21F3F781FC10B12878400701D00020B4
:10CC800070BDA98804F10C000FF045FA0028F6D019
:10CC900001468068002818BF084670BDF0B587B00F
:10CCA0001C4615460E4607460DF0E0FB002F03D448
:10CCB000C0B1D0F85801A8B16FF00100BEB1B5B154
:10CCC000ACB101A8002111F055FB00280DD49DF84E
:10CCD00004009DF805109DF8062030700020297092
:10CCE000227004E04FF0FF3001E06FF0020007B067
:10CCF000F0BD704770B506680D4604460CF05AFF4B
:10CD00000F490978012901D1317819B110F034FAAD
:10CD1000002413E00121317010F02EFA0948002D93
:10CD200018BF2846017842683172326102290CBF6F
:10CD300080680020F0600A20EEF7B0FE204670BD4B
:10CD4000E1540120B4300000B0B5807802280DD045
:10CD500001281FD1104C022164230125606890F93D
:10CD60003720012000F0E8F92570B0BD0120012432
:10CD7000EEF73CF958B1084802216423047040687A
:10CD800090F937200120BDE8B04000F0D5B9024845
:10CD900000210170B0BD00BF4453012070B5114E99
:10CDA0003068B0B10CF006FF04460F480F4D007814
:10CDB000E97A81420ED2316828460FF034FF002014
:10CDC0003060E87A0130E8722046BDE8704010F02B
:10CDD000D3B970BD204610F0CFF9F120BDE8704006
:10CDE000E0F7CEB990540120605201207C3D012033
:10CDF000002228B321B3F0B501F0070C4FF0FF3249
:10CE0000002602FA0CF2D443CA1D4FF0FF3101EBA9
:10CE1000D201D5080022AE4210D2835DB1421F4636
:10CE200008BF2740BCF1000F08BF1F463B0603D0D8
:10CE30007B1E01321F40F9E70136ECE7BDE8F04008
:10CE4000D0B27047F8B50646104814460D46006843
:10CE50008047B4F5807F0E4F28BF4FF480740022C6
:10CE60000023200A3946BC703E70F870300A787092
:10CE7000F22007F0B7FF3846294609F081F9054846
:10CE8000B7F90040006880472046F8BD30540120C3
:10CE9000DA3D012034540120F8B506461048144606
:10CEA0000D4600688047B4F5807F0E4F2A4628BFA4
:10CEB0004FF48074200A39462346BC703E70F870E7
:10CEC000300A7870F32007F08DFF3846002109F012
:10CED00057F90548B7F90040006880472046F8BD7B
:10CEE00030540120DA3D012034540120F8B5114FAF
:10CEF0000546786808B1804788B107F124042046C8
:10CF000013F056F80C4806787EB90C48C088C0F576
:10CF1000005000B2A84204DB1DB1042605E00B2638
:10CF200006E00020D4F762FB3E78204604F054F976
:10CF30003046F8BD944A01201B5401209439012049
:10CF40007CB5134E054600210423F47801AA20463F
:10CF500011F066FD9DF80400782816D0FF2801D056
:10CF60007E2803D120467C2107F086FE04EB440096
:10CF7000F47006EB8000808BF0802844B0F5005FF1
:10CF800004D92046782107F077FEFF2420467CBD97
:10CF900094390120F0B589B0ADF82010079007A8AA
:10CFA00002AA00210024F6F7A7FFB0B90C4800F14F
:10CFB0002405284612F0FCFF0A4800940323C18888
:10CFC000C07802AAE2F770FA0646BDF81670284645
:10CFD00004F002F9002E08BF3C46204609B0F0BD1F
:10CFE000944A01209439012010B50CF0E3FD0F4C58
:10CFF000217E022902D0217E042904D10E490C6829
:10D0000010F0BAF810E010F0B7F809480068006BAB
:10D010008047084AA0FB020301FB023110F1905047
:10D0200041F17A00E16C0C18204610BDB448012093
:10D030008C01001000093D0004300440B0B5134CD1
:10D0400000284FF0050004F1120308BF04F10C039F
:10D0500008BF032042B100214FF6FF72814213D274
:10D0600023F811200131F9E70024844224BF4FF056
:10D07000FF30B0BD33F81450224601348D42F4D154
:10D080004FF0FF3023F812000020B0BD6C5001209B
:10D09000B0B5837822B11BB19B1A98BF002383706F
:10D0A0000F4CB1F80510A58BC1F382211AB9A94222
:10D0B00001D10120B0BDA94210D9190607D00188BD
:10D0C0004FF6FF72914202D0C178FF2906D1017953
:10D0D000227A9142EDD2C0788142EAD10020B0BDDF
:10D0E000384D0120B0B50D46044611F081FE1148BF
:10D0F000EDB2016851B10878A84202D1C878A042C7
:10D100000DD0142013F036F90146F3E728462146E6
:10D110000AF04AFA40B10146007C032804D10846CF
:10D1200007F008F8002400E0FF2412F023FB60B2AF
:10D13000B0BD00BF0C540120BFB501258DF8030020
:10D140000A2000248DF802108DF800208DF8085078
:10D150000225B3FBF0F0039401948DF80140142BE9
:10D1600088BF451C11F044FE0748002200684119A1
:10D170006846F8F78BFD002808BF4FF0FF3412F027
:10D18000F9FA204604B0B0BD143E01202DE9F0416B
:10D19000DFF84080104D08F114042046A84708F13C
:10D1A0000C00A84708F10400A8470C4F00260025F2
:10D1B000B5F58C7F07D07A1920461421167410F02B
:10D1C00053FB1C35F4E703F053F8002088F8000007
:10D1D000BDE8F0815050012091FF0400380A002082
:10D1E00026293CBF0020704770B51446027800F134
:10D1F0001203851C22704278C4E9015300F1220514
:10D20000A1F1220004F10C0386B228466270314677
:10D21000122200F0D0FB10B100202061E08104F167
:10D22000140328463146092200F0C5FBB0FA80F00D
:10D23000400970BD10B50446806D60B111490968A0
:10D240000A1A38BF421A322A05D3606C28B190F806
:10D250005800032801D1002010BDE16B49B1486995
:10D2600090F858000328F6D01C2013F083F80146EC
:10D27000F4E7606E10B14269002190470020A0657C
:10D28000012010BD983E0120BCB50D4604460DF1AD
:10D290000701E92004F030FC0E4802219DF8072028
:10D2A00041801821002A4FF0050208BF0821417073
:10D2B00008BF0722052102700DB112228270064AB2
:10D2C0000471D061118202300321E3F75CF9DDF7CC
:10D2D0007FFEBCBDF34C0120143B0120E0B50E21C4
:10D2E000F4288DF8071014D0F82817D10E4890F8BC
:10D2F0008410A1B190F8420014218DF80710142871
:10D3000004D00DF10701E020DCF742FCFDF728FB1B
:10D310008CBD0548054990F8800048748CBD90F894
:10D3200042000E28EDD1F1E7FC150020C43B01209E
:10D330002DE9F0418EB0D0F86861F6B101AF0C462E
:10D34000054628214FF02808384612F0D1FD7120FB
:10D35000F3688DF834800C978DF82D400A218DF8F4
:10D360002C000BAA30469847D5F86C012146D0F81E
:10D3700084000FF0D9F8002000E0FF2040B20EB08A
:10D38000BDE8F081F0B589B00546124805B30C46FA
:10D390002968E9B1AE68DEB18F7901A928460BF0A2
:10D3A000FBFBA8B9284607F073FF88B92868F11974
:10D3B000827928460BF018FC50B92868427901A9F7
:10D3C00028460BF011FC18B9284621460BF0E4FB67
:10D3D00009B0F0BD00AFFFFFF8B5012A84BF6FF0C0
:10D3E0000300F8BD054640684F0914460E46B1EBF0
:10D3F000401F06D3C4B1791C284601F0BFFD00B11F
:10D40000F8BDAA6806F01F000121814004FA00F06F
:10D4100052F8273023EA010142F82710A96851F891
:10D420002720104341F827000020F8BD2DE9FC47D4
:10D430000646124C0068019304F1800740B10D4686
:10D44000DDE90AA901A9904628460EF056FD10B163
:10D450003846BDE8FC873068D0F810C0BCF1000F3A
:10D4600009D07068CDE90AA929464246019B02B05D
:10D47000BDE8F04760472746EAE700BF00C1FFFF6D
:10D48000B0B581690446124809B3D4F8AC20EAB1BA
:10D4900000F5A0658AB1D4F89410A369606A891A6E
:10D4A0009847012813DBD4F8AC1081423CBF2846D2
:10D4B000B0BD0A1AC4F8AC20ECE7D4F88C00216C9B
:10D4C0000830C4F8940020460AF0F4FE0020B0BDF5
:10D4D000008FFFFF7FB50446FF2004B3114E96F97D
:10D4E000001000291BD41C2011F052FCB0B12146C1
:10D4F0001C22054612F0DEFE0020019503908DF8F7
:10D5000008008DF803004FF43060ADF8010030786A
:10D510008DF8000068460BF0EBF900E0FF2040B208
:10D5200004B070BDEA5401207FB50446FF2004B367
:10D53000114E96F9001000291BD4102011F028FC80
:10D54000B0B121461022054612F0B4FE002001952C
:10D5500003908DF808008DF803004FF42060ADF8BB
:10D56000010030788DF8000068460BF0C1F900E04A
:10D57000FF2040B204B070BDEA540120B0B5134C96
:10D580002568854204D1E468E5782D04ED0301D4D3
:10D59000FF2018E00134036381620262A0782588CD
:10D5A000002B18BF0123002A45EA004020F00800A4
:10D5B000024618BF42EAC302002908BF0246100C07
:10D5C0002280A070002040B2B0BD00BF583D0120B5
:10D5D000BFB5054600200C4648860190012094F80E
:10D5E0003030E27F497B03958DF802000C4803F050
:10D5F000FD038DF8002002228DF80310007884F8D6
:10D6000030308DF808208DF8010068460BF070F975
:10D6100025B1D4F8801109B120468847BFBD00BFAD
:10D62000F44E0120F8B5054660200E4612F0BDFB11
:10D630000446D8B12046602112F05AFC0C4F04F188
:10D640001C00B84704F12800B84704F14C00B84763
:10D65000F020002122462673A560607384F85400F0
:10D66000044800686061284610F0FEF82046F8BDC6
:10D6700091FF0400983E0120B0B503291CD800EBAF
:10D68000411111F81C2F02F01302112A14D100F1DC
:10D690001C020023802B11D0D45C04F00305022D62
:10D6A00008D144F00304D45490F8804044F00104BD
:10D6B00080F880402033EDE7FF2005E0087800F097
:10D6C000FC0002300870002040B2B0BD10B5817877
:10D6D00011B3022915D1C078F12812D10F4CD4E929
:10D6E00001014A1CA260FCF7CFFBA06848B13C21B5
:10D6F000B0FBF1F1C1EB0111A0EB810109B9FEF71B
:10D7000073FB064802214FF47A7390F90020F12050
:10D71000BDE81040FFF710BD10BD00BF1C51012037
:10D7200070B5B4B00C4604AE3A9905462022304696
:10D7300012F0C0FD3B9906F12000202212F0BAFD44
:10D74000802014A940220A4BCDE902103C98CDE973
:10D7500000622146302208F0CBFF30B9D5F8300501
:10D76000D5F8443514AA21469847002034B070BD3E
:10D770000F2E00002DE9F04106464FF6FF7002B370
:10D780003546144655F8B02FDAB1B6F8B6001FFA90
:10D7900084F81318B6F8B420171A08461946B84585
:10D7A000A8BF3C46A2B212F085FDB6F8B6002044F0
:10D7B000A6F8B600B845204603DB284610F0DDFE8B
:10D7C000204600B2BDE8F081F8B506461248006870
:10D7D00060B1C76957B108880C46000400F10B0519
:10D7E00030460EF06BF918B100210BE0FE2011E07D
:10D7F000307B717B00EB800001EB40004FF6F05175
:10D80000084481B26288231D2846B847002818BF03
:10D810006FF0010040B2F8BD98450120BCB5044648
:10D820000DF1070142F20900FBF718FA9DF8070015
:10D83000022808D0D0B901A942F20D00FBF70EFA78
:10D840009DF8040004E094F82710A088FBF708F87E
:10D85000C5B2284607F04CFC0020A4F87C5060704C
:10D8600094F8210010B1102011F022FABCBD70B55F
:10D8700088B004460E4648F2FE0100204FF0FF3506
:10D8800000230491D4F8D610D4F8DA200590029041
:10D89000CDE900552046CDE9061204A94022ECF757
:10D8A00049F950B10146466290F8210000258007F1
:10D8B00003D42046002205F0BDF9284608B070BD0B
:10D8C000F8B50026042922D30546007814460F46F1
:10D8D00090706878D070A81C12F00EFBB8422671C8
:10D8E000208014D301D9002611E0A178CA1E022A93
:10D8F00008D301390129F6D80528F4D328792071F5
:10D90000681D02E00428EED1281D0126A0603046E3
:10D91000F8BDF0B5DDF814C08DB2062D20D3077820
:10D920004678DD2F01D1042E1AD30236AE4217D825
:10D93000664510D317788478BC420CD15478C778E8
:10D94000A74208D194780779A74204D144799C4230
:10D9500004BF0630F0BDAE4202D23044891BDBE783
:10D960000020F0BDFEB518B3DDE9086407690A9D23
:10D97000CDE90064B847D8B190F82110890717D4D1
:10D98000436C00F1240133B108463146224603B00E
:10D99000BDE8F0401847D0F84CC0BCF1000F07D0EC
:10D9A0000846314622462B4603B0BDE8F0406047AA
:10D9B0004FF0FF30FEBD2DE9F041042903D24FF0B6
:10D9C000FF30BDE8F081984615460F460646B8B2CE
:10D9D0000428F4D3304612F08FFA0446B01C12F03B
:10D9E0008BFA391F8AB28242E9D3321DAC4202D08F
:10D9F00016180F1AEBE7A8F802000020C8F8042058
:10DA0000A8F80050BDE8F081F0B589B00C46109937
:10DA100005AF1646119D2246049702910E99039573
:10DA2000CDE900310121334604F0A6F998B90F98E9
:10DA300000210022102905D0435C7E5C0131734037
:10DA40001A43F7E732B12846214610F0CBFB6FF0BE
:10DA5000550000E0002009B0F0BD10B50446D0F834
:10DA60006C010021C0F88010D4F86C01017801F03D
:10DA7000C70101700320A4F82F0094F82C0003289C
:10DA800000D010B9102084F8300000204FF6FF714C
:10DA900084F83400D4F85801A0F8001B20460EF09A
:10DAA0007DF82046BDE8104001F030BC30B329B30A
:10DAB0000A68C2EB0212920002604A68C2EB0212CC
:10DAC000920042608A68C2EB0212920082608A89E8
:10DAD0008281CA89C2810A8AC2EB02129200028242
:10DAE0004A8AC2EB0212920042828A8AC2EB021276
:10DAF00092008282897D8175F5F7BDBA704700007A
:10DB0000B0B508F07DFA0E4C0E4D1420611CA847EC
:10DB10000A202146A84709202146A8470A4908208B
:10DB2000A847B92000F013FD084C1420A0470A2094
:10DB3000A0470920A04708202146BDE8B04008477B
:10DB4000006400207B00050002200020912A0400D0
:10DB5000B0B511480024007802281BD102F01EFF46
:10DB60000E490B884A88002B18BF1A464968013AAB
:10DB700093B29B0013FA82F21144D1F8011012F013
:10DB800080FB054603F0F6F964214843401B88BF3B
:10DB900000F164042046B0BD345301205C530120E1
:10DBA00010B504281CD10F480CF010FEC0B1D0F7FE
:10DBB000F9FB04460B4810F0ADF9604380084A2891
:10DBC0000ED8084812F04AFA052008F0A9FA0648CB
:10DBD000012180F825100548042128300EF0ABF80B
:10DBE000002010BDDC360120B44801201C49012072
:10DBF00010B504460068411C04BF4FF0FF3010BD53
:10DC00006269616893060AD549B1A3688B4206D060
:10DC10005A1A0AF04FF800280CD46168626950065D
:10DC2000A16021615CBF002010BD22F03001002006
:10DC3000616110BD606940F480614FF0FF30F7E72B
:10DC40001FB50446007A032808D004281CD104F12B
:10DC500009016846102212F02DFB0EE00B4AD4F8A1
:10DC60000B00D4F80F1013685268029080F0020085
:10DC700003918DF80800CDE90032606BD0F858119F
:10DC800011B1694612F0ECFB1FBD00BF1435000056
:10DC9000B0B50B4613F8032B941E0022042C1DD89C
:10DCA000DFE804F0030D151C0300FE2282804FF014
:10DCB0007F420260CA7882710979C1710DE01968EA
:10DCC0005A68016081F002014260017005E0D3F8FA
:10DCD0000610D3F80A204260016001221046B0BD50
:10DCE00070B5124D00262E7011F082F8EC68ACB1C0
:10DCF000022014212246607405F10C000DF06EFD27
:10DD000011F038FD207828700CF082F94168204627
:10DD10008847204600F044FF2E7001E011F02AFDF4
:10DD2000002C18BF0124204670BD00BF50500120B8
:10DD300070B514460E460CF031FA60B1054666B176
:10DD4000A5F868406E660C490C4A30462346F568D3
:10DD5000A84700200DE0FF200BE0686E28B1B5F861
:10DD60006830C66800210022B0470020A5F868404E
:10DD7000686640B270BD00BF41E6040053E604008F
:10DD8000FEB50F4610491546064608221C46384681
:10DD90000EF028FD08B10020FEBD08370B49062211
:10DDA00038460EF01FFD0028F5D0386879682A46FD
:10DDB0002346CDE9000180F0020069468DF800009D
:10DDC000304609F0ADF8FEBD1435000014360000F1
:10DDD000FEB51D46044600F023F800B1FEBD2068E4
:10DDE000C8B108AF00202946C4CF60622046334640
:10DDF0000097DCF72BF90028F0D1386802AA311817
:10DE00002046E9F7DBF90028E8D138680299084490
:10DE100038600020FEBD0148FEBD00BF009FFFFF2F
:10DE2000F8B505460068114CF0B1102A01D98034CC
:10DE30001AE00E46017CC90703D1C768974201D991
:10DE400012E017460078482805D1E86B31460022D9
:10DE50000BF02FFC40B937B105F1280031463A46A6
:10DE600012F028FAAF6300242046F8BD009FFFFFA0
:10DE70002DE9FE430646806D90B11D46DDE90A306E
:10DE800006F1880417468946D6F8DC8006F17C0145
:10DE900022460090304607F0ADF920B1BDE8FE8380
:10DEA0000648BDE8FE833046214642464B46CDE952
:10DEB000007507F0D3F9BDE8FE8300BF80B0FFFF17
:10DEC000F8B504460F68106815460E467843B0F161
:10DED000FF3F05DD204631462A46EBF74DFF0AE0BD
:10DEE00030462946FCF710FA002806D42046314671
:10DEF0002A46F6F7B1FC40B1F8BD20462946324625
:10DF0000F6F7AAFC0028F7D17F4200202760F8BD71
:10DF1000B0B501210446D9F77DFD00B1B0BD606FF9
:10DF2000142813D1606BA16CE26DA0620020E16344
:10DF3000506010606168226E531DD51C083A013193
:10DF4000C4E91953E366E2656160B0BD2046022171
:10DF50000A2208F0B5FB0148B0BD00BF0089FFFFF1
:10DF6000B0B5044690F8750000071FD4B4F87600E9
:10DF700040071BD410781546C00617D404F10902D7
:10DF80000846114608F02CFC60B194F8751041F079
:10DF9000080184F87510B4F840102144691A8839D2
:10DFA000A4F86810002818BF0120B0BD0020B0BD43
:10DFB0002DE9F04106460230984617460D4611F00D
:10DFC0009BFF152D18D30446112815D3351D28198C
:10DFD00010F8010C80B9304611F08EFF40F2291183
:10DFE000884209D107B13D60B8F1000F1CBF06F1AE
:10DFF0001400C8F8000000E000242046BDE8F081CD
:10E000007FB5044690F8300040F0080084F83000F6
:10E01000204600F01DF8002094F90D204FF0FF3548
:10E0200002264021002302900748CDE900650DF04B
:10E03000DDFE94F90D20054808210023CDE9006597
:10E0400002950DF0D3FE7FBD143500002130000095
:10E050000E490F4AC0E96B210E49104AC0F88811D9
:10E060000D49C0E9652190F82C1009B1032904D1AC
:10E07000B0F8981041F0120101E0B0F8981041F0AA
:10E08000210121F04001A0F89810704721440300BD
:10E09000290704003D2A02002D9403007D2B030074
:10E0A0002DE9F041114890E81E0084EA020637018C
:10E0B00083EA010547EA157C2F0147EA167ED7055A
:10E0C00047EA5127C0E902CE6F4087EA8538B70397
:10E0D00047EA9545CF0547EA52277E407540C0E99B
:10E0E0000085581844EB0201BDE8F0818051012001
:10E0F00070B508F0A5F8104DA8470446A8470F4E84
:10E10000D6E90012484084EA0201C6E90001A847A6
:10E110000446A847D6E90215D6E90023484084EA18
:10E1200005014B404240C6E902011A4318BF70BDC9
:10E13000BDE8704001F010BFA99E0400805101208D
:10E140002DE9F04106463820984617460D4611F055
:10E150002CFE0446C8B12046382111F0C9FE201D0E
:10E1600029463A4608F084F82775266012F05EF9D1
:10E170006075A08C3021224620F0020068F3410037
:10E18000A08406F14C0010F013FE2046BDE8F0819B
:10E190002DE9F041DFF84480044600260027042ED4
:10E1A00018D054F8260098B104EB46010D8A352D9D
:10E1B0000DD3291811F8011C49B9414609F0CAFCD0
:10E1C00028B1A5F1340080B2800800EB40052F444F
:10E1D0000136E4E7B8B2BDE8F08100BF242B0000AF
:10E1E000F0B58BB01546064607A810221C4610272E
:10E1F00012F060F8284600210FF045FD03A83146D3
:10E2000010222B460297CDE900400120F4F772F965
:10E21000002809D407A803A910220EF0D5FA002877
:10E2200018BF4FF0FF3000E0FF2040B20BB0F0BD50
:10E23000F8B510B3074604460E4657F8100FD0B194
:10E2400005461C20294612F095F869690029F6D088
:10E25000498809BAB6EB114FF1D138461C212A463C
:10E260000DF0BCFA208B29460138208320460EF0A1
:10E2700099FB002002E0FE2000E0FF2040B2F8BD44
:10E28000F8B5044610F0B4FD0F4F386820440F4C29
:10E29000386025689DB11420294612F06BF80646B7
:10E2A0003868E969081A002809DC204614212A4642
:10E2B0000DF094FA284611F02FFE3546EAE7BDE846
:10E2C000F84011F057BA00BF143E01200C54012051
:10E2D00010B590F82C100B291ED8012240F6C2630D
:10E2E0008A401A4215D112F4987F15D006220829C7
:10E2F00008BF092290F82D1080F82C20CA0708D1F9
:10E3000041F00101002480F82D100021E5F732FFD3
:10E3100000E00024204610BD11F084FF0724F9E737
:10E3200070B5054690F82C000E46082801D0052847
:10E330001BD13046002100240EF0DEFF346531464B
:10E34000286800683830F0F763FF95F82D00C107A2
:10E350000CD140F00100002185F82A402C8585F879
:10E360002D002846E5F706FF00E00524204670BD95
:10E3700010B5044600F51F70EEF74AFCD4F8D00340
:10E3800028B1F7F737F9D4F8D00310F0F1FC04F511
:10E390007570EEF73DFC04F5A5600DF081FD04F508
:10E3A000DC700EF023F904F5A0700EF019FD204684
:10E3B00001F0DAF804F17C00BDE81040EEF730BA65
:10E3C000B0B50446D0F858014FF6FF71A0F8001B15
:10E3D00020460DF0E3FBD4F8580100F60441204636
:10E3E000DAF708FA2046EAF77FFD20460121EDF72B
:10E3F00064FDD4F85801D0F84C0B451C284610F0A9
:10E40000D3FFC2B220462946BDE8B0400FF0C6BFD8
:10E4100080F834100121D0F858214186D2F8B41A7E
:10E42000E9B191F8233082F85B3BD0F8582191F89C
:10E43000243082F85C3BD1F82520D0F85831C3F85D
:10E440005D2BD1F82920D0F858312D31C3F8612B3C
:10E450001022D0F8580100F6653011F02BBF70473C
:10E46000C27802F00702012A0BD0EAB9D1F858119C
:10E47000427991F8073C9A4218D191F8061C00792C
:10E4800010E0D1F858114268D1F81C3C9A420DD1E5
:10E49000037A91F80E2C03F00F03934206D191F802
:10E4A0000F1C4089884201D101207047002070472D
:10E4B00043F6FF71884201D2002117E00D498842DE
:10E4C00005D83C21B0FBF1F04FF480410EE00A4941
:10E4D000884206D84FF46161B0FBF1F04FF400417F
:10E4E00004E00649B0FBF1F04FF44041084380B22C
:10E4F000704700BFC3FF0E00EFF18303805101009E
:10E50000F8B50646C86860B110F00F0009D1376849
:10E5100014460D460BF04EFB97F8251021B10EF076
:10E520002BFE4FF0FF30F8BD012187F825100EF0CB
:10E5300023FE296807F10C0C91E88D0029468CE830
:10E540008D0030462246BDE8F840DAF74BBEB0B544
:10E5500004461420002110F033FA07250A20002178
:10E5600010F02EFA681C0FD024FA05F000F001011B
:10E57000092010F025FA0A20012110F021FA0820C4
:10E5800011F081FD013DE9E71420012110F018FA96
:10E590004FF42F70BDE8B04011F075BD2DE9F0418A
:10E5A0000F460646C189808998461446727A337CA4
:10E5B000451AA8B2FBF718FB08B1BDE8F081E919CC
:10E5C000B28914FA81F0904206D9F1890620A1425D
:10E5D00038BF0520BDE8F081307C89B24246234631
:10E5E00010F01EFA0020BDE8F0812DE9F041B0B036
:10E5F00005AC0746984615460E46204611F0A4FE87
:10E600002046394604F0AAFD074670B9DDE9381006
:10E61000DDE93632CDE90032CDE9021005A83146F8
:10E620002A4643460DF0AAFF074605A811F0A4FCB0
:10E63000384630B0BDE8F0812DE9F041DDF81880B2
:10E640001C461646074631B907F1980031460CF0D2
:10E650009AFA014610B1887C02280BD2D7F894515F
:10E660002DB13846314622464346A84740B90020DE
:10E67000BDE8F081087D207001F13000C8F800008D
:10E680000120BDE8F081F8B506464D69002014462A
:10E690000F46486195F85C00010710D4C00613D5F9
:10E6A00006F13C001C213A460DF098F8384610F06F
:10E6B0005FFBB6F850000138A6F8500004E006F100
:10E6C000080039460BF08EFD28462146BDE8F8408B
:10E6D00010F0BBB8F8B504460F68106815460E4632
:10E6E000784301280BDB30462946FBF70DFE002856
:10E6F0000CD4204631462A46F6F7AEF804E0204610
:10E7000031462A46EBF738FB40B1F8BD2046294692
:10E710003246F6F7A1F80028F7D17F4200202760A3
:10E72000F8BD2DE9F0410646D0F85C01A0B10768BC
:10E7300090460D4687B196F90D203846294608F0D7
:10E74000A7FC18B1044611F04DFE38B90020394637
:10E7500011F010FE0746EDE7BDE8F081204611F00C
:10E7600041FE014640461022BDE8F04111F0A2BD35
:10E770002DE9F843104698461546894610F008FBE7
:10E78000C8B12946064611F0B3FB0024A7B2AF4238
:10E7900004D211F005FBF0550134F7E74846314645
:10E7A0002A4611F089FD3046C8F8005010F0E0FA12
:10E7B0000020BDE8F8836FF03B00BDE8F8832DE949
:10E7C000F04190B00BAF0D460646114614221C4690
:10E7D0004FF01408384611F06DFD169869464FF455
:10E7E0008042CDE909400820CDE907500020CDE95D
:10E7F00004000220039007A8CDE90078029070B2CF
:10E8000010F01AF8002010B0BDE8F08170B50E4687
:10E81000044605F081F850B1054656B12846314608
:10E82000102211F047FD287F40F0010004E0FF2492
:10E8300011E0287F00F0FE002877204609F00CFE4A
:10E8400040B1D0F8B4020021002200230024F3F7E5
:10E850005BF900E0002460B270BD00002DE9F047D4
:10E860000BF0A8F980460F480D4C0068D4F8907062
:10E87000006B80470546D4E9269AD7E904744046E0
:10E880000E460EF079FC284631463A4623460FF0F4
:10E89000CDFBA9EB0000504588BF0020BDE8F08704
:10E8A000281400208C01001070B50E460546017931
:10E8B000C07988421CD26979B14219D91446AA7923
:10E8C000904206D0AB6823B1314622469847697919
:10E8D000E879A87111FB0060296800EB80000A5CF0
:10E8E0000844EA71D0F8011020468847002070BD26
:10E8F000612070BDB0B50446481D85B2204629464A
:10E900000FF0A2FD00F0FD02204629460DF092FC1A
:10E910000A4904EB440001EB800515F8190F58B1C2
:10E92000204602210FF090FD00F0FC02204602215B
:10E930000DF080FC00202870B0BD00BF943901208C
:10E94000B0B510484FF470510F4D006801EA8020B7
:10E950004142C5E9010101200BF05EFA04460BF0CB
:10E9600029F9296839B10EF007FC4CB12046BDE801
:10E97000B04011F098BC2C60BDE8B0400EF0FCBB7C
:10E98000B0BD00BF30240340805201202DE9F0418A
:10E9900087680E4619447868814284BF6FF003008F
:10E9A000BDE8F081DFF82C804FF0FF311C461546A2
:10E9B000D8F8000008F01CFD386822468119284666
:10E9C00011F078FCD8F8000009F066FE0020BDE8E0
:10E9D000F08100BF8052012080B50D4801420CD06B
:10E9E000012010F0D7FD012808D10B4800210C4A66
:10E9F000C1610A49CA613C31016080BDCFF7D2FCD8
:10EA00003221B1FBF0F10348BDE880400EF014BCA8
:10EA100004000020DC36012000100440B44801202E
:10EA2000D1AC000070B50E4604460BF0C3F80546A5
:10EA3000A068B8B120682169A26901FB02013046D3
:10EA400011F038FCD4E9010122690139A160511C9F
:10EA5000B1FBF0F202FB1010206128460EF08CFB97
:10EA6000A06870BD28460EF087FB4FF0FF3070BDE8
:10EA70002DE9F8439046B0F84090B0F84270B0F8F5
:10EA8000446088220C46054611F014FCD5F880003D
:10EA900020B190F82010013180F82010B8F1000F5B
:10EAA000A5F84270A5F84090A5F8446008BF2C4630
:10EAB0000020A06320636065BDE8F883F8B50446D4
:10EAC00010480568EDB16E68AEB11420314611F002
:10EAD00051FC07463088A04203D9001B30803E46D7
:10EAE000F2E706200121E2F761FD284631460AF0EF
:10EAF0006BF93E46E8E71820294611F03BFC054635
:10EB0000E0E7F8BDEC53012070B50C46FF21E0B101
:10EB1000DCB14178092917D00269AAB10178104601
:10EB200003F0EAFC80B10546094840212A460CF072
:10EB300055FE2E6B2EB16288616895F93A0000236C
:10EB4000B04728460FF086F9002148B270BD00BFDB
:10EB5000F453012070B51146064606F047FA044604
:10EB600030460BF083FC054630460BF009FA75B1D0
:10EB70006CB1064658B1204607F0AAFB707F04F13D
:10EB80004801800704D4284605F017FF03E070BD54
:10EB9000284603F071F82046BDE8704009F00CBF2C
:10EBA00010B50446007C032810D0012815D0C8B940
:10EBB0000020607410F01CF90B4814212246143018
:10EBC0000EF052FEBDE8104010F0D4BD002060747D
:10EBD0002046BDE8104001F027BB2046BDE81040AC
:10EBE00010F0C6B810BD00BF50500120B0B50446AB
:10EBF00010F0FEF80F4DE96841B1207A0A7A82429E
:10EC00000BD8142011F0B6FB0146F5E705F10C0016
:10EC10001421224610F0CCF803E01420224610F014
:10EC2000BFF80120607410F0A5FDBDE8B04010F001
:10EC3000F3BC00BF5050012041F270710022A0F8D7
:10EC40000811A021C0E93F2280F8F82080F81021A7
:10EC5000A0F8F6104FF0FA61C0F804110749C0F8A7
:10EC6000F210B0F8F01021F4E061A0F8F0100449BF
:10EC70000968A1F58031C0F80C11704700051E032A
:10EC8000983E012010B50E4904460AF08DFC6078CC
:10EC9000000702D5E06810F06BF80A480068012808
:10ECA00003DB2079084901220A540848282122461A
:10ECB0000CF094FD2046BDE8104010F059B800BF9C
:10ECC0005B6B0300943E0120043D0120B4530120FE
:10ECD000B0B50446FF20FCB10D46E9B1D5F80100FE
:10ECE000D5F80510C4F801002078C4F805100128F3
:10ECF00011D1297804F10900012906D105F1090192
:10ED0000102211F0D7FA698B04E00021C160816004
:10ED1000416001606183002040B2B0BDE0B58DF874
:10ED200007000C480DF10701007807F0C1FB0B4903
:10ED30000948096800680A6E9DF907109047014666
:10ED4000074A6FF39F5191420EBF4FF0FF300549C4
:10ED500048608CBDC53E0120883E0120583E012000
:10ED6000FFFF3F000C530120F8B5114F0546002668
:10ED70000AF020FF04463F6887B197F91900B0F107
:10ED8000FF3F09DC6968786803F0D3FC20B1787E26
:10ED90003E4600F0BF0078760C3FECE71EB1707E77
:10EDA00040F0400070762046BDE8F8400EF0E4B92F
:10EDB0007C3D0120B0B50E4C43F201456488AC4265
:10EDC00002D103F039F909E00A4C257801352570A4
:10EDD000094C257801352570D4F7C4FE0748007822
:10EDE000862818BFB0BDBDE8B04003F025B900BF0C
:10EDF00034390120F44F0120F54F0120CF3E01208E
:10EE000010B50AF0D7FE0D490D4C496822689142B1
:10EE100002D00C4A12781AB1BDE810400EF0ACB91D
:10EE2000094A92F90020002AF6D421600EF0A4F9D4
:10EE30002068BDE8104009F00FBE00BF0C53012050
:10EE4000503E0120CB3E0120CF3E012010B50AF0FC
:10EE5000B1FE04460C48007820B12046BDE81040C1
:10EE60000EF08AB9094890F900000028F5D4084846
:10EE700000780028F1D1074890F900000028ECD470
:10EE800009F0D6FDE9E700BFC93E0120C83E0120D8
:10EE9000CB3E0120CF3E012010B504460E4890F82D
:10EEA000530008F089FCD0E900100C4A0C4B00FB21
:10EEB00004104FF47A714FF68374B0FBF1F1D181F5
:10EEC000D98189B2614300EBC1007D214003B0FBD1
:10EED000F1F01882108210BDFC150020BC3C01200E
:10EEE000A43C01202DE9F04387B00646100702D06C
:10EEF0006FF0210016E0DDE90E9801A81D461746C7
:10EF00000C4610F063FD09480597CDE90169CDE98C
:10EF10000385012C806801A902D111F090F801E06D
:10EF200011F08AF807B0BDE8F08300BF8C520120D1
:10EF300010B558B10168044641B1606870B10979F3
:10EF40004A1F022A03D210F0E0FE04E010BD04299B
:10EF500001D110F0CBFE606810F0DCFBA06838B186
:10EF60002168897949000FF03DF9A06810F0D2FBC3
:10EF700020460C21BDE810400FF034B970B50446AE
:10EF800042F21070814202D96FF00F0070BD6068CC
:10EF90000D46884216D22846042110F0AFFB002807
:10EFA000F2D0A168064659B160688200304611F07F
:10EFB00081F9D4E9011011F0F3F8A06810F0AAFB70
:10EFC000C4E90156002070BDB0B51546026804467C
:10EFD0000F488B1A012BBCBF0230B0BD137843F031
:10EFE0008003822B12D1501C206010782A4601C267
:10EFF0002046EFF719FE10B1A0F50A50B0BD206809
:10F00000A86068682168084420600020B0BD00BF87
:10F010001EDDFFFF70B50C462821054622460CF088
:10F02000DDFB288B01382883207D810605D500F083
:10F03000DF002075E88A0138E8822A6A12B1E9699E
:10F040002046904726882046302110F051FF268028
:10F0500005F1080028212246BDE870400FF0A8BE47
:10F06000F0B50A490A4A0D4B0D4C0E4D0E4E0027C5
:10F07000C0E90077C0E908210649074AC0E90265EE
:10F08000C0E90443C0E90621F0BD00BF19CDE05B33
:10F09000ABD9831F8C68059B7F520E513AF54FA563
:10F0A00072F36E3C85AE67BB67E6096ABFB515466D
:10F0B00000221C46C3E900229A6001AAF2F77CFAFA
:10F0C00010B1A0F56A5013E001A8294605F046FAF0
:10F0D0000146084811B1A0F5007009E0297801291E
:10F0E00005D12168052900D011B9616801B9002056
:10F0F00004B0B0BD80C5FFFFB0B50C460BF0B6F94B
:10F10000F8B1D0F86C01D0F884000568CDB128467C
:10F1100010F8141F0CB9BF290AD801F0C00040280C
:10F1200009D118200021E2F741FA284610F8141FEF
:10F1300001F03F0101702820294611F01BF9054616
:10F14000E4E7B0BD70B50546D0F85C0116460C4644
:10F15000884208D028460BF02BFA0B492846C5F800
:10F160005C41FBF770FB0EB1687B207495F90D6074
:10F170002D7B204611F03CF9044B024628463146CF
:10F18000BDE870400CF03AB9413000006D780200E3
:10F190002DE9F041104E80464FF4804543F6FF774D
:10F1A00001204FF4FA7109F0C4F831880844D0FA0C
:10F1B00057F13944B943401A4146A0F580443080A4
:10F1C000A0B206F0BBFA18B1013D2804E8D1002432
:10F1D000A0B2BDE8F08100BF0A3E0120B0B50AF040
:10F1E000E9FC044610F07FFE0028FBD0032005F068
:10F1F00091FD0B48002180F8381120460DF0BCFF2E
:10F200000848816802200D4688470446102007F010
:10F2100017FB24B103202946BDE8B0400847B0BD24
:10F2200038410120642E000010B5044600680068D3
:10F230001C300FF0E6FA20EAE0714FF6FF708142D1
:10F2400038BF0846D4E908218B1A984201DA002019
:10F250000EE0401A104482B252B123681B681B6A48
:10F26000B2EB530F02D2A38B9A42F0D311446162E6
:10F2700080B210BD10B540B150F8042CB2F1FF3F80
:10F2800003DCA0F108010B6803B110BD22F00042BD
:10F290000A4C40F8042C626A0132626250F8040C95
:10F2A000226C10442064084600F032FEE06C01300D
:10F2B000E064BDE81040E2F709BA00BFDC47012076
:10F2C00070B5104C0246A368187AFF2801D0FD20C3
:10F2D00015E0002558799D60197201211E79C3E956
:10F2E000002519712EB158710AF02FFAA0684079E3
:10F2F00005E005480021F0F7B7FEA168487140B26B
:10F3000070BD00BF30510120FDE10200D0F858115E
:10F3100091F8022B02F0FD0281F8022BD0F858116F
:10F3200091F8022B02F0FB0281F8022BD0F8581161
:10F3300091F8022B02F0F70281F8022BD0F8581155
:10F3400091F8022B02F0EF0281F8022B0021D0F895
:10F350005801A0F8041B704770B580B114460E46E2
:10F360000BF0B4FA58B1054666B1AC83AE610B49F7
:10F370000B4A30462346F568A847002000E0FF20EE
:10F3800040B270BDA86920B1AB8BC66800210022D5
:10F39000B0470020AC83A861F2E700BF79460300C4
:10F3A000F1460300B0B515460C4609F0EDFED0B1AC
:10F3B0000E49097A032904D1816D11B9E9B20429F2
:10F3C00011D0217801F0030103290CD1D0F8A0104D
:10F3D0004FF6FF72D1F86C11498C914202D06288CD
:10F3E0008A4200D1B0BD0020B0BD00BF644C0120F6
:10F3F0001FB50C460BF0E8FAC8B14FF40071C068B5
:10F400000194ADF8011002218DF808100A49407BE3
:10F4100009788DF8030068468DF8001000210391EB
:10F4200009F066FA002818BF4FF0FF3000E0FF2017
:10F4300040B204B010BD00BFBC520120F8B50C466C
:10F4400005460CF06BFB0F48826921684B1C0FD0FE
:10F45000D5E90063076BB74201D09A420AD2D21AAB
:10F46000914207D9891A2160016B2960806968601F
:10F47000002402E00020206001240EF0FDFA204666
:10F48000F8BD00BFDC4701202DE9FF470D9D074671
:10F490000020E5B10E9CD4B10E46DDF830A0204628
:10F4A00064219846914610F023FD022025633146E1
:10F4B0004A46434684F8610003A80294CDE900A0BF
:10F4C0003846F4F762FC2046DFF794FB039804B05B
:10F4D000BDE8F087FEB514460D46064601AFA8B25A
:10F4E00002283CBF0020FEBD384631460CF096F89D
:10F4F000A188BDF8080080EA010212F4F04F05D09F
:10F500006FF3DF20023006442D1AE8E7019A6FF30B
:10F51000DF2001F4784101442260A180FEBD70B576
:10F52000032316460C46054609F0E6FA00B170BD05
:10F530003068B0B101383060286800780728307131
:10F5400084BF6FF0630070BD286801302860B06030
:10F550003068296808442860001B18BF6FF06500F8
:10F5600070BD6FF05F0070BDB0B50446006E40B175
:10F57000616E0EF037FE206E10F0CCF80020C4E96A
:10F580001800A06E40B1E16E0EF02CFEA06E10F0DF
:10F59000C1F80020C4E91A00E06C20B1856810F0C1
:10F5A000B9F82846F9E720467C21BDE8B0400EF0C6
:10F5B00019BEB0B505467C200FF0EAFBD8B17C211E
:10F5C000044610F095FC4FF0FF30A0614FF6FF703D
:10F5D000A4F86E0085B128460FF0DAFBA06538B1BB
:10F5E000B4F87400E58540F00200A4F8740003E06C
:10F5F00020460FF0BDFB00242046B0BDB0B5054647
:10F60000B0F8F0000C46800716D5607810F00E0FA9
:10F6100012D00120642108F08CFE6082207C8321BE
:10F620000022234640F0010020742846E2F76CF9DE
:10F63000BDE8B040F9F72CBF00206082207C00F0CC
:10F64000FE002074B0BD70B50E46A8B1CEB105461F
:10F65000304606F013FBC0B1044655F8040C2946A9
:10F660000838B04238BF06462046324610F022FE27
:10F6700028460FF0D7FF09E03046BDE8704006F09D
:10F68000FDBA02F0D9FA162101600024204670BDAF
:10F69000B0B50C4605460DF00BFC20B1686AA042DF
:10F6A00004BF0020686228462146EEF778FF05F186
:10F6B0002800342122460CF091F8A08CC00706D017
:10F6C000204607F07DF92846002104F0EFFF204690
:10F6D0003C21BDE8B0400AF07DBFB0B5044619B189
:10F6E00091F8260008B9B0BDFF20E16C80F0FF055D
:10F6F00091B1888C80070AD491F82A0091F82B20C8
:10F70000284081F82A0002EA050081F82B00302009
:10F7100010F030FE0146EBE720460021BDE8B04086
:10F720000AF0D1B870B5A4B009AE05460C46304613
:10F7300010F0F0FA30460021F1F754F950B909A859
:10F7400029461022F5F72EFC20B909A801A9E2F7F5
:10F75000F7F930B1FF2409A810F0D7FA60B224B04D
:10F7600070BD07980899616020600024F3E7B0B588
:10F770000D46002101220446F3F7BCFC022D1AD1EC
:10F7800094F82C00032816D1D4F8580190F8081BDF
:10F7900001F00302022A0ED101F0FC0180F8081BDF
:10F7A000D4F8580190F8091B481CC2B22046BDE8A5
:10F7B000B0400CF057BBB0BD70B50C46FF21F0B1A6
:10F7C000ECB10BF083F8C8B106460068054678B185
:10F7D0000C20294610F0CEFDA168AA688A42F5D116
:10F7E00030460C212A460BF0F9FF28460FF0C0FAEC
:10F7F0000021002D08BF4FF0FF3100E0FF2148B28B
:10F8000070BDF8B515460E4609F0BEFCE8B10446D9
:10F81000002004F19401C6E90200306104F17C0784
:10F82000C6E900100120C4F89470052130813846E3
:10F830000DF0A6F90646284610F012FD01463046A6
:10F840000FF04BF8C01BC4F89800F8BDB0B58AB0F3
:10F850000C4605460AF00AFE002D03D488B1D0F804
:10F86000580170B184B16D460021284609F014FC9E
:10F8700000280CD4691C2046202210F01BFD00201B
:10F8800007E04FF0FF3004E06FF0010001E06FF09F
:10F8900002000AB0B0BD70B58AB00D4604460AF049
:10F8A000E5FD0646002C03D4AEB1D6F8580190B160
:10F8B0006846002109F004FC6FF0020400280CD413
:10F8C0006A463046002100238DF80050D4F732F804
:10F8D00004EAE07401E04FF0FF3420460AB070BD46
:10F8E0000E485022016841F4087121F002010160C4
:10F8F0000B48032140F8041C41F2300181600121D2
:10F90000016082604FF4CA62016082604FF48652E7
:10F91000016082600160034801607047000004607C
:10F920005860044000410440B0B504460C480D4600
:10F93000007808B907F030FD0A480078A0429CBF63
:10F940000020B0BD094A0849002D04EB440018BF4F
:10F95000294652F8200082692046BDE8B040104791
:10F96000E45401200F1B0000943600000C3300000B
:10F97000B0B50AF01FF9044610F0B5FA0C480021A2
:10F9800080F83811032005F0C5F920460DF0F4FB8E
:10F990000848816802200D4688470446102006F07A
:10F9A0004FFF24B103202946BDE8B0400847B0BD51
:10F9B00038410120642E0000B0B504460AF0FAF880
:10F9C000054660680B490124030CCA6A0C60B0F557
:10F9D000802F38BF04239818486107482321006806
:10F9E000026800209047054804602846BDE8B04002
:10F9F0000DF0C2BB042009408401001080022443A2
:10FA00000CB54FEA41034FEA5353B3F54073FF3B44
:10FA100044BF00200CBDD3F11F030FD94FEAC12210
:10FA200042F0004222FA03F20B2B3EBF1533D840BE
:10FA3000024300294CBF504210460CBD00294FF034
:10FA4000004058BF401E0CBDBFB54FF0FF316B46A4
:10FA5000CDE902110B490A68009249680191002121
:10FA600002AA545C5D5CA54208D101310829F8D195
:10FA7000054909680191054909680091694610F036
:10FA8000BCFBBFBDC84F0050F4120050F012005034
:10FA9000F8B50024E1B10646D0B10E4F3868B8B9C8
:10FAA00078200D460FF05CF9386080B1782104466B
:10FAB00010F01EFAA66104F1240095E8CE00CEC035
:10FAC00094F8340020B9012084F8340000E00024C8
:10FAD0002046F8BD48540120B0B504460F480568DB
:10FAE0005DB1608C698C88420ED3401A29466084CF
:10FAF000282010F03FFC0546F2E70848282122465E
:10FB0000BDE8B0400FF054B92820294622460FF036
:10FB100047F9608C698C081A6884B0BDAC53012029
:10FB2000F8B50D4604460DF0B2F80646681C03D140
:10FB300016B100252846F8BD0A48EFB20569002D28
:10FB4000F7D0284621460DF0B3FB20B1002EF1D0AE
:10FB5000287CB842EED02020294610F00BFC054648
:10FB6000EDE700BFDC5001201CB50C46190A8DF8EA
:10FB700007208DF806308DF8051004998DF80410D3
:10FB8000090A8DF8031010210FF052F821461022B7
:10FB90000BF054FC0DF1030105220BF04FFC014664
:10FBA0006FF31F5181EA1050002808BF01201CBDCF
:10FBB000F8B5C66A0D46044656B12020314610F00D
:10FBC000D9FB07462046314600F016F83E46F3E7DB
:10FBD0004FF47A701921A570A0604FF4A050A4F8DA
:10FBE0000300208840F00C0020F03300208004F156
:10FBF000100010F07DF9F8BDB0B50C4605462C306C
:10FC0000202122460BF0EAFDA07C012803D12846E2
:10FC10002146FBF715F809480025016941B1C8697B
:10FC2000A04208BFCD61202010F0A4FB0146F5E7FB
:10FC30002046BDE8B0400FF09BB800BFDC5001206B
:10FC4000B0B50446007A04281CBF0020B0BD656B27
:10FC500014F8090FFF280CD00A4920460DF0A4FD26
:10FC600068B128462146FAF7AFF8B0FA80F04009AB
:10FC7000B0BD28462146BDE8B0400AF00DBF0120C6
:10FC8000B0BD00BF513000002DE9F0410D460F49D5
:10FC90009046C4B20F68BFB1282039463E4610F0E6
:10FCA00069FB0746FF2C02D0B079A042F3D130792E
:10FCB000A842F0D1B8F1000F02D0F0684045EAD177
:10FCC0003046FEF7DFFFE6E7BDE8F081B4530120E0
:10FCD00070B506460F480D4614460168B1B1486834
:10FCE000B04204D0082010F045FB0146F6E7086852
:10FCF00060B1691C2246294618BF6FF00101002D32
:10FD000008BF2946BDE8704003F04EBF4FF0FF30FA
:10FD100070BD00BFC453012070B5002842F21075B9
:10FD20000E4840F6B83618BF44F6206518BF42F2B8
:10FD3000107644688CB1A16D2A46002908BF32466E
:10FD400094F9000018BF01214900ECF7BDFA6C20BE
:10FD5000214610F00FFB0446ECE770BDB0520120C5
:10FD6000BCB50E4C206810B10C4803F09DF9002082
:10FD70000B4DA07201AC2878FAF720FE019018B163
:10FD8000204603F091F9F6E70648007800B1BCBDC3
:10FD900000200021E2F7B3FBBCBD00BFAC3D012059
:10FDA000CE3E0120D6540120B0B5044609F002FF32
:10FDB000054602200021FAF7E7F90A482246417B6E
:10FDC00001F0F001013141730849074809680068F2
:10FDD0008B694FF0FF3198472846BDE8B0400DF0E1
:10FDE000CBB900BFC43B012030530120583E012055
:10FDF000E8B170B50E4D0446E030A84704F58270B6
:10FE0000A8470C4E04F59470B0472046FAF74CFA18
:10FE100004F17C00B04704F18800A84704F1AC006D
:10FE2000A84704F1D0003146BDE87040084770474C
:10FE30004DA30400FF96040070B5044603F0ACF92E
:10FE40000D4D04F17C00A8470C4E04F18800B0472A
:10FE500004F1AC00B04704F1D000A84704F1E00081
:10FE6000B04704F58270B04704F59470A8470020AD
:10FE7000C4F8DC0070BD00BF2DF70400DDB604003F
:10FE80007CB543F0A006154604320446334608F01C
:10FE900033FE60B92E6030232068A860686821684E
:10FEA00001AA0D182046294608F026FE10B1A0F53B
:10FEB00014507CBD206801990844281A1CBF4DF6D7
:10FEC0009A20CFF6FF707CBD7FB5054608461646E2
:10FED0000C460CF0DCFED0B9072E0FD0BEB995F958
:10FEE0000D2000204FF0FF310323CDE900310290B7
:10FEF0002046802100230BF079FF7FBD95F90D206E
:10FF0000032080210023009020460EF0DFF87FBD03
:10FF1000B0B50F4A114612688242FBD34C68436861
:10FF20000D19854202D1234408464B60C4189442FF
:10FF300008D1084CE46BA24204D052681A444260D3
:10FF40000A6812688142026018BF0860B0BD00BF35
:10FF5000EC3D0120DC470120FEB56C46CDE90001F7
:10FF60002046F6F783FA0D4DD5E9002382EA000614
:10FF700083EA01072046C5E90067F6F777FAD5E975
:10FF8000022350405940C5E9020139433043084338
:10FF900002BF00200121C5E90010FEBD80510120F3
:10FFA000F8B501780D2914D1C26B41680390009215
:10FFB00090F84620029169468DF8042090F8482078
:10FFC0000089ADF8060000208DF805200EF0BFFB7B
:10FFD0008FBD0448418C01314184BDE88F400BF056
:10FFE000DDB900BF5C380120B0B504460F48416A56
:10FFF00001314162E06AA0B10168E16205696968A6
:020000024000BC
:1000000009B12A680A60296809B16A684A6081688A
:10001000096811B1C06800B188472846FFF72AF97E
:10002000E8E7BDE8B040E1F751BB00BFDC47012085
:100030002DE9F04385B0076891460D460646002439
:100040000DF11008AFB1304629464246049410F035
:10005000E9F90499CDE90040384680224B460291E7
:100060002946EFF73FF80020394610F083F907469C
:10007000E8E705B0BDE8F08370B50C46097D0022C5
:10008000051D82700522CE1D0221027001EBD601F2
:100090004170217DC170211D2846227D06F0E8F8BF
:1000A000A08C05EBD601C0065CBF084670BD40F2CF
:1000B000094021F8020B206ABDE870400FF0A8BD8E
:1000C00070B50C4672B11546052A11D0042D19D110
:1000D000217B05291CBF042121733221618100216C
:1000E000A17301E000212173016CBDE87040084755
:1000F000217B05291CBF322161810026A673416E38
:1001000088476673257370BDF0B526244FF0000C48
:10011000082B08BF2F240B2B08BF2F2400230026F9
:10012000864213D20F78BC4209D11D0407D05FFA72
:100130008CF595420AD00CF1010C002303E0E51B7D
:1001400018BF01252B4401360131E9E798B2F0BD13
:10015000B0B50446007BFF2812D0A06880B194F9A6
:100160000E00256B0FF052FA00210A48227B017025
:10017000427035B1696B497B817095F8701001E070
:10018000B0BD8170E2698171A1688280BDE8B04034
:10019000084700BFE23D012070B50F490F4A112406
:1001A0000D78013C15D06B1C0E2DC8BF002352F8F2
:1001B0002350002D1D46F4D1037330B1048A651C11
:1001C000AEB2AE4218BF2646068242F823000B703C
:1001D00000E0FF2358B270BDE654012064370120CF
:1001E000B0B504460B48002104F17805E0640A48E4
:1001F00020640A48A0630A4820620A48C4E9001043
:1002000028460CF0A5FB204629460022FFF758FFA0
:100210000020B0BD31F904005904020007FD0200BE
:10022000C58A030011E3040010B504460EF0E0FD9A
:10023000206A58B1E16908440B49E0610968401A35
:1002400000280ADD204602F037F909E007481421AA
:10025000224604300DF008FB02E020460FF05CFE61
:10026000BDE810400FF086BA143E0120A4520120D0
:10027000F8B50D4D0B4F00262C1DD82E06D0BA19FF
:10028000204614210DF0F0FA2436F6E70748084915
:1002900001600848F9F728FE2870BDE8F8400EF024
:1002A000AFBD00BF540F0020A4520120103E01201A
:1002B00037020500D18F0400F0B58DB00E46074619
:1002C00001A82E211C4615460FF012FED7F86C012E
:1002D0008DF80F408DF80A60ADF808504584D7F8C6
:1002E0006C0180F8206040F60F70ADF80D00D7F873
:1002F000680118B1C36801AA0B2198470DB0F0BD81
:1003000030B91048006808B1583001E00C4890300E
:100310000A880388934211D14A88438893420DD1B9
:100320000A790379934209D14A794379934205D1F5
:10033000C988C088401A18BF012070470120704743
:10034000A412002084540120A0F11A0102293CBF0C
:100350004CF250307047A0F12A0102290AD3A0F1D3
:100360004A01022908D3032808D0052814BF002019
:100370000348704705487047024870470248704775
:10038000E0930400400D0300F0490200A086010044
:1003900070B504460EF00CF8E2680026C2E90201CE
:1003A0000C48E168806A4860206900F16605E08ACF
:1003B000864228BF70BDA07EC00704D0A5F16600AC
:1003C00068210FF095FD2888013620F4804025F83B
:1003D000680BECE7F84C0120BCB50C4605460AF06A
:1003E00005FBC0B190F83211490605D500F1310185
:1003F00020460DF0CDF988B16946284601F0BAFAD9
:10040000002808D4684621460DF0C2F9002818BF1C
:100410004FF0FF3000E0FF2040B2BCBD0020FBE702
:10042000B0B5CAB249064FF000010CD590F825309E
:100430004BB100F1280400212BB114F8015B013B02
:1004400029440331F8E752B2B2F1FF3F0ADC90F8D9
:100450003C203AB13F302AB110F8013B013A19442F
:100460000331F8E788B2B0BD10B50F4C206840F4F6
:1004700060002060206840F06040206008F0E4FDEB
:100480000A48002101600DF04DFFD4F8140240F03D
:100490004040C4F8140208F06FFCF3F7C7FA0BF001
:1004A000EDF9002010BD00BF20ED00E0B8540120A0
:1004B0001FB5F5F7FBFE0B4C606B80B10A480D4988
:1004C000602200230290094801900520009008480E
:1004D000FEF7DAFF0028A06318BF012000E000202B
:1004E00004B010BDDC470120203401201805002095
:1004F00041D40100AC350000BFB50D46044602A949
:1005000042F20100F8F7AAFB03A80DF10601F6F785
:1005100091FB2846EFF788FC0399029A0844BDF83E
:100520000610904228BF0131217028BF801A090AA5
:100530006170010CA070000A2171E070BFBDB0B500
:10054000044609F037FB054600F028FA617E39B110
:100550002369D4E901121B1A1A440A44626000E0BC
:100560006268E1682061104604F114030022F2F78A
:1005700005F9012060766068A0602846BDE8B040BB
:100580000CF0FABD10B509F071FFB8B1044690F84F
:100590003000000703D594F82C00032812D1D4F8BA
:1005A000840168B1D4F8800150B10FF029F8D4F873
:1005B0008411E0772046BDE810400847FF2002E0A4
:1005C000FB2000E0FC2040B210BD10B50C4609F045
:1005D0004DFF90B1D0E94612A2606160D0F8D6100C
:1005E000D0F8DA202261E160D0F86C1139B1498C81
:1005F0002180D0F86C01808C06E0FE2006E04FF0F0
:10060000FF3020804FF6FF706080002040B210BDA8
:10061000F0B55FEAD20C0CD004460D4666462F7842
:100620002378BB4213D1013E04F1010405F1010519
:10063000F5D112F007020CD010F80C0011F80C10D4
:1006400048404FF48071D1404942014201D000201E
:10065000F0BD0120F0BDFEB56F46064614460D46BE
:1006600038460FF063F80C35311D38462A46FEF740
:1006700031F8064668B92846002107F0F1FD002848
:10068000694618BF012000EA04022846FBF7BCFDBA
:100690000646684609F033F83046FEBD1FB5D0F86F
:1006A0006C21002391844FF6FE72914238BF0123E2
:1006B000D0F86C21ADF80E1002218DF808100DF164
:1006C0000E01948901915321ADF800100A2124F004
:1006D0000104234493816A46D0F86801C3689847AF
:1006E0001FBDF8B5154606460846194601221C46A8
:1006F00007F03EF960B107464069102808D130463E
:1007000005F07EFF3046394602F00AFD18B1F8BD0B
:100710006FF00C00F8BD304629462246012301B097
:10072000BDE8F04001F0E8BCB0B5D0F86C010D4672
:10073000511C1446408C0FF066FA687802280AD0E3
:1007400001281CBF0020B0BD022020706888A4F8DA
:1007500003000420B0BD03202070D5F80200D5F8B6
:100760000610C4F803000A20C4F80710B0BDBFB5D6
:100770000D46044602A942F20100F8F76FFA03A8F9
:100780000DF10601F6F756FA2846EFF745FD0399F5
:10079000029A0844BDF80610904228BF013121702A
:1007A00028BF801A090A6170010CA070000A21712B
:1007B000E070BFBD7CB50446407B10F0090F15D03A
:1007C00000F0C60016460D463830607304F138005C
:1007D0000EF00EF8607B400609D43EB100202146A1
:1007E0002A46002300903046F3F7A4F87CBD20464B
:1007F0000021BDE87C4005F03BBB70B500F19005E1
:100800000446084611462A46E9F7F5F970B12878FA
:1008100050B994F89A00216C84F8DB0094F89C009D
:1008200084F8DC0020468847002600E0FF262846A2
:1008300038210FF05DFB0020A4F8DB0070B270BD22
:1008400070B515460E4604460BF068F994F844005E
:10085000FF2804BF002084F8440094F84500FF28D6
:1008600004BF002084F845000DF006F9A06B28B9FC
:1008700004F1240031462A4601F05EFE2046BDE820
:100880007040F5F783BD2DE9F0410AF055F8D8B175
:100890000446C06E41F6F40841F6FC0750F80850D3
:1008A00095B16C2029460FF065FD0646E06E6C217F
:1008B0002A4640440AF092FFE06E6C212A463844F2
:1008C0000EF076FA3546EBE7BDE8F0812DE9F04110
:1008D000D8B11C4616460D460AF052F8A8B1DDE91B
:1008E0000BC10DF1200EDDE90673C0E9AE549EE8A0
:1008F0000441C0E9B66100F53271C0E9B073C0F8D7
:10090000D4C2002081E8044100E0FF2040B2BDE8ED
:10091000F081B0B505460AF033F8D0B10446284658
:100920000022214602F0DAFF2846F6F7DFF8DBF76F
:1009300055F903F0D3FFD4F8E41209B128468847EB
:1009400004F5C2700AF0C8FA2046E8F731FB00202F
:1009500000E0FF2040B2B0BDF8B50446C0B10D4F75
:10096000002B15460E4618BF1F46ECF7A5F9786810
:10097000A661A56000212061B86821752146E0616B
:1009800005480BF0C9F9387810B12046EDF708FE9C
:100990002046F8BD00330000281400202DE9F04166
:1009A000ECF78AF909F006F980460B48D0F8904038
:1009B0000A480068006B80470546D4E90474404645
:1009C0000E460CF0D9FB284631463A4623460DF038
:1009D0002DFBBDE8F08100BF281400208C01001021
:1009E00010B504460E4890F82900B8B1607828B1D7
:1009F0002046FCF713FF0020607010BD207810B176
:100A000094F8200028B194F87C00BDE8104003F071
:100A100055BC2046F8F76EFE0020207010BD00BFC8
:100A2000FC150020F8B50D480D4D0E4F0126046849
:100A300004608CB1B4FA84F0696880F01F0006FA93
:100A400000F251F8201094430029F2D057F82020EA
:100A50005203EED58847ECE7F8BD00BFE020024026
:100A60000431000000100840B0B504460C4800688E
:100A700080470023E05C01330028FBD1094DF520BD
:100A80002246294604F0AEF92846002105F078FBFD
:100A90000548B5F90040006880472046B0BD00BF5A
:100AA00030540120DA3D0120345401200C480D4A15
:100AB0000D4B0168825800680340D0B20B4A7F2872
:100AC00088BF0020934205D1090F012904D009B93C
:100AD0000A3002E0FF2000E00B3040B2704700BF58
:100AE0001813005088FDFFFF00F0FF0F0070B70BD8
:100AF0000F49C3070A68496D01D1002106E001F0E2
:100B0000040102F00103C91818BF0121830744BF83
:100B100002F0020341EA5301400744BF02F004001F
:100B200041EA90010220002918BF0120704700BF50
:100B3000402108400F49C3070A68496D01D10121CE
:100B400006E001F0040102F00103C91818BF0121F9
:100B5000830744BF02F0020301EA5301400744BF88
:100B600002F0040001EA90010220002918BF0120D0
:100B7000704700BF40210840B0B511F1800201D19B
:100B8000002112E00C4A002303EB830544577F2C1D
:100B900009D00544D5F801501540954203D08C4248
:100BA00001DC0133F0E72BB1591E01EB8101084450
:100BB000D0F801201046B0BDFFFF3F00F0B50F4C4C
:100BC00000234FF0580C8EB20027B3F5307F0FD0C2
:100BD000E1180D8EB54208D139B10D69854204D1B5
:100BE0004AB191F83350154203D158330137ECE73D
:100BF00000210846F0BD07FB0C41FAE7D8000020B1
:100C000070B5044605680D48C6680D480068006B5D
:100C10008047811B080B05EB1132B5EB113F40F605
:100C2000C41188BF50088842206004D880084A2830
:100C300002D84FF49671216070BD00BFB448012006
:100C40008C010010F8B516460C4605460EF074FBF4
:100C5000074620460EF070FB3844263005F00EF8AB
:100C600038B108492A4623460746009603F0E2FDBC
:100C700000E0034F3846BDE8F8400BF04BBB00BF27
:100C8000542D00000D200000002944BF00207047B3
:100C900004B54FEA41024FEA5252B2F54072FF3AB0
:100CA00044BF002004BDD2F11F020CD34FEAC12182
:100CB00041F00041D1400B2A3EBF153220FA02F22A
:100CC0001143084604BD0020401E04BDD0B1B0B59C
:100CD00004460EF08DF80C48016811B10168013925
:100CE00001600EF047FD204607F0A9F9A06B0CF05B
:100CF00063FE206B054DA847606DA8472046A847B6
:100D0000BDE8B040002070474054012071ED040060
:100D10002DE9F04786B005460A488DF814200DF1FC
:100D200004090C46DFF820804FF0110A0CF03DFF5B
:100D300006480CF03AFF06480CF037FF06B0BDE855
:100D4000F08700BFE4300000F5260100D430000039
:100D5000F4300000BFB5054698781C4601280CD138
:100D6000E8F714FB4FF4A0700021224645230290BF
:100D7000084801900020009006E000200021224653
:100D80008523CDE900000290284607F0E9FC002009
:100D900004B0B0BDD8070020B0B554200DF0F8FF66
:100DA0000446B0B1204654210FF0A2F80EF0F3FF34
:100DB00020F07F451DB1284607F04AFD08B1681CA8
:100DC000F6E705484C212246656240682C300CF05D
:100DD0004BFD2046B0BD00BF44530120F8B5054689
:100DE0000E480C460768BFB1282039463E460FF032
:100DF000C1FA0746706AA842F5D134B106F1100174
:100E000020460CF055FA0028EDD0304607F098FD4A
:100E100030460DF0ADFFE6E7F8BD00BFAC53012052
:100E2000BCB50546100A0C4603218DF807208DF845
:100E30000600C2F303408DF805000DF105000DF02A
:100E4000F7FE294610220AF0F9FA214610220AF08C
:100E5000F5FA01466FF31F5181EA1050002808BFD0
:100E60000120BCBD7FB51C461646054620B9084684
:100E700009F0FCFA054698B102A80DF10F033146BE
:100E8000224600902846FDF7D7FB38B1089B95F91C
:100E90000D00029A9DF80F10984703E0002001E032
:100EA0004FF6FF7004B070BDB0B50D46511E14462C
:100EB000052908D8DFE801F00309070B0E16002109
:100EC000697480680BE0002009E0C06807E041F227
:100ED000883004E000216974002109F07FFAA861DC
:100EE000AC74B0BD294603F0FFFFF9E77CB50F4CA9
:100EF00001AD206838B1204608F098FA01902846E4
:100F000002F0D2F8F5E7251D6E46606838B1284634
:100F100008F08CFA0090304602F0C6F8F5E70020A1
:100F200020736081C4E900007CBD00BF7C3D0120CE
:100F30000D490E4A0E4B897A52F82110027802F0C0
:100F40007F02027011F812103C2202EA91029A58B4
:100F50002AB101F00F0152F8211011B10847DEF754
:100F6000A2BA0AF01BBA00BFAC3D012064540120B4
:100F7000444F012080B50C48006808B90AF00EFA09
:100F80000A48017801F0FE0002281CBF002080BD45
:100F90000748007810B10748006880BD0220032987
:100FA00008BF642080BD00BF90540120345301204D
:100FB000D9540120785401202DE9FC4114460D46F6
:100FC0000646E846AFB2022F10D34046314603F042
:100FD00039FABDF80400811CB94207D8A2799DF8FE
:100FE00006309A4205D00E446D1AEBE70020BDE8AA
:100FF000FC810099A0802160BDE8FC8170B50AB138
:1010000000231380D1B180B100230024A14213D06A
:1010100000EBC4056D6815B150F834603EB12B4447
:101020009EB2B54203D80134F0E7002070BD002025
:101030008C4228BF012070BD02B11380012070BD19
:101040008178008840EA0140C0F3C12161B1C0F35A
:10105000C1324AB100F4C043B3F5804F0CD103292B
:1010600008BF032A08D10BE010F4C03F08D000F4F9
:10107000C041B1F5804F01D1400601D40120704735
:101080000020704770B588B00E4D2868411C29605B
:10109000B0B904AC20460DF053FC042600202146D4
:1010A0008DF810600DF054FC6C46686020460DF021
:1010B00027FC002021468DF800600DF029FCA86077
:1010C00008B070BD8C5201200C4AC2600C4A82608C
:1010D0000C4A42600C4A02600A6802614A68426136
:1010E0008A688261CA68C2610A6902624A694262A8
:1010F0008A698262C969C162002070477465206B89
:10110000322D62796E64203365787061B0B50F4C12
:10111000032A18D305460868421C0A600278032A8D
:1011200011D1821CC31C0A6042780B60807840EAAF
:10113000022080B20BF030FA18B100780024287039
:1011400001E004F580742046B0BD00BF80B0FFFF11
:1011500010B50B4800210024EEF786FF09490870FE
:1011600001F08AF8084801216422046007480171EF
:101170000749847004700120BDE81040F7F734B9C6
:1011800021F60200F44E0120983E01201C5401205B
:101190003922040010B50F4C4FF47A7194F9000015
:1011A000F0F72EF8608801306080607800B110BDE3
:1011B0000EF0ECFA04F8040F0021607034F8020C11
:1011C00024F8021CE06020460EF0AAFE012004F87C
:1011D000030C10BD10500120B0B5044680680128F2
:1011E00006D1E06806F058FE441E18BF012411E045
:1011F0000948002200230025416A01314162002193
:10120000E068DFF783FB6560441E18BF40F2D174CD
:10121000E0F75CFA2046B0BDDC47012010B528207D
:101220000EF0C3FD0446A0B120460EF0B1FEFF2033
:101230001421208204F114000EF05AFE012008212E
:101240002246A074044808300CF00EFB034802F05C
:1012500001FF204610BD00BFA05101202F980400BF
:1012600010B58AB004460D4805900D4804900868F2
:101270004968CDE90601106851682022CDE90801CE
:1012800010201821CDE90013029004AB0120214663
:10129000F1F730F9C0110AB010BD00BF4E616D65A5
:1012A000504D4B2010B58AB004460D4805900D48AE
:1012B000049008684968CDE9060110685168302239
:1012C000CDE9080110201821CDE90013029004ABEC
:1012D00001202146F1F70EF9C0110AB010BD00BF80
:1012E0004E616D6550544B20F8B5F0B10C46E1B13C
:1012F000616945680846A84720692E46A847E56900
:1013000075B1E86A3746B047286BB047686BB0479D
:10131000A86BB047E86BB047286CB0472846B04789
:1013200020463146BDE8F8400847F8BD81B0B0B569
:1013300087B000250B930C4605920C4B00290495B1
:1013400018BF0139CDE9020107480BA906910090A9
:1013500005A802AAC3F7C4FB0CB102990D7007B02F
:10136000BDE8B04001B07047B161040069D204002B
:1013700010B548200DF0F4FC0446C8B1201D4421EE
:101380000EF0B6FD012084F82E004FF6FF70A08508
:10139000002020604FF0FF30E0634FF48070A4F82D
:1013A0003700FF2084F8350004F140000EF0F0FD16
:1013B000204610BDB0B504460A480D4904F1780531
:1013C000E064094820640948C4E90D100948206018
:1013D00028460BF0BDFA204629460022FEF770FE93
:1013E0000020B0BD55F6040041900100B7EF0100A8
:1013F0000DA10400FD020500F8B5054607981F463B
:10140000069B0C46164602F10801009002F11C00F2
:101410003A46EBF7E1FE074630B1706B78631DB1D9
:101420002868394605F0D5FE3046FFF74FFC1DB160
:10143000284621460AF033FE3846F8BDBCB50446BE
:10144000D0F86C01D0F8840009F0D0FB0020694688
:10145000CDE90000204601F064FA80B105464FF066
:10146000FF30C5E903002988D4F8580100F69840F8
:101470000CF01CFD18B1D4F8580129880186BCBDB8
:10148000B0B5C8B1044609F021FA08B1002414E04F
:1014900028200DF065FC78B1054644610EF078FD1A
:1014A00005F108000EF074FD0548002420212A46AD
:1014B000AC770DF07DFC00E0FF2460B2B0BD00BF52
:1014C0009C53012070B509F037FAC0B10446EFF71C
:1014D000E7FB0C480021224600250AF07FF9D4F8EA
:1014E000A000002100220023D0F868014668B04720
:1014F000E06E0DF03DFC20460DF03AFC00E0FF25CB
:1015000068B270BDD45301202DE9F04106465C203D
:101510000C4648430DF024FC8046306070B1B48026
:1015200000276FF080254646A74207D230465C214F
:101530000EF0DEFC75655C360137F5E7B8F1000F9B
:1015400018BF4FF001084046BDE8F08170B5044671
:10155000D0F858010D460E6808212A4600F63C30A6
:101560000AF03CF9D4F8580108212A4600F6443024
:101570000DF01EFC307D810609D500F0DF003075CE
:10158000D4F86C01D0F88400C18A0139C18270BDE1
:1015900080B5FF21D0B1CAB109F0F2F968B10C49A8
:1015A000097A01F0FE01022909D1D0F8AC1231B15B
:1015B0000A7FD20701D1898A09B1FF2106E090F89C
:1015C000A31341F0100180F8A313002148B280BD9D
:1015D000644C012070B50C46054609F007FAA8B125
:1015E00006460C48007A411E022909D303280BD174
:1015F000D6F828012146406AFCF73EF8002803D4BB
:10160000F269284621469047002000E0FF2040B2C2
:1016100070BD00BF644C0120BCB5044600200D46DF
:10162000CDE90000684607F060FF002812D400985A
:101630002168E288284429440EF03CFEE088ADF899
:10164000060020460CF099FFDDE90001C4E9000125
:10165000002000E0FF2040B2BCBD000010B500201B
:10166000002408F0DFFE90F83400092808D8DFE8ED
:1016700000F005140D1414140F14141101240CE0BF
:101680001A2809D0212808BF062406E0032404E014
:10169000042402E0022400E00524204610BDF8B531
:1016A0000546084614460E460BF00EFE0746287CFB
:1016B000297D00F0FD00B142287406D105F130000B
:1016C00021463A4609F03CFB40B105F13000214685
:1016D0003A462E750EF0EEFD0120F8BD0020F8BD53
:1016E000F8B5D8B10E4601681D461746044639B113
:1016F0000878B04212D00C200EF03CFE0146F6E70E
:1017000014200DF045FB48B10246C0E90175067092
:1017100020460C210CF0A8F8002000E0FF2040B289
:10172000F8BDB0B508F03AFDC8B104463C30002120
:1017300000250BF014FB04F11800A4F850500AF037
:1017400075FE04F10800012184F85C500BF007FBE2
:1017500004F1440006F0DCFFA565E56400E0FF2528
:1017600068B2B0BD10B5426862B12021531E01EBD2
:101770004211826843B152F82300013B203900280E
:10178000F8D003E0002010BD106820214FF0004287
:1017900000231F2B05D812EA000402D1013352089E
:1017A000F7E7C81A10BD70B506460C460846114644
:1017B0001A46FCF78FFF054608B1284670BD04366F
:1017C00020680025B0F1FF3FF7DC2046002106F03D
:1017D00047FD0028F1D0204621463246FCF770FB39
:1017E0000028EDD00546E8E710B5846BE4B104F5B8
:1017F000A4700EF08AFA201DFEF7FAFAD4F8380128
:101800000DF088FFD4F83C0138B1D4F840110CF049
:10181000E9FCD4F83C010DF07DFF20464FF418712F
:10182000BDE810400CF0DEBC10BDF8B5466C0C46AF
:1018300005460027CEB1708A88B1A04202D9001BAC
:1018400070820CE0307C832100223346778240F0A6
:10185000010030742846E0F757F8F7F719FE182012
:1018600031460EF087FD0646E4E7F8BDF8B50D46B3
:1018700049B21446002948BF05F0BF0506686FB29B
:101880009EB1307BA8420AD1B7F1FF3F0DDC34B1E5
:10189000F06920B1083021460BF00AFD28B900207C
:1018A00031460EF067FD0646EAE73046F8BDFEB564
:1018B000836D15460C4601A9002207469847F86E2D
:1018C0000DF0EEFA50B10646F86E0DF0E1FA28B1CF
:1018D00003462DB101A930461A4604E0FF2005E079
:1018E00001AA304619462346FFF7DCFC40B2FEBD94
:1018F00070B5D0E9023212B10BB9002070BD0020E2
:101900000024A24211D003EBC4056D6815B153F851
:1019100034602EB1284486B2B54201D80134F0E7D4
:101920000020944228BF012070BD01B10880012031
:1019300070BD10B50446D0F82C01818CA4F81211AA
:1019400004F58971C08CA4F814014FF44070A4F818
:10195000160104F584700AF0C0FB0020A4F806010B
:10196000032084F8310194F8320140F0010084F83A
:10197000320110BDB0B590B0D0F85C01B8B10C46E2
:1019800000210DF033FF90B1694605460EF010FDC1
:1019900068B12846002109F0A1FF40B18168C06804
:1019A000606081F0020021602070002000E0FF20D4
:1019B00040B210B0B0BDF8B5E0B10D460646A0FB90
:1019C0000101B9B905FB06F010F1510F12D85030E2
:1019D0001446E5F7D3F90746002057B187F84600CB
:1019E00007F15002304629462346009709F036FF9A
:1019F0003846F8BD0020F8BD2DE9F04108F0DAF8CE
:101A000080460B48D0F890400A480068006B804739
:101A10000546D4E9047440460E460BF0ADFB28465B
:101A200031463A4623460CF001FBBDE8F08100BF89
:101A3000281400208C01001080B58AB00D4869463A
:101A40000068703001F006F808B1002010E09DF841
:101A50000B000028F9D0684608F0EBFF9DF808104D
:101A6000B0FBF1F24A43101A08444FF47A7148432C
:101A70000AB080BD90540120B0B588B00DF10705C3
:101A80000446E220294600F037F894F826206088C2
:101A9000294606F017FA0DF10F05044642F202003E
:101AA0002946F7F7DBF806F037FA024620462946C2
:101AB000F8F73AF808B0B0BDB0B50D4800214022A3
:101AC00000240DF05BFD0B4D68882C8000EB80003E
:101AD00084B220460EF0DDFB686018B900200EF0DD
:101AE000CEFB686800212246BDE8B0400DF046BD3F
:101AF000A43701205C530120F8B50C4609F03EFDE7
:101B0000FF2804BFF420F8BD09490A4B11F8202032
:101B100001EB80079D1808F04DF87A7806462046BC
:101B200029460CF0DDFF30460BF026FB0020F8BD07
:101B300004110000FC150020F8B517460D460646B6
:101B40000EF034F83168044639B14FF0FF3051F8E7
:101B50000C1C01300029FAD100E00020B84205D267
:101B60003046294606F05CFD012500E000252046B0
:101B70000EF0E6FA2846F8BD0B4801688907FCD547
:101B80000A4801210A4AD0F83C0101284FF001001F
:101B900008BF2020082390610020106005480360E2
:101BA00043601160704700BF58600C40384101200D
:101BB00000400C4038500C4040F00201022918BF90
:101BC00070477CB50A4D0B4C80B270220423296803
:101BD0004E68009020460021B047286800217022FE
:101BE0007023D0F80CC0204602B0BDE870406047BA
:101BF000A401001000A00C40B0B50C4D044607F045
:101C0000D9FF6C61012CE9680BD151B1297841B938
:101C10000749096D102902DB064A103911600121BC
:101C20002970BDE8B0400BF0A7BA00BFF84601200C
:101C3000DC47012000EF00E0B0B50C480C4D4169D5
:101C400089B10C4C406A206800B92068816D59B98F
:101C50000420E5F793F8294630B1216801B92168DD
:101C60008865014600E029460846B0BDDC470120F2
:101C70000C3E0120A05401207CB5846B0E46054625
:101C8000A4B12046314610220AF066FD28B12C206E
:101C900021460EF06FFB0446F2E74FF4E160214667
:101CA000002200230090284604F0B2FA0020002C05
:101CB00008BF4FF0FF307CBDF8B50E4D04462F68CD
:101CC000BFB1142039463E460EF054FB0746B07CA7
:101CD000A042F5D1317C304603F0F8FB0028EFD16B
:101CE00028461421324609F079FD30460DF040F8BF
:101CF000E6E7F8BD7C5301200E4910F8012B8B1844
:101D00005B78DB06F9D400212D2A18BF2B2A02D0DC
:101D10000138134600E00378303B092B05D801EB6E
:101D20008101013003EB4101F5E72D2A08BF49424B
:101D300008467047000D000010B50B4C206878B9BC
:101D400018200DF00DF8206060B10EF021F9206828
:101D50000621074A074B81820449C0E9023201612A
:101D6000002010BD012010BD3C5401200F000300D5
:101D700028000400060008002DE9F04115460A4637
:101D800019460446F8F7E6FF70B90DF11808204629
:101D900098E8C60106F0C4FE30B92046294632460E
:101DA0003B46F3F78BF808B1BDE8F0812046414689
:101DB000BDE8F041E7F760B9F8B50E4F0546786821
:101DC000A8B128460C4606F01BFD08B104600CE0E3
:101DD00010200CF0C5FF50B1064678680821324645
:101DE00024300BF041FD357134600020F8BD4FF018
:101DF000FF30F8BD4453012070B50D4E0D4C3068D6
:101E00008168204688470546606840F03000606081
:101E100028060AD030680021426820469047306882
:101E20008168204688470028F9D1E8B270BD00BF1C
:101E3000D801001000400340F0B5ADB002AF064637
:101E40001C46154638460EF07FFA3846314601F0FA
:101E500085F9064650B9DDE932102A462346CDE918
:101E6000001002A8002108F09DF8064602A80EF016
:101E700083F830462DB0F0BD10B50CF0B9FF0D4819
:101E800044692CB114301421224609F0A7FC06E065
:101E90001C200CF07DFF50B104460120207402206C
:101EA0002072002060600DF065FC204610BD00240B
:101EB000F9E700BF5050012070B5B0B10446806909
:101EC000002100220025C3699847E069084EB04709
:101ED000206A8069B047206AC069B047206AB0476D
:101EE0002046B0470348056000E0FF2568B270BD9A
:101EF00071ED0400485401207FB50D4601460020D5
:101F0000802DCDE90200CDE9000011D86E461446BF
:101F10002A46304602F0D6F830462146E9F716FE4A
:101F2000261804492A46304602F084FC3044001B3F
:101F300004B070BDD4360000B0B50C460978027804
:101F40008A4201D20020B0BD06D84178627801F003
:101F50000101D20702D119B10120B0BD0029F1D091
:101F60000BF06DFF054620460BF069FF014600208F
:101F70008D4238BF0120B0BDF8B50E4601460320A2
:101F80001C4615460DF03FFE069A01460C20002A1D
:101F900018BF28200DF037FE064F01463046B847DF
:101FA00001462846B847014620463A46BDE8F84073
:101FB000104700BF11FC0400F8B5069E1D461446EC
:101FC0000F46034601222846314602F011FD30B982
:101FD0002846314602223B4602F00AFD10B14FF07E
:101FE000FF30F8BD284631462246E6F7C3FA0028FE
:101FF00018BF4FF0FF30F8BDF0B589B00D4C206828
:10200000A8B1002001ADC6B21F2E0DD8AF1901F046
:10201000E9FF0021202905D020FA01F2083107F854
:10202000012BF7E7301DEEE7216801A8884709B0CA
:10203000F0BD00BF9854012010B50C480024047076
:102040000B480078862802D1002002F06FF907F0D3
:10205000B1FD08490A6813681C7112680A600BF028
:102060008BF8BDE810400AF065BC00BFCB3E0120F4
:10207000CF3E0120FC3D0120E0B50DF107016420B9
:10208000FFF73AFD07480849084AC0E90A219DF8C8
:1020900007200749002A074A08BF01F5B25191619C
:1020A00001618CBD34390120B83D0120FC3D012087
:1020B0000E7A5555143B01200B7A427B63F30202E2
:1020C0005B0742730FD04B7A02F0E70263F3C4025E
:1020D000427303F00302032A06D0022A06D0012A23
:1020E00004BF897A01737047082200E004228B7ACA
:1020F000037304300EF0DEB8B0B50468ACB1257CD3
:10210000AD0702D4656895420FD1012B037242607E
:1021100003D06578033D022D06D8A3691033C06B48
:102120001B68BDE8B04018470BB10248B0BDA369B9
:102130001433F4E7009FFFFFF8B505460D480C4641
:102140008E1C47689FB13868A8420AD1B91D304635
:102150000E2208F0D3FD20B9607879794840102824
:1021600005D33C2039460EF005F90746EAE7384624
:10217000F8BD00BFD4520120B0B50D4CE078B0B12D
:102180000C4D207848B9FFF769FA00FB055004F0C0
:102190001FFD06200BF0E6FEF3E7062000210CF001
:1021A0000FFC07200121BDE8B0400CF009BCB0BD18
:1021B00014540120A0860100F8B5B1B107460028EB
:1021C00013D438461D4614460E4600F08DFD74B1FA
:1021D0006DB118B93846314601F090FF05621030F4
:1021E000214610220EF066F803E0FF2002E006F020
:1021F00057FB002040B2F8BDB0B5FEF7CFFB0D4D48
:102200000446286808F0E2FA48B1D5E900018C429A
:1022100098BF01310C1B0BF07DFE044400E000244C
:10222000CCF7C0F8604332211930B0FBF1F080B236
:10223000B0BD00BF344B012070B50C4904460120ED
:1022400064220126F6F7D0F8094D2878AA780119FA
:10225000297052B90748C9B2AE70027800F80C2F45
:10226000C1600DF05DFE0020287070BD39220400B1
:102270001C540120F44E0120B0B50C48F7F734FE91
:102280000B4C0C4A0021002320703C2B04D0D518A5
:102290000C332981A980F8E7002804D44FF47A711F
:1022A000EEF7AEFF207840B2B0BD00BF951104003C
:1022B000105001202038012070B506460D480D460B
:1022C000C069C068C468201D07F06FFB94F828003F
:1022D000410704D400F0FE0084F8280004E0204602
:1022E00031462A4607F07DFA216A2046BDE8704053
:1022F000084700BFF8460120F8B50D4E0546B46901
:10230000B06E84420AD20B4FF869016841B1C068CF
:102310004FF0FF310068FFF7CFFFF5E7002003E043
:10232000396AC7E90710012028602046B466F8BD65
:10233000DC470120F846012010B504460D4800296D
:1023400018BF084600220168E260C4E901216FF06D
:102350000202406820600420114208BF01200BF0F7
:10236000B0FD10B1E060002010BD20460CF06DFF04
:102370000C2010BD30330000B0F84030B0F84220DF
:10238000D21A8A4201DA002070471844521A0844CF
:1023900000F18801B2FA82F04009002AF4D00B78EB
:1023A00023B1022AF0D34B78023300E001239A4292
:1023B000EAD3D21A1944EDE77CB5069C1D46FF23EB
:1023C000079E3830019323460096F7F726FA90B11E
:1023D000099A05F0E00162F3C301089A62F304115F
:1023E00034B94278FF2A01D042680AB141F00301B2
:1023F000C0E9014641707CBDF8B5074608461E4657
:1024000014460BF03FFF0546B8680DF0F9FF3EB1EA
:102410004FF6FF714140B1429CBF0020F8BD00E083
:102420008026304481B220460DF0DAFD01460020BE
:10243000A94298BF0120F8BD1CB50D4A90F929109A
:10244000031D002000920022FEF70CFDB0F5807FF6
:1024500001D203210AE0074A01231946DBB202EB4D
:10246000430333F8024C4B1CA042F6D8C8B21CBD43
:102470001D5C0300A02E0000F8B506460D4814466A
:102480000D4647689FB1386858B17868B04208D1A6
:10249000788BA04205D107F1090029460BF048F9D5
:1024A00028B1482039460DF065FF0746EAE738466F
:1024B000F8BD00BF08510120B0B504460D48E569DC
:1024C000016849B1C869281AB0F1FF3F0BDD14203B
:1024D0000DF050FF0146F4E7064814212246BDE8FE
:1024E000B0400CF065BC14202246BDE8B0400CF0B2
:1024F00057BC00BF0C54012070B505460D480C4672
:102500000668A6B196F83C00A0420AD106F1200068
:102510002946224608F0D0FB18B996F83E00C007BD
:1025200005D1402031460DF025FF0646E9E730464B
:1025300070BD00BFF453012070B50E4C4368256890
:10254000EB6125689E682E6225689E681835756067
:10255000256818359D602368986203680133002A56
:10256000036018BF4FF0FF3108461146BDE87040C8
:10257000EAF78EBDA054012010B50446D0F85801EA
:1025800090F8021BC90708BF10BD00F53561204651
:102590000CF049FF0748007A30B120460CF0D8FC17
:1025A000014620460AF020FD2046BDE810400DF00F
:1025B00033BC00BF644C0120B0B5B0B1054608F093
:1025C00097F990B1044690F918000AF0D9FC08492F
:1025D0002846FDF7F1F807481C21224609F0FEF8CD
:1025E00020460CF0C5FB002000E0FF2040B2B0BD4B
:1025F0003C330000A4530120642804BF032070472B
:10260000B0F5966F04BF06207047FA2804BF042077
:102610007047B0F5C87F04BF01207047B0F5167F42
:1026200004BF02207047B0F5487F04BF0520704703
:10263000C8284FF000007047B0B50546C068696A09
:10264000884705F1500420460DF0BEFB80B1E868D4
:102650000CF086FC38B121460546EAF761FE0548D4
:102660002946FBF7B1F82046BDE8B0400CF048BE63
:10267000B0BD00BF03350000BCB50D4604460DF1EA
:10268000070142F20400F6F7E9FA684601F0CAFBD6
:102690002846EDF7C9FB0099257008449DF80710FE
:1026A0004A0842EA0020B0FBF1F0010C6070000A19
:1026B000E170A070BCBD10B50024012808BF06243D
:1026C000002808BF0224002908BF0234022A0BD0C8
:1026D000012A0DD102980221002808BF0121002003
:1026E000E2F75AFE044403E05889073004EBD004B3
:1026F000A0B210BDF8B5066946B1069C4769E51C55
:1027000025F003050D440435AF4204D2826942F03E
:10271000020282610BE0201D705270182921C270E4
:1027200081700430194622460DF0C4FD2946084642
:10273000F8BD4B7842789B0883EA92039B0701D04F
:1027400000207047920802F00302032A0CD0022AEC
:10275000F6D14A7943799342F2D189798079401A46
:10276000B0FA80F0400970470530053108F0A3BB8E
:1027700010B58378048844EA034303F4CC44B4F5E9
:10278000804F01D15C0610D49A0508D403F4F842B6
:10279000B2F5884F07D1BDE8104003F0E9BEBDE8AF
:1027A000104007F08BBD4FF6FF72104610BDF8B514
:1027B000D0F86C218DF80F1092F820308B4212D097
:1027C00082F82010D0F8680168B1C3685BB10121BC
:1027D0006A468DF808100DF10F0101910021ADF846
:1027E00000100A219847002004B080BDB0B504460F
:1027F000006BA16BD1F8505220B10AF069FF206B39
:102800000CF088FF616B00222068C4E90C12426A58
:1028100022B10B6913B10DB9806A9047204606F0CA
:102820001FFA606801306060B0BDF8B5D3B11C46D6
:10283000B3F5807F16D81746A2B1054600200E4694
:10284000A9420ED9642F0CD810200CF089FA014649
:10285000002031B18860888108468F718E804D805C
:102860000C80F8BD0020F8BD10B5032905D800EB99
:10287000411111F81C3FDC0601D4FF2011E0C3F325
:102880008104944205D090F8804044F0010480F81F
:10289000804002F0030003F0F30242EA8000087077
:1028A000002040B210BDFEB59446002502AA0026C5
:1028B000042E0DD22F0604D1B1F1807F01D2002564
:1028C00003E0EFB20C0E0135D45501360902EFE7F3
:1028D00028B10093E9B202AA6346ECF74EFC681CEB
:1028E000C0B2FEBDF8B51546026E0C4600210027A9
:1028F000904798B10646C8300BF03FFE96F8DE00D0
:10290000F16BA6F8CE70A6F8CC50C6F8C84040F0DF
:10291000040086F8DE003046884700E0FF2778B2E2
:10292000F8BD70B50646D0F86C0103220D46D0F80C
:102930008400F8F7E1F9044680B9D6F86C0129461D
:10294000D0F88400FAF7D3F838B104460CF0F0FA66
:10295000E0600CF0EDFA206100E00024204670BD3C
:102960002DE9F04191F89C800C460027B84508BF3E
:10297000BDE8F081E21992F89D1092F89F200BF0CB
:10298000AEF904EBC7060546D6F8A410B6F8A820A1
:102990000DF090FCB6F8A80001372844E6E72DE9D1
:1029A000F04191F884800C460027B84508BFBDE887
:1029B000F081E21992F8851092F887200BF08FF9D8
:1029C00004EBC7060546D6F88C10B6F890200DF03B
:1029D00071FCB6F8900001372844E6E780B501287D
:1029E00009D098B9FDF7DAFF0A49C8610848C079EB
:1029F00060B9022104E00648C079022806D103210B
:102A00000348044ABDE88040FBF74EBF80BD00BFCD
:102A1000EC5201202C100020B0B50B48C0790328DF
:102A200005D10B48012180F823100020B0BD07F02C
:102A3000C1F8044605483521F2F768FF05462046EF
:102A40000AF09AFB2846B0BDEC5201207C3D0120E3
:102A50002C100020B0B505460B480C462722016B10
:102A600020460CF03DF804F11F002946082208F02A
:102A7000DFF80649002818BF04310A6802F1010294
:102A80000A6018BF6420B0BDA43701202453012080
:102A9000FF2817D0B0B504460AF056FB0A4D286847
:102AA00050F8241020460DF0E8FA686850F8241019
:102AB00011B1002140F82410A868002140F824102A
:102AC000BDE8B040704700BF04310000B0B5044617
:102AD0000A48006880470A4DF12000220023294659
:102AE0002C8002F07FF92846002103F049FB0548BD
:102AF000B5F90040006880472046B0BD3054012041
:102B0000DA3D012034540120F0B50B4C0B4D50B18F
:102B100049B10B4E03273760B768BF07FCD10126C8
:102B20002E602060A1602AB123B10120C5F8000405
:102B30002262A362F0BD00BF044002400000484290
:102B40008847024070B50D4B1B3800FB00F193E83D
:102B50007000DB6801FB00F283FB0223C6FB01234C
:102B6000C5FB00231009190940EA0370001941EB65
:102B7000E471000C40EA014070BD00BF50520120DA
:102B80007CB50D4E002104230024F57801AA2846C7
:102B90000BF046FF9DF804007C2818BFFF2807D1E2
:102BA00005EB450006EB8000808BC0F5005401E08A
:102BB0007E28F5D020467CBD943901207CB50C4D93
:102BC0000C4C00214FF4C07207232868466802208D
:102BD00000902046B047286800214FF4C0720723B8
:102BE000D0F80CC0204602B0BDE87040604700BF7E
:102BF000A401001000A00C4010B5044606F0DAFF56
:102C0000216862681160616822685160A1680A6881
:102C10008A4208D16169012202FA01F1044AD368AB
:102C200023EA0101D160BDE810400AF0A5BA00BF57
:102C3000F8460120F8B506460C4814460D460768CC
:102C400057B13B683046294622469847042039460A
:102C50000DF090FB0746F3E76B6A33B13046294627
:102C6000224601B0BDE8F0401847F8BD745301207A
:102C70000C48052180F85A10032180F84E100221DB
:102C80008170012101700021817340F20461A0F87C
:102C900058100549C0F872100821C1750721C1728A
:102CA000704700BF1204002181410021B0B5022904
:102CB0000FD0012914D091B9041D1ACC4D1C9918BC
:102CC0008C42C0E9015138BFC16001691144016102
:102CD000B0BDD0E9011301399A1AC0E90112B0BDA3
:102CE000416901314161B0BDB0B50C460C49C5B276
:102CF000096899B1FF2D03D091F82A00A84208D1A4
:102D00000020225C0B5C934203D101301028F8D1E3
:102D100004E02C200DF02EFB0146EAE70846B0BD8A
:102D2000B0510120F8B50F4638211D46164604461D
:102D30000DF0DEF80798791EA7722573E672012957
:102D4000206106986080208105D8013005216160EE
:102D50002081608001E004216160043080B2F8BD10
:102D6000F8B505460C48202100F1100420460CF06F
:102D700065FA0646EFB26EB120462021324635464E
:102D80000CF026F80646287CB842F4D1284603F019
:102D9000FFFAF0E7F8BD00BFDC50012010B58AB0A3
:102DA0000C9C8DF82520CDE907328DF827400024B2
:102DB0008DF82640140A8DF8244009AA05921022A5
:102DC000CDE901020420CDE90312069001A90420F7
:102DD000F7F708FF0AB010BD2DE9F041C66A1446A6
:102DE0000D468046A6B12020314637460DF0C2FA86
:102DF0000646F87C0028F5D138462946224605F0DB
:102E000048F90028EED040463946FCF7F5FEE9E7E0
:102E1000BDE8F08170B504460C480568ADB12820C6
:102E200029462E460DF0A6FA0546B08C10B1D0FA10
:102E300054F0B084306A411CF0D0A04287BF001B20
:102E400030623046FBF71EFFE8E770BDB453012047
:102E500010B540200BF084FF044690B120460DF0E1
:102E600097F804F108000DF093F80020382122466D
:102E7000C4E90C002062C4E90400A06102480AF021
:102E8000F3FC204610BD00BFCC53012010B5436CAD
:102E9000C169642B1C4698BF6424B3F1FF3218BF8C
:102EA00022464C1C0DD069B9591C06D05108920815
:102EB00002EB4202C0E9071204E04FF0FF31C0E923
:102EC00007110021084610BDB0B505460C480C4658
:102ED0002A4601690131016104F14000402108F0F6
:102EE0007DFC28460BF044FF607A411ED4F8A00018
:102EF0006172C9B2D0F83801BDE8B04002F009BF34
:102F0000C4390120B0B50B4A097A105C0A4A555CF5
:102F100028440230FB2828BF08F040FA074C002163
:102F2000FA2220460CF02AFB04F1BE0025816060E5
:102F30002046B0BD1A3600006C350000580E002047
:102F400010B5044608B908F029FA06F033FE09491D
:102F50000A78A2430A700AF00FF9FBF777FF0648D8
:102F6000007800B110BD00200021BDE81040DFF75F
:102F7000C6BA00BFC93E0120D6540120F0B585B0C5
:102F80000B48006890F8B82004894368D0E90856D7
:102F9000816A08485F1B44302744039006F11500FE
:102FA000BFB28DE8B000EEF7F7F905B0F0BD00BF95
:102FB00090540120FC150020BFB5044608200A21CA
:102FC0008DF80C000A4802908920ADF80400D4F86E
:102FD0006801C36801AD2A46984787200A212A461E
:102FE0008DF80400D4F86801C3689847BFBD00BFDE
:102FF0007C350000C0B1B0B50446D0F8840020B1E3
:103000000021C160D4F884008160D4F88800074DA5
:10301000A847D4F88C00A84720460AF076FE204640
:103020002946BDE8B0400847704700BF71ED040075
:1030300010B50C46FF21A8B1A4B16178842905D14F
:10304000B0F80110490704D46C3007E0F420207078
:1030500007E0A1780BF018FB30B108300421606064
:103060002172002148B210BDFF21FBE7B0B5044634
:10307000FF20BCB10D46A9B1D4F8A00018B1C369B6
:10308000002100229847204630F8011F21F001015D
:1030900001802046E2F709F9287810B14FF0FF309F
:1030A0006060002040B2B0BDB0B5044608B908F079
:1030B00075F906F07FFD2168054659B1084AA1F16E
:1030C0000C0053688B4204BF002151600021216035
:1030D0000DF0DDF82846BDE8B0400AF04DB800BF5D
:1030E000AC3D012010B5B9B10146002331F8012FE4
:1030F00042F004020A80D1F8531000221F3190F8E8
:103100005840A3420AD20C7841F8172C013344F0FE
:1031100002040C702031F2E705F0C6FC002010BD5F
:1031200070B50C4C91B10E46442105460CF0E0FE02
:10313000B06980698047E86348B12E6000247078E8
:10314000022804BF0448C5E9034000E0803420465B
:1031500070BD00BF809EFFFFA5E0040070B50D4666
:1031600004460DF01AF8064678B904F17C0005F122
:103170007C01F7F7F9F8064638B904F1880005F143
:10318000880104F021FC064620B120460CF0F4FE34
:10319000304670BD0026FBE770B5054600200C4E9A
:1031A0002C4604F8580B281DB04705F11000B04715
:1031B00005F11C00B04705F1280008F08FFA05F171
:1031C0004C00B047204624210CF092FE70BD00BF99
:1031D0002DF70400FEB504460A981E4615463246F1
:1031E0000190099800902046089BE0F7D1FB30B988
:1031F0000BAF20462946CCCFE2F7D7FD00B1FEBD8C
:1032000020463946324603B0BDE8F040E1F730B819
:1032100058B1007906280AD005280ED0042804D118
:10322000084611461A46F7F77BBE0748704708461E
:1032300011461A460023E8F725BB084611461A46F0
:103240000123E8F71FBB00BF00AFFFFF70B50E46BC
:10325000044601200C2115460CF050FA78B10021EB
:10326000C0E90065816054F84C1F29B10A4689689D
:103270000029FBD102F108042060002070BD014844
:1032800070BD00BF0081FFFF7CB504460068154695
:103290000A1A012A08DB067801AA204604F052FB2C
:1032A00020B1A0F512507CBD05487CBD01982E6070
:1032B00068602168A96021680844206000207CBD06
:1032C00020DBFFFFB0B50D4604990C4C096811B125
:1032D000A4F5A0640FE011461A4608F0D2FD10B123
:1032E000A0F5185407E02868052800D018B96868C8
:1032F000002808BF04462046B0BD00BF00DDFFFF28
:1033000080B50B4A137819441170C9B27D290ED3C8
:10331000002111700749097849B1074B822142F217
:103320001072DEF7F1FABDE88040F6F7B1B880BD63
:10333000B83E0120ED54012091300000BCB50D468F
:1033400001680C4C062913D10DF1070101F0EAF8D0
:1033500010B104F540740BE029789DF8070011B115
:10336000814201D004E001462846D9F785FB044696
:103370002046BCBD00C3FFFF7FB50B4D287890B938
:1033800001AC20460CF02CFB084E0020084900221E
:1033900023468DF80400029006F10800FDF7DCFAE0
:1033A0003060012028707FBDEF540120344B012094
:1033B000E1EB0400F8B50446CAF7F4FF0546CAF786
:1033C000F1FF0A4F064638680CF048FE3220604391
:1033D00000EB5500B0FBF6F138680CF04AFF386896
:1033E000EBF7DEF8FDF7DAFA7860F8BD344B012030
:1033F00010B50C460146006141F8044F944206D9CD
:1034000009481C309A4208D29C4206D30AE08069DF
:10341000D21A824206D204482030006803F007FF27
:10342000002010BD012010BDF8460120BCB50C469F
:1034300005460DF1070142F20400F5F70FFC68465E
:1034400000F0F0FC2046ECF7E7FE009908449DF8F8
:1034500007104A0842EA0020B0FBF1F0010C287086
:10346000000AA9706870BCBD70B504460C48856838
:10347000ADB12E686EB130462146EFF7BDF830464B
:103480002146F8F709F9002031460CF073FF064693
:10349000F0E7082029460CF06DFF0546E8E770BD0F
:1034A000A051012070B504460C488568ADB12E6866
:1034B0006EB13046214608F098FD3046214606F0B0
:1034C000DCF9002031460CF055FF0646F0E70820F5
:1034D00029460CF04FFF0546E8E770BDA0510120DA
:1034E000B0B50A490C200CF0A3F8094C094D0C208A
:1034F0002146A84707202146A8470B202146A84778
:1035000005490D202A46BDE8B0401047D10305000B
:103510009169040049F6040035E20400F8B5846AB4
:1035200015460E46002794B1201D314609F0C0FE15
:1035300050B9013715B1B8B2A84207D2342021469C
:103540000CF018FF0446EEE7012000E00020002CFC
:1035500018BF01242040F8BDF8B505680C46BDB180
:10356000082600270C2E13D035F8162034F8160044
:10357000824207D1E159E85907F0D1FB04370136FF
:103580000028EFD0202029460CF0F4FE0546E6E79F
:103590002846F8BD10B5032905D800EB411111F8F4
:1035A0001C3FDC0601D4FF2010E003F0030494422A
:1035B00005D090F8804044F0010480F8804002F08B
:1035C000030003F0FC0210440870002040B210BD5C
:1035D000B0B50446B0F87A50D0E90001084308BFFE
:1035E00015F4806002D045F4006504E0216F05F415
:1035F00080700843F7D1204628210CF079FC25F48F
:10360000A060A4F87A0000202067B0BDF8B5066C71
:1036100015460446CFB276B117B1307CB84204D11A
:103620003046294609F044FE38B9142031460CF0E2
:10363000A1FE0646EFE7FD2004E02046314604F0F7
:10364000D9F9002040B2F8BD7FB5836D0D4602A9BF
:10365000002204469847D4F8A8607EB128460BF0B3
:103660000FFC04F2011104F2311204F1C103CDE99F
:10367000006102A9DFF700FD002000E0FF2040B25A
:1036800004B070BDB0B50446006800254560006810
:10369000417B41F0300141730AF08EF920462560EC
:1036A0000BF066FB0548018801390180080402D14E
:1036B000022008F0B3F80020B0BD00BFC0500120C8
:1036C000B0B5044600F17C054FF0FF3010F5D24F45
:1036D0000FD0284601F02AFE10F5D24F03D010B1CA
:1036E00010F5D14F07D1D4F880101029EED1022067
:1036F00002E0002000E0FE2040B2B0BDF8B50D466B
:10370000C1681446B1B18888A0420ED194B108684E
:103710002A46234616780778B74206D1013B00F1C6
:10372000010002F10102F5D104E00C200CF022FEB0
:103730000146E7E70846F8BD10B50D4C60680CF08F
:1037400031F8A06890B190F9080000280ED4E06824
:1037500060B161686C310CF017FED4E9011090F98A
:103760000800A431BDE8104008F078BA10BD00BFD1
:1037700030510120B0B5044603F0F2F8D4F85801F6
:10378000B0F8C40A00B1B0BDA56B002DFBD028462F
:1037900009F07DFA28B12C2029460CF0EBFD0546F6
:1037A000F3E7D4F8580140F24C41A0F8C41AB0BD78
:1037B000BCB50C460C490546204609F0D1FF00B1C6
:1037C000BCBD284606F052FE0028F9D0A168E26888
:1037D000CDE9001281F002013C228DF8001069460B
:1037E00008F0CCF9BCBD00BF14350000B0B50446EC
:1037F000D0F858010D46D4F86C21018ED2F884001F
:1038000008F084FE70B129686A68C0F80210C0F838
:1038100006200188D4F8580100F69840BDE8B04071
:103820000AF044BB0020B0BDB0B50D4A00284FF6E9
:10383000FF7302F1120108BF02F10C014FF0050203
:1038400008BF03220020C4B2A24204D931F81450A8
:1038500001309D42F7D00020A24298BF0120B0BDA8
:103860006C500120BFB50DF10B0014460B4A0391BB
:10387000CDE900030848214600F14C0303A8ECF70A
:1038800041F8012806D10398A0421CBF94E82E00FD
:103890002EC0002004B0B0BDA412002079C50300E2
:1038A00070B5044641F6EC000B4E2044B04741F69B
:1038B000F4002044B04741F6FC0025182846B047E4
:1038C00037263EB128466C2122460BF071FA74343B
:1038D000013EF6E770BD00BF91FF0400F8B5054654
:1038E0000C4608461146DCF74FF804F5E876002749
:1038F000042F08BFF8BD3078C1070AD0810705D56D
:10390000D4F8C022F9B228469047307800F0FC0085
:10391000307011360137EBE710B50C4C206800B160
:1039200010BD20200BF01CFA014620600020002969
:10393000F6D0074A8A614FF47012C1E90402087F89
:1039400000F0FE000877084610BD00BFDC530120E0
:103950007800000310B50C4C2268C4E9020182B162
:103960009047D4E90232C41A71EB020407D3074C22
:103970001B1942F10002181A72EB010001D2FF205C
:1039800000E0002040B210BD90510120009CDA01FF
:1039900010B5044628300CF06BFDA068F8F7D4FA97
:1039A000E0680849FBF708FFA068ECF7A5FB0648AC
:1039B00000212246043007F011FF2046BDE81040E8
:1039C0000BF0D6B948330000BC52012010B50446B4
:1039D000807802280ED10B4842685AB1D168E0784D
:1039E00091F90D10814206D0002011460CF0C2FC66
:1039F0000246F2E710BD61689068BDE810400CF027
:103A0000BDBB00BFBC5201202DE9F04191F82580DB
:103A10000C460027B84508BFBDE8F081E11991F8D0
:103A2000262091F828100AF0E1FC04EBC7060546B1
:103A3000F16A96F830200CF03DFC96F83000013722
:103A40002844E7E72DE9F04191F86C800C46002707
:103A5000B84508BFBDE8F081E21992F86D1092F800
:103A60006F200BF0A5FB04EBC7060546716F96F8B7
:103A700078200CF01FFC96F8780001372844E7E71F
:103A80002DE9F04191F854800C460027B84508BF55
:103A9000BDE8F081E21992F8551092F857200BF02A
:103AA00087FB04EBC7060546F16D96F860200CF025
:103AB00001FC96F8600001372844E7E7D9B1B0B5BA
:103AC0000C46097801F00F014D1C08212A460BF025
:103AD0006FFB14F8011B01F00F02C1F30011114339
:103AE00000F8011B2DB114F8011B013D00F8011B6A
:103AF000F8E7BDE8B0407047B0B503460C48002475
:103B0000146099B11D682D783A3D15F10A0F0ED356
:103B100004EB84040139640014601C68651C1D609A
:103B2000156824782C44303C1460EAE70020B0BDCE
:103B300000DCFFFF70B50E4604460BF045FE05465F
:103B4000D4E90101A84202BF02292D2070BDE0681E
:103B5000012903D1314605F02FFC02E03146DAF7A6
:103B600017FD012812BF91206560002070BDF0B5DF
:103B700085B00E9CB4F1FF3F01DB012C01DD00207C
:103B800010E00DF1280E6FF07F06DDF834C09EE8DE
:103B9000A040A6EB8414E4B28DE8A040CDE903C4B4
:103BA000D7F79CFB05B0F0BD10B5B8B14369ABB118
:103BB0000C461146984788B190F8211089070DD41A
:103BC000826D5AB1611C214618BF6FF00101002CB3
:103BD00008BF21462430BDE8104010474FF0FF30A9
:103BE00010BDB0B5044690F90D0006F0D7FA60B1EB
:103BF0000546F9F71FFB40B12846F3F739FE28B117
:103C000001462046C5F7CEF9F6E7B0BDB5F84C1031
:103C1000D4F83401BDE8B04002F07BB8418B44F6E3
:103C20004C53994215D0C28D9A4212D040F22323B0
:103C3000994218BF9A420CD040F22223994218BFF1
:103C40009A4206D090F873000138042824BF00205F
:103C5000704701207047B0B5054624200BF098F856
:103C600048B104464DB128460BF092F8A06130B936
:103C700020460BF07DF8002408E00020A061002021
:103C80006061607C00F0F400023060742046B0BDDA
:103C90001FB51446039106F0E9FB90B1D0F8680116
:103CA00078B104216A468DF8081003A9C3688DF81D
:103CB0000140019184218DF800100A2198470020CD
:103CC00000E0FF2040B204B010BDB0B50023B0B199
:103CD0001468E41A4FF00003146038BF012320C9B0
:103CE000AC4238BF0133641B013810C2EFE71068E3
:103CF0000021984238BF0121C01A01C20B46002B97
:103D0000F5D1B0BD10B508B1032901D9FF2414E0E5
:103D10004A01002400EB411184500A7FC1E90144AB
:103D2000CC608C6102F0EC020A7790F8801041F0D0
:103D3000010180F88010F3F721FC60B210BDBCB522
:103D4000D0F884200D46044612B1204629469047FB
:103D5000A16B79B1487B3F280CD8606B08B1407BE0
:103D600000E0FF20B4F84820236D009242B22846BC
:103D7000EFF7E0FD2046BCBD90F82C20032A06D1C9
:103D8000D0F86C21D27812B14B1C934203D14A1C5B
:103D9000D2B208F067B8D0F8582192F8083B03F087
:103DA000FC03013382F8083BD0F8580180F8091B66
:103DB000704710B504460CF0EBF804F108001C2124
:103DC0000CF096F804F1280086210CF091F80BF025
:103DD000E5FD4FF47A714843A4F8AE0094F8B000C2
:103DE00000F0FC00013084F8B00010BDB0B50B4904
:103DF000402200240A6080220A60C1F8FC42056863
:103E000095F8260020B1064804F046FC85F82640C7
:103E10000220BDE8B04000F07DBF00BF0444024076
:103E2000F835012070B5044605F0C4FE0A4E05467B
:103E300006F128000BF0B2F800EB80004FF47A7125
:103E40004000B0FBF1F02060B16808442060E8B2A7
:103E500009F092F9002070BD2C100020B0B50A497D
:103E60000A4A0B4B0C684D68AC42FCD1844208BF37
:103E7000B0BD155C145DAC424FF0FF3538BF012575
:103E80002C441C5D0C60EDE700600C404C350000DC
:103E90005035000010B50A4C00212068426801200E
:103EA0009047206801680120884708B100F046F873
:103EB00004480068E068006880470349C86010BD96
:103EC000E0010010302009406C51012070B50B4E0C
:103ED00005460B4C306881682046884700F0030097
:103EE0000021286030684268204690473068816829
:103EF000204688470028F9D170BD00BFD8010010C6
:103F0000004003402DE9FC410B4C074698461546FE
:103F10000E46606808B1804758B10421A0682A465F
:103F20004346009106EB47310AF097FAC00FBDE80F
:103F3000FC810B20BDE8FC81944A012010B50A48A1
:103F40000B4C0188C907094907D14FF001222260B3
:103F500000880868BDE810400047086880474FF0B7
:103F60008070206010BD00BF00A00C4080000010D9
:103F700004A40C4010B50B490B4A097801310139F2
:103F800004BF002010BD02F11804127882422246BC
:103F9000F5D154F80C0C0AF08BFF54F8040C0068AF
:103FA00010BD00BF01530120843401207CB50B4DAE
:103FB0000B4C00214FF040521C2328684668032018
:103FC00000902046B047286800214FF40072092372
:103FD0004568012000902046A8477CBDA401001040
:103FE00000A00C40B0B505F0E5FD0A4991E83C00A1
:103FF0000F1D1CC70B69084C1C4485EA950383EA16
:1040000043030C61534083EA02150D6009F0B4F8D4
:104010006019B0BD1C3D0120C587050070B50024A6
:104020000D19082D07D3137806789E4204D1083C59
:1040300001320130F4E75DB10078117848400AF0B0
:10404000D7FDC1B2A94288BF2846C0B2001B70BDCF
:10405000604270BD10B504460B48016839B108686C
:10406000A04210D004200CF085F90146F6E70C20A0
:104070000AF076FE38B10246046003480421BDE828
:1040800010400AF095BE10BD745301202DE9F04197
:10409000446806461D4690460F46A06848B1012078
:1040A00010210BF02BFBE06020B96FF06900BDE838
:1040B000F0812046C0E90075C0F8088070600020DB
:1040C000BDE8F081F8B50D460446D60802F00707B2
:1040D00006D02046294632460CF0ECF835443444EC
:1040E00057B14FF480702A78F840414201381140AE
:1040F00022781040084320702046F8BD70B506466F
:1041000034200D460AF02CFE044678B120463421B6
:104110000BF0EEFE20462946102284F82A600CF0AF
:10412000C9F803482C21224609F09EFB204670BDA9
:10413000B0510120C8B110B504460AF059FE207CE8
:10414000032802D1204609F073FC607C012803D1CA
:1041500020460AF065FD607C022802D02046FAF76E
:104160001FFDBDE810400BF005BB704710B50C49B2
:10417000CA6A9AB1088C00230024844203D2E2E880
:1041800002330134F9E7096B41B100220023834275
:1041900004D28A800A6001330631F8E710BD00BFFF
:1041A000384D0120F8B5C76A0C4605463E4687B132
:1041B000202031460CF0DEF80746F07C0028F5D0D0
:1041C000E878214608223044303006F0B9FD002856
:1041D000ECD1002E18BF01263046F8BDBCB51546FF
:1041E00018221C4601230092094AF9F792FB58B1A4
:1041F0000146102211F8020B00F00300287020463F
:104200000CF058F8002000E0FF2040B2BCBD00BF19
:10421000010E0000F8B50E46014605201C46154665
:104220000BF0F1FC014618200BF0EDFC314610229A
:1042300007460CF03FF807F1100128460BF0E8FCA8
:1042400001462046BDE8F8400BF0E2BC10B503780B
:10425000934215D1022A02D0032A11D10822033039
:104260000C780378A34206D1013A00F1010001F174
:104270000101F5D11C46181BB0FA80F0400910BDB1
:10428000002010BD10B50C4A12688AB1FF2911D068
:1042900013788B420ED854781C448C420AD9C91A20
:1042A000C01A5268C9B2C0B2515C105C884201D1D8
:1042B000002010BD012010BD803E012010B58128D6
:1042C000044628BF07F06AF805F074FC07490C7033
:1042D000074991F9004008F04FFF002C03D4BDE8D6
:1042E0001040EFF771BF012010BD00BF0C5301203B
:1042F000CF3E0120F8B505F05DFC04460848006893
:10430000C06B80470546074806780748076820467F
:1043100008F032FFE81BB100B0FBF1F0F8BD00BFC0
:10432000583E0120CC3E0120543E012080B50B4870
:1043300081890131818105F03DFC09490A78862A8D
:1043400008D187220A7008F017FFE920BDE88040F5
:10435000E4F702BDBDE8804008F00EBF303D01200B
:10436000CF3E012010B58378048844EA034303F468
:10437000CC44B4F5804F01D15C0605D45A0505D470
:104380009A0507D44FF6FF72104610BDBDE81040E5
:1043900002F0EEB8BDE8104005F090BF7CB51646BF
:1043A0000C4606F063F8FF2190B18CB10546D0F8B9
:1043B000680168B18421C3688DF805608DF8041028
:1043C00001AA03219847D5F86C010021806820607C
:1043D00048B27CBDF8B58DF80F1006F047F888B1EB
:1043E000D0F8680170B10121C3686A468DF80810E1
:1043F0000DF10F0101915921ADF800100A219847E4
:10440000002000E0FF2040B204B080BD0C4A1288BA
:104410001AB9D0F86821B2F84E20511AD0F86C21A0
:104420009289520509D58AB2672A06D3D0F8680165
:10443000B0F84E007F2808BF662188B2704700BFE1
:10444000D2540120B0B5044608460D460BF048FF93
:1044500001B2B1F1FF3F04DDC8B2A08088B2000A0A
:1044600006E0C80A6FF3DF21A180034961F31F1042
:10447000A071A81C2060B0BDF8FFFF0FF0B585B09B
:10448000074601A81C4615460E460AF0E1FF10201B
:10449000CDE90175CDE903400548012E406801A929
:1044A00002D10BF0D8FD01E00BF0D2FD05B0F0BD5C
:1044B0008C5201207CB50546086816460C46121A37
:1044C0000DF10700FCF722FE00B17CBD9DF807103E
:1044D000284609F069FE0028F7D1206805F1AC01F3
:1044E0002246331A284602F0A3F87CBD70B50D466B
:1044F00001210446FAF742FD064688B9D4E90110C5
:1045000089000BF0F5FC002D284600D56842A16813
:10451000B5F1FF3F08604FF0FF30C8BF01202060B9
:10452000304670BD70B598B10B4E0C4605463068EC
:1045300070B1726869688A4203D1A96806F089FB84
:1045400008B11436F3E71EB1307C2070002070BD36
:104550006FF02D0070BD00BF8C20000070B598B1C9
:104560000B4E0C460546306870B1726869688A4225
:1045700003D1A96806F06DFB08B11436F3E71EB14C
:10458000307C2070002070BD6FF02D0070BD00BF2A
:104590001C19000070B598B10B4E0C4605463068EA
:1045A00070B1726869688A4203D1A96806F051FB4C
:1045B00008B11436F3E71EB130692060002070BDE9
:1045C0006FF02D0070BD00BF54150000F8B50668EF
:1045D0000C460546AEB1042031460BF0CBFE074633
:1045E0007088A04203D9001B70803E46F2E728463F
:1045F0000421324607F0F2F830460AF0B9FB3E4695
:10460000E8E7F8BDF8B506680C460546AEB10C20E3
:1046100031460BF0AFFE07467089A04203D9001B5C
:1046200070813E46F2E728460C21324607F0D6F864
:1046300030460AF09DFB3E46E8E7F8BD70B50646F9
:10464000D0F85C0198B104680D4664B196F90D206C
:104650002046294603F052FA28B9002021460BF0E3
:1046600089FE0446F1E7002C18BF012400E0002475
:10467000204670BD10B50446062020701420002B83
:1046800008BF0420607091F82400E270C001A0709F
:10469000487D207191F828006071A01D2BB119464A
:1046A00010220BF007FE04F1160010BDB0B5054650
:1046B000C0890C4640F00100E8810948007820B12B
:1046C0000120052103F035FE02E0A8680BF08CFE06
:1046D000014628462246BDE8B04002F089B900BF35
:1046E000644C0120B0B5046BACB10D46490602D54F
:1046F000007B90420FD1A80605D5206819460830E6
:1047000008F0D6FD38B168B2B0F1FF3F04DC049880
:104710002179814200D000242046B0BD70B5848D3F
:104720000546FDF789FE092802D94FF6FF700BE018
:10473000064628680068006880680BF067FE2968F4
:1047400070430968898C484381B22046BDE87040B7
:104750000BF046BC10B5FAF779FBFAF751FB094CA0
:10476000207818B10848016801208847EFF7A4FDB8
:10477000207830B1606920B11020BDE810400AF007
:1047800097BA10BD4848012000500120B8B110B5BB
:10479000282104460BF0ACFB04F128000BF0F8FBD9
:1047A00004F130000BF0F4FB94F83A10002020875D
:1047B00001F0FE0184F83A10BDE8104000E0FF204F
:1047C00040B2704710B504460B48482122460430D9
:1047D00007F004F8618B04F10900F7F775FE206813
:1047E00008B100202060206B08B106F017FE2046BB
:1047F000BDE810400AF0BCBA0851012010B50A4CBF
:10480000A078FF2807D109480021EBF72DFCA07004
:10481000607801306070002043F6FF7103F089FD7D
:104820000349088010BD00BFD9500120B920020003
:104830000A3E012082B0F8B5CDE901010948CDE971
:10484000062306A9084B0391009002A801AAC0F70D
:1048500047F9019A0021117004B0BDE8804002B010
:10486000704700BF81D20400CBFB040010B50446A2
:104870000B4890F82A1090F82B0001F012FB64B15D
:10488000012C01D1012408E0062C01D2022404E00D
:1048900004200B2C38BF03200446204610BD00BF67
:1048A000A4120020B0B50D4603F0E6F8A0B104460E
:1048B000D0F86C0180B1D0F8840068B12946032299
:1048C000F6F71AFA40B10188D4F8580100F698407A
:1048D000BDE8B04009F0EABA0020B0BD70B50C4C9C
:1048E0002568A5B1002029460BF044FD0646A87EA8
:1048F000C00702D0E8680AF03BFA204600212A46A9
:1049000006F06CFF28460AF033FA3546E9E770BD39
:10491000BC530120B0B504460068884211D000782D
:10492000154643F0A00301C2204604F0E5F810F15B
:10493000620106D038B92068A86068682168084418
:1049400020600020B0BDA0F50650B0BD70B509488C
:10495000094C84420BD0094D094EB54207D0F5E809
:10496000020110F8012B54F822209047F5E700BF10
:1049700000BF70BD100905000409050030090500DD
:104980005809050083B00290002001918DF80300C2
:1049900082420BD00299095C019B1B5C013059409B
:1049A0009DF8033019438DF80310F1E79DF80300DB
:1049B000B0FA80F0400903B0704770B5846B0E46C2
:1049C00005467CB120463146102207F0C5FE28B1CD
:1049D0002C2021460BF0CEFC0446F2E72846214667
:1049E000F7F77EF90020002C08BF4FF0FF3070BDB4
:1049F0007CB51C466B46F8F7DEFF18B9BDF80260BF
:104A0000052E02D24FF0FF307CBD019D28460BF0F1
:104A100073FAA91C20806160B11E618089B200F028
:104A2000B1FA01387CBD70B5054600780C46C00867
:104A30004872012815F8051B21720CD0022803D0FA
:104A400003280AD1082600E00426204629463246DB
:104A50000BF030FC35442878A07270BDF0B5416889
:104A6000002200238A4204BF0020F0BD8468002693
:104A700054F8225003F12004202E07D025FA06F71F
:104A8000FF071CBF9819F0BD0136F5E70132234638
:104A9000E8E7B0B5D0F88C20816D00F1900702F105
:104AA000080302F10B052CC702F10D0401F1080205
:104AB00001F10D0300F15C05C0E9274401F10B048D
:104AC00016C5C0E91A33B0BDF8B50E690C460546E7
:104AD00056B1142031460BF04DFC074620463146B6
:104AE00001F04EFE3E46F3E705F11C000021224690
:104AF00006F074FE2046BDE8F8400AF039B94FF4DC
:104B0000A061A0F89E100A2180F89B10002180F877
:104B1000141140F2FF71A0F8E61090F8961001F021
:104B2000EF0180F89610B0F8F01021F00201A0F823
:104B3000F01070477FB50546D0F86C010DF1060600
:104B40000C463146408C0BF05EF82168626842608A
:104B5000016005F1980003213246FEF73DF9284631
:104B600003213246F6F711FD7FBD70B5B3FA83F429
:104B7000640999B1054615F8016B66B12D78964226
:104B800005D1EE1AB6FA86F67609264307D1023524
:104B90002844491BEDE701392846EAE7002070BDAB
:104BA00070B5D0F85C0198B1046815460E465CB14A
:104BB000204631462A46FEF7B1FC28B9002021469E
:104BC0000BF0D8FB0446F2E7002C18BF012400E0EC
:104BD0000024204670BD70B515460E460446FEF70B
:104BE0009BFE70B186820561204603F035FC50B112
:104BF000D0F8B4020021002200230024ECF784FF47
:104C000002E0FF2400E0002460B270BD2DE9F04115
:104C100091F83C8001F13D050027B84508BFBDE88B
:104C2000F08105EBC706EA5DF17A09F0DFFBD6F803
:104C30000710F27A04460BF03DFBF07A013720446E
:104C4000EBE7000010B50A4800211E220023018571
:104C5000848CA34204D2046B0133A1542732F7E7BA
:104C6000044800210622BDE810400AF087BC00BFBE
:104C7000A4370120043E0120B0B50C4600210546B2
:104C8000224607F0D7FA0748007800B1B0BD7C2C67
:104C9000054904BF0448C57005EB450001EB8000E1
:104CA0008475B0BD944A01209439012070B50A4C36
:104CB0000346207803280CD8084E00EB400506F880
:104CC000350006EBC5056A610022E9602A74C5E972
:104CD0000132411C217070BD015301208434012038
:104CE00008490A4B421808499A42096808D801F451
:104CF0004001B1F5000F03D105490968496C084727
:104D0000704700BF5C8F82FFB44F0050B71E050094
:104D1000F001001070B50B4D04462E1804F04AFF48
:104D200096F84311013986F84311090605D101218E
:104D3000AA68A14022EA0101A96008F01DFA00203A
:104D400070BD00BF38410120B0B5054604F032FF08
:104D5000044608480178A94301700078000704D48C
:104D600005480821283006F0E6FF2046BDE8B0409F
:104D700008F002BAB44801201C490120F8B51546D4
:104D80000E46074604F016FF044608484068B8423D
:104D900001D0032504E03046294602F013FB054606
:104DA000204608F0E9F92846F8BD00BFB4480120C4
:104DB00070B50A4C2046EFF7EBFE094D183401267A
:104DC00028688642A8BF70BD2168002903D4204608
:104DD000EFF7DEFE286818340136F2E7AC42012016
:104DE0002C54012070B50B4C207100202360082842
:104DF00004D00D5C261801307571F8E704F10D0040
:104E00002BB112F8011B013B00F8011BF8E700BFB2
:104E100070BD00BF18090020B0B5C379CCB2002224
:104E2000A3420ED18379090A99420AD10649052382
:104E30001A46002B04D48C5C855C531EA542F7D027
:104E4000D20F1046B0BD00BF14360000B0B530B16F
:104E5000A0FB015048B1FCF7EFFE8B2102E0FCF70C
:104E6000EBFE16210160002408E0284600F006FF52
:104E70000028F8D0294604460BF03AF82046B0BD89
:104E8000F8B51D4614460F4603F0E2FC88B106460D
:104E900007EB870047F2333148F6CD42400002F07D
:104EA00001FE04EB8401708686F836503086490096
:104EB000B186F8BD70B50C460A49C6B28D687DB1A1
:104EC000FF2E02D0287EB04204D12869214604F08A
:104ED00043F828B11C2029460BF04CFA0546EEE7B2
:104EE000284670BDB051012070B5044605F04BFE58
:104EF000054609480026016961B1C86928B1A27850
:104F00000B7C934204BFA842CE6120200BF032FA02
:104F10000146F1E770BD00BFDC50012010B50C4622
:104F2000084611461A46FCF7BAFBA17C012906D0B7
:104F300001B118B10320A0740020A06110BD0320AE
:104F4000A0740020A0612046BDE8104003F0B6B870
:104F50001CB591B10A46897C0024023903290DD879
:104F600090F902100648134600900020FBF77AFFE4
:104F7000B0F5007F98BF012400E0002420461CBD4E
:104F80001D5C03000138032814D80722DFE800F075
:104F900009020406052204E0032202E0102909D1D7
:104FA000102200208A4204D8C2F180028A4228BF1F
:104FB000012070470020704770B5144602460A4E23
:104FC000084665881146B0470146A81C80B2B04724
:104FD00001462088B0476168628805460BF06AF98F
:104FE0006088284470BD00BF07FC040070B50C4603
:104FF0000A49C6B20D687DB12878B04206D105F1E4
:1050000048002146082205F0ACFE28B15820294668
:105010000BF0B0F90546EEE7284670BD9453012029
:1050200080B5497A0F2984BF002080BD08494830E7
:105030000A6801320A6009F0ABFE0146002031B176
:1050400081F83C00488920F440704881084680BDC2
:10505000C4390120E0B5E2F783FE4FF0200080F371
:105060001188BFF36F8FBFF34F8F019001A802F03B
:10507000F3FA03480349016001F06ABE8CBD00BF2A
:1050800008ED00E0000000000849094A096852F8EC
:105090002130034442F8213006494A6801324A600F
:1050A00005490A6810440860E4F734BA243E012038
:1050B000D0380120F45001202C3E012080B50BF0A7
:1050C00031F905F0A1F8094890F84300F9F7E4FE3A
:1050D00001200021DDF713FAFCF78EFF06F06EFACF
:1050E000E8F7B8FEBDE88040DFF7A2BCFC15002061
:1050F00010B58128044628BF06F050F904F05AFD87
:1051000006490C70064991F9004008F035F8002C6A
:1051100001D4EFF75FFE012010BD00BF0C5301204A
:10512000CF3E01200A48002181604FF4FA51027CF1
:105130008161017B01F0F001017306490B7B03F0F3
:10514000F0030B7342F018010174DAF7E5BA00BFFF
:10515000C43B0120143B012010B50446407848B9F7
:1051600008480069EFF76CF80748017811B18068CA
:1051700000B18047052020702046BDE81040FBF7B5
:10518000D7BE00BFF03901204848012070B1D0F8E7
:105190006C0190F8282002F00302032A08D0022AAA
:1051A00004D1B0F829000880022070470020704721
:1051B000D0F82920D0F82D00486003200A607047FD
:1051C000BCB5154601AA0123044603F095FC00B1C5
:1051D000BCBD019801281CBF6FF06300BCBD2068F6
:1051E0000078002818BF0120286020680130206066
:1051F0000020BCBD2DE9FF410A9D90461F461A467E
:105200000C4606462B46DEF73BFE50B9002006F161
:10521000280341462246CDE9007502903046C1F789
:105220007BF804B0BDE8F08170B500781D461446E7
:105230000E4608F0D5F90146074859B10322032D5F
:1052400032603CBF803070BD2270C8786070887852
:10525000A070002070BD00BF80B0FFFF7CB51C4671
:10526000079B4BB1069D013B6E1CCDE900632346B5
:10527000E0F7F4FE10B17CBD04487CBD20682870C6
:1052800020680130206000207CBD00BF80B0FFFF9F
:1052900058B1016849B10979062908D005290AD011
:1052A000042902D1406800F027B8054870474068DB
:1052B0000021EBF797BB40680121EBF793BB00BFE0
:1052C00000AFFFFFB0B505460C46084611461A462A
:1052D000F8F7F6FD68B9043520462946EDF74BF995
:1052E000002807D4204621462A46EFF7B5FA0028C1
:1052F000F2D0B0BD0020B0BD70B50749074A084BD9
:10530000084C094D0026C0E90066C0E90254C0E916
:1053100004328161002070BDF0E1D2C376543210B6
:10532000FEDCBA9889ABCDEF0123456710B5044682
:105330000A486CB1216859B1B1F87800C00708D1AA
:105340002046BEF7DDF92168B1F87810C90700D111
:1053500010BD2046BDE8104069F00EBE008FFFFF73
:10536000B0B5826F01460A48042A10D3CB6E9D78EF
:105370005C78DB782D0245EA044423440433C1F809
:10538000803000219A4238BF00F5C0710846B0BD98
:10539000008EFFFFB8B110B504464C3001F030F973
:1053A00004F1900001F02CF904F13400F9F7C0FD8C
:1053B00004F14000F9F7BCFD20464FF48C71BDE8C4
:1053C000104008F00FBF7047B0B5044601F18405E6
:1053D00085B12A6972B1606A904209D16969A06A8F
:1053E00005F059FC20B905F118000AF0B3FF18B90F
:1053F000ED6BEDE70020B0BD0120B0BDA0B10168AC
:1054000059B1028B02F00702022A06D131F8012FAE
:105410008B7842EA0342930301D409F0A9BC034804
:105420000A801040000C8870704700BFFFFFFD002D
:1054300010B5094C207870B90848094A4CF620315B
:105440000023F1F721FF02F0C5F803F081FC04F01E
:10545000BBFD0120207010BDEB540120301800204E
:10546000B3650200F8B50B4C2568854201D0FF20DA
:105470000EE0DDE90676089DC161E168426280F8D0
:105480004C50C0E90D37C6630D70D1F723FF0020E3
:1054900040B2F8BD583D01207CB50546D0F86C01FE
:1054A0000C46408C01AE31460AF0ADFB0146204669
:1054B0000AF0A9FB05F1980002213246FDF78CFCA9
:1054C000284602213246F6F760F87CBD70B50546E5
:1054D0000A480C4646685EB130462946224602F02C
:1054E000B5FA28B9242031460AF044FF0646F2E70F
:1054F000002E18BF0126304670BD00BFF44E0120BB
:1055000009490A484A680068C06A08B10020704723
:10551000074803680020012B98BF012A00D9704773
:10552000086A8969401A7047DC470120A0540120AD
:10553000DC110020014690F84C00C00704D091F91E
:105540004B00B0F1FF3F01DD002070474A6D1AB1FA
:1055500012F8010F10447047C0B2400601F1090073
:1055600058BF01F11D007047B0B5054608460C460E
:10557000FFF7E0FF94F84B1002462846FCF776F957
:105580000449226BC1E9010294F84D00C00908707A
:105590000148B0BDE0520120C1370300B0B5846AB4
:1055A0000D4684B1A08CC0070AD0201D294607F003
:1055B0007FFE38B9342021460AF0DCFE0446F0E7CD
:1055C000002000E00120002C18BF01242040B0BDC5
:1055D000F8B50646084614460D46FFF79FF80746FD
:1055E000B0680AF013FF29680968898C48434000B5
:1055F00081B220460AF0F4FC0021B84298BF012194
:105600000846F8BD80B590F9100009F0A7FD68B113
:105610008168B1F5FA6F09D96420B1FBF0F0490C4B
:105620004000182988BF4FF0FF3001E00148008892
:1056300080B280BDCC54012070B5007C0C4616466B
:10564000FF2818BF044660B209F088FD60B13146FA
:10565000054605F098FA38B10146807C062803D14A
:105660002846F4F771FCFF2460B270BD4FF6FF735B
:10567000994204D104209A4208BF082070479A42F8
:1056800004BF0120704748B1808CB2FBF0F20420C7
:105690008A4208BF022088BF012070470820704757
:1056A00070B59AB116460D4691420FD00446316846
:1056B000286806F043F910F0060F09D0306B296B0B
:1056C000081AB4F84A10B0EB410F01D9012070BD9F
:1056D000002070BDE0B50A460146407B00F009039A
:1056E000012B10D100F0F603083340064B7303D4AE
:1056F00000200090102003E08968002000904020E6
:105700000023EEF717F98CBD10B504460A48542162
:10571000224606F063F804F11C0009F069F804F170
:10572000380009F065F8A06901F0F7FC2046BDE8F3
:10573000104009F01DBB00BF04540120B0B5054660
:105740000A480C46016861B18869028DAA4203D1FA
:1057500090F83400A04204D054200AF00BFE014619
:10576000F1E7002918BF01210846B0BD045401200B
:10577000F0B59BB06F46064614460D4638460AF013
:10578000C9FAB06B00F5A47138460AF0B9FA384688
:105790002946DCF7D5F92020206038460AF0B5FA12
:1057A0001BB0F0BD10B578B1094A0A4B152104466B
:1057B000FBF796FF002807D4054A064B20461B211D
:1057C000FBF78EFFC01100E0FF2040B210BD00BF0C
:1057D00001030500B513040010B5482009F0C0FA14
:1057E000044678B1204648210AF082FB012084F863
:1057F0003E0009F0FFFEE13040212246A06202484F
:1058000008F032F8204610BDF453012070B505466B
:105810000A480C46066876B1B08EA04205D13046E3
:105820002946102205F048FA28B1402031460AF0F6
:10583000A1FD0646EFE7304670BD00BFF4530120DE
:1058400080B550B109494A6A01324A620021E7F73E
:105850001FFCDBF73BFF00B180BD05484FF08051D6
:105860000160BFF34F8FBFF36F8F80BDDC47012016
:1058700004ED00E01CB50321094C8DF80410074924
:105880000091E16819B96946DFF74CF9E06001F071
:10589000B7F9E068034902F013FF1CBD20000401C2
:1058A000305101203132000010B50446F9F72EFDC9
:1058B00020460621F8F7ACFDD4F85801012180F804
:1058C0002E10204607F0ECF8022806D34FF496700D
:1058D0004FF4167102F02DFD608610BDB0B5502159
:1058E000084A094B094C4AF6C0058175402181825E
:1058F0000349C0E90054C0E9023201610020B0BD93
:1059000004004000D0021E008051010000A30200EC
:10591000BFB50C46818C05468069EA6903311044A5
:105920008AB2032108F0E6F9A97AADF8044001F043
:10593000F8018DF800106946F3F72AF9A969401AB1
:10594000E861BFBD2DE9F0410446006890B1A08830
:105950005C2100276FF0802800FB01F6BE4209D0D1
:1059600020685C21C51928460AF0C2FAC5F854809F
:105970005C37F3E7BDE8F0811FB50446C07F8DF8C2
:10598000000009F003FF8DF80100082001210390B9
:1059900002208DF802108DF8080000200190607B35
:1059A0008DF80300684602F0A3FF1FBDB0B561B1DA
:1059B0000C46054604F0E4FF38B1D0F8F42232B1C9
:1059C00028462146BDE8B0401047FF2006E0D0F849
:1059D0001210D0F8160060600020216040B2B0BD07
:1059E000B0B561B10C46054604F0CAFF38B1D0F835
:1059F000F02232B128462146BDE8B0401047FF20D2
:105A000006E021686268C0F81620C0F81210002075
:105A100040B2B0BDB0B588B10446FAF77AFF20466F
:105A200004F0AEFF50B1044606480021002522468E
:105A300005F0D4FE204609F09BF900E0FF2568B28E
:105A4000B0BD00BFE4530120F8B51C4615460F4613
:105A500009F086FA70B10646069839462A4623466A
:105A600000903046E0F7C2FC03483146BDE8F840FC
:105A7000F7F7AABEF8BD00BFF03300002DE9F041F2
:105A8000066886B190460D4600246EB10820314666
:105A90000AF070FC0746307930B130682946C047BB
:105AA00001243E46F1E7002404F00100BDE8F08146
:105AB000B0B50D4604F088FF88B1044690F8320175
:105AC00040F0040084F8320128460AF01DFC30B191
:105AD000014604F1280003F0EDFF002000E0FF2064
:105AE00040B2B0BD7CB514462A2202238DF80520B1
:105AF0006A46F4F7D7FE0546052808D1009E3046D1
:105B00000AF0EEFB2080B01C0AF073F86060681F9A
:105B1000B0FA80F040097CBDA1B110B50C4604215B
:105B2000052209F045FB014620880AF0E9F9014603
:105B300060880AF0E5F9A179102262F39F0100F86C
:105B4000011B10BD0421002209F032BBBCB5144674
:105B500083228DF806206A46FBF72EFA05460328B5
:105B600009D30098017861714178012903D102308D
:105B70000AF0B6FBE0800020022D88BF0120BCBDEA
:105B8000B0B5044608460D4609F020FB023802284D
:105B90000DD86868007850B1A168013821FA00F08A
:105BA000C0074FF0000008BF4FF0FF30B0BD4FF00E
:105BB000FF30B0BD10B5044610F8030CA4F1240169
:105BC00000F0FE0004F8030C54F8080C426A9047F9
:105BD000B0F1FF3F00DD10BD14F8030C40F00100F0
:105BE00004F8030C10BD10B5044603F003FDA178C2
:105BF000228842EA0141C1F3C132C1F38021931EE0
:105C000000EB4100B3FA83F35B095B00032A08BF92
:105C100008231844C0B210BD1FB50C4604F026FC82
:105C200078B1D0F8680160B10621C36802948DF89C
:105C30000C10F121ADF8041001AA0A2198470020A8
:105C400000E0FF2040B204B010BD70B50646D0F8A9
:105C5000880014460D4609F08BF86868017C407C8A
:105C60002044084480B209F07BF80021C6F888007F
:105C7000002808BF4FF0FF31084670BD10B510B1C5
:105C800010F1080F05D3FBF7D7FF162101600020A4
:105C900010BD00F108042046E1F770F818B1C0E922
:105CA0000004083010BDFBF7C7FF0C21EEE7B0B5CC
:105CB00005460C4608460121E9F702F868B90435A3
:105CC00020462946ECF757FC002807D420462146F9
:105CD0002A46EEF7C1FD0028F2D0B0BD0020B0BDCD
:105CE00010B5A2F13003A2F141040A2B28BFFF2313
:105CF000062CA2F1610438BFA2F13703062C38BF8D
:105D0000A2F1570303606FF005008B4238BF0020FB
:105D100010BDA0B10288B2F5807F0DD083685BB161
:105D20005143C2F580725A4301EB122101F0010286
:105D300011448160090A03E00A02826000E0002148
:105D400088B27047B0B5D0F85C0188B108461546F6
:105D500008F028F8044638B120460AF043FB014613
:105D6000284610220AF0A6FA002C18BF012400E0F1
:105D700000242046B0BDB0B5D0F85C0188B10468FD
:105D80000D4654B120462946FFF708FC28B90020EB
:105D900021460AF0EFFA0446F3E7002C18BF01246D
:105DA00000E000242046B0BD70B5D0F85C0188B199
:105DB00005680C46002675B12846214603F070FDA3
:105DC000B6B22946B04288BF064600200AF0D2FA91
:105DD0000546F0E70026B0B270BD70B50546D0F8B4
:105DE0005C0190B10C4609F05BFD70B1D5F85C0127
:105DF000066856B1284631462246EFF781F9002061
:105E000031460AF0B7FA0646F3E770BD70B5C66CC6
:105E100014460D468EB1B08C400708D5307DA042A7
:105E200005D1301D29462246FAF7F2FB28B9302069
:105E300031460AF09FFA0646ECE7304670BD70B571
:105E40000D46D0F85C1189B11C4690F90D30114611
:105E5000049E28461A4601F051FE38B101462846F4
:105E600022463346BDE8704009F00BBA002070BDF1
:105E7000B0B50446407B400658BFB0BDA0680D4693
:105E80000021224605F0AAFC607B00F0BF00607391
:105E900020460AF07DF8A5602046BDE8B04007F036
:105EA0008BBDA0F12202D2B2052A0ED3A0F133029B
:105EB000D2B2042A09D3A0F14402D2B2032A04D3F5
:105EC000A0F15402D2B2022A01D8EAF7A3BE0846D2
:105ED000FAF73ABAA0F1220105293CBF0120704728
:105EE000A0F1330104293CBF02207047A0F1440116
:105EF00003293CBF0320704754380021032838BFD2
:105F0000012188007047B0B50C4604F015FD90B132
:105F10000546C06E41F6EC01224608446C2105F0AE
:105F20005DFCE86E41F6FC01224608446C21BDE8A8
:105F3000B04008F03DBFB0BDB0B50C4604F056FD12
:105F400040B10546503008F0A3FF38B995F832014A
:105F5000800601D4FF2006E005F5907001684068D6
:105F600060600020216040B2B0BD082202EA8002D9
:105F7000430760F3000260F3410260F3820248BF0E
:105F80000532030748BF0432C30602D5897911449C
:105F9000CA1C800648BF0B3290B2704710B58AB158
:105FA00003780C785C40E4B244B1202C0CD1A3F10E
:105FB00061041A2C02D3413B192B05D80131013061
:105FC000013AECE7002010BD4FF0FF3010BD00009B
:105FD000B0B50446094840210025016080210160D8
:105FE000C0F8FC520220FEF795FE94F8360018B176
:105FF00009F046FA84F83650B0BD00BF04440240B0
:1060000080B50A4914200AF038F81420002108F05D
:10601000D7FC01200AF037F81420012108F0D0FC49
:106020004FF40C70BDE880400AF02DB801640020E8
:1060300080B5F7F78DFDC0B238B10749486601F168
:106040006000BDE8804004F0E3BC0448024A062139
:10605000BDE88040F8F728BC2C100020EC5201204D
:10606000BCB50C46D1F82310627F0191D4F81F1003
:106070000091694601F026FF05460C3401F04CFF03
:1060800002462846214602B0BDE8B040F3F74CBDB9
:1060900010B5094C09492068C0B251F8200048B138
:1060A000D0E9011088474FF080502060BFF34F8F38
:1060B000BFF36F8F10BD00BF04ED00E09C430120D3
:1060C000F8B50A4F06460D464FF0FF3114463868C2
:1060D00001F08EF9304629462246ECF70FFC0446C3
:1060E000386802F0D9FA2046F8BD00BF805201207E
:1060F00070B514460D46064609F058FD3168A942B0
:1061000018BFA4F10C0655F80C1C3160FF2105F8EE
:10611000021C002145F80C1CBDE870400AF010B8C4
:10612000B0B50446012000FA04F503F043FD074929
:106130008A682A438A60214491F84321013281F818
:10614000432107F019F80020B0BD00BF38410120FD
:106150000A484068826800F13801134652680AB163
:106160008A42FAD1597B090706D1408F40F60901CE
:10617000884204BF0120704700207047B4480120C6
:10618000B0B50A4B00241A68082C04D01D192D79CB
:1061900005550134F8E741B103F10C002AB110F8BC
:1061A000013B013A01F8013BF8E7B0BD18090020B6
:1061B00070B50D4614460146D5E9012082420BD93F
:1061C000161AA64228BF2646286832460AF072F8F8
:1061D0002968A868314429602044A860204670BD21
:1061E000F0B585B0094B01AA1446E0CBE0C41B789A
:1061F0002370B1F80D30C97B8DF813101146ADF83E
:106200001130F4F720FB05B0F0BD00BF8C32000068
:1062100070B5064604981C460D46824205D8696949
:10622000914202D38142024603D93046294608F002
:10623000BFFC304629462246BDE8704005F0A9BDA6
:10624000B0B586B0094D286868B9F5F7C5FC01AC52
:10625000204608F095FC042021468DF8040000201B
:1062600008F096FC286006B0B0BD00BF285401209D
:10627000F8B50D460446D60802F0070706D02046BA
:10628000294632460AF016F83544344437B14FF403
:1062900080702978F8404042084020702046F8BDC0
:1062A0002DE9F04180B104461C20984616460F4661
:1062B00008F056FD40B11C21054609F019FEC5E95C
:1062C0000247C5E9046800E000252846BDE8F081E2
:1062D00070B504460948406870B1C66A66B14C2082
:1062E000314635460AF046F80646286AA042F5D1FE
:1062F000284601F02DF9F1E770BD00BF445301209D
:10630000B0B50A4B0025C0B21A8CDC6A8A424FF045
:10631000000288BF04EBC102002C08BF2246197D91
:10632000814218BF2A461046B0BD00BF384D01203B
:106330000129BCBF00207047B0B50C46054608F0E7
:1063400057FD06482246006801192846EFF79EFCD3
:10635000044609F00FFA2046B0BD00BF143E0120EC
:106360000446084800688047074D696809B120461F
:106370008847286800B180470448006880470AF0D1
:1063800079F800BF305401201C53012034540120FF
:10639000B0B50446408A451E2804658208D10748E6
:1063A00020212246103005F019FA204608F0E0FCC2
:1063B000A8B2B0FA80F04009B0BD00BFDC500120A7
:1063C000032984BF0020704710B550F8083C074AE5
:1063D000C90022FA01F11C6ACAB2A0F124011846D0
:1063E000A047002818BF243010BD00BF01020809D3
:1063F000B0B50D4601468DB10620144609F003FCE8
:106400000146680009F0FFFB0146280606D034F873
:10641000020B09F0F8FB0146013DF6E70846B0BD66
:106420007CB5044648890D464FF6FD71884209D86F
:106430000DF10606314609F0E6FB20463146022200
:10644000E6F782FDA91C20460322E6F77DFD7CBD10
:1064500010B504460948416839B1486EA04206D0DB
:106460006C2009F087FF0146F6E7002010BD91F986
:106470000000BDE8104003F0F9BF00BFB05201209A
:1064800010B504464078DB38182805D8012101FAF8
:1064900000F00649084203D12046F5F731FE60704E
:1064A0002046BDE81040FEF757BE00BF1120000196
:1064B00010B50A4A12687AB1137883420CD854781E
:1064C0001C44844208D9C01A526891F90040C0B2F5
:1064D00010568442C8BF087010BD00BF803E012026
:1064E00010B504460748007818B901200021DCF7F0
:1064F00006F82046F8F7D0FC03480449C1600120A3
:1065000010BD00BFD6540120F04F0120A43C012053
:1065100078B110B50169074C206011B904F03EFF55
:106520002068D0E90110044A116004490860BDE800
:10653000104070477C3E0120583E01204C3E012017
:10654000B0B5044609F032FB0546C7F72BFFB4FB94
:10655000F0F00549054B0022ECF710F92846BDE89C
:10656000B04009F0EDBD00BF49FF040050540120C8
:1065700010B58278038843EA0242130602F4C0424F
:106580004FF0020358BF0323B2F5804F18BF032317
:10659000CC1803F02FF82044BDE8104009F0A0BE4D
:1065A000BCB5D0F884205568EA695AB10DF10604EB
:1065B000C1800846214609F026FBEA6903202146EE
:1065C000904704E02A78032A04BFC180BCBDBCBD4B
:1065D00010B586B00024CDE90432DBB2C2E9004434
:1065E000C2E9024404AACDE900440392034A02929C
:1065F000FF22EAF726FC06B010BD00BF8D40040064
:10660000A8B110B50446006C28B1242107F0EAFDBA
:10661000206C09F07FF8E06B18B121688969C969BD
:10662000884720464421BDE8104007F0DBBD704795
:10663000B0B5022B08D31D4613685C1C14601B7890
:1066400013B1013D9D4201D20448B0BDE51815606B
:106650002246BDE8B040DFF78FBC00BF80B0FFFF2F
:10666000BCB5044600205421254601C504F1700044
:1066700009F03EFC284609F04DFB012003490022A9
:1066800020230090204601F0C1FDBCBDF1EC0400C8
:10669000B0B5044609483CB1216829B1A5681DB1CF
:1066A0002046FEF7F5FD00B1B0BD2068294682798D
:1066B0002046BDE8B04002F097BA00BF00AFFFFF30
:1066C00010B580B1036873B102231524C0E92943D2
:1066D000D0F8A0301970D0F8A0104A700121BDE8A0
:1066E0001040DCF79FB8014810BD00BF008FFFFFCE
:1066F0007FB504280ED1DDE90A50DDE90846029095
:10670000084611461A462346CDE90065D9F7A0F898
:1067100004B070BD014804B070BD00BF808FFFFFA2
:1067200010B54FF48C71044609F0E2FB04F14C0003
:1067300009F0B9FA04F1900009F0B5FA04F1340057
:1067400009F0C0FA04F14000BDE8104009F0BABAFF
:1067500010B5044602290BD0032907D10720411C9C
:1067600004D0115C013804F8011BF8E7204610BD85
:10677000104609F0C1FB2146BDE8104009F0C0BB3E
:10678000B0B5054608460C4608F043FD07490A889F
:10679000101A2246088005F11000142105F01EF899
:1067A0002046BDE8B04008F0E3BA00BFEA3D012052
:1067B00070B5054609480C4646686EB13068A84277
:1067C00004D1301D214606F073FD28B93C20314626
:1067D00009F0D0FD0646F0E7304670BDD4520120E6
:1067E0000A78FF2A1CBF002070474A7802F00F0287
:1067F000032A06D1B0F8F0201207044A58BF0A460F
:1068000000E00A461146FFF7D3BF00BFF12F00009A
:10681000042901D2002011E070B516460C46054649
:106820001AB1284609F068FB3080A81C09F064FB07
:106830000430A04288BF0020BDE8704080B270479D
:10684000B0B504460948056855B1A868204205D08E
:10685000D5E9033220460021984718B92D68F3E79F
:106860000020B0BD4FF0FF30B0BD00BF3841012067
:1068700010B5034601EB8202002003280DD053F827
:10688000204044B18C4206D803EB8004E4688C427B
:1068900001D9A24203D30130EFE74FF0FF3010BD22
:1068A000B0B504460948456855B12846214605F06B
:1068B0003FFD28B92420294609F05CFD0546F3E791
:1068C0000020002D08BF4FF0FF30B0BDF44E012076
:1068D000B0B5054609480C46416861B191F90D0013
:1068E000A04203DDD1F85C01A84204D0242009F0C5
:1068F00041FD0146F1E70846B0BD00BFF44E01205E
:10690000F8B5069E1C4615460F46084611461A461F
:106910003346E2F7E9FF022804BF0120F8BD28B999
:10692000384629462246334605F0CCFF0020F8BD04
:1069300010B503F0F5FD68B1044608481821224659
:1069400004F04CFF606908F013FA204608F010FAD2
:10695000002000E0FF2040B210BD00BFEC5301203A
:10696000B0B50546D0F85C0188B10C4608F098FF38
:1069700068B1D5F85C0105684DB128462146F1F7AC
:106980006BFE0020294609F0F5FC0546F4E7B0BD92
:10699000F8B50546D0F8800016460C46876838469C
:1069A00009F01AFB38B1014628463A4623460096BC
:1069B000CBF73DFCF8BD4FF6FF7030802846F8BDA0
:1069C000B0B5044690F92900084D0C212246A8478D
:1069D00094F9290007212246A84794F929000B21A0
:1069E00022462B46BDE8B040184700BF89FC030093
:1069F00010B504463AB1B2F848000A22B0FBF2F0F2
:106A0000884288BF0146E08E08B1884207D908460F
:106A10004FF400414FF4404201F044F8E08610BDCD
:106A2000B0B5C4690D4674B104F10800294606F0FA
:106A30003FFC28B95020214609F09CFC0446F2E7AF
:106A40000248006860602046B0BD00BF983E01204B
:106A500070B51546044608F0EBF92868D0F85C617B
:106A60006EB1306A58B169682046FEF797FD30B1C3
:106A7000D5E90010336A2246BDE87040184770BD62
:106A8000E0B5094A90F92910031D00200092002268
:106A9000FAF7E8F9411C8AB2032A2FBF400808B26E
:106AA000024931F810008CBD1D5C0300FC3500006C
:106AB00070B50446456FB0F87A602830302109F08F
:106AC00017FA00206067B00546F4006048BF06462C
:106AD000002D18BF064626F40070A4F87A0070BD99
:106AE00010B504460020B0EB124F01D0162409E087
:106AF0004FF6FF70114604F0FFFA206008B1002045
:106B000010BD1C24FBF798F804604FF0FF3010BD57
:106B1000E0B50A4909680068090608D001A9F0F73C
:106B200071FE01281CBF4FF0FF308CBD04E0002136
:106B300000220023D9F7EAFE00208CBD04ED00E01E
:106B400010B598B10C4689B10146E06900B110BD9D
:106B50000846442106F007FA40B14FF0FF31E061EA
:106B6000C160C0E90711C0E9091110BD002010BDC6
:106B700002460020B0EB114F0DD14B005160D360A5
:106B80001369002B08BF012301D08B4203D98B422C
:106B900028BF0B461361B1F5803F38BF0120704715
:106BA000B0B50446B0F84000204400F18E05002046
:106BB000294609F028F82046112102F070FC00282F
:106BC000294608BF4FF6FF70BDE8B04009F01BB87A
:106BD00080B50A49884206D3FBF72EF816210160DA
:106BE0004FF0FF3080BD00F2E7304FF47A71B0FB18
:106BF000F1F00130FEF724FE002080BD40420F007E
:106C000010B50A4C01202070606820B9F02008F00F
:106C1000A7F8606030B1F02109F06AF9FCF78CFD4B
:106C2000002010BD4FF0FF3010BD00BF30510120DB
:106C300000216FF0010381800A21817040F211313F
:106C4000018006498A7A002A4AF6C00208BF8023DA
:106C5000C380C988C0E9022100207047644C01202C
:106C600070B500220023112B02D0C2540133FAE781
:106C7000002201238A4224BF002070BDD50802F003
:106C800007040132465D03FA04F434434455F1E746
:106C900070B5049C0025861A2560059D994102D295
:106CA00035B1101A01E01DB9801A0449884201DD8E
:106CB000FF2001E02060002040B270BD0038B50325
:106CC000B0B5054690F89600C00702D100242046D2
:106CD000B0BDAC6B002CF9D020462946F0F724F962
:106CE0000228F4D82C20214609F044FB0446F1E7A1
:106CF000B0B500F10F0504461221284609F0F8F856
:106D000006490020112805D00A1892F831202A548B
:106D10000130F7E70A2084F82000B0BD7444012058
:106D2000BCB514462A2201238DF805206A46F3F7E4
:106D3000B9FD0546042806D1009810F8011B217002
:106D400008F057FF6060281FB0FA80F04009BCBD12
:106D5000094880F308880948016841F4700101601E
:106D600000BF00BF09F0AAFA08B1FDF7EFFD07F078
:106D700067F90120FFF7F4FA0040022088ED00E0F7
:106D8000B0B50C460546F6F72FF9291A04F57A72C4
:106D9000C4EB9100012898BF01200023B2EB910FB2
:106DA00028BF1846B1F1404F28BF1846B0BD0000BB
:106DB000002804BF002170474CBF404200464FF0FE
:106DC0001F014CBF41F4406141F48061491E400005
:106DD000FCD34FEA015141EA103100057047B0B5CC
:106DE0000C46054603F069FE78B1014695F8970018
:106DF0000122013085F897002846FBF71BFF284643
:106E00002146BDE8B040FDF7D8BDB0BD80B503F068
:106E10002DFB48B190F83010090703D490F82011E9
:106E2000012903D1FC2006E0FF2004E0007B0028BC
:106E300018BF4FF0FF3040B280BDF8B50146D0F822
:106E4000D00010F00F024FF000000BD0CDF80B0077
:106E50000290CDE9000001F18400C2F11002694600
:106E6000EBF74CFE04B080BD10B598B1044690F924
:106E7000000003F085F868B1D0F800C0BCF1000F45
:106E800008D090F91C00A11D04F148020023BDE8C0
:106E90001040604710BD70B5066814460D467EB1BF
:106EA0003078A04206D106F10C0029462246F9F7B7
:106EB000AFFB28B91C20314609F05CFA0646EEE724
:106EC000304670BDE0B50346486E8DF8042028B109
:106ED000B1F86820436801A9984705E0D3F8680134
:106EE000826912B101A9904708B100208CBD012030
:106EF0008CBDA0B1B0B50446407848B1A06920B1BE
:106F0000456904F07BFB2846F9E700206070A0612A
:106F1000E06904F073FB0020E061BDE8B040704719
:106F2000F8B5174603221C460D460646F3F7E4FE65
:106F300048B947B10CB10120207030462946BDE860
:106F4000F840F5F7D4BD0CB100212170F8BD10B5A3
:106F500088B014460A460F9906910E9905910D992D
:106F600004910C9903910B9902910A99CDE9003192
:106F700000212346C7F7A1FE08B010BDF8B501F106
:106F80002C0705460C46384607F002FF064650B16E
:106F90003046394608F0ACFF06F12C00294622465F
:106FA000B48309F087F93046F8BD70B5C669144658
:106FB0000D467EB1707BA84206D106F1180021462D
:106FC0002A4603F09BFE28B10020314609F0D2F991
:106FD0000646EEE7304670BD70B503F0A1FA78B111
:106FE0004568044655B11420294609F0C3F9064600
:106FF0002046294601F0E8FE3546F3E7002000E090
:10700000FF2040B270BDB0B5054600680C4630B1F7
:10701000806883691BB1416A20460022984705F1C8
:1070200038001C21224604F0D9FB2046BDE8B040C0
:1070300007F09EBE70B5C56C0446002655B13020E1
:10704000294609F097F9A98CEE7521F4C071A9843D
:107050000546F3E700206062E08920F08000E081CF
:1070600070BDB0B5C56C0C468DB1A88C400708D575
:10707000E86A30B1A04204D30120214601F059F959
:10708000E8623020294609F075F90546ECE7B0BD05
:1070900070B5856A0C46D6B27DB195F82900B0422C
:1070A00005D105F11400214606F002F928B9342073
:1070B000294609F05FF90546EEE7284670BD70B530
:1070C0000446FDF72BFB054620680668306880689B
:1070D00009F09EF9B18C484381B2284608F080FF40
:1070E00021688989884228BF084670BDB0B526232B
:1070F000082A08BF2F230B2A08BF2F23013801229B
:10710000002495B2A84205DD4D5DAB4208BF0134B5
:107110000132F6E7601CC0B2B0BD98B170B5056C25
:10712000044655B11420294609F024F906462046A4
:10713000294600F05FFC3546F3E7204607F018FECD
:10714000BDE870400020704780B58AB0CDE90812D4
:1071500000211A46CDE905110121049108A90391E6
:107160000C990029019118BF1421029101A9CEF7B1
:107170007DF80AB080BD80B58AB0CDE90823002231
:10718000CDE905220122049208AA00290191039267
:1071900018BF14214FF48042029101A907F04CFB63
:1071A0000AB080BD418B40F2EC529142818338BFDE
:1071B0000A46402A98BF4022B1F5967F114688BF03
:1071C0004FF4967143681B7B002B18BF11468183D7
:1071D000704790F8372081F87820C26BCA67B1F801
:1071E000762090F8353022F00102B3FA83F35B0980
:1071F0001A4442F40052A1F87620002201F0EDB8C2
:10720000B0B50288531E9AB20C0604BF1046B0BD3A
:107210001CB25D004FF6FF73B4F1FF3FC8BFABB2C5
:107220004488A34228BF234601391A44ECE7B0B58D
:107230000C68621C07D000F10802134652681568FA
:10724000A542FAD901E003695A684A6091608B60EF
:1072500059600861016801310160B0BDB0B50446F4
:1072600001F0A6FF80B1054641F6F4006C212044F0
:107270002A4604F0B3FA41F6FC006C212A46204469
:10728000BDE8B04007F094BDB0BD70B50D460446F2
:1072900005F05AFC00B170BD102007F061FD0646F4
:1072A0000020002EF7D0307120460821324635608C
:1072B00007F07EFD304670BD70B506680C460025AF
:1072C0007EB1306809F026F8A04204D1306808F099
:1072D000B8FC356828B10820314609F04BF806465D
:1072E000EEE7284670BD10B590F8322102F0FE039B
:1072F00080F8323193070CD5036953B1C46802F0AA
:10730000FC0280F8322100F1E9022046BDE810407D
:10731000184710BDB0B5014603380024C0B2FE289E
:107320000CD30020DEF738F8054600F0F5FD2DB14E
:1073300007300224B5EBD00F38BF01242046B0BD82
:1073400070B5084A084B14689C4208D014680025A0
:10735000D82D03D066595E510435F9E7136043F820
:10736000201070BD08ED00E0000000201CB56FF09B
:10737000D24401948DF806100421ADF8042001AA2E
:1073800001EB8301042389B2FCF7BCFD01490870BD
:107390001CBD00BF944A0120B0B50748074D0478D2
:1073A0002CB155F80C0B00698047013CF8E7044804
:1073B00001210170B0BD00BF0F1B00000C330000A5
:1073C000E454012010B50C460849097E02290AD16F
:1073D00003F004FF04B12060C1B20220012908BFFC
:1073E0006FF07E0000E00120C0B210BDB448012063
:1073F00080B5094A1268120604D000210022EDF778
:10740000EFF904E06422B1FBF2F1D7F7C1F80138DB
:1074100018BF4FF0FF3080BD04ED00E010B5074805
:10742000002403210460064801600220FDF772FC7D
:107430000720E4F7F1FD0348447010BDA802504254
:1074400010800240984E0120094882698B1A04324C
:10745000B3F1004F09D8531AB3F1FF3F0B46C8BF31
:1074600013468A4298BF0B461A460260704700BF17
:107470001820094070B5094D044600210E46022926
:1074800007D055F82600214605F012FF711C002890
:10749000F4D00020022E38BF012070BD3C35000022
:1074A000B0B50446084805685DB12A7C28462146E7
:1074B000F9F7AEF828B91420294608F05BFF054615
:1074C000F2E72846B0BD00BF7C5301200E2809D04A
:1074D0000F280ED10748417901290CBF0021012155
:1074E000417170470348817909B1002100E0012111
:1074F000817170471454012070B50546B0F8420000
:10750000144605F18806304408F0D4FEB5F8420070
:1075100030442044801BA5F842002846BDE8704056
:1075200003F0EDBAB0B50546B0F87600800501D598
:10753000286B00B1B0BD14200C4607F029FC0028D0
:107540002863F7D021461422BDE8B04008F0B2BE4F
:1075500080B110B5044608484C21224640682C30C2
:1075600004F03CF9A06B07F003FC2046BDE8104096
:1075700007F0FEBB704700BF445301200848C16CB0
:1075800021B908498A6A0AB9CA6A0AB10020704753
:10759000826B0869411E01208A4208BF02207047A1
:1075A000F8460120DC470120B0B5054608480C46E6
:1075B000C16859B191F90000A84202D1C878A0422F
:1075C00004D0142008F0D6FE0146F2E70846B0BD0C
:1075D0005050012010B5074807F06AFC064C20689F
:1075E00020B908F0F1F805490860206801302060F2
:1075F00010BD00BF6C3C01208C540120343E0120A2
:10760000F8B50446007858B1074F2826782E07D0E1
:10761000BD1921462846C8F797FA10B12836F5E774
:1076200000252846F8BD00BF0C46012070B5B3FA0E
:1076300083F4640971B106784578964205D1EE1A53
:10764000B6FA86F67609264305D1A1EBC50100EB13
:10765000C500EFE7002070BD82B043F6C011C2F252
:10766000020101910090FFE701980099884207D23A
:10767000FFE70198011D01914FF0A5310160F3E78B
:1076800002B070471CB51446162204230092074A24
:10769000F6F73FF930B101462046102208F00AFE05
:1076A000002000E0FF2040B21CBD00BF010E000022
:1076B000B0B5094C0125206858B14278E9B28A4238
:1076C00008BF0135216818BF0146582008F052FE56
:1076D000F2E7E8B2B0BD00BF94530120B0B58568B1
:1076E0000C467DB1687C000706D469696069093081
:1076F000093105F0DDFD28B91C20294608F03AFEC5
:107700000546EEE72846B0BDB0B50D46517C14469F
:10771000090706D4616991F83E202946FFF7D2FB9C
:1077200030B1284621465022F6F7ADFF0120B0BD0A
:107730000020B0BD91F85C100A070FD490F85C20CF
:107740000AB10020704711F0100103D1C06A00286F
:10775000F7D103E0B0F850000328F2D801207047B9
:1077600010B500280CD409280AD8074C54F830303A
:1077700033B104EBC000DB694068BDE81040184736
:107780004FF0FF3010BD00BFE44A012010B5084C97
:10779000616829B1074909680844E1F7BBFE08B1EF
:1077A000012010BDA068013038BFA060002010BDCE
:1077B000F45001202C3E0120B0B5054605F0DCFA5E
:1077C0000749012801F1C40407D0284605F0D4FA7E
:1077D000022802D003F0E2FD00242046B0BD00BF25
:1077E00004110020E0B509481B2290F8421090F8DF
:1077F0008100002808BF0E2291428DF8072004D096
:107800000DF10701E020D2F7C3F98CBDFC15002073
:1078100080B502F0CFF907490A7842F002020A70F7
:1078200005F0AAFC044800210078BDE88040F2F78A
:107830000BBA00BF1B3D0120CE3E01200848017855
:10784000832918BF704707490978032902D100200E
:10785000DAF762BF852101701D20E1F77DBA00BF14
:10786000CF3E0120D13E0120B0B5084C206808B9B8
:1078700003F094FD064D286804F002FE2168C860FC
:10788000286803F06BFE21680882B0BD9054012087
:10789000743E012010B5094C2168C86D20B191F8E3
:1078A0006B10FBF7C3FD2168086E28B191F86B10CF
:1078B000BDE81040F8F75BBF10BD00BF9054012039
:1078C000F8B5D0F86C21ADF80E10518402216A464B
:1078D000D0F868018DF808100DF10E0101915021CA
:1078E000C368ADF800100A2198478FBDFF23012916
:1078F0000BD850B14AB106490968814205D1054803
:107900000023016840685060116058B2704700BFA2
:10791000583D0120884B012070B5094D0446286868
:107920000138286008D1686807F031FBA868002694
:107930006E6007F025FBAE600020206070BD00BFC8
:107940008C520120B0B503231546044601F0D4F84B
:1079500000B1B0BD286820B10138286020680178E6
:1079600011B16FF06700B0BD013020600020B0BDE4
:10797000B0B5094B1C1D23685BB19D692D7885420C
:1079800005D15D688D4202D15D78954201D0083401
:10799000F1E71846B0BD00BF90130000BCB5144617
:1079A00001910D4600F1AC0101AA2346FEF740FE0D
:1079B0000199491B091B1CBF4BF28001CFF6FF71D7
:1079C000002808BF0846BCBDB0B50C460546F2F716
:1079D000CBFC30B905F10C0004F10C01F2F7C4FC4A
:1079E00000B1B0BD05F1180004F11801BDE8B040C8
:1079F000F2F7BABCB0B5054691F910000C4602F09A
:107A000035FD10B1214605F047FC05F14000142179
:107A1000224603F0E3FE2046BDE8B04007F0A8B9D7
:107A2000B0B568B1084C0546206848B1626869681D
:107A30008A4203D1A96803F00CF910B11434F3E7BA
:107A400000242046B0BD00BF6C19000070B5866BE5
:107A500014460D465EB1304629462246F8F7D8FD59
:107A600028B92C20314608F085FC0646F2E7002EA6
:107A700018BF0126304670BD10B50446084841685D
:107A800059B1D1F8580118B1D0F8A40CA04204D0D3
:107A9000242008F06FFC0146F2E7084610BD00BF45
:107AA000F44E012010B504460846114600F041FC92
:107AB000A1B2220C4143504300EB1142C1F3C0314B
:107AC0004FF0FF30B2F1FF3FC8BF41EA420010BDA6
:107AD00010B5074C207838B9064807494FF438727A
:107AE00008F0E8FB01202070BDE81040FBF7C0B8AB
:107AF000D75401204C400021C003000070B5856AB6
:107B00000C46D6B275B195F82900B04204D1281DB3
:107B1000214605F0CDFB28B93420294608F02AFC7F
:107B20000546EFE7284670BDB0B500F11C01FF2007
:107B30000022802A0BD08B5C45B2C3F38104AC4297
:107B4000C8BF2546DB0648BF28462032F1E7013092
:107B500040B2B0BD10B50246087868B11046127840
:107B600062B10022845C8B5C14B101329C42F9D07A
:107B7000421C002BF2D110BD104610BD002010BDDC
:107B800010B5026E0C460021904768B11CB1A11DD2
:107B900007D1042100E0022106F07AFCC16B88477E
:107BA00002E0032106F074FC002010BD1FB504465E
:107BB00007F0ACFE02218DF80000684603948DF8B2
:107BC0000810002101918DF803104FF48061ADF889
:107BD000011000F08DFE1FBD90F8C1304AB143F096
:107BE000010380F8C1306423B2FBF3F2B1FBF3F17F
:107BF00005E003F0FE01002280F8C1100021C0E979
:107C00002E12704710B504460848016859B1C88E55
:107C1000A04203D191F83E00C00704D0402008F0F4
:107C2000A9FB0146F2E7084610BD00BFF45301204E
:107C30001CB5019007480068804701A8F0F7CCF90F
:107C4000016A019888470446034800688047204637
:107C50001CBD00BF3054012034540120B0B5094D83
:107C60000446A869296A2044884207D103F056FFD8
:107C7000E86A0130E86205F0FFFE013CA869204493
:107C8000A861B0BDDC470120F8B51C4615460E467C
:107C900001F026F958B187684FB1069990F919009B
:107CA0002A46234689B200913146B847F8BD4FF0C5
:107CB000FF30F8BD10B500280CD409280AD8074CAD
:107CC00054F8303033B104EBC0009B694068BDE824
:107CD000104018474FF0FF3010BD00BFE44A0120AC
:107CE000F8B514460D460646F3F7E4FD304603F0BA
:107CF0006AF948B10746304601223946E3F70DFDDF
:107D0000388907F10A0520802846F8BD02215A2249
:107D1000817181744FF434718280044A0182044974
:107D20000260C16003498160002070474A011E0063
:107D3000780068014000C00070B50546D0F86C01BD
:107D400003220C46D0F88400F2F7D6FF064620B195
:107D500028462146F02203F011FF002E18BF01260D
:107D6000304670BD90F85A308B420BD190F85B10C2
:107D7000C90609D50069111A044A0020914288BF3A
:107D80000120704780F85A10012070473F4B4C008B
:107D9000B0B50C4602F0F4FD78B10546D0F8C40247
:107DA00058B128460121D7F7EFFDD5F8B402D5F830
:107DB000C4222146904785F86041B0BDB0B509485E
:107DC000002504685CB104F5C27007F0F3FF0020E1
:107DD0002146A4F8BC5108F0CDFA0446F2E7002091
:107DE000B0BD00BFE453012070B5054608880C46BD
:107DF00001F0A6FA0026A842268008D9401BF6F713
:107E000057FB0028208008BF4FF0FF3600E0FF2618
:107E100070B270BDB0B5054604F096FE68B1044678
:107E200028460821224603F0D9FC206805F030FBE3
:107E3000204606F09DFF002000E0FF2040B2B0BDCC
:107E4000B0B5002100220023042907D04418657B27
:107E500015B1647C013322440131F5E798180249D9
:107E60000130C0B20860B0BD7450012080B54FF041
:107E7000200080F31188BFF36F8FBFF34F8FD8F7C7
:107E800089F818B103484FF080510160002080F359
:107E9000118880BD04ED00E080B509490968826859
:107EA0008A421CBF002080BDC1680139C16004D175
:107EB000002100220023D8F729FD012080BD00BF4A
:107EC000A05401201FB5019008684968144600229B
:107ED00009BA00BA0291039001A80321E4F790FFC8
:107EE000B0FBF4F101FB1400C0B204B010BDB0B59A
:107EF00080B101F00F0411F47F0518BF002C09D1E7
:107F00001DB1BDE8B040E0F732BD1CB1BDE8B040E6
:107F1000DBF736B90020B0BDFEB50DF11701E82042
:107F2000F9F7EAFD9DF8171001AA012000F050FBB7
:107F30009DF80C10002818BF6FF07E01C8B206B083
:107F400080BD024661B10888D2E9043203301A4488
:107F500020F003000844011D914288BF00207047B3
:107F60005069042834BF0020106970470139032983
:107F700084BF4FF0FE307047DFE801F0020B0409C8
:107F8000007870478178008840EA014070470068B7
:107F9000704700887047BCB5034603200D4600219A
:107FA00000220090012000F0EAFA044635B12CB11D
:107FB0002046002100220023D8F7A8FC2046BCBDA3
:107FC00081B14A6872B10A78042A0BD18A684AB131
:107FD00002680023916153624B68D36189689162A2
:107FE000DCF7ACBC6FF00200704770B50446006966
:107FF00004F114052CCDA0FB010602FB0161C6189B
:108000004D41300C002240EA0541FFF71DFAC4E95A
:10801000086570BD10B5044602F060FD48B1014628
:10802000808A4FF6FF72904203D0013888820004A4
:1080300000D010BD2046BDE8104003F08FB910B548
:108040000446D0F8800068B190F82010013980F81B
:108050002010080603D1D4F8800006F089FE002025
:10806000C4F88000204610BD70B50D463821144676
:10807000064607F03DFF05F15F00746335867080AA
:108080000320307002203072B08105F1630080B2AD
:1080900070BDB0B50546007D88421CBF0020B0BD54
:1080A0000846144605F010F9024605F13000214655
:1080B00002F046FEB0FA80F04009B0BD70B504464B
:1080C00054F8285F75B10020294608F053F9064698
:1080D000204600212A4603F081FB2846F1F7D8F913
:1080E0003546EFE770BD10B50A46416300F109015E
:1080F0000446CFF771FD30B1BB20A0872046BDE814
:108100001040F1F7C5B92046BDE81040F8F7DEBDD4
:1081100080B50A88038893420CD142884B889A42E2
:1081200008D14968406802F01CFE002818BF4FF0D3
:10813000FF3080BD4FF0FF3080BD10F1050F45F6D8
:10814000A611A8BF6FF0040010F15A0FD8BF6FF04E
:108150005900C0EB00200844552180B2B0FBF1F07B
:10816000C0B27047B0B50C46054606F041FE14B1EA
:10817000E07F800702D405F16C0001E004F1080003
:10818000016801390160BDE8B04007F0F3BAB0B54D
:108190000C46054606F02CFE14B1E07F800702D4A1
:1081A00005F16C0001E004F1080001680131016093
:1081B000BDE8B04007F0DEBAF0B50A9C74B1099D85
:1081C000DDE90776DDE905ECCDE90954CDE907766F
:1081D000CDE905ECBDE8F040F1F72EB86FF00C00EA
:1081E000F0BDF0B50A9C74B1099DDDE90776DDE9C3
:1081F00005ECCDE90954CDE90776CDE905ECBDE8FC
:10820000F040FEF7A4BE6FF00C00F0BDB0B5046FF7
:10821000032CC4BF6FF03D00B0BD04EB8404049D8B
:1082200000EB8404C4E92035C4E91D12016F01315B
:1082300001670020B0BDF8B56B460393012302939C
:108240004FF0FF33B2F1FF3FC8BF0123002A019373
:1082500000D55242009201AAF5F732FE04B080BD6B
:10826000F8B56A460392012202924FF0FF32B1F153
:10827000FF3FC8BF01220029019200D54942009169
:1082800001A9EAF778F904B080BDF8B56B4603930D
:10829000012302934FF0FF33B2F1FF3FC8BF012328
:1082A000002A019300D55242009201AAF6F712FA71
:1082B00004B080BD10B5D0F894305A1DDC1C083BCA
:1082C000C0E92642C0F8903031B1C368022B03DB0D
:1082D000D1E901311A44521AC0F8A02010BDB0B53E
:1082E0000546D0F86C010C460131408C07F08BFC40
:1082F000E11C2846FCF74AFF00212070002808BF37
:108300004FF0FF310846B0BD70B50D460446002061
:1083100000210026B54204BF204670BD72071DBF74
:10832000000A40EA0160090AF5F7BAFEA0550136D5
:10833000F0E770B5044688420ED0081B4FF0FF31BD
:108340000130B1FBF0F505FB00F607F024FDB0426B
:10835000FBD2B0FBF5F00444A0B270BDBFB590F9FC
:108360000120B2F1FF3F00DDBFBD436891F90D2050
:108370000178062500240C300294CDE90053002337
:1083800003F034FDBFBDF8B5866A0446CFB276B1BE
:1083900034203146354607F0EDFF064695F82900B2
:1083A000B842F4D120462946F7F772F9EFE7F8BD55
:1083B000032911D800EB411111F81C2F02F013030F
:1083C000102B09D102F0FC0201320A7090F88010E3
:1083D00041F0010180F8801070470AB1108803E075
:1083E0004A7AFF2A0BD0808D4FF6FF72904206BF6B
:1083F000486B90F8E800C0B281F87200704790F8BE
:108400002E00F9E7B0B50446D0F8580170B1A56B5D
:1084100065B1284604F03BFC10B9204607F017FF71
:108420002C20294607F0A6FF0546F1E7B0BDF0B5C0
:1084300000244FF0010C8C4228BFF0BD944209D3B8
:108440009C4207D8E70804F00706C55D0CFA06F65B
:10845000B543C5550134EEE710B502F007F870B129
:10846000044602F08DFA00B110BD2046F2F72CF957
:10847000002804D42046BDE8104002F081BA002054
:1084800010BDB0B50C460821054606F0D7FEA04247
:1084900009D028460821224603F0A0F928460821E1
:1084A000224606F085FC00202071B0BD10B50C46B8
:1084B000FF2170B16CB10188042909D141880829D4
:1084C00006D1043007F09AFBC4E90001002100E066
:1084D000FF2148B210BD70B50C46054606F072FF8C
:1084E0000646204606F06EFF864204D12846214605
:1084F000C7F72AFB08B1FF2000E0002040B270BDA2
:10850000B0B514464FF6FF7290420DD1481E85B2A9
:1085100000202946FFF70DFFC1B200F00702C9088D
:10852000615CD140C907F3D0B0BD1CB514462A2206
:1085300009238DF805206A46F2F7B4F9082804D11A
:1085400000990A684968616022600838B0FA80F0D2
:1085500040091CBD1CB514462A2203238DF80520B2
:108560006A46F2F79FF9022804D100990A7822702E
:10857000497861700238B0FA80F040091CBDBCB582
:108580001C46002370B16CB101B90AB911B10AB926
:10859000002307E0069B012584F84650009403F071
:1085A0005DF923461846BCBDB0B50D46044601F042
:1085B00001FBD5E9001211B14A606A6800E062600F
:1085C000002A18BF14462160BDE8B04004F0D4BDB5
:1085D00010B57AB101281CBFF42010BD084614461E
:1085E000FFF7EAF830B101462046102206F078FA8B
:1085F000002010BDE82010BD70B5084D6C685CB15E
:1086000044B12669204605F0FBFE204607F03FFEF8
:108610003446F5E70020686070BD00BF5453012068
:10862000B0B50C46054607F0C1FA4CB1002144F83C
:108630000C1C296819B10D4655F80C1DFAE72C6081
:10864000BDE8B04007F07CBDB0B501F0B3FA044618
:10865000064890F8380118B101F02AFB054600E001
:108660000125204604F088FD2846B0BD3841012090
:10867000F8B51D461646044601F09CFA44B104F1D3
:10868000200720348ECF33432F432A4331438EC4F7
:10869000BDE8F84004F070BDE0B508490968090676
:1086A00003D001A9EFF7AEF88CBD00210022002312
:1086B00002B0BDE88040D8F729B900BF04ED00E062
:1086C000B0B560B10C46C4F7BDFC50B10546FCF72F
:1086D00016FAFF202C6285F83400687B02E0FF2048
:1086E00000E0FD2040B2B0BDB0B50848006858B108
:1086F00004684CB10C20214607F03CFE054620469C
:1087000001F0E4FB2C46F4E7B0BD00BF3C5401206F
:1087100070B50568044675B10020294607F02AFEA9
:108720000646204600212A4603F058F82846F8F766
:10873000CDFA3546EFE770BDF8B51C46154606463E
:10874000382717F1080008BFF8BD284621463A46E9
:1087500003F010FB3178083F484006F8010BF0E7C2
:10876000BFB50A9D14460A46014606480395099D71
:1087700040680295089DCDE900352346F2F7CAFD11
:1087800004B0B0BD1C510120421A04D9B2F5004F0B
:10879000BCBF0120704700220023884238BF01235C
:1087A000081AB0F5004FC8BF012203EA0200704763
:1087B000421A04D9B2F1FF3FC4BF01207047002222
:1087C0000023814288BF0123081AB0F1004F88BFFF
:1087D000012203EA02007047B0B5044607480025AD
:1087E0004068416941B18888A04208BF0D46082011
:1087F00007F0C0FD0146F5E72846B0BD445301200F
:10880000B0B508490024C5B24968496A41B1087940
:10881000A84208BF0C46082007F0ACFD0146F5E76A
:108820002046B0BD44530120B0B50446074800259A
:108830004068C16941B10888A04208BF0D461820B0
:1088400007F098FD0146F5E72846B0BD44530120E6
:10885000B0B50446074800254068C16A41B1486A7E
:10886000A04208BF0D464C2007F084FD0146F5E705
:108870002846B0BD4453012078B110B504460748DE
:108880001C212246083002F0A9FF206906F070FA88
:108890002046BDE8104006F06BBA7047B051012089
:1088A00070B110B5044607482C21224602F096FF0D
:1088B000606A06F05DFA2046BDE8104006F058BA3E
:1088C000704700BFB0510120084A138C3BB10346EA
:1088D00038B1012803D011B103290B4601D900207A
:1088E0007047907301201373704700BF384D01200B
:1088F00070B50446007801F08BFB50B1F9F7BCFA73
:1089000038B194E86C0001466CC1F6F76FF90020AD
:1089100000E0FF2040B270BD10B5044607481021AA
:108920002246043002F05AFFE06808B1F8F7CEF9A9
:108930002046BDE8104006F01BBA00BFC852012017
:1089400010B504462820214607F014FD18B1618CAB
:10895000428C11444184034828212246BDE810403E
:1089600002F03CBFAC530120884204BF0120704795
:108970004278D2070AD14A78D20707D18A79837917
:10898000934203D11030103104F092BC00207047A4
:108990001CB514460A2207230092064AF4F7B9FFD1
:1089A00020B107F0DCFB2060002000E0FF2040B297
:1089B0001CBD00BF010E000070B110B50446074891
:1089C0005821224602F00AFFA06906F0D1F920469C
:1089D000BDE8104006F0CCB9704700BF94530120A9
:1089E00070B50568044675B11820294607F0C2FC29
:1089F0000646204618212A4602F0F0FE284606F0D8
:108A0000B7F93546EFE770BD10B5074C0749882226
:108A1000204606F065F807F087FC84F8220007F08E
:108A200083FC207510BD00BFFC150020E015000080
:108A300080B507480078B0FA80F04009F7F7B4F93C
:108A40000448017811B101780139017080BD00BF7F
:108A500048480120EE54012080B5084A01460648E6
:108A600012680068926D9047832808BF80BDBDE8FA
:108A7000804002F093BC00BF30530120583E0120DB
:108A8000064800210170064801700648007800B1D0
:108A9000704700200021D9F732BD00BFCF3E012032
:108AA000DD3E0120D6540120416D00221F3190F897
:108AB00058309A4206D20B78013203F0FD0301F8D8
:108AC000203BF4E730F8011F21F0040101807047DA
:108AD00070B514460D46064606F08AF915B1E87FD2
:108AE000800702D406F16C0001E005F10800046083
:108AF000BDE8704006F03EBEB0B504680D1B012D08
:108B0000BCBF6FF05F00B0BD25789D421CBF6FF009
:108B10006100B0BD631C0360BDE8B040E6F784B8F7
:108B200010B5D0F8E030012B1CBF6FF0530010BD22
:108B3000D0E934349B1844F10004C0E93434843063
:108B4000BDE81040E9F7DABF03680246064853B1B2
:108B50005B78022B07D104291CBF80307047034982
:108B60000020C2E903017047009FFFFFA5E0040059
:108B700010B501210446FBF7B9FC28B904F10C003B
:108B80000121FBF7B3FC00B110BD04F11800002176
:108B9000BDE81040FBF7AABC70B1026862B112795F
:108BA000062A18BF052A02D14068D8F7C9BF042A8F
:108BB00002D14068DDF72ABF0048704700AFFFFFD1
:108BC00070B1026862B11279062A18BF052A02D173
:108BD0004068BDF73FBF042A02D1406865F010BA73
:108BE0000048704700AFFFFF70B1036863B11B79A5
:108BF000062B18BF052B02D14068ECF7D3B9042B24
:108C000002D14068ECF794B90048704700AFFFFF0D
:108C100018B500238DF803305AB110F8013B11F854
:108C2000014B013A63409DF8034023438DF8033024
:108C3000F2E79DF8030018BD70B5084C61B1064617
:108C4000006848B9486A0D468047706010B100243A
:108C5000356001E0A4F58074204670BD80C1FFFF3F
:108C6000B0B50446F8F7C0FDA06B06F053FD606C8C
:108C70000025A56320B1FCF78DFB606C06F04AFD72
:108C8000A06CC4E91105B0BD10B50446814202D8FC
:108C90008818A04204D2204607F00CFB204610BDE5
:108CA000481E611E002AF9D0835C8B54013AF9E713
:108CB000B0B5044607480025416841B10868A042A4
:108CC00008BF01353C2007F055FB0146F5E7284673
:108CD000B0BD00BFD452012002293CBF0020704724
:108CE0000078C20644BF01207047044A8009105C26
:108CF000821C00208A4298BF01207047A8360000DD
:108D000080B50648017841B901210022017004486C
:108D1000322101F06BF90349086080BDD452012073
:108D200065F80000783E012010B50446103014218B
:108D300006F084FA50B1818B0844217B90F8200022
:108D4000401A0121C0B201EBD00010BD002010BDBF
:108D500080B506F021FDF8F7FBF9FAF7C1FB06F044
:108D600069FD06F061FD05F0C5FC0248FBF772F9EC
:108D7000002080BDC9FE030008480068006880F339
:108D800008884FF0000080F3148862B661B6BFF324
:108D90004F8FBFF36F8F00DF00BF000008ED00E0D2
:108DA0001CB5084B0191ADF8000069460520ADF8EF
:108DB00002205C6801345C601C8A01341C8202F071
:108DC0007DFD1CBD54330120B0B50C460546043072
:108DD0001421224602F002FD05F10C001421224666
:108DE00004F042FD206910B1F7F770FF2061B0BDBB
:108DF000B0B50D68044675B12846012106F00EFD98
:108E0000284621460022D5F769FC0020294607F0B4
:108E1000B1FA0546EFE7B0BD70B50546D0F85C0184
:108E200068B106680C4656B128463146224601F024
:108E3000DCFF0020314607F09DFA0646F3E770BDDF
:108E400070B50568044675B12020294607F092FAEE
:108E50000646204620212A4602F0C0FC284605F09E
:108E600087FF3546EFE770BD70B50568044675B1FC
:108E70000820294607F07EFA0646204608212A46A1
:108E800002F0ACFC284605F073FF3546EFE770BDF5
:108E9000F8B50446002501260027042D04BFF8B2CA
:108EA000F8BDE9B2204602F099FD06FA05F1002866
:108EB00018BF0F430135F0E7B0B51446054608303A
:108EC000202207F0F7F900202C67C5E90000B5F86B
:108ED0007A0020F4506000F51060A5F87A00B0BD6B
:108EE000B0B504460748C56855B16869214604F025
:108EF00033FA28B91C20294607F03CFA0546F3E767
:108F00002846B0BD1C51012070B5084E044656F8E5
:108F10002050FF2028732846E7F756FA284604F029
:108F20004BFD002046F8240070BD00BF64370120CF
:108F300010B578B10C46016999420BDC8169914208
:108F400008DB06F04AF918B1206804F04DFD08B1BD
:108F5000002010BD012010BD10B511F8012BA2F1A9
:108F600041031A2B38BF203210F8013BA3F1410412
:108F70001A2C38BF20330BB19342EED0981A10BD93
:108F800080B500228B5C83541BB10132202AF9D1B9
:108F900080BDC2F120010229FAD31044C2F11F01A1
:108FA000013006F0A5FF80BD10B50C4690F90D10FC
:108FB00020680068FCF78EFB052084F82C0094F8EC
:108FC0002A0020B1E08D14289CBF1520E08510BD3B
:108FD00010B5084C216851B10549C0B209788142E9
:108FE00005D105F00DFF2068BDE81040004710BD19
:108FF000A4520120103E012010B50446A83005F00F
:10900000BCFA04F1B00005F0B8FA94F8C10000070A
:1090100058BF10BD04F1C400BDE81040F5F7A8B971
:1090200088B170B5DDE90465069CC0F83C25C0F840
:109030004035C0F83015C0F84465C0F84855C0F850
:109040004C45BDE87040704707480121017201702E
:10905000017106480021016081604BF67F3141605B
:1090600007210160704700BFF852012010E000E0C6
:1090700010B50446D0F86C0100220023D0F884001B
:10908000F4F77EFE30B10146D4F86C01D0F88400CC
:1090900000F0D6FA002010BD80B50A4606490B68DC
:1090A000064923B112B11278520700D4194628227A
:1090B00007F000F9002080BD84540120A412002094
:1090C00080B50A4606490B68064923B112B11278E9
:1090D000520700D41946282207F0ECF8002080BD82
:1090E00084540120A4120020074A084B1268002A69
:1090F00018BF1346002818BF034609781878401A8D
:1091000018BF0120704700BF84540120A412002022
:10911000084991F87020027091F87220827091F8DD
:109120007120427091F86F20C27091F87510017132
:109130000020704774440120B0B50C46054606F087
:1091400058FD20602079E97800F0F00001F00F016F
:1091500008442071281D07F0C3F8E080A81DB0BDA9
:109160007CB51E4614460D4601F0C2FB48B1017E97
:10917000021D2346009608462946F5F720FB0020ED
:1091800000E0FF2040B27CBD10B5044607480168EE
:1091900051B1D1F8A000D0F86801A04204D000205D
:1091A00007F0E8F80146F3E7084610BDD453012064
:1091B000B0B50C4641F6F40145585DB105F16000CB
:1091C000214604F0D9FA28B16C20294607F0D2F8DC
:1091D0000546F2E72846B0BDB0B50C4641F6EC01B5
:1091E00045585DB105F16000214604F0C5FA28B18B
:1091F0006C20294607F0BEF80546F2E72846B0BDC8
:1092000070B505687DB180880C4688420BD95C2614
:1092100004FB065038B15C2106F06AFE04FB0650E0
:109220006FF08021416570BD10B5B0F854205239FF
:1092300047F6FF74CBB2A24208BFDA0052FA81F1BE
:10924000A1EBD201A0F85410BDE81040F0F7B6B978
:10925000B0B504460748056855B1D5F8E81209B11C
:10926000204688470020294607F084F80546F3E7A2
:10927000B0BD00BFE45301200848017831B978221D
:109280003C21028232220184018302720021C0E962
:109290000E11818201638162704700BFF84C01208A
:1092A00010B5044649B104F130001C2207F002F861
:1092B00094F8320140F0400003E094F8320100F0ED
:1092C000BF0084F8320110BD10B50C4601F08EFBD2
:1092D00058B121686268C0E9461290F8321141F035
:1092E000180180F83211002000E0FF2040B210BDCC
:1092F00010B5044607F00CF801F066FB58B190F881
:10930000321101F0FE0180F8321120460021BDE843
:10931000104006F091BC10BDB0B50D4601F054FBF5
:1093200058B10446284606F0EFFF30B1014604F17B
:109330002800FFF7A6F8002000E0FF2040B2B0BDF3
:10934000810B6FF39F300CD0022905D0012906D183
:10935000C0EB0010800070474FF4616100E00149EC
:1093600048437047805101001CB5144605228DF812
:1093700006206A46F7F720FE18B1BDF80400202841
:1093800001D900201CBD00992070012061601CBD26
:10939000BCB5144606228DF806206A46F7F70CFE87
:1093A0000546022803D1009806F09AFF2080A81EE7
:1093B000B0FA80F04009BCBD10B50446074800680B
:1093C000A268824205D02046D5F7E2F810B9002005
:1093D00010BD0120E1680131E16010BDA054012001
:1093E0001FB50190080414460321002202900020BA
:1093F000039001A8E3F704FDB0FBF4F101FB1400B6
:10940000C0B204B010BD70B514460D46064600F05B
:10941000D1FB6168C5E900416168002918BF0E46AB
:1094200035606560BDE8704003F0A6BEB0B5054686
:1094300006F0BCFB2C6844B154F80C1C2960FF21D9
:1094400004F8021C002144F80C1C06F079FE2046AA
:10945000B0BD022903D006290BD100200AE0811CEF
:1094600002200206F9D00A78FF2A03D1013801311F
:10947000F7E70120C0B27047B0B507231A4623B101
:109480008C5C855C531EA542F8D000780978484072
:1094900080F002001043B0FA80F04009B0BD1CB566
:1094A000B0F84030B0F84220009100F11D04D11A0C
:1094B0008AB2C11801F1880300F109012046F9F7C9
:1094C0006DFC1CBD70B50C46064600F059FD58B148
:1094D0000546304602210022D7F7AEFA68812146C0
:1094E000BDE8704002F064BC70BD70B50546006810
:1094F00014460E4605F03CFCA01905F049FC286016
:1095000018B10020AC80E88000E0FF2040B270BDC0
:10951000B0F8F020012393434B4005D122F0010223
:109520000A44A0F8F02001B1704790F90D0006211F
:109530000022F6F7A9BB70B5C66A04466EB12020BA
:109540003146354606F016FF0646E87C0028F5D180
:1095500020462946F6F750FBF0E770BD10B5F6F748
:10956000DFFA68B1C4695CB190F9100005F0F6FD4E
:1095700030B1A17C022903D3C0680221A174A0618B
:1095800010BD10B5F6F7CCFA68B1C4695CB190F9BA
:10959000100005F0E3FD30B1A07C022803D10320C8
:1095A000A0740020A06110BDF8B503460020CDE9ED
:1095B0000200CDE900004BB141B11879162805D859
:1095C00013F8302B68461946FAF77CFD8FBDB0B50D
:1095D0000170049942700546023010221C4606F0C4
:1095E00069FE05F112002146102206F063FE05F126
:1095F0002200B0BD8178008840EA0140C0F3C1215B
:10960000C0F340208A1EB2FA82F2520952000329A6
:1096100008BF082202EB4000704780B179B10246D2
:10962000D0F8840058B1406848B10B68496842F8E6
:10963000083F5160C36913B10120114618477047B4
:10964000B0B50D460168044631B1A94204D02820C6
:1096500006F090FE0146F7E721B12046BDE8B04094
:10966000F5F7D8BCB0BDB0B50C46054605F0C0FB5B
:1096700014B1E07F800702D405F16C0001E004F131
:109680000800046806F076F82046B0BD7CB51546A3
:1096900001AA02230446FFF72FFA00B17CBD019E08
:1096A000216828463246EEF76BFE2168314421607E
:1096B0007CBDB0B502630446402508686063486815
:1096C000A06388684021E06304F1400004F08AFD53
:1096D0000020C4F88050B0BD10B586B014460A46CC
:1096E0000B9904910A990391099902910899CDE97E
:1096F000003100212346F8F73FFB06B010BD80B1D2
:1097000010B50446806828B1616806F049FDA0687C
:1097100006F000F800200121C4E90010A060BDE8B7
:109720001040704710B50446006828B1616804F025
:1097300059FD206805F0EEFFA06805F0EBFF20461C
:109740000C21BDE8104004F04DBDF8B50021022207
:109750008DF801008DF8000068460391019140F2F8
:1097600003118DF80820ADF80210FFF7C1F88FBD86
:1097700010B590F94C000C4600F078FE0B2C09D186
:1097800040B190F82C00032804D10420BDE810401B
:1097900002F044B810BD70B5064630200D4605F005
:1097A000DFFA40B131462A460446EBF73FFE18B9CE
:1097B000204605F0DDFA0024204670BDF8B51646B7
:1097C000026805460C4606F1880730468B1A394672
:1097D000DCF7D2FB18B930463946D4F73BFC2C6095
:1097E000F8BDF8B514460D460646B06922462B462C
:1097F00041193046F9F7FCFD28B1316AB7693046A6
:1098000088473D44F1E7F8BDB0B58CB06D460C46D5
:1098100001462C22284606F04DFD41F20200294661
:1098200030228DF82C40FFF7BBFA0CB0B0BD70B5FC
:109830000546084616460C4603F029FA48B9072E95
:1098400007D1D5F85C0120B12146BDE8704002F097
:1098500055B870BD70B5866B04466EB11C2031469C
:10986000354606F087FD06466878C006F5D12046E5
:109870002946FDF7C8FBF0E770BDB0B58CB0C46CED
:1098800064B101AD54B1217D201D2A46F8F734FBA7
:109890003020214606F06EFD0446F3E70CB0B0BD63
:1098A000B0B50C46816A002559B124B1888C00F00E
:1098B0000100054400E00135342006F05BFD01465F
:1098C000F2E7A8B2B0BD10B5044639B90A204FF48A
:1098D00080414FF44042FEF7E5F881B2B4F85600FB
:1098E00008B1884201D9A4F8561010BD70B500F136
:1098F000140604460D46304603F0DAFC40B9304603
:109900002946102206F0D6FCA08C40F00400A0846A
:1099100070BD80B51C219C290AD0425CD20605D5B9
:1099200090F8802042F0010280F880202031F2E798
:10993000882106F0DDFA80BD10B5D2E90043B2F807
:109940007A20520505D4001B71EB030005D30120DA
:1099500010BD201A73EB0100F9D3002010BDB0B583
:1099600005460C460846002103F0C6FC2846214661
:1099700002F074F805F1140000212246BDE8B04061
:1099800005F016BAB0B5054655F8144F64B1214636
:1099900002F074F828460021224601F01FFF2046FD
:1099A000BDE8B040F7F792B9B0BDD0E90123016935
:1099B0009360D0E901235A604A68824201D18268EB
:1099C0004A60002202610868013808600868704730
:1099D000F8B5002202238DF8020068468DF80010C9
:1099E00003928DF8083001928DF803208DF8012044
:1099F000FEF77EFF8FBD10B500F038FD58B104466C
:109A0000D0F8580138B120462121F4F701FD142087
:109A10006086002010BD4FF0FF3010BD10B5D0F8AB
:109A20006C01144600220023D0F88400FDF778FA78
:109A300030B140F698018C4238BF2146C0E903118D
:109A400010BD70B51E4614460D4600F087FF40B1AC
:109A50000C30314602F05FFB18B1C0E90154002020
:109A600000E0FF2040B270BDB0B5044600F088FFB2
:109A700050B10546204602F05DFB05F2611120461B
:109A8000F1F7ECFB002000E0FF2040B2B0BDB0B524
:109A900005680C4655B1286806F06AFBA04207D05D
:109AA0000820294606F066FC0546F3E70020B0BD15
:109AB0002868B0BDB0B5054600680C46884209D09C
:109AC00028460821224601F089FE28460821224620
:109AD00003F0CAFE01202071B0BD1CB514462A2235
:109AE00004238DF805206A46F0F7DCFE012802D138
:109AF0000099097821700138B0FA80F040091CBD46
:109B000010B5044600F056F894F8331011B14FF038
:109B1000FF3403E0012184F83310002403F02CFB10
:109B2000204610BD80B58AB006486946006870308E
:109B3000F8F790FF9DF80B10002818BF0021C8B25D
:109B40000AB080BD90540120032888BF70470449A3
:109B5000C000054A21FA00F0C1B20248F4F7A4BEE1
:109B600004020505EC5201202C100020A0F5005045
:109B700081B21D2984BF00207047890011FA80F04E
:109B8000024901EB40004078704700BFB80A00006E
:109B9000C9B241EA0020064991F8402021F812009C
:109BA000501C1E2A88BF002081F84000002070470A
:109BB0002037012080B507480068000605D0202125
:109BC000EFF3118081F3118880BD01F0A7FF002021
:109BD00080BD00BF04ED00E0B0B50C460546FFF7C0
:109BE000E9FF0021216069680029616008BF2946FA
:109BF0000C606C60BDE8B04003F0BEBAB0B50C4676
:109C00000546FFF7D7FF0021616029680029216020
:109C100008BF29464C602C60BDE8B04003F0ACBAE8
:109C200004480549054AC0E9002105480021018191
:109C3000FEF7EABE444F0120443D01206439012073
:109C4000AC3D012070B50646064D04466FF39D06F7
:109C5000012006F018FAA8680642F9D0A86820404A
:109C6000286070BD8847024080B505480121006822
:109C7000426801209047034803490068486080BD5E
:109C8000E0010010302009406C51012010B568B18E
:109C900004460C30FBF7F2FF0146002029B1FF22F9
:109CA000086001F10C000C818A7210BD002010BD0B
:109CB00010B506483C21012200230068C46804480E
:109CC000A047002818BF012010BD00BFA40100104C
:109CD00000A00C401CB5064980B24FF47F42082317
:109CE00009684C68009003483021A0471CBD00BFA4
:109CF000A401001000A00C401CB5064980B24FF42E
:109D0000F802122309684C68009003480421A04718
:109D10001CBD00BFA401001000A00C401CB50649EA
:109D200080B24FF40032112309684C680090034858
:109D30000421A0471CBD00BFA401001000A00C40DE
:109D40001CB5064980B24FF440620A2309684C688A
:109D5000009003482021A0471CBD00BFA4010010B3
:109D600000A00C4050B14AB110B5044608300EC0F6
:109D700021460448FFF730FF002010BD6FF00200BD
:109D8000704700BF3841012005480649C069884234
:109D900008BFEFF7C1B804480421283001F0CBBF59
:109DA000B4480120D1AC00001C49012080B54FF01F
:109DB000FF3004F025FE800758BF80BD03484FF4F4
:109DC00000612830BDE8804001F0B5BF1C4901208A
:109DD0000648007E022804D10548816C09B9C06C90
:109DE00008B1002070470120704700BFB44801202F
:109DF000E449012070B5144600220E46054602F0E3
:109E000043FAFF2807D02B2E18BF40F22B2646EA34
:109E1000842145F8201070BDB0B505460120002111
:109E20000322F7F7C8FD044635B12CB120460021C6
:109E300000220023D6F76AFD2046B0BD10B50749C1
:109E4000C4B2496839B10878A04204D00C2006F0A9
:109E500091FA0146F6E7084610BD00BF985201206E
:109E600010B560B10C4611461A46D0F729FF30B143
:109E700001462046102206F01DFA002000E0FF20D7
:109E800040B210BD10B50749C4B2096839B10878AD
:109E9000A04204D0142006F06DFA0146F6E7084609
:109EA00010BD00BF8453012010B586B001AC05A9D8
:109EB0000422204605F0D8FA03482146006806F03F
:109EC000F6F9059806B010BD2854012010B50446D7
:109ED0000648006840B10C21224601F07FFC204674
:109EE000BDE8104004F044BF10BD00BF3C54012049
:109EF00010B5014600200022812A08BF10BDC2F320
:109F0000C40302F007040132CB5CE34003F0010319
:109F10001844F1E748B180B5054A064B0821F7F728
:109F2000DFFBC011BDE8804000E0FF2040B2704779
:109F300055F90400CD08030010B504460648016831
:109F400031B1A14205D0402006F014FA0146F7E7EE
:109F50000024204610BD00BFF4530120421A03D94B
:109F6000802ABCBF0120704700220023884238BFEE
:109F70000123081A8028C8BF012203EA02007047A3
:109F800010B50749C4B2096839B1087FA04204D0AE
:109F9000202006F0EFF90146F6E7084610BD00BFA5
:109FA0008C5301201CB51146059A1C46049B009257
:109FB000224605F0A9FB034910F5984F08BF01F5AB
:109FC00098501CBD00B4FFFF0548016801390160CD
:109FD00002D10448002101600348FCF799BD00BF8D
:109FE0008C540120343E01206C3C012070B50546A4
:109FF00001F109000A211446B0FBF1F603F0F4F96F
:10A000008219284621460023BDE87040E8F7F6BCD7
:10A0100010B504460648416841B191F90000A042DC
:10A0200004D0082006F0A6F90146F5E7084610BD61
:10A030005050012010B5074C0146206810B18269CC
:10A040008A4201D0FF2003E004F092FE002020604D
:10A0500040B210BD48540120074B014600201A6849
:10A0600042B1DB688B4208BF104692F84C10FF39B2
:10A0700008BF0846704700BF583D01204A0708D076
:10A0800000220BE043784BB1DB00994206D3C91A9A
:10A090001844B1FA81F252090029F3D110467047F1
:10A0A0004A1E40F2276392B29A426FF02F0228BFF5
:10A0B0004FF4C56190F87500400758BF083250183A
:10A0C00080B270471FB5089C0294079C0194069CBF
:10A0D0000094E3F75BFB18B1F4F7D4FD002001E036
:10A0E0004FF0FF3004B010BD1CB514460722022308
:10A0F0000092054AF3F70DFC18B10078207000209B
:10A1000000E0FF2040B21CBD792C000010B50446D1
:10A11000481C02D039B1FD2100E0FE2104F1780095
:10A1200049B206F08BF9E16B20468847002010BD4C
:10A13000B0B5074D0C4601460820A847014602204D
:10A14000A847014620462A46BDE8B040104700BF58
:10A1500007FC040010B504460648016839B1486A96
:10A16000A04204D0582006F005F90146F6E708465B
:10A1700010BD00BF9453012010B504460648016885
:10A1800039B14878A04204D0582006F0F3F80146CF
:10A19000F6E7084610BD00BF94530120B0B5074C48
:10A1A000C5B2616841B10878A84204D06C2006F0BD
:10A1B000E1F80146F6E721600846B0BDB052012043
:10A1C00010B5026801F00F0452B1507900F00F0091
:10A1D000A04205D01820114606F0CCF80246F3E75D
:10A1E000104610BD10B50C461C21224601F0F6FAAF
:10A1F000606908B1F6F76AFDA06904F0B9FD204670
:10A20000BDE8104004F0B4BD0548FF2101700548C9
:10A21000002101704FF0FF31416003480160704739
:10A22000C53E01200C530120503E01200548FE216F
:10A2300041700548006820B10448012101700021E7
:10A2400001707047F04F0120703E0120D65401206C
:10A2500010B5044608B901F0A1F8FFF7ABFC0449BA
:10A260000A78A2430A70BDE8104002F085BF00BF23
:10A27000C93E012010B5044608B901F08FF8FFF778
:10A2800099FC04490A7822430A70BDE8104002F0A4
:10A2900073BF00BFC93E012010B5074904460869D5
:10A2A00018B100220A6105F0F2FF08202070204654
:10A2B000BDE81040EDF758BDF039012082780088E4
:10A2C00040EA0240020600F4C0404FF0020258BFCC
:10A2D0000322B0F5804F18BF0322881806F000B89B
:10A2E000B0B5054608460C4605F0FAFFA11C2960EA
:10A2F000C10900F07F006971297901F080010844EB
:10A300002871B0BD10B5064C94F90000B0F1FF3FC4
:10A3100000DD10BD03480021E5F7A6FE207010BD4A
:10A32000EA54012065F40200B0B50446406D064DC4
:10A33000A847E06DA847206EA84700206065C4E9E3
:10A340001700C4F85700B0BD71ED040060B1B0B59E
:10A35000064D0446A84704F10C00A84704F1180074
:10A360002946BDE8B0400847704700BFFF9604008B
:10A3700002460648042907D1D168032904D1906B0D
:10A380000349C0F8B8110020704700BF009AFFFFD2
:10A3900071570400B0B50D4600210446ECF7C4FD2A
:10A3A000022808D3608A08B1A84204D901202946AE
:10A3B000FDF7BFFF6082B0BD10B5EBF74FFB044661
:10A3C000F3F796FE00F016FA2046FBF753FA02491F
:10A3D0004870C0B2C00910BD14540120806801311A
:10A3E0004EF66122013905D000EB40009042F9D3CE
:10A3F0004EF660204FF480414BF6FF72FDF752BBE2
:10A40000B0B514460D4601F0E7FF40B1016A31B125
:10A4100081F82F50006A80F830400020B0BD4FF026
:10A42000FF30B0BD10B504460648416839B1087B1D
:10A43000A04204D0242005F09DFF0146F6E708461F
:10A4400010BD00BFF44E012010B50749C4B24968E1
:10A4500039B1887BA04204D0242005F08BFF01464F
:10A46000F6E7084610BD00BFF44E012010B50749BD
:10A47000C4B2496839B1487BA04204D0242005F019
:10A4800079FF0146F6E7084610BD00BFF44E0120F3
:10A4900010B504464FF416704BF6FF72A4F8EA00AC
:10A4A000C4F8EC1008464FF48041FDF7FBFAC4F8FD
:10A4B000A40010BD10B5026C6AB1D0E90243134488
:10A4C000C360A34224BF0368C36008461946BDE8C1
:10A4D000104005F0EFBE10BD06484168096819B18B
:10A4E0004068C068006801E04FF0FF300249086230
:10A4F000704700BFF8460120DC470120B0B5074C8B
:10A500004FF080736FF0020521F0010140E909521C
:10A5100040F8043C40E903414438B0BD7DB8040034
:10A5200010B50749C4B2096839B10878A04204D00F
:10A53000182005F01FFF0146F6E7084610BD00BFD2
:10A54000EC53012010B5064C28B1064801210068E3
:10A55000426820469047606820F03000606010BD7F
:10A5600000400340D801001010B5D0F85C1151B183
:10A5700001220446EDF750FA0349204602F08CFE12
:10A580000020C4F85C0110BD4130000010B5046823
:10A590004CB1204605F03CF928B90020214605F0D1
:10A5A000E9FE0446F4E7002C18BF0124204610BD44
:10A5B000B0B5D0F85C1151B1002204460025EDF78A
:10A5C0002BFA0349204602F067FEC4F85C51B0BD87
:10A5D0004130000010B5044638B106480268521AEE
:10A5E000083A02601220D6F7E1FF2046BDE810408D
:10A5F00004F0BEBB9C3E012010B50446064801682D
:10A6000039B10888A04204D0142005F0B3FE0146F9
:10A61000F6E7084610BD00BFFC5301200748C1887B
:10A6200083884A085808B2EB530F38BF4808B0F582
:10A63000167F28BF4FF41670704700BF644C01208E
:10A6400010B5032904D800EB4114247FE40602D49A
:10A650000020002110BD00EB41108069801843F1FB
:10A66000000110BD10B50749C4B2C96839B1487EB0
:10A67000A04204D01C2005F07DFE0146F6E7084606
:10A6800010BD00BF1C51012000280AD40F2808D893
:10A69000054951F8201021B1887C002818BF0846D0
:10A6A00070470020704700BF6437012048B180B573
:10A6B000054A064B0121F7F713F8C011BDE88040A9
:10A6C00000E0FF2040B27047490405000146030046
:10A6D00048B180B5054A064B0621F7F701F8C011CD
:10A6E000BDE8804000E0FF2040B270474D04050007
:10A6F000FD2B030048B180B5054A064B0721F6F74C
:10A70000EFFFC011BDE8804000E0FF2040B270477D
:10A7100051040500E1010400FF2248B141B1054B9D
:10A720001B68834204D1032000220871024808609C
:10A7300050B27047583D012020000401E0B5ADF84B
:10A7400006000DF1060150200222FEF729FB034806
:10A75000BDF806104068C1808CBD00BFC43D01201B
:10A76000B0B504468078012806D16168D1E900209F
:10A770008D689047286A00B1B0BD6068BDE8B04000
:10A7800004F0F6BA90F8C110C90701D1FF2009E022
:10A79000D0F8BC1029B1D0F8B800B0FA80F0400968
:10A7A00000E0022040B2704710B50446FFF7C4FB3A
:10A7B00048B105484021224601F010F82046BDE886
:10A7C000104003F047BB10BDF4530120007D7047DB
:10A7D000074B19680868B0E8F04F80F30988BFF3A9
:10A7E0006F8F4FF0000080F31188704700BF00BFEB
:10A7F000A054012010B5074CA06800B110BD0C207A
:10A8000004F0AEFA0021A060C0E900118160FF21D0
:10A81000017210BD30510120E0B5074A8DF80110DA
:10A82000092190F90D008DF800106946CDF802203D
:10A83000FBF7F2F98CBD00BF14002C0180B5D0F8F5
:10A840005811D0F86C01098ED0F8840001F05EFE3A
:10A8500028B14FF0FF31C0F80610C0F8021080BDDB
:10A86000012101710449016004498160044989881A
:10A87000C1800020704700BF3C00C00304014A01B2
:10A88000644C012010B50446D0F86C01002200236E
:10A89000D0F88400F3F774FA28B101462046BDE8E9
:10A8A0001040F1F771BF10BD4BB180B5FFF7DEFD71
:10A8B00020B1D0F85801B0F8C41A11B180BDF4F736
:10A8C00049B940F24C41A0F8C41A80BD10B5044605
:10A8D0000648016839B14869A04204D0202005F03B
:10A8E00049FD0146F6E7084610BD00BF9C53012014
:10A8F00010B504460648016839B10868A04204D082
:10A900001C2005F037FD0146F6E7084610BD00BFE4
:10A91000A453012010B568B1D0F85C0150B10468AF
:10A92000002044B10020214605F024FD01462046C8
:10A930000C46F6E7002010BD10B504460648016835
:10A9400041B1D1F8A000A04204D0002005F012FDD2
:10A950000146F5E7084610BDD453012010B5044662
:10A960000648016841B101F10C00A04204D000206A
:10A9700005F000FD0146F5E7084610BDD45301205F
:10A9800010B504460648016841B1D1F8B402A042AE
:10A9900004D0002005F0EEFC0146F5E7084610BDA6
:10A9A000E453012010B5074804684CB104F5D67093
:10A9B000FEF746FA0020214605F0DCFC0446F4E7E9
:10A9C000002010BDE453012010B50446064841683C
:10A9D00039B18868A04204D0002005F0CBFC0146C4
:10A9E000F6E7084610BD00BFBC52012010B5044672
:10A9F0000648416839B1C868A04204D0002005F07B
:10AA0000B9FC0146F6E7084610BD00BFBC52012064
:10AA1000B0B50446FFF7CEF805466068E16804F17A
:10AA200014030022E7F7AAFE2846BDE8B04002F072
:10AA3000A3BB10B50446406803F0F4FC217A2268F9
:10AA40004A43803200EB1220B0EB014F28BFA0EB4D
:10AA5000014010BDB0B50546FFF7ACF82C6834B125
:10AA600021680029296008BF294600224A6002F0B7
:10AA700083FB2046B0BD70B50D4606460024FFF7A7
:10AA800099F82D6825B12969B14208BF2C46F8E72D
:10AA900002F072FB204670BDB0B5054608460C4674
:10AAA000FCF7E8FC08B10120B0BD2846214600F0C3
:10AAB00015F8002818BF0120B0BDB0B5856B0C4655
:10AAC00055B12846214602F0F3FB28B92C2029462F
:10AAD00005F050FC0546F3E72846B0BDB0B5456C1F
:10AAE0000C4655B12846214602F0E2FB28B9182051
:10AAF000294605F03FFC0546F3E72846B0BD68B19E
:10AB0000B0F84220B0F84010914206D8B0F8443076
:10AB10009A429EBF084488307047FEE70020704785
:10AB2000030AD071D1709371030C000E1071080AE2
:10AB300053719070080C5070080E02F8080B104604
:10AB4000704770B51D4616460C46FFF719FA40B11E
:10AB5000417F66F3410465F3820401F0F80121446A
:10AB6000417770BD10B5144602464370084602F89E
:10AB7000024B114605F047F8611E01299CBF02995E
:10AB800000F8011B10BDB0B5C56A0C4655B128468A
:10AB9000214602F08DFB28B92020294605F0EAFB6A
:10ABA0000546F3E72846B0BD70B506460C46084694
:10ABB0001C21154605F09CF926702DB1286869689E
:10ABC000C4F80510C4F8010070BDB0B50C4685216D
:10ABD00005462246EEF783FE002C284618BF0124C6
:10ABE0005D212246BDE8B040EEF7AABE70B568B15F
:10ABF0000568044655B12820294605F0BBFB0646EA
:10AC000020462946F4F706FA3546F3E770BD70B5DD
:10AC100014460D4606464DB1D6E90012204605F011
:10AC200049FB70680836013D0444F4E7204670BDD6
:10AC300010B562B10C780378A34206D1013A00F155
:10AC4000010001F10101F5D11C46181B10BD0020C7
:10AC500010BD10B562B10C780378A34206D1013A59
:10AC600000F1010001F10101F5D11C46181B10BDD6
:10AC7000002010BD10B562B10C780378A34206D154
:10AC8000013A00F1010001F10101F5D11C46181B48
:10AC900010BD002010BD10B562B10C780378A3423E
:10ACA00006D1013A00F1010001F10101F5D11C4684
:10ACB000181B10BD002010BD10B562B10C780378D0
:10ACC000A34206D1013A00F1010001F10101F5D1E1
:10ACD0001C46181B10BD002010BD10B562B10C78C9
:10ACE0000378A34206D1013A00F1010001F101010C
:10ACF000F5D11C46181B10BD002010BD10B562B167
:10AD00000C780378A34206D1013A00F1010001F169
:10AD10000101F5D11C46181B10BD002010BD10B557
:10AD200062B10C780378A34206D1013A00F1010028
:10AD300001F10101F5D11C46181B10BD002010BD0A
:10AD400010B562B10C780378A34206D1013A00F144
:10AD5000010001F10101F5D11C46181B10BD0020B6
:10AD600010BD10B562B10C780378A34206D1013A48
:10AD700000F1010001F10101F5D11C46181B10BDC5
:10AD8000002010BD10B50C46016951B1888B0844F4
:10AD900090F82000A04204D0142005F0EBFA014600
:10ADA000F3E7084610BD016800290AD00A4648BFEB
:10ADB0004A4200EB82004068081A18BF4FF0FF308B
:10ADC00000E0FF2040B2704710B586B08DF8040057
:10ADD00001AC1022601C05F06DFA41F2030021461F
:10ADE0001122FDF7DDFF06B010BD10B5134690F936
:10ADF0000D200C4608461946FCF780FE28B1014696
:10AE00002046BDE81040F4F743BC10BD10B50C4619
:10AE100040300421224600F0E1FC207C1421073060
:10AE200001EBD0012046BDE81040FFF7D3BBB0B521
:10AE3000856B0C4655B12846214602F0CDFC28B161
:10AE40002C20294605F096FA0546F3E72846B0BDC2
:10AE500080B590F82B2080F82B10808CC00704BFA1
:10AE6000002080BD08461146EBF7C8FAC0F3800009
:10AE700080BD828C4FF6FF7081421ABFB1FBF2F3A6
:10AE8000013300235A43013A93B28B4228BF104644
:10AE900080B27047B0B505680C465DB12868A04225
:10AEA00002D1284603F0D4FF3420294605F062FA87
:10AEB0000546F2E7B0BD10B50822130607D00B789F
:10AEC00004789C4203D1013A01300131F5E7D0B258
:10AED000B0FA80F0400910BD70B110B528210446C9
:10AEE00005F006F804F12800FDF7AAFF04F1300090
:10AEF000BDE81040FDF7B8BF704710B5032904D86E
:10AF000000EB4114247FE40601D4FF2004E000EBB1
:10AF10004110C0E90423002040B210BD70B50D46B9
:10AF200080211446064604F0E3FFFF20C6E91A54C8
:10AF300086F879003046BDE8704000F05FBD10B57E
:10AF400058B101682020884738B12021044604F018
:10AF5000CFFF4FF0FF30606000E00024204610BDBE
:10AF6000B0B50546482003F0FBFE044638B1204644
:10AF70002946482205F09EF90020C4E90000204639
:10AF8000B0BDB0B54188002504460570032905D33E
:10AF90004808013989B2FDF7CCF900E00120E580CD
:10AFA000A080B0BDB0B500220023914204BF98B28A
:10AFB000B0BDD40802F00705045DEC40E40718BFFB
:10AFC00001330132F1E710B50446D0F85801D0F84A
:10AFD000B41A21B1002005F0CDF90146F9E7D4F803
:10AFE0005801D0F8B40A10BD80B5D0F86C01032226
:10AFF000D0F88400EFF780FE30B1026940F6980186
:10B000008A4218BFC0E9031180BD10B5D0F85801BD
:10B010000C46D0F83C1B39B10868A04204D0082087
:10B0200005F0A8F90146F6E7084610BDB0B50C4694
:10B030000546FFF7A5FC38B1D0F8002312B1284629
:10B0400021469047002000E0FF2040B2B0BDB0B5DF
:10B0500058B114460D46FFF793FC30B105822168C4
:10B060006268C0E90212002000E0FF2040B2B0BDDB
:10B07000B0B5046864B10820214605F07BF90546A7
:10B08000206802F005FA204603F072FE2C46F1E734
:10B09000B0BD70B51C4615460E46FFF7A7FC40B183
:10B0A000DDE904320699C0E90465C0E90643C0E958
:10B0B000082170BD10B50C46FFF798FC40B1D0F8E0
:10B0C000280121468822406A05F0F4F8002000E0BB
:10B0D000FF2040B210BD70B50E4614461146062240
:10B0E00003F084F905462CB128463146224605F086
:10B0F000E1F82544284670BDB0B510B10D46814237
:10B1000001D9002407E0002102220024F6F753FCB5
:10B1100008B1044685632046B0BD000070B5064EF8
:10B1200005460C462946D6F89000FCF75EFFC6F8A7
:10B130009840C6F8945070BD2814002010B50648F9
:10B14000006800F17004FCF7E7FE01462046BDE808
:10B150001040F1F74DBE00BF905401200548C07962
:10B16000032802D10448DAF7A1B80248024A0621AE
:10B17000F3F79ABBEC5201202C1000200549096816
:10B18000097D3529044908BF44F62060A1F88200F2
:10B19000704700BF905401202C100020B0B5044629
:10B1A000FCF7BAFE054620462946F1F721FE024982
:10B1B000281A81F82700B0BD2C100020B0B5044635
:10B1C000FCF7AAFE054620462946F1F711FE024982
:10B1D000281A81F82600B0BD2C10002006490A6804
:10B1E000002AFCD10022CA610860C8690028FCD08E
:10B1F0000020C861486870470010044070B5002402
:10B20000A34208D050F824506E1C04D015408D4243
:10B2100002D00134F4E7FF24E0B270BD04480549D0
:10B22000006808400449884208BF7047FEE700BF35
:10B230001813005000F0FF0F0070B70B8068D0E9C2
:10B240000020C1E9002004484FF47052006802EA6F
:10B2500080208860704700BF3024034005484FF4C9
:10B26000825100680028044848BF4FF441510160F2
:10B27000704700BFAC4F005028A10C4005484FF468
:10B28000805100680028044848BF4FF440510160D5
:10B29000704700BFAC4F0050A8A00C40B0B50446AA
:10B2A000FEF788FC054604482146FDF77DF928464F
:10B2B000BDE8B04001F060BF38410120064A0021DE
:10B2C000B1F5307F06D0501890F93330002B02D5FD
:10B2D0005831F5E700207047D8000020E0B5064956
:10B2E00001AAF9F74BFD9DF80610812818BF6FF0F1
:10B2F0007F0148B28CBD00BF010003040A4601462D
:10B30000044843682BB18068084202D00248406874
:10B310001847704718330000B448012005480068FA
:10B32000C00704BF0020704703480068C0B2C009CE
:10B33000704700BF4021084000000440BCB50446EF
:10B3400080686A46DDF7AEFA0546832804D169466F
:10B3500020460022F9F712FD2846BCBDB0B50C46C8
:10B36000054601F04DFA05F144001821224600F08F
:10B3700035FA2046BDE8B04003F0FABC70B5164679
:10B380000C460546FBF742FD032E08BF002803D1FB
:10B3900028462146C2F7E2FC40B270BD0020DFF82B
:10B3A0001480C8F800D0DFF81080C8F800E004F07E
:10B3B00067FE0000403E01203C3E012070B5064C77
:10B3C000246844B1DDE904652382E281A1816081C2
:10B3D000A5826682258170BD3C540120026842B17D
:10B3E000828812F4805FC2F3003018BF002902D1B6
:10B3F000704700207047C2F38030704710B5044694
:10B4000000203CB932B12BB10348017511014362F0
:10B410000183012010BD00BF384D012010B538B1A7
:10B4200004468068F8F786FEA068407C022800D1B8
:10B4300010BD2046BDE8104003F09ABC10B5114481
:10B44000054B0139140408BF10BD11F80149013A38
:10B4500060405843F6E700BF93010001B0F8403068
:10B46000B0F84220D21A8A42BCBF0020704718446C
:10B47000521A084411468830FEF700BE10B5D0F8C5
:10B480008030054C1B7854F8233013B1BDE81040D0
:10B4900018470021118010BDE4340120F8B51C4686
:10B4A00015460746DDF7D4FF064628B13846314633
:10B4B0002A462346F9F732FD3046F8BD10B504465A
:10B4C00040F2AC401022A08003482060A01D04F090
:10B4D000F1FE04F1160010BDDD14000F10B5044696
:10B4E0004FF4CF701022A08003482060A01D04F00C
:10B4F000E1FE04F1160010BDDD140C5A80B50146C2
:10B5000090F82100C00704D0C869426A904700281B
:10B5100001D4002000E0FF2040B280BD10B50446F9
:10B520000548016831B1A14204D0582004F022FF3F
:10B530000146F7E7084610BD9453012010B509688D
:10B54000044649B1486990F83E00A04204D01C204E
:10B5500004F010FF0146F4E7084610BD05490968EC
:10B56000401A054909788900B0FBF1F202FB11008D
:10B57000704700BF543E0120CC3E012000F1200165
:10B580004FF0FF32C9B2192938BF00F145024038E7
:10B59000C1B2252938BF0246D0B2704710B5044663
:10B5A00008B9FFF7FBFE0448017821430170BDE8AC
:10B5B0001040F0F779BD00BFC93E012005480021C9
:10B5C00001700548007800B1704700200021D6F7CF
:10B5D00096BF00BFC93E0120D654012060B10129A9
:10B5E00004BF06207047022904BF0A2070470329C0
:10B5F00014BF05200E2070470020704750B1B0B531
:10B6000004460068044DA8476068A8472046A8473C
:10B61000BDE8B0400020704771ED0400B0B50546AC
:10B6200008460C4604F05CFEA11C6FF3DF30296075
:10B63000A98801F400410844A880B0BD10B5FF22DC
:10B6400040B139B1044B1C68844203D1D868FDF77E
:10B65000E4FF002250B210BD583D012070B5D6085D
:10B6600000F1100504462846324604F023FE204629
:10B6700029463246BDE8704003F0FCBE68B110B503
:10B68000044604F00BFB04F1840004F02AFB04F1EF
:10B69000D000152104F02CFC10BD704706490A1D8E
:10B6A000116831B102F1080312F8042C82421A46E3
:10B6B000F6D10846704700BF9013000068B110B57E
:10B6C0000446EEF7F1FD04F17C00FEF718F804F1F2
:10B6D0008800BDE81040FEF739BE7047B0B5064D92
:10B6E0000446A84704F10C00A84704F118002946B5
:10B6F000BDE8B040084700BF2DF704004268B1EB39
:10B70000421F24BF0020704780684A0901F01F01D2
:10B7100050F82200C84000F001007047B0B5044660
:10B720000D46084611461A46DBF724F800B1B0BDB5
:10B7300028462146BDE8B040E3F74ABE68B110B5DF
:10B740000446B0F87400800702D5A06D03F010FB2A
:10B750002046BDE8104003F00BBB704710B5064B08
:10B7600000229C5C815CA14203D10132102AF8D1F5
:10B770000C46081B10BD00BF9130000080B5054984
:10B78000C87091F901100448F3F79AFDC0B2C009DE
:10B7900080BD00BF145401207550010080B540B237
:10B7A000FEF764FE08B1017B01B180BDD0F85811ED
:10B7B0000029FAD0BDE88040D8F74CBF10B5044648
:10B7C00000F00AFE10B1F6F777FB10B14FF0FF3032
:10B7D00010BD204603F0CCFA002010BDB0B5535880
:10B7E000002B18BF581854186568456002482B6034
:10B7F00050506060B0BD00BFEFBEADDE70B5064E0C
:10B8000004460025032D08BF70BD56F825102046BC
:10B8100088470135F6E700BF5433000010B50649EC
:10B8200000EB400001EB800403F0E2FA00206060CE
:10B83000BDE8104003F09EBF2038012010B504463B
:10B8400090F86100012803D038B9206BF3F712FD9E
:10B850002046BDE81040F3F70DBD10BDB0B5049D06
:10B8600000291C46C5E90F0108BF2A4628460121C8
:10B870002A60E2F75FFD85F84C40B0BD81B0002042
:10B8800000904FF0200080F31188BFF36F8FBFF35B
:10B890004F8F00980028FCD001B0704780B5054A52
:10B8A000C2E900010448682104F022FBBDE88040A1
:10B8B00003F090BFC43D012054330120E0B5064A97
:10B8C0008DF800006846CDF801101368013313604D
:10B8D000C8F75EFA8CBD00BF5433012010B50C468A
:10B8E00002F0C6FC20B12CB1BDE8104003F0D0BC82
:10B8F000002010BDBDE8104004F074BDB0B505686F
:10B900000C4655B128462146802202F00DF8002051
:10B91000294604F02FFD0546F3E7B0BD01680A6B28
:10B920000AB1126800E00022824218BF704701F19C
:10B93000380200F14801104600F0C0BB40B139B1F7
:10B94000884204BF022070470A680368934201D00E
:10B950000820704709790079EAF750BD002101837A
:10B96000054909684161417BB1F17F0218BF4A1C5A
:10B97000427303F05DBA00BF983E0120828C4FF6FF
:10B98000FF7081421ABFB1FBF2F3013300235A4327
:10B9900093B28B4228BF104680B2704700F11C0161
:10B9A0000020042807D00A7802F00302022A03D0FC
:10B9B00020310130F5E7FF2040B2704710B5044652
:10B9C000FFF7ECFF002806D4C1B220460122BDE8F3
:10B9D0001040F7F7DFBD4FF0FF3010BD03290BD843
:10B9E00000EB4110007FC10606D500F003000138CE
:10B9F00002283CBF012070470020704700F1600121
:10BA000000220023042B03D021F813200133F9E78F
:10BA100090F87B100902A0F87A10704770B50D46B7
:10BA2000016810461446884706462DB126B13046B7
:10BA30002946224604F03EFC304670BDFF2358B133
:10BA4000062998BF282A07D8002A80F8281008BF9E
:10BA50000122002380F8292058B2704710B583686E
:10BA6000B1F844400268234488338360B1F8403021
:10BA7000B1F84210C91A1144016010BD10B5B1F8F7
:10BA8000442084680368A21A883A8260B1F8422090
:10BA9000B1F84010891A1944016010BDB0B50546CF
:10BAA000407B0024400707D52846002103F088F991
:10BAB000A97D884238BF01242046B0BD10B5064B91
:10BAC00000229C5C815CA14204D11CB101320C2A91
:10BAD000F7D10C46081B10BD13320000B0B51C682E
:10BAE000A50544BF24F400741C600AB10020B0BD59
:10BAF000D0F838C51A46BDE8B040604770B5064674
:10BB0000B03014460D4602F038FD316C3046A6F8D0
:10BB1000B440C6F8B0508847002070BD4FF02000F8
:10BB200080F31188BFF36F8FBFF34F8F0248016816
:10BB300001310160704700BFB854012010B50C46B8
:10BB4000054909681831FBF772FB20460121BDE861
:10BB50001040E1F79DBA00BFA0540120B0B50C46DB
:10BB6000054608B904480568FFF7D8FF6C65BDE8CD
:10BB7000B04001F081BF00BFA054012010B5D0F843
:10BB80006C0114460322D0F88400EFF7B5F820B119
:10BB90000169A14298BFC0E9034410BD10B5044635
:10BBA000D0F85801B0F8000BFEF7C8FDD4F85801E2
:10BBB000D4F86C11B0F8000B488410BD20B1C078E7
:10BBC00000F03800172807D821B1487A00F0380073
:10BBD000172801D8012070470020704710B504468F
:10BBE0000130212104F084F90220E0840248C4F8E5
:10BBF0002200002010BD00BFFFFF0500B0B550B10E
:10BC00000C460546FEF7BCFE28B128462146BDE895
:10BC1000B04001F02ABA4FF0FF30B0BDFF2258B15A
:10BC200051B10288052A06D1408804390A1A18BF82
:10BC30004FF0FF3200E0FF2250B2704780B5B0F8FD
:10BC4000041139B990F83211C90703D1283003F033
:10BC5000B1FE08B1012080BD002080BD10B551B1FA
:10BC60000C46FEF703FC30B1D0F8580118B1C0F80B
:10BC7000944C002010BD4FF0FF3010BD70B50D4644
:10BC80000721164603F094FA04462EB120462946B1
:10BC9000202204F00FFB2034204670BD70B50E4604
:10BCA0000521144603F084FA05462CB12846314696
:10BCB000224604F0FFFA2544284670BD6AB170B5EB
:10BCC0000D460321144602F00AF82946224606468C
:10BCD00004F0F0FA3019BDE87040704700F00F0131
:10BCE00010F47F0218BF002905D10AB1E7F796BF0B
:10BCF00009B1F0F725BE0020704780B550B110F8AB
:10BD0000021CFF291CBF042080BD0C3803F08AFCF4
:10BD1000002080BD052080BDB0B50C460546FDF76E
:10BD200049FF25606968616069680C606C60BDE806
:10BD3000B04001F021BAB0B50C460546FDF73AFF18
:10BD4000296A2143296201F017FA2846BDE8B0406C
:10BD5000ECF772B808B5B2F1200327BF00FA03F17F
:10BD600000205B4291403EBF20FA03F3194390400C
:10BD700008BD000008B5B2F1200327BF21FA03F087
:10BD800000215B42D0403EBF01FA03F31843D1408B
:10BD900008BD8B69934201D08A6102B1704791F866
:10BDA0002120920748BFEFF79BBF0422F6F742BF5E
:10BDB00010B50C46FCF738FD40B101211022C174CA
:10BDC00003302146BDE8104004F074BA10BDB0B590
:10BDD0000C46054603F00CF8284621460022E9F7F8
:10BDE00055FF044603F0C6FC2046B0BD10B586B032
:10BDF0000A9C0494099C03940024CDE90144089C06
:10BE00000094F7F7B4FE06B010BD10B5044650F824
:10BE1000080CA4F12401826A904714F8030C00F086
:10BE2000FE0004F8030C10BD50B1B0B5DDE90454B8
:10BE300000F110072EC704620020BDE8B04000E00A
:10BE4000FF2040B2704710B510240844002B18BFE3
:10BE50002C2420441A3000EB4201002A18BF081D90
:10BE600080B210BD52B180B5D0F86C3159718821C3
:10BE7000EDF735FD0020BDE8804000E0FF2040B236
:10BE80007047B0B514460D46FBF7CAFD28B1017CDA
:10BE90002970407C20700020B0BD6FF02D00B0BD37
:10BEA00060B110B50168044611B16068896A8847BD
:10BEB00020460821BDE8104002F094B9704710B543
:10BEC00053B10130D2B20C78944200F8014C04D046
:10BED00001300131013BF6D1002010BD61B100EB12
:10BEE00081010439884207D802680B681BBA12BA6C
:10BEF00008C041F80429F5E7704710B50C460968F9
:10BF000029B901F085FB20B103F0D2FE20600020AA
:10BF100010BD4FF0FF3010BDB0B505680C464DB1F7
:10BF200028462146FBF79DF80020294604F022FA16
:10BF30000546F4E7B0BDB0B50446FF2041B2204647
:10BF4000FAF7C6FC28B100210546FDF7E1FA687B47
:10BF5000F4E7B0BD10B5417451B1046844B1204656
:10BF600004F02EF80020214604F004FA0446F5E718
:10BF700010BDB0B505680C464DB12846214603F00A
:10BF80004DFC0020294604F0F5F90546F4E7B0BD64
:10BF900080B5816B51B14878C2065CBF00F0F700F4
:10BFA00048701C2004F0E6F90146F3E780BD10B5A7
:10BFB0000246006803681C6B94421CBF002010BD41
:10BFC0009A8E02F073F9C0F3800010BDB0B504463C
:10BFD0000846FAF755FD0546A06804F005F900216A
:10BFE000854298BF01210846B0BDB0B5C569044679
:10BFF0004DB120462946E8F78BFA5020294604F037
:10C00000B9F90546F4E7B0BD58B1032909D850F88D
:10C01000213033B100EB41031B8A138050F821001B
:10C0200070470020704700214FF40062C0E91611EC
:10C03000B0F87A1002EA510221F480511143A0F8BD
:10C040007A107047B0B5144605462830302204F007
:10C0500031F9B5F87A006C6740F42060A5F87A00F1
:10C06000B0BD416B09B101207047C16E31B1816E25
:10C0700021B1016E11B1406E0028F4D1002070474B
:10C0800010B50446F3F7D0F840B120460021F0F790
:10C09000AFFD2146BDE81040CBF780BE10BD10B506
:10C0A000044600680A466168006891F90D10F4F7CB
:10C0B00081FB2046BDE81040F7F7E4BA0A884388C0
:10C0C000934204D14A794378934238BF70470022A3
:10C0D000427009884180FEF754BF10B50446002025
:10C0E00060704A8808881146FCF723F96080204672
:10C0F000BDE81040FEF745BFB0B50C460546C0F799
:10C100005FFA28462146D1F703FD28462146BDE8BF
:10C11000B040EFF72ABC002202F10C03242B04BF2D
:10C12000002070470244128B8A421A46F4D1184408
:10C130000C30704780B5FEF759FC38B190F83211D9
:10C1400001F0BF0180F83211002000E0FF2040B272
:10C1500080BD10B50C4604F0DBF8FEF735FC30B1BD
:10C160002CB16FF00201BDE81040FBF7BCB810BD68
:10C1700070B50646202014460D46F9F77FFD31467E
:10C180002A462346BDE87040F4F7E6BB10B50446E6
:10C19000FDF710FD216862681160616822685160D6
:10C1A000BDE8104000F0E8BFFF2807D0044A5268FD
:10C1B00052F820308B4218BF42F82010704700BF61
:10C1C0000431000010B50549044600680968496952
:10C1D00088472068BDE8104001F0D8BEB0010010CB
:10C1E00080B5044B1B689B699847034900220A608D
:10C1F00080BD00BFA80100108404604280B50449DE
:10C20000096849698847034900220A6080BD00BF68
:10C21000A80100108404604250B180B5073080B29C
:10C22000F0F78EFEFF28BDE8804004BF0120704774
:10C2300000207047E0B58DF807200DF107020123BB
:10C24000F7F760FE014908708CBD00BF944A0120D9
:10C25000002201284FF0000004BF40F2EE204FF40E
:10C260007A72022908BF0246104670470548B0F8A6
:10C270005410B0F85600814218BF70470820F8F7F4
:10C2800063BD00BFE4490120B0B5144640F2FF325F
:10C2900050230546FEF7B2FF1CB155F82010890A5D
:10C2A0002160B0BD10B50446FDF784FC03490A784F
:10C2B00022430A70BDE8104000F05EBFB448012080
:10C2C000B0B505484468C56903F088F901462046C1
:10C2D0002A46BDE8B0401047B448012010B5FDF72C
:10C2E00069FC044900224C694A6100F045FF204680
:10C2F00010BD00BFF84601204A1C08BF03210329D6
:10C3000004D8034A416102EBC1018160704700BF5C
:10C310006C470120054901F130042146D8F7E8FDBA
:10C320002046E8F7A9FC04F0A5F800BFAC420120C4
:10C3300080B5FEF7C2FB38B190F82100012100F072
:10C34000020081EA500080BD002080BD80B5054814
:10C35000006818B10C2102F033FD00E0002080B22B
:10C3600080BD00BF3C54012010B5054CB2F5807F64
:10C3700004D1F4F7A9FE002808BF0446204610BDEA
:10C38000009FFFFF10B5054CB2F5807F04D103F08C
:10C39000D9FF002808BF0446204610BD009FFFFFBC
:10C3A00010B5054BC0B22AB111F8014B013A6040FB
:10C3B000185CF7E710BD00BF041000000449002816
:10C3C00001EA4011034808BF4FF6FF7181637047CF
:10C3D00000F01F00384D01200146002039B1044A09
:10C3E000126822B19069884218BF00221046704737
:10C3F0004854012010B50C46816839B10878A04234
:10C4000004D0082003F0B6FF0146F6E7084610BD49
:10C4100010B50968044639B1087BA04204D0402019
:10C4200003F0A8FF0146F6E7084610BD10B5044624
:10C43000406918B1F4F74AFC00206061607C00F0AC
:10C44000FC000230607410BDB0F84E20B0F84C1003
:10C4500002F114038B4202D0143A8A4201D1A0F8AF
:10C460004E1070470449054A8978127B8A4238BFCA
:10C47000FDF70CBC00207047605201207C3D01207C
:10C4800004490968401A044909788900B0FBF1F0B1
:10C49000704700BF543E0120CC3E012004480121DA
:10C4A000FE22017003490A7000210170704700BF2D
:10C4B000D6540120F04F01200448002101700448A7
:10C4C000007800B17047F8F745B900BFCB3E0120B6
:10C4D000C83E012059B1032805D0022807D1888819
:10C4E000114603F090BBD1E9020151601060704722
:10C4F0000022C1F807204A600A60028B120758BF69
:10C500007047428C10442C30F8F78DBA10B50C46A9
:10C51000016839B10888A04204D0282003F02AFF1E
:10C520000146F6E7084610BDB0B50C460168002587
:10C5300039B101EB84008561282003F01BFF01461F
:10C54000F6E7B0BDB0B540210446402501F04AFEF3
:10C5500004F14000402101F045FEC4F88050B0BD18
:10C5600010B50446FFF7EEFF04F1840003F01BFE54
:10C5700004F1D000152103F0BBFC10BDFEB50B99F2
:10C5800003910A990291099901910899009100215A
:10C59000DFF71EF906B080BD01460548027822B1DA
:10C5A00042888A4202D00C30F8E70020704700BF72
:10C5B0003C2D00000448017821B901210170034895
:10C5C0000321018001487047EC54012051330120C0
:10C5D00010B50446F6F7E0FD04F17C0003F0A6F880
:10C5E00004F18800BDE81040FFF778B8B0B5044604
:10C5F000043003F08AFB002504F174005021256704
:10C6000001F0F0FD2560B0BD10B586B00B9C039421
:10C610000A9C0294099C0194089C0094EDF7D4FEB6
:10C6200006B010BD0068C06D38B102782AB1013083
:10C630008A4204BF00207047F7E74FF0FF30704791
:10C640000068806D38B102682AB104308A4204BFA4
:10C6500000207047F7E74FF0FF307047807A0338CB
:10C66000C1B208298FBF002040B2024951F8200012
:10C67000704700BF10220000807A054A002301386D
:10C68000C0B2C100042838BF22FA01F3D8B2704703
:10C69000010101040138054A0023C0B2C100042889
:10C6A00038BF22FA01F3D8B2704700BF010300037C
:10C6B00010B50C780378A34206D1013A00F10100CD
:10C6C00001F10101F5D11C46181B10BD10B50C7805
:10C6D0000378A34206D1013A00F1010001F1010102
:10C6E000F5D11C46181B10BD10B50C780378A34279
:10C6F00006D1013A00F1010001F10101F5D11C461A
:10C70000181B10BD10B50C780378A34206D1013A6E
:10C7100000F1010001F10101F5D11C46181B10BD0B
:10C7200010B50C780378A34206D1013A00F101005C
:10C7300001F10101F5D11C46181B10BD10B50C7894
:10C740000378A34206D1013A00F1010001F1010191
:10C75000F5D11C46181B10BD10B50C780378A34208
:10C7600006D1013A00F1010001F10101F5D11C46A9
:10C77000181B10BD10B50C780378A34206D1013AFE
:10C7800000F1010001F10101F5D11C46181B10BD9B
:10C7900010B50C780378A34206D1013A00F10100EC
:10C7A00001F10101F5D11C46181B10BD10B50C7824
:10C7B0000378A34206D1013A00F1010001F1010121
:10C7C000F5D11C46181B10BD10B50C780378A34298
:10C7D00006D1013A00F1010001F10101F5D11C4639
:10C7E000181B10BD10B50C780378A34206D1013A8E
:10C7F00000F1010001F10101F5D11C46181B10BD2B
:10C8000080B50B46097CC90708BF80BD8421002282
:10C81000D5F77AF8BDE88040ECF73ABE10B50B6862
:10C820004BB144681A442360436853604A684260CD
:10C830000020C1E9000110BD30B1054A13688342F0
:10C8400002D1D068F6F74EBC4FF0FF30704700BF02
:10C85000583D01200548416801314160818901311D
:10C86000818102200021FFF729B800BF5433012045
:10C8700001460548426801324260428901324281E4
:10C880000120FFF71BB800BF543301200548416861
:10C8900001314160C1890131C18103200021FFF7CD
:10C8A0000DB800BF54330120054841680131416093
:10C8B00001890131018100200021FEF7FFBF00BF87
:10C8C000543301201CB514460A4601460348009320
:10C8D0002346C068BAF730FC1CBD00BF583D01209C
:10C8E00010B504464FF6FF70814206D0A2898242FD
:10C8F00003D12068FEF7BDFAA08110BD10B5044633
:10C900004C30302102F05CFA20B12046BDE81040E6
:10C9100001F022B8002010BD10B50C46016B39B1F2
:10C920000879A04204D0102003F024FD0146F6E768
:10C93000084610BD0448002101700448007800B189
:10C940007047F7F707BF00BFC83E0120CB3E01206C
:10C9500000214FF41672818181730349097A0229FB
:10C9600008BF1E2242817047644C012070B5044606
:10C9700001FA02F5642096216426FBF7DAFC68438D
:10C98000B0FBF6F0204470BD10B5024600200B0647
:10C9900008BF10BD136801395C1C14601B7843EAA2
:10C9A0000020F4E7B0B505460C46C86869688847BA
:10C9B00060696968884769682046BDE8B0400847F3
:10C9C0001CB570248DF80710090AADF8044084687E
:10C9D0008DF8061001A80421A0471CBDE0B50A4649
:10C9E0000146407B002340F0200048730020009067
:10C9F0000020E6F79FFF8CBD81B0002221B110F826
:10CA0000013B01395A40F9E78DF803209DF80300F6
:10CA100001B0704759B180B5026E00219047BDE862
:10CA2000804020B100F178010422F3F749BB704740
:10CA3000B0B501FB00F4204602F0AAF9054618B192
:10CA40002846214603F054FA2846B0BD10B5D0F868
:10CA50003035D0F840451846A047411C04BF49F284
:10CA60000070CFF6FF7010BD05480078072806D883
:10CA70000121814011F09B0F01D0C0F729B9704707
:10CA8000D13E012010B50C46D0F85811A1F8004B4A
:10CA9000FFF784F80148048010BD00BFB23E0120BA
:10CAA000044805490068002818BF01460878F7F7D0
:10CAB000DDBE00BF84540120A412002010B50C4636
:10CAC00090F90D00034B11462246BDE81040CFF708
:10CAD000FFB900BFA9A8040010B50C46FDF7F6FE8B
:10CAE00028B18069214602699047002000E0FF20BC
:10CAF00040B210BDB0F8562047F6FF739A4208BF07
:10CB0000CA001144A1EBD201A0F85610ECF756BDB3
:10CB100080B538B10448016821B1002003F02AFC37
:10CB20000146F9E780BD00BFE453012080B51E2017
:10CB30004FF4A0414FF43042FAF7B4FF01490863C3
:10CB400080BD00BFF84C012010B50C46016839B11A
:10CB50000868A04204D0082003F00CFC0146F6E768
:10CB6000084610BD10B5044603F0D2FBFDF72CFFBC
:10CB700028B128302146BDE81040FBF74BB910BD65
:10CB800010B50C460421012201F030FC0021A0F870
:10CB9000011000F8044B00F8011C10BD59B110B58C
:10CBA0000C460621022202F003FB0146A088BDE8E4
:10CBB000104003F0A5B9704749B100680139C84079
:10CBC000C0074FF0000008BF4FF0FF3070474FF034
:10CBD000FF30704749B140680139C840C0074FF085
:10CBE000000008BF4FF0FF3070474FF0FF30704734
:10CBF00010B5044608B904480468FEF78FFF646D59
:10CC000000F03AFF204610BDA0540120D4E92801CD
:10CC1000C4E9520194F8500140F0040084F8500136
:10CC2000204602F079BEB0B50C46054602F0BEFFC4
:10CC3000296844F80C1C2C60BDE8B04003F080BAB1
:10CC4000B0B50446FCF7B6FF25682968216029685D
:10CC50004C6000F091FA2846B0BD70B514460D4600
:10CC60000646E0F728F8304629462246BDE87040DF
:10CC7000D9F7D8BA1FB5044669460120E1F758FE36
:10CC8000DDE900010CB1C4E9000104B010BD017878
:10CC9000407800F0C00081F0FE0180F08000084381
:10CCA000B0FA80F04009704710B50C46FBF7D0FD94
:10CCB00030B1013021461022BDE8104003F0FABA2D
:10CCC00010BD10B5029C0294039C0394049C049430
:10CCD000059C0594BDE81040FFF750BC10B501203D
:10CCE0004FF4C87102F00AFD044610B1204602F06C
:10CCF00017FD204610BD10B5B0F840400C44B0F808
:10CD000042102044091B8830BDE81040FAF78EBC61
:10CD1000016042810089A0219F30B0FBF1F0C1B2D7
:10CD2000890051FA80F08000704710B51446024621
:10CD30000846114602F067FF01462046BDE8104054
:10CD400002F061BF1023002918BF2C2318441430AF
:10CD500000EB4201002A18BF081D80B2704770B571
:10CD60000C4605460026296829B104B98E6128467B
:10CD7000FDF738FAF7E770BD41B2002211F1760FE6
:10CD8000B8BF0122013851000A2838BF01210846E6
:10CD9000704742B180B5D0F86801EBF755FA002032
:10CDA000BDE8804000E0FF2040B2704780B50168D8
:10CDB00039B1087DBF2804D8282003F0DBFA0146EA
:10CDC000F6E7084680BD0368591A0129BCBF6FF019
:10CDD0006B007047591E0160012003F8012C704759
:10CDE00050B110B504462030FAF796FD2046782160
:10CDF000BDE8104001F0F6B9704750B110B50446D7
:10CE0000F9F7FEFB20464FF4C871BDE8104001F071
:10CE1000E9B9704710B5029C0294039C0394049CEA
:10CE20000494059C0594BDE81040BEF799B910B56F
:10CE30000C46FFF7D1FA20B1016A11B1047000204D
:10CE400010BD4FF0FF3010BD10B5B0F840400C449D
:10CE5000B0F842102044091B8830BDE81040F7F7B5
:10CE600084BE10B50C464C3030212246FEF7B6FC8D
:10CE700020463821BDE81040FDF7ACBB90F82D10DE
:10CE8000490744BF0120704700688068407C002843
:10CE900018BF01207047097E007E00F0070201F0F4
:10CEA000070104208A4238BF012008BF02207047D2
:10CEB00010B5C06C044630B13020214603F05AFA58
:10CEC000A18CC905F6D5204610BD80B5816A41B157
:10CED000888C20F001008884342003F04BFA01464E
:10CEE000F5E780BD08B1032901D9FF2005E040F82E
:10CEF000212000EB41000382002040B2704740B186
:10CF000090F83A2002F0FE02114480F83A10002016
:10CF100000E0FF2040B270471C3000210022802931
:10CF200004BFD0B27047435C2031C3F300131A44EE
:10CF3000F5E7032904D800EB4112127FD20601D491
:10CF40000020704700EB411080697047032984BFBF
:10CF50000020704700EB4110007FC10600EAE1703D
:10CF600000F003007047B0B50C46016820468847C2
:10CF7000054618B12846214602F0BAFF2846B0BD42
:10CF800010B50446FDF780FB20B12046FBF7BCFF3F
:10CF9000002000E0FF2040B210BD421E022A04D350
:10CFA00028B1032801D1481C02E0002000E0022043
:10CFB00080B2704790F82C10032907D0D0F85801A0
:10CFC000D0F84C1BB1F84410C0F8CC1A704710B51B
:10CFD0000C46FDF7B1FC28B1C06E2146BDE81040FB
:10CFE000FCF7FAB8002010BD10B50C46FDF7A4FC04
:10CFF00030B1002C846518BF0124610180F84F1006
:10D0000010BD10B538B10C46FDF7BAFC18B1C0F828
:10D01000E042002000E0FF2040B210BD10B5044601
:10D02000FDF7AEFC30B1014620460122BDE81040BC
:10D03000F6F754BC10BD10B51446FDF7C5FC28B179
:10D0400028302146BDE81040FAF736B9002010BD5F
:10D0500010B50C46FDF7B8FC28B128302146BDE8D4
:10D060001040FCF714BD002010BD10B5FDF7BEFC4C
:10D0700028B1002480F83041F5F7DEFA00E0FF2403
:10D0800060B210BD10B50C460221032201F0AEF9CA
:10D09000217800F8021B617800F8011C10BDE0B592
:10D0A00007228DF806206A46F3F786FF00992028AC
:10D0B00018BF002108468CBD04490A6802604A680E
:10D0C00042608A688260C968C1607047404502401A
:10D0D00080B501460348FAF78BF9B0FA80F04009B1
:10D0E00080BD00BFF835012018B5009039B133B1CB
:10D0F0000098013B0139441C00940270F6E718BD0A
:10D10000006840B1037D8B4203D190F88230934296
:10D1100001D00C38F4E7704780B501460348272258
:10D12000006B01F0DDFC002080BD00BFA4370120B2
:10D130000246C07A30B1107AB1FBF0F0114680B2ED
:10D14000F8F78EBF107B7047FF2806D0034911F80F
:10D15000202002F0FB0201F8202070470210084056
:10D16000FF2806D0034911F8202042F0040201F8FC
:10D17000202070470210084004490968090608BFCA
:10D1800000F07ABC80F31188704700BF04ED00E026
:10D1900070B514460D460646FCF70CFDC6E9015471
:10D1A000BDE87040FFF7E8BF80B504480121017079
:10D1B000406800B18047002080BD00BF4848012082
:10D1C00080B504480068FAF713F9002818BF6FF01B
:10D1D000020080BD80520120022807D0032804D11C
:10D1E00080B5D5F78DF9002080BDFEE7EBF730BEA6
:10D1F000044890F8411119B1D0F86C0100B1004712
:10D20000704700BF3841012000214FF0FF32017408
:10D21000C0E9022101710160C0E9051181837047F5
:10D220001CB5C2F3800302F001040093C2F3400373
:10D230002246D2F7D5F91CBD10B50129044698BF86
:10D24000012103F016F82046BDE81040E1F7A8B927
:10D2500080B5002808BF0120F6F7ACF8014801218D
:10D26000417080BD98520120D1E901329A4204D226
:10D270000A68531C0B6010708A6801328A6070471C
:10D28000B0B50D4601461446286803F013F8286827
:10D29000204428602046B0BD10B50446FDF71EFCB2
:10D2A00028B101462046BDE81040FEF757B810BD32
:10D2B000B0B50F231A46002B04D48C5C855C531E3A
:10D2C000A542F7D0D00FB0BD0238C1B205298FBF3B
:10D2D000002040B20149085C704700BFF6350000ED
:10D2E00010B50120502102F009FA044610B1204681
:10D2F000F3F7C8FE204610BDB0B50546806B0C465E
:10D3000000F05AFBA863204601F08DFAA863B0BD77
:10D3100010B50120442102F0F1F9044610B1204675
:10D3200002F0B7FC204610BD10B50120842102F0A8
:10D33000E5F9044610B12046FFF704F9204610BD78
:10D3400010B50120E82102F0D9F9044610B12046B9
:10D35000FFF706F9204610BD40B1006830B1407EAD
:10D36000C9B2401AB0FA80F04009704700207047F7
:10D3700080B5FBF759FA28B10146C07C002818BFD8
:10D38000C81C80BD002080BD10B50120AC2102F07A
:10D39000B5F9044610B1204602F0D6FF204610BD74
:10D3A00010B50120AC2102F0A9F9044610B12046C5
:10D3B000FFF70EF9204610BD011F00F0FE000238F5
:10D3C000B1FA81F1B0FA80F0490940090843704789
:10D3D0000349002818BF01EA8000024948637047EA
:10D3E00000FE0300384D012010B501F001FD034897
:10D3F000046802F0BFF9204610BD00BF143E0120B2
:10D4000080B5FCF7E1FD034801F052FDBDE8804026
:10D41000FAF7E0B8FC3B012010B504460846FEF7D9
:10D420009DF90021002808BF04F58671084610BD4B
:10D4300080B502F0B0FC01466FF31F5181EA105035
:10D44000002808BF012080BDB0F1FF3F01DB0228AA
:10D4500000DB00206FF07F01A1EB8010C0B27047AD
:10D4600038B10A684968C0F80510C0F801200020EA
:10D4700000E0FF2040B2704710B51C4650F8243F32
:10D4800000F8101C40F80C2C2146BDE8104018474D
:10D4900010B5C16D044611B104F12400884720463F
:10D4A000BDE8104001F064BC0138C1B209298FBF4A
:10D4B000002040B20149085C704700BF7134000091
:10D4C00080B550F8080C026B1AB1426B90470020EF
:10D4D00000E0FF2040B280BD10B50120442102F0E1
:10D4E0000DF9044610B1204602F0F1FB204610BDB4
:10D4F0000138C1B207298FBF002040B20149085C42
:10D50000704700BF543500000449002818BF0120AF
:10D510000A8842EAC0100880704700BF8C3D012095
:10D520000348007818B103480078F8F7D9BF70476E
:10D5300048480120C53E01200348012101700348ED
:10D540000078D3F781BE00BFDD3E0120D13E01202F
:10D55000418DC08D42180B46002818BF931C00292E
:10D5600008BF034698B2704780B50A684B68C0E9A7
:10D570004623D0F8680108B1026C9047002080BDB6
:10D58000C1E903220A7D930605D502F0DF020A7580
:10D59000C18A0139C1827047087DC30602D40AB12D
:10D5A0000B69CB6000F0EF0062F304100875704760
:10D5B0000138C1B206298FBF002040B20149085C82
:10D5C000704700BFCC35000048B110B50446F9F7EC
:10D5D00017F820464421BDE8104000F003BE704714
:10D5E0000146044802781AB18A4202D00C30F9E7A9
:10D5F000002070473C2D000028B103681BB18368F0
:10D600000BB1FBF7F1BA0148704700BF00AFFFFF55
:10D610000438C1B202298FBF002040B2014951F83D
:10D6200020007047D0320000F8B56B460393012309
:10D630000293CDE9002301AAD9F79CF804B080BD7C
:10D640000238C1B202298FBF002040B2014951F80F
:10D6500020007047DC32000010B5416D002429B174
:10D66000C06C8847022808BF4FF0FF34204610BD29
:10D670000146044802681AB18A4202D02030F9E714
:10D6800000207047E0000000807A0138C1B209290B
:10D690008FBF002040B20149085C70477B34000016
:10D6A000816B11B1D1F8441111B90068C16C09B195
:10D6B0000868704700207047816B11B1D1F84411A0
:10D6C00011B90068C16C09B1486870470020704703
:10D6D00048B110B5044600F07BF920467021BDE842
:10D6E000104000F07FBD7047042903D0012904D108
:10D6F000017801E010F8011F01B170470270704716
:10D700004168102907D0836B2BB1C16ED0F88020FF
:10D71000D3F8B4311847704701211422C0E92921F8
:10D72000D0F8A0201170416801314160E9F776BD61
:10D7300010B50023CC5CC25CA24203D10133102B94
:10D74000F8D11446101B10BD10B50023CC5CC25C90
:10D75000A24203D10133082BF8D11446101B10BD8F
:10D7600010B50023CC5CC25CA24203D10133082B6C
:10D77000F8D11446101B10BD10B50023CC5CC25C60
:10D78000A24203D10133082BF8D11446101B10BD5F
:10D7900010B50023CC5CC25CA24203D10133082B3C
:10D7A000F8D11446101B10BD10B50023CC5CC25C30
:10D7B000A24203D10133102BF8D11446101B10BD27
:10D7C00010B50023CC5CC25CA24203D10133102B04
:10D7D000F8D11446101B10BD10B50023CC5CC25C00
:10D7E000A24203D10133102BF8D11446101B10BDF7
:10D7F00010B50023CC5CC25CA24203D10133082BDC
:10D80000F8D11446101B10BD80B501F1080200F1DB
:10D810002E011046FEF752FCBDE88040FBF770BABF
:10D8200080B5044800210122F9F75AF900B1FEE75A
:10D8300080BD00BF6C3C01200448006820B1006A34
:10D84000002818BF3430704700207047485401202A
:10D8500070B554585D1856186E60002C5C5018BF97
:10D8600060184560535070BDB0B503685418054644
:10D870006060002B535018BF5D186C600260B0BD33
:10D8800080B5F3F7CBFC03490860BDE8804002F0A7
:10D89000CDBA00BF903E0120E0B5D0F8680130B1AC
:10D8A0000121C3688DF8041001AA062198478CBD98
:10D8B00080B501F09DFA034800214170BDE8804029
:10D8C00001F058BF1050012010B50446FEF726F9AC
:10D8D000A06BB0FA80F0440900F0CEF8204610BDED
:10D8E0000448016819B101680A6D01320A650068CF
:10D8F000704700BFA0540120012804D1086849687E
:10D90000024AC2E902010020704700BF804B01209B
:10D9100001460068026B0AB1126800E000228A42E8
:10D9200008BFFEF71BB8704710B50446F8F76EFA4B
:10D9300028B101462046BDE81040FFF792BA10BD5D
:10D94000016B09B1096809B9C16919B1087E00F014
:10D950003800704700207047806A38B1818CC90751
:10D9600004D090F8260008B10120704700207047CD
:10D9700010B5282001F0F4F9044618B120462821FA
:10D9800002F0B6FA204610BD80B504490822FEF721
:10D990000DFFB0FA80F0400980BD00BF6435000083
:10D9A000032907D800EB4110007FC10644BFC0F334
:10D9B000810070470020704780B538B1018A29B1D5
:10D9C00001390182090408BFF7F79EFE002080BDDF
:10D9D00010B50446406E30B1DFF71AF9606E01F001
:10D9E00099FE0020606610BD816E39B1C16E29B10B
:10D9F000016E19B1406E08B10120704700207047D8
:10DA00000B46B0F9D8100022D1FA53F1A0F8D81083
:10DA100000F17801DFF7AABF80B5D0F8A810E13097
:10DA20002022FEF7B5FE002818BF4FF0FF3080BD62
:10DA3000024600201062507C00B17047014814215A
:10DA4000FDF7CCBE0C54012010B5416C044688474C
:10DA500004F1780120460522BDE81040F2F730BB02
:10DA600042684A6093688B6093685960916008616E
:10DA700001680131016070470448016801390160A3
:10DA800000D07047002080F311887047B8540120FF
:10DA900090F82C10032905D090F834001A281CBFE8
:10DAA000002070470120704710B50C46FCF756FF68
:10DAB00028B1C06E2146BDE81040F9F7CFBB10BDBC
:10DAC000426290F85B2042F0020280F85B200A88F4
:10DAD00002834968C161704700B1704703485239F9
:10DAE000CBB202789A4288BF01707047035301207D
:10DAF0000449D1E90223801843F10002C1E902027E
:10DB0000704700BF9051012019460346034843F86F
:10DB1000040B10461A46FDF703B800BF04000800C6
:10DB200080B530B1FCF762FF18B1F5F731FF002086
:10DB300000E0FF2040B280BDD1F85C0138B191F81F
:10DB40002001012803D108461146EDF7CFBA7047EE
:10DB500010B50C460821092200F048FC21686268D3
:10DB600042600160083010BD80B5D4F777F8D5F772
:10DB70000FFDEFF7C5FFBDE88040BDF748BF0022AD
:10DB8000006828B1037D8B4208BF01320C38F7E7EB
:10DB900090B2704710B50446FCF70CF80021C4E9B8
:10DBA0000011BDE81040FFF7E7BA494690E8CC0005
:10DBB0002846CCC122464B46CDF800A0292140473B
:10DBC000A0F8547BD4F8580190F8561B41F004019A
:10DBD00080F8561B70471CB50C6891F90430CDE9EC
:10DBE000001201212246D2F707F81CBD10B5FBF741
:10DBF000E1FF0446E0F750FE2046BDE81040FFF785
:10DC0000BBBA81B0C0B5039303AB0093C0F7CCFBA4
:10DC1000BDE8884001B07047D0E9002092F830108C
:10DC2000043918BF012152690078ECF7F5BE80B5C0
:10DC3000FCF743FF20B190F82100C0F3400080BD05
:10DC4000002080BD80B5D4F7D3FB10F1510104BF93
:10DC500049F60070CFF6FF7080BD10B50C46FCF79A
:10DC60008FF910B14460002010BD4FF0FF3010BD9F
:10DC700070B51E4615460C46FCF782F910B10674C5
:10DC8000C581848170BD513011B1102202F012BBE8
:10DC90000021C160816041600160704780B550F82B
:10DCA000080C026B12B19047002000E0FF2040B248
:10DCB00080BD80B501460E2001F0A5FF0146002081
:10DCC000BDE8804001F09FBF80B5F1F727F8013033
:10DCD00004BFE82080BDF1F793F8002080BD6FF30A
:10DCE000DF22034642EAC120194640F4004080B2D8
:10DCF00002F006B96FF3DF22034642EAC12019465B
:10DD000040F4004080B202F0FBB840B110B50446C8
:10DD1000FAF7CAFE2046BDE81040FCF705BB704785
:10DD2000B0F8782001F0030122F00C0242EA8101F0
:10DD3000A0F878107047018B09075CBF4FF0FF30E7
:10DD40007047418C08442D3002F0CCBA10B53AB17E
:10DD50000B780478013A01F8014B00F8013BF6E733
:10DD600010BD81B0C0B5039303AB0093D9F714FD88
:10DD7000BDE8884001B0704740B100210022002377
:10DD80000160C0E902110021D2F7C0BD7047E0B5C3
:10DD900001918DF80000694641F204000822FAF76B
:10DDA000FFFF8CBD80B5D6F737FF20B1818C01F025
:10DDB0000901082900D0002080BD032984BF00206C
:10DDC000704700EB4110017FC90600EAE17070471F
:10DDD000032906D800EB4110007FC00644BF012094
:10DDE0007047002070470A684968C0E91621B0F8FA
:10DDF0007A1041F4C051A0F87A107047417BFC2999
:10DE000004BF00224273A1F1FC00B0FA80F0400987
:10DE1000704710B51C21044602F06AF804F11400A2
:10DE2000BDE8104002F0B4B810B50446C83000F0A8
:10DE3000A4FB04F1D000BDE8104000F09EBB10B57B
:10DE4000847890F9060001F089F908B1008A044449
:10DE5000A0B210BD10B50446C06A08B100F088FF3A
:10DE60002046BDE8104000F083BFB0B50C46054623
:10DE7000FAF7D2FF28462146FBF7FAF80020B0BD9A
:10DE800010B504469830FBF756FB04F18C00BDE852
:10DE90001040FAF7A5BD014601201B2918BF2B2908
:10DEA00000D170474B2918BF00207047026832B17B
:10DEB0008088884203D95C2001FB00207047002045
:10DEC000704710B5024601200021F3F774FD0446A7
:10DED000FFF752FF204610BD80B5EBF7F5FD024875
:10DEE0000121017080BD00BFE054012080B5EBF737
:10DEF000EBFD02480121017080BD00BFE15401200B
:10DF000080B5EBF7E1FD02480121017080BD00BF43
:10DF1000E254012010B5017D21B1C468F3F76CFD16
:10DF2000201A10BD806810BD0248034A0121F0F795
:10DF3000BBBC00BFEC5201202C100020024803495A
:10DF40008C2200F0CDBD00BF70150020C814000069
:10DF50000349096821FA00F000F00100704700BF92
:10DF6000C0200240FF2804D0012101FA00F001493D
:10DF700008607047B0200240034A137813B1526B17
:10DF800002B1104700207047484801200249034A67
:10DF900041F82020704700BF00000020F326010058
:10DFA000707C716932462B4600F0F7007074204691
:10DFB000C6F758BE7869B0F84010B0F84220511A40
:10DFC000B6F852209142704708B903480068806D46
:10DFD00008B1F1F74FB97047A05401200348016818
:10DFE0000029FCD000210160704700BF1C100440D4
:10DFF000E0B5C2F3800302F0010200930123D1F7E0
:10E00000EFFA8CBD10B5046804F13400C9F71DFCAB
:10E01000002084F8310010BD0348806908B1017800
:10E0200001B17047F1F7C8BCF846012040B584B093
:10E0300002AE0096DDF792FE029A039B04B040BD4B
:10E040000349002912BF01C900200021DCF768BB89
:10E05000D800000001F007028023C90823FA02F269
:10E06000435C1A4342547047024600202AB121B152
:10E070001068008A088010684068704780B5FAF719
:10E080002FFF10B190F9190000E0002080B280BD90
:10E09000034A022388300B70C1E90120704700BF9A
:10E0A000B43500000346034813B10AB100201160E3
:10E0B000704700BF009FFFFF10B50446FCF763FDEB
:10E0C00001462046BDE81040F6F742BF1FB50024C8
:10E0D000CDE90144069C0094FBF7F4FF04B010BDA9
:10E0E000817140F29E2181800149016007307047B3
:10E0F000DD050C5A817140F29E4181800149016029
:10E1000007307047DD050C5A817140F29E318180E5
:10E110000149016007307047DD050C5A034801785A
:10E1200011B1406900B10047704700BF4848012065
:10E1300003494A68824204BF00204860704700BF1C
:10E14000AC3D01200348007808B1EDF7ADBF0020D9
:10E15000704700BFC93E01200348807A0338B0FAF7
:10E1600080F04009704700BFAC3D012003480068C3
:10E1700010B10020DFF7F4BF704700BF90540120BA
:10E1800010B5044601F03FFD4FF6FF70201A18BF8E
:10E19000012010BD28B190F82810013180F8281016
:10E1A00000E00021C8B2704780B5CEF765FC0028BA
:10E1B0001CBF4BF28010CFF6FF7080BD016B29B100
:10E1C000C16B0120002908BF022070470020704762
:10E1D00010B50446F8F714FA20464421BDE8104073
:10E1E00000F000B821B10A4602490B680021184727
:10E1F000704700BFBC360000497A072903D0806B06
:10E200000149C0F8B4117047F1FD040070B503492D
:10E2100091E87C007CC0002070BD00BF8C2E000007
:10E2200080B501F0F5FA18B1BDE8804000F0F8BD06
:10E23000002080BDE0B50B46D0F8801089680092C0
:10E240000022C3F7F4FF8CBD4FF4C4510022C1403B
:10E250000D2838BF012202EA0100704710B50446BC
:10E260008089884203D22068FCF703FEA08110BD9C
:10E27000816A29B1888C10F0030018BF08467047E6
:10E280000020704710B5848DF8F7FAFB0146204650
:10E29000BDE8104001F0A4BE80B50846F4F7CCF804
:10E2A0000021092838BF0121084680BD0B464FF6E2
:10E2B000FF718B4202D0818CB3FBF1F1F7F7D6B935
:10E2C00001281CBF00207047084611461A4601234A
:10E2D000DFF7AABE10B50446783002F0AFF8E16B64
:10E2E0002046BDE81040084710B50446783002F0DB
:10E2F000A5F8E16B2046BDE81040084790F8403192
:10E30000D0F8B410D0F83C2100F20110EFF768BF4C
:10E3100010B50446783002F091F8E16B2046BDE874
:10E3200010400847DFF80C00016841F470010160FB
:10E330007047000088ED00E010B50C46511CCAB2D1
:10E3400019462346BDE81040FEF723BD80B50349BA
:10E3500034225C3101F0AEFF002080BDA412002009
:10E3600002494160024901600020704708018001B4
:10E370000100200080B503491622283101F09AFFE0
:10E38000002080BDA412002006288FBF002040B2CC
:10E39000014951F820007047DC270000B0B5154650
:10E3A0000C46FCF7C9FA10B1A0F84A50C465B0BDDC
:10E3B0000348016801B10847D0E90201704700BF76
:10E3C00090510120B0B50446081D0D4600F0C8FC70
:10E3D00008B145800480B0BD80B50521022200F05F
:10E3E00005F8002101600171053080BD10B50131D3
:10E3F00014468AB22A2100F073FC00F8014B10BDCC
:10E4000010B50446FDF7C2FE2046BDE8104001F0FD
:10E4100009B98189042201F00701022908BF0522F8
:10E420008273704710B50446F2F7B8FA001B6421F6
:10E43000B0FBF1F010BD30B10121002201724FF0AC
:10E44000FF31C0E900217047E0B50DF1070201235B
:10E4500000F0E6FA9DF807008CBD10B50468D4F80A
:10E4600024C0029C0294BDE81040604701684B1E26
:10E47000036001F8012C01684A1E02607047D4F85D
:10E48000A820D4F8A010531CC4F8A83088547047B2
:10E4900080F8DD1090F8DE1001F0FD0180F8DE104C
:10E4A000704700240028CDF80940ADF80440ADF8CD
:10E4B00007407047591E016003F8012C01684B1E8C
:10E4C0000360130A704790F8062C90F8073C90F808
:10E4D0000A5C90F80F1C7047D4F8580190F8081B9C
:10E4E00001F0FC0180F8081B70478DF81900307DA1
:10E4F000D9F804208DF8180006A9704780B580224D
:10E50000F2F75CFB08B1C06880BD002080BDB0B5EB
:10E510000024551E80E836008361C0E90444B0BD84
:10E5200010B5029C0294039C0394BDE81040F0F7E0
:10E53000D9BC10B50446F9F7EFF92046BDE8104004
:10E5400001F0E8B810B50446FFF73EF82046BDE8F4
:10E55000104001F0DFB810B5044601F09FFB2046E3
:10E56000BDE8104001F0D6B810B50446FDF786F8B6
:10E570002046BDE8104001F0CDB810B50446006853
:10E5800000F0F6FB0020C4E9000010BD10B5044601
:10E5900001F0F2FC2046BDE8104001F0BBB810B518
:10E5A0000446FDF78BF82046BDE8104001F0B2B8F4
:10E5B00010B50446FEF721FC2046BDE8104001F0EE
:10E5C000A9B8D0F8F8C0BCF1000F08BF7047983860
:10E5D000DBB2604750F8083C0A46A0F12401D3F8AA
:10E5E0001CC018466047E0B513460A46002100915A
:10E5F0000221EAF785FE8CBDE0B513460A460121EB
:10E6000000910221EAF77CFE8CBD10B50446FFF7AD
:10E61000DFFD2046BDE8104001F07CB80621062849
:10E6200008BF08211B2808BF08210846704710B5FD
:10E630000C4612210122FEF778FB00F8014B10BDB9
:10E6400010B50C46F7F704FF2146BDE81040C1F7AE
:10E6500045BD10B50C46F7F7FBFE2146BDE810405E
:10E66000D3F7D4BF80B5FFF777FD0121002818BF8D
:10E670002021084680BD10B50446FCF7B7FA2046B5
:10E68000BDE8104000F074BB90F858208A4292BF59
:10E690000020406D00EB4110704710B57821044612
:10E6A00001F026FC4FF0FF30206110BD80B518301E
:10E6B0000021F9F7D5FDB0FA80F0400980BD1FB503
:10E6C000079C0194069C0094B7F726FE04B010BD89
:10E6D0001FB5079C0194069C0094EEF7A7FE04B0BA
:10E6E00010BD012904D004291CBF0020704701304F
:10E6F0000078704780B5F6F781F8DAF79DF9BDE844
:10E700008040FFF7BDB802464FF6FF70814202D04D
:10E71000908CB1FBF0F0704780B5023142F20B00F3
:10E720000222FAF73DFB002080BD4FF060410A78DD
:10E73000002AFCD04FF06041087070470968092931
:10E7400003D811B101600020704716207047E0B572
:10E750008DF800006846CDF80110E9F779FE8CBD10
:10E76000D0F85C0118B108460021FBF799B80020E9
:10E770007047D0F85C0118B108460121FBF790B84A
:10E780000020704710B5039CC0E90512029944624D
:10E79000C0E9073110BD90F82D2002F0FB0261F3B3
:10E7A000820280F82D207047088920B10878012165
:10E7B00021EA00007047002070470A7A032A02729B
:10E7C00008BF01F017BD09880180704703298FBF7A
:10E7D000002090F87800C84000F001007047B0F8C1
:10E7E0007A10C0E9002341F48061A0F87A107047E4
:10E7F00010B504461430F9F78BFF0020A0602060AC
:10E8000010BD90E80E00C068511AC01A8142B8BF0E
:10E8100008467047E0B5009111461A464FF4804310
:10E82000F8F792FC8CBD30B1018A4A1C93B2934236
:10E8300018BF0B460382704721B113460A460021D8
:10E84000BBF7FCBF4FF0FF30704780B5F5F777FAA4
:10E8500018B1BDE88040F2F739BA80BD80B5F4F751
:10E8600060F818B1017D41F00801017580BD10B557
:10E87000144612B99830F1F7BFF984F0010010BDC9
:10E8800010B50C46C8F7E2FFA0B2BDE81040DFF7B4
:10E8900045BA0A213F2888BF0F217F2888BF192148
:10E8A0000846704780B5FCF747F818B1BDE88040CE
:10E8B000E2F7F6B980BD10B50446006800F058FADA
:10E8C0000020A080206010BD00220439C260826058
:10E8D0004260052241800280704710B50C4601213C
:10E8E0000422FFF783FD00F8014B10BD10B5002393
:10E8F0009A4208BF10BDCC5CC4540133F8E7000055
:10E90000B0B5024991E83C003CC0B0BDA430000065
:10E91000024A02EBC000E6F751BF00BF1C35000001
:10E92000B0B5024991E83C003CC0B0BDB430000035
:10E93000024A02EBC000EEF7DDB900BF243500004B
:10E94000B0B5024991E83C003CC0B0BDC430000005
:10E95000024A02EBC000E6F7A1BF00BF2C35000061
:10E9600002490A685200FCD5FEF7A6BB504502409A
:10E97000006820B1027D8A4201D00C38F8E7704768
:10E9800010B50446406900F0FFFD0020607610BD20
:10E990000248D0F8CC00FFF745BD00BF2C10002086
:10E9A0000248D0F8C800DF30704700BF2C100020AC
:10E9B0000248D0F8C80090F8DE0070472C10002004
:10E9C000FF281CBF014A8154704700BF002002404D
:10E9D000102802DB014910380860704700EF00E0A2
:10E9E000024AC9B212689268104700BFB001001015
:10E9F0000248416801B1084700787047C0510120C2
:10EA000002490A681040C2430A607047101004406F
:10EA100002490A681040C2430A6070470810044067
:10EA200001EB40310148806800F0BFBA944A0120F0
:10EA3000084404EB84010AEB41014A7859467047C7
:10EA40003A6897F90810F86B07F128039269704744
:10EA500040F00200A876B9F8A200B6F86640704708
:10EA6000DBF85811BAF80200B1F8001B8842704771
:10EA7000B5F84000B5F84210A1EB000A28447047F1
:10EA8000B5F8541001396FF31F31A5F854107047D1
:10EA90002346228D05F11C0123F82A0F18467047E2
:10EAA00020F4807001F0010140EA0120608170478C
:10EAB0002346E28806F1140123F8400F18467047F8
:10EAC000D8F80000BDF84410B0F8540BF9F75CBE5C
:10EAD000D0F84C0BB0F8BA10B0F8B800F3F7A5BEF8
:10EAE0002AB111F8013B013A00F8013BF8E7704701
:10EAF000013922B18B5C013A00F8013BF9E770471C
:10EB000002484FF000410160704700BF00A10C4077
:10EB10000248016841F00301016070472422084067
:10EB200002480068C0F30720704700BF30A00C40C7
:10EB300002480068C0F38440704700BF04A00C4046
:10EB400002480068C0F38120704700BF20A00C403D
:10EB5000024840210160FBF787B800BFA8A00C4025
:10EB60000248416A01314162704700BFDC47012021
:10EB7000B0B5024991E83C003CC0B0BDC8250000DA
:10EB800070B5024991E87C007CC070BD782E000011
:10EB9000024A02EBC000E1F753BE00BF143100008F
:10EBA00080B5D0E905108847BDE88040EDF7CABFC1
:10EBB0004B69934208BF70474A610622F4F73AB89E
:10EBC000CA0801F00701805C8840C0B2C0097047E4
:10EBD00002490A7822EA000008707047F0540120C8
:10EBE0000248006800B10047704700BF7C17002052
:10EBF0000106B1FA81F1002808BF082108467047D4
:10EC0000427801788078120242EA01410844704754
:10EC1000020A8870000C4A7001F8030B084670471E
:10EC20000246024814210C30FCF7D8BD5050012098
:10EC30000A4601460148FCF701BC00BFC59D1C8186
:10EC400080B50248172101F053F980BD043D012031
:10EC500028B110B5029C04301EC0BDE810407047BA
:10EC600050F80C2C10F8101C50F81C3C2438184795
:10EC700018B1C0E90912002000E0FF2040B270473F
:10EC80000021A0F85010C1640D210170E9F76CB8A3
:10EC90000146024808220330FFF722BF8C3D0120C5
:10ECA000014602480078EAF7CFBF00BFCE3E012000
:10ECB000014602480078EAF7C7BF00BFCE3E0120F8
:10ECC00018B1D0F86C01808C70474FF6FE70704719
:10ECD00018B1D0F86C01408C70474FF6FF70704748
:10ECE000034602F07F0040EAC110194601F008B95E
:10ECF00010B50C461A6001F053F82070002010BDCA
:10ED000020B1006810B1C268084610470020704763
:10ED1000024AC2E900010020704700BF3C530120B5
:10ED2000811E0022C9B2032938BF821CD0B27047AD
:10ED300010B500F1180C029C4162ACE81C0010BD3B
:10ED400080B50421FFF7DCFF002818BF032080BD39
:10ED500080B5E2F731FC002818BFA0F50C5080BD4B
:10ED600001460248006801F017B900BF303E01209B
:10ED7000014602480068CDF756BC00BF303E012076
:10ED800080B5E0F703FC0149086080BD303E0120FA
:10ED900001460248006801F01EBA00BF303E012063
:10EDA000115013180844416859600A604360704765
:10EDB00000235350436811444B601A604160704710
:10EDC00002460020126812B10A440130FAE7704787
:10EDD000006890420FBF002050184068401A7047EA
:10EDE00000210022682A08BF704781540132F9E7E8
:10EDF00080B5FAF7DFFE0149086080BD483E01207A
:10EE00000248C82190F90000E2F7FAB9A4520120A3
:10EE100040F20000C0F2000000688546F6F71AB91B
:10EE200000F11C0190F82D00000701EAE070704726
:10EE3000016B21B1096838304831FDF73FB970479F
:10EE4000024602481421FFF7B3BF00BFFC53012064
:10EE5000016809680968C96D09B189680847704780
:10EE60000248007808B1EAF783B9704748480120A2
:10EE700018B102778161002000E0FF2040B27047A6
:10EE800000F10801B0F87A00C00501EAE0707047AF
:10EE900000F15801B0F87A00C00401EAE070704750
:10EEA00000F12801B0F87A00800501EAE0707047AF
:10EEB00080B500684FF0FF3100F002F8002080BDFF
:10EEC00080B5CFF765FB013818BF4FF0FF3080BD2C
:10EED00001680968C96909B1E1F7DDBB0020704725
:10EEE00090F82C10072904BF4FF4FA710185704780
:10EEF00080B5D0F83015D0F84C250846904780BD35
:10EF000010B5D0F83035D0F83C451846A04710BDB4
:10EF100010B50C46FBF722FD08B180F89C4010BDEF
:10EF2000002142580431002AFBD1081F801070478D
:10EF300002480068002808BF05207047C854012017
:10EF4000D0F8580190F8081C90F8090CF6F7A9BF02
:10EF500080B5FBF715FD002818BF00F2611080BDD9
:10EF600080B5FBF70DFD002818BF00F5427080BD8D
:10EF700080B50A46D0F80310104600F0B9FF80BDF6
:10EF80000068002180F832100A20DDF745B80068DB
:10EF9000002180F822100A20DDF73EB810B50446A3
:10EFA000F1F7FCFC2169401A10BD10B50468D4F8D3
:10EFB0001CC0BDE810406047234603958DF80450FF
:10EFC0000295F1F7C9BC3E81C7E906542143408848
:10EFD00078817047294610222B4600900798CBF77E
:10EFE00035B880F8561BD4F8580190F8561B704776
:10EFF00000F07F0085F832012846E5F7B5BB07F140
:10F00000080006F58C710822FDF798BB95F82D00D5
:10F0100040F0080085F82D00704794F8C10000F01A
:10F02000F70084F8C100704740F203714FF6FF7299
:10F030000523FCF7E3B848430121A86405F1440027
:10F04000F1F77DBACAF11001BAF10F0F08EB0A000F
:10F050007047A87E40F00200A876B6F866007047B8
:10F06000D4F8A81004F1E100202201F023B941EA0C
:10F070009011800002308DF82D107047D0F84C1B95
:10F08000B1F84410C0F8BC1A704780F8561BD4F889
:10F09000580190F8561B704718F800102A5C514030
:10F0A000295401307047012101FA00F040F21E613D
:10F0B0000842704707467069294622460830F5F72E
:10F0C000C5B8DAF80860DAF81000BAF930107047FD
:10F0D0000021416081600160FF2101717047D0E92A
:10F0E0000110401AB0FA80F040097047B0F8402093
:10F0F000511AA0F84010FBF702BDB0F840100439D7
:10F10000A0F84010FBF7FBBCB0F840201144A0F879
:10F110004010FBF7F4BC020C0870000A4870C81CD1
:10F120008A70704700F0FE000238B0FA80F04009A3
:10F130007047EEF7D5FD0028FBD1FEF761F9F8E73F
:10F1400080B5FAF765FF002818BF012080BDC38194
:10F1500082810181D018023080B2704780B5FBF700
:10F1600085F9002818BF983080BD10F8031C41F0C5
:10F17000020100F8031C7047E0B500230093002350
:10F18000E7F7A1FB8CBD10B1C162002000E0FF20B9
:10F1900040B2704780B5E2F787F9BDE88040F9F7E3
:10F1A0006FBC80B5F8F760FBBDE88040EAF712B8A5
:10F1B0000346D0B261F30E20194600F0A1BEE0B5BF
:10F1C000002300930023D6F77DFD8CBD18B10068A5
:10F1D00008B10078704700207047807A411F0020F6
:10F1E000042938BF01207047011F0022032938BFBE
:10F1F000821ED0B27047036D1BB1C06C0A468908ED
:10F200001847704700F14C0CACE80E000021FFF7E6
:10F21000F2BF80B5233000F06FFE283080B280BD91
:10F220008B88438609680283C0F82E10704780B52A
:10F2300019461046FAF7E8FA002080BD026812B1BC
:10F240004068401A70470020704780B5C06808B118
:10F2500000F08CFB002080BD10B18068000A00E047
:10F26000002080B2704743691BB1426A08461146CC
:10F2700018477047C189C90648BF7047383000F049
:10F280006FBB10B5C46DD4F810C0BDE81040604726
:10F2900000F11401808C400701EAE0707047002201
:10F2A000884288BF4FF0FF321046704718B1027F86
:10F2B0000A70806970470020704718B182880A8000
:10F2C000006870470020704790F8801001F0FE0140
:10F2D00080F88010704790F8801041F0010180F8AC
:10F2E00080107047B0F87A10C9054CBF006F00203D
:10F2F0007047B0F87A1089054CBF406F0020704706
:10F30000B0F87A1021F40061A0F87A10704710B5B7
:10F31000044600F099FF0020A07310BD11F8012BE6
:10F3200000F8012B002AF9D170470021425C01311D
:10F33000002AFBD1481E70470021425C0131002A9F
:10F34000FBD1481E70470021425C0131002AFBD1ED
:10F35000481E70470021425C0131002AFBD1481E43
:10F3600070470021425C0131002AFBD1481E7047E2
:10F370000021425C0131002AFBD1481E7047002168
:10F38000425C0131002AFBD1481E70470021425CDB
:10F390000131002AFBD1481E70470021425C013137
:10F3A000002AFBD1481E70470021425C0131002A2F
:10F3B000FBD1481E70470021425C0131002AFBD17D
:10F3C000481E70470021425C0131002AFBD1481ED3
:10F3D00070470021425C0131002AFBD1481E704772
:10F3E00080B5FFF7B5FBBDE88040EFF7F7BE22B16F
:10F3F00011468830202200F05DBF7047427849797D
:10F4000000208A4238BF0120704710B50C46FBF738
:10F4100093FA00B1446510BD80B5FBF78DFA002862
:10F4200018BF0C3080BD10B50C46FBF785FA00B153
:10F43000046510BD00239A4208BF7047C1540133D0
:10F44000F9E70B46D0F80320C11D184600F032BF83
:10F450000021C0E90011C0E9021170470148806C29
:10F46000E8F7EABC28140020C0E901120421017069
:10F4700000207047C0E9011202210170002070478E
:10F480000148F9F709B900BFF835012001490968B9
:10F4900009690847B00100100B46014610461A469C
:10F4A000FCF77EBF01480068F9F7F6B880520120EA
:10F4B000304629463A462346D2F79ABF0546A078F9
:10F4C000218841EA00407047494601F8010B38465F
:10F4D00000F099BBD4F85801D0F8A40CFEF7ACB9F1
:10F4E0004170617981702168896808470D994046AB
:10F4F0004A463B4600F07EBF184605210022002404
:10F50000F9F7F3BF3046002329464246FAF7A8BC74
:10F5100001228DF810002046E3F7ECBDD4F86C0111
:10F52000D0F88400FFF7A7B8787850224146002829
:10F530002846704714F8015B013B294402317047AB
:10F54000DBF84C0000222346F9F792B8084400F19A
:10F550008801284600F0AEBE304639462A4623468A
:10F56000EAF71FBAB6F84C10D9F83401F6F7D1BB58
:10F57000014A516010707047145301201AB100F80D
:10F58000011B013AFAE7704718B1006808B100F0B2
:10F5900065BD70470149096809680847E001001026
:10F5A00001490968C96A0847B801001001480068A4
:10F5B00000680047E8010010014800684068004703
:10F5C000E801001001488068704700BF3841012001
:10F5D0000149202200F06EBEE825000001480069C4
:10F5E000704700BFF846012001490978084070477C
:10F5F000F054012001488068704700BF1C51012071
:10F60000014890F9000070475050012001490870EE
:10F61000704700BF505001200148F7F779BA00BF8A
:10F62000FC3B012018B150F8080CEFF723BE7047DF
:10F63000014A42F8201070479C3501200149085CBE
:10F64000704700BF043D0120014A42F82010704776
:10F65000E43401200B4600F178010022DEF786B980
:10F66000A0F1240250F8203C10461847A0F12401D4
:10F6700050F8142C08461047A0F1240350F818CC79
:10F680001846604780B500F086FB20F07F4080BDC3
:10F6900001480078704700BFD85401200149087024
:10F6A000704700BFCE3E0120014800210170704725
:10F6B000C63E01200149C881704700BF8C3D012032
:10F6C00001498881704700BF8C3D012001490861D4
:10F6D000704700BFF04F012001480078704700BF1D
:10F6E000D93E0120D0F86C010078C0F3C200704709
:10F6F00008B1C08870474FF6FF707047014A126822
:10F70000104700BF3C5301201CB5049C0094DDF75A
:10F710006DFC1CBD01494968084700BF3C530120EE
:10F7200080B54FF4C87100F0E3FB80BD00210122D9
:10F73000C0E900218160704780B5F2F713F8073007
:10F74000C00880BD0338B0FA80F0400980007047DF
:10F7500080B54FF4AA7100F0CBFB80BD0148006872
:10F7600080697047303E01200149C0E900117047AF
:10F77000EFBEADDE01480068FDF7FEBC483E01204B
:10F7800001490860704700BF7C170020014890F9CC
:10F7900000007047F44E01200148002101607047CD
:10F7A0008854012001490860704700BF8854012037
:10F7B00001298EBF16200161002070470021C0E999
:10F7C000001181600020704701480068FDF710BA01
:10F7D000A0540120014800F0DBBB00BF743A0120B7
:10F7E0000A2804BF012008700020704711B10020D2
:10F7F00000F0C0BD00687047014AC2E900017047CF
:10F80000A0510120C11F0020072938BF01207047E7
:10F81000006B08B10068704700207047027C8A4284
:10F8200038BF0174FFF704BB0148FFF709BB00BFF5
:10F83000885001200148FFF703BB00BFA4500120FE
:10F8400001480088704700BF22540120014890F908
:10F8500000007047F254012001480078704700BF53
:10F86000F554012001480088704700BFCE540120A4
:10F8700001480078704700BFF35401200149087027
:10F88000704700BFF354012001480088704700BF53
:10F89000D054012001480078704700BFF454012083
:10F8A00001480078704700BFF654012001490880E4
:10F8B000704700BF2254012001490870704700BF03
:10F8C000F254012001490870704700BFF55401202F
:10F8D00001490880704700BFCC54012001490880CD
:10F8E000704700BFD054012001490870704700BF25
:10F8F000F454012001490870704700BFF6540120FC
:10F90000B0F17F0118BF411CC8B27047014890F99F
:10F9100002007047D9500120C16ED0E92823084663
:10F92000FEF75DBF0B4600F178010022DEF71EB83E
:10F930000B4600F178010022DEF718B8884218BFA4
:10F94000F8F736BF01207047D0F83035D0F848C5F9
:10F950001846604780B500F074FC503080B280BD1E
:10F960000178FF291CBF01310170704790F84610E3
:10F9700001B17047EFF77EBC0A4690F90E101046B1
:10F98000FAF726B8022918BF70470021C9F729BC29
:10F9900001460148EDF718BFEB2E00000148008B2F
:10F9A000704700BFF84C012080B50821FFF708FA26
:10F9B000C0B280BDD0F8A800002818BF0120704751
:10F9C000D0F8A8201144C0F8A810704780B51821BD
:10F9D00000F08EFA80BD80B5242100F089FA80BD48
:10F9E0000021C0E900118160704709B10020087052
:10F9F0000020704742F202002946E9F72FB9584625
:10FA000042463946FCF70AB8404600213A46FFF71D
:10FA1000DFB9204649464A46D1F736B9A4F8400036
:10FA20002046FBF76CB802EBC00748463D467047DE
:10FA3000DAF8581101F5356170474FF4C860A9F83C
:10FA400028007047204651464A46ECF7CFBF28466B
:10FA500000210022D2F744BC2046FF214FF0FF32A4
:10FA60007047A9782A8842EA01417047D5F86C01AD
:10FA7000D0F88400704701F10A002831FCF71EBB62
:10FA800080F8021BD4F858017047009008462946B8
:10FA9000EBF77AB8284600210022EEF749B904F1C5
:10FAA00028000121F0F74BBD404600213A46FBF704
:10FAB00095BE304631460122F8F7E7BB20460221C9
:10FAC0003222F6F7FDBDC4E92901D4F8A000704741
:10FAD00000234FF0000BFDF70EB90246DDE90610DA
:10FAE000FEF7E4BB30203146374600F043BC11201E
:10FAF00040F22321EBF7B1BE418C01314184FBF789
:10FB00004DBC01204FF46171F8F713BC94F90D005E
:10FB10000021E7F7ABBA387A00F0FE000228704700
:10FB20000322D0F88400EBF7E7B850464946424636
:10FB3000F9F774BFEA6ED5E92801F9F7FDBE94F92B
:10FB40001B000095C2F7D6BD284631463246FBF76A
:10FB5000E5BDEF6828461021FEF744BBD0F85821D8
:10FB6000D2F84C2B704784F850012046E2F7BABB1C
:10FB700000224FF08073F8F77BBD4846514632466D
:10FB8000F7F7C2BD00F118034046FBF7C7BDAF69E8
:10FB900028462021FEF726BB504649462B46D8F77B
:10FBA000AFB9D8F8000090F8021B704780B5FAF79B
:10FBB00001F8000480BD00214FF0FF32D5F720B9D5
:10FBC0000B4611461A46FFF735BC0A68531C0B60FA
:10FBD00010707047014628207F22E2F74FBE13467F
:10FBE0000A460221F0F77DBD08B1F5F70FBE0020EF
:10FBF00070478178008840EA01407047016840689A
:10FC000000BA09BA704740BA21F8020B084670479B
:10FC100000BA41F8040B084670470438B0FA80F087
:10FC20004009704713460A460221D0F77DBB416068
:10FC3000808900220A54704700F12402836A10462A
:10FC4000184790F82100C0F340007047014650F873
:10FC5000080CC26A104700F12402036F10461847CF
:10FC600080B5F3F721FA002080BD80B5F4F7BAF92A
:10FC7000C0B280BD417E41F0010141767047D0F8AD
:10FC80006C01007880097047087D40F00800087515
:10FC9000704780B5442100F02BF980BD10B184215C
:10FCA000FEF7A0BA704780B5442100F021F980BD6D
:10FCB00008B1407970470020704708B1007970475B
:10FCC000002070470021C0E900118160704780B5B5
:10FCD000442100F00DF980BD0021C0E900118160D0
:10FCE000704710B14821FEF77DBA704710B15C2112
:10FCF000FEF778BA704780B55C2100F0F9F880BD56
:10FD000080B56C2200F0D6FA80BD10B16C21FEF7F0
:10FD100069BA704780B56C2100F0EAF880BDC0E98F
:10FD20000011C0E90211704780F8752080F8741046
:10FD3000704780F8772080F87610704780B57C2176
:10FD400000F0D6F880BD80B5C42100F0D1F880BDA8
:10FD50001A78026058780860704780B5F42100F086
:10FD6000C7F880BD80B5FBF719FB002080BD80B5CA
:10FD7000682100F0BDF880BD08B1FFF709B8002088
:10FD8000704708B1FFF704B80020704780B5EEF760
:10FD900087F9080C80BD80B5EEF782F9084680BD72
:10FDA00080B5EEF77DF9080E80BD024600200021E7
:10FDB000E1F756BD80B5282100F09AF880BD90F893
:10FDC0003A0000F001007047B0F87A00C0F3C0209C
:10FDD000704790F8800000F00100704780B58821DE
:10FDE00000F086F880BD407BB0FA80F04009704793
:10FDF000806B00F5A470E5F7D5B8806B00F5A470B2
:10FE0000E5F7D0B890F90E100220F9F7E1BD90F9AE
:10FE10000E100120F9F7DCBD90F90E100320F9F760
:10FE2000D7BD90F90E100420F9F7D2BD80B5E8F7E0
:10FE3000AFFC002080BD01460220E7F7B9B9EFF31F
:10FE4000108072B67047EFF3108062B6704740685A
:10FE500000210170704798F85300FDF749BB204618
:10FE60002146EEF72DB820460121C7F7D3BD434602
:10FE70003846D5F755BD03200121D1F797BB112195
:10FE8000204600F035B8D4F86801C3681847284602
:10FE90001346FBF743BC00902046C7F743B804F174
:10FEA000C400EEF765BA94F82C000328704794F864
:10FEB00038102878704700220023F0F74DBD214606
:10FEC000302200F0F7B9D4F85821016D7047394657
:10FED0003E4600F04FBA00F69840FDF7E7BF9BF8AA
:10FEE0002C000328704780B5E8F74EFF80BD000066
:10FEF0000A460021FFF79EBA008800BA000C70473E
:10FF000021F8020B0846704741F8040B0846704779
:10FF10000021C0E90011704703210174EEF766BEAD
:10FF200002210174EEF762BEF7F754FBFFF701F907
:10FF3000808908440130704700210022C7F74CBE79
:10FF4000002818BF013070474FF48070FEF7A8BE3C
:10FF50004FF48050FEF7A4BE4FF40060FEF7A0BE41
:10FF6000D0F86C01C07870470A468621E9F7B7BC23
:10FF700013460222E9F734B808B1FBF79FBB70477C
:10FF80000021C0E900117047004870474435000067
:10FF90000021C0E9001070474FF0FF32CEF7AAB938
:10FFA00008B1FEF7E5BE704708B1FEF7E1BE704745
:10FFB0004FF0FF31F3F7BEBD007E00F03800704710
:10FFC0004FF6FF7181867047C089C0F340007047CB
:10FFD000D2E90012CEF782BB006800680068704763
:10FFE00090FA51F080B27047D0FA51F080B2704769
:10FFF0000A462021FEF7DCBE44F250614181704781
:020000025000AC
:1000000090F90D00F4F7E6B990F90D00F4F7C6B9D0
:1000100090F90D00F3F73CBE0821017000207047F5
:1000200002614968C160704708B1FEF7A1BE704720
:100030000A460421FDF75EBE0222DFF7F7BC01226B
:10004000DFF7F4BC0222CAF777BD0122CAF774BDFC
:100050000222EEF755BA0122EEF752BA00210175DD
:1000600070470320D1F7F0B80420D1F7EDB8012193
:10007000417070470121017070470022DBF7B6BC68
:10008000F9F798FDFEE70138FDD170476FF00100E8
:10009000704703689B6818470268D268104720467B
:1000A000FDF76AB80A46FBF739BB2046E5F7A2BA66
:1000B0003846FAF779BB2846BFF746BD3946FDF703
:1000C0008BBB202200F0F6B80122E3F713B8012120
:1000D000E1F7FABA2946FFF713BF3846FAF762BFCD
:1000E0003846F0F7F3BD102200F0E4B82046E6F7FA
:1000F0004DB92046FDF7C4BE0A46F1F754BB504641
:10010000DCF786BD102200F0D5B83023F8F7F4BC38
:100110002046DCF787BA0022EDF75EB93023F8F706
:10012000EBBC2846FFF7F6BA2846FDF725B8284667
:10013000F5F7BDBD0B46FBF7F1BAD0E90110084752
:10014000000CFDF719B80021018070470720E6F781
:100150007FBE0022F4F712BE0022F4F70FBE006843
:1001600000BA7047007B000970474FF4C5607047C4
:1001700090F820007047C0F8901070470846096C4E
:1001800008470B22FEF7ACBCE920D8F7E5BDD20842
:10019000FFF770B90023DCF7EFBA0978CCF76CBC35
:1001A0008900FEF71FB84821FEF71CB8C0E91412F9
:1001B0007047C0E910127047C0E906127047C0E9E5
:1001C0000412704741700170704759701870704781
:1001D0000123B5F7BBB80122CEF78CB881600020AF
:1001E0007047C0B2FFF780BB4FF4007070474FF408
:1001F000616070470822FEF773BC0822FEF778BCE6
:1002000080F878107047D0E9000170472021F8F796
:100210007BB890F90D0070474FF0FF3070474FF0FA
:10022000FF3070470021FBF73ABF0020FCF722BDEA
:100230000020FCF71FBD0120EEF722B8C166C16B9C
:1002400008474FF4AA607047FF21417070470021B2
:10025000F3F790BA4FF0FF3070470921EEF7D8B8A6
:100260005238C0B27047C0F8A81070474280018071
:1002700070478160704700207047F1F71DBCFBF7A5
:100280008DB8401A70470020704700207047FFF774
:10029000C9B9F5F7F3BCF3F7FDBDF9F7E5BCD1F744
:1002A00015BA00207047FFF761BBBEF77DB8F7F7BE
:1002B00087BE0000FEF71ABBF8F7E6BC01207047C6
:1002C000F4F7DCB8FFF763BFFBF7C8B9E3F720BD6D
:1002D000E9F7A6B9F7F772BDEAF726BAFAF762BBF3
:1002E000008870470068704700207047D9F7D6B97A
:1002F000806D7047E7F73CBE08467047C16B084702
:100300001220704781617047006870470160704734
:10031000C0697047007D7047E1F782B800F002B80D
:10032000C2207047C6F748B9FFF79FBCE9F7FCBE8B
:10033000F4F7F8BE00207047FDF704BFC5F786BA92
:10034000FCF7BAB8F0F7C0BEFCF742B9002070471E
:100350000020704700207047FBF720B8FBF71EB85D
:10036000FBF71CB8FBF71AB8002070470020704755
:10037000FDF756BA085870470020704700207047B4
:1003800000207047F0F70ABB00207047FFF700BE5F
:10039000FFF7FEBDE7207047FEF7EABCF7F748BC61
:1003A000002070470020704700F01AB88174704731
:1003B000DDF7ECBDFFF79EBAFFF778BAFFF77CBA1E
:1003C000FFF780BAFFF75ABAFFF782BAFFF786BA8B
:1003D000002070473830704740307047006B7047DE
:1003E000808E7047043070470F2070471E20704782
:1003F00080207047012070470120704740207047DF
:10040000C0207047002070470120704701207047CE
:1004100000207047062070470A207047022070476E
:10042000012070470020704700207047F02070477F
:10043000FEF79EBC008F7047EFF774B941737047A9
:10044000007B7047008C704768207047E020704741
:1004500050207047FEF78CBCECF76ABFFDF705BD76
:10046000F8F706BEEAF7A0B8F7F7CCBF0020704750
:08047000FAF7FEBD00BFFEE734
:1004780001E500000FF9060100BF053A3F02E90255
:1004880005FF00317E02006D0305AA3C2F0B120404
:10049800BF05223F80023FCF0124C24100FF000078
:1004A800417F02017F7E4BBFC601AD00C10218210A
:1004B800003921A0102F0902DEFFFFFF57692D53D5
:1004C800554E204EBF6574776F726B5E5F0103FFF8
:1004D800000038C40D00C8005F810201011B05E956
:1004E80001217CB30901060F00636F03026064D029
:1004F80004E30020003100B1003A200020C50101CA
:100508007140003401FD00FF0D0008F8057000344B
:100518003275AD0A04005CDF180000BC196C532D5D
:10052800D8FC2D1F026E1F420200D1BA0300FFCD76
:100538002A040045CE0300D59900307900F06908F7
:10054800F0C18CF41580754FE5032B94CFC102ECF4
:10055800C00400FF00F1C1060000F6C2DF0A000077
:10056800FBC4004000C8B51072C0C96DA002CA6DB6
:10057800F003FBCB144760CD16000005FFCE1C002E
:100588000006D120006F0007D4264320D82C4BD07A
:10059800BFDC3E00000A9200400BFF9A6600000C88
:1005A8005E8900FF000D24B200000E3FDE76F07F6A
:1005B800FFFF3FB02F475D40FF014031111408D3C2
:1005C800887FF70083057EA4A37AA0FF0306E0EAEC
:1005D80023060100FFA3840600B3840500FF4644F8
:1005E80088509C602000F7A3880278F09F7D2053F4
:1005F800FF073AFC5003001451FF2323E387CE0082
:100608000308DF250064403C7AB02F4573038B58FC
:1006180093BB3F3E0C46011320E00073883100F184
:10062800549F56C7FF20320005AE928032000F92C9
:10063800E06400B264AA00B2960172960172C80220
:1006480032C8F602322C0102F12C010F017618FB98
:10065800480A18F3B87A2325D037A3840C18F00B6E
:1006680000173919B3351A19B00492B0BF7D18397B
:100678001DBF18E12303F41DBB1CF99F7108072057
:10068800FD1C792001BB0608572CFFE14D7BA2D148
:1006980055499CFFC8519B1849835A01FF684FC8A8
:1006A800ACA583F370FF40F74C59EA58A4B8FF8310
:1006B8004938ADCB6BE388FFC26263E426B491BCD2
:1006C800FF054AF39B59F053EC37128E5FDCFF317C
:1006D8000708746F45A54508ADBF0AA7931DD31435
:1006E8001E920056AAE01D76687E8F071E3F121DD7
:1006F8007701B030AF7D1D3F04CA03BF0A1B03B4A6
:10070800CF03B6423F34202926423370F5293541BC
:10071800F31C0ABEFB7F1E8689512BC030D00030E7
:10072800FF315500008107FFC400B1C45156901A2B
:10073800745641004700F84E417102554DFF0C06B2
:100748004C76F232B1AF32BA09FF13051F000FFA27
:100758003CF064D0500100A000030540FFEB2CD111
:10076800C054F9117B187F30FFE543FEFE0074C7C3
:100778001F05D183A67F0801DC406EB5710000819A
:10078800FFEF0B54505733355C00746400F1FD0CD7
:100798004070E1BF08FFC1E9000085E204003FCDD9
:1007A800BF0400F9231AD5FFE3FFCD1001001D4750
:1007B8000400CD9901F0D15501BBC35F0640009FED
:1007C8002800100058B921B5E05862E0E2EC09743D
:1007D800BDBEAD640C5162B3491400703CFD2801E4
:1007E800B4EE7F12320F31A2FFE0967CE11DF4FFD8
:1007F800EF0080FFEF08E18B0B5EFFE208FFE0806F
:10080800E0FFE1A86A09B4B00A34B808FF05D17A54
:1008180013BBA400FF5EFFE9054D602F110423926E
:10082800FF2C36CF08FE5F059C521877A800B0FF52
:10083800E595B40178C00230E03E01FFE0CC320219
:1008480038D802F8FFE1E40B94200030CB919B25C7
:10085800BA515DFF1EFF554D4ECF040025F628BF47
:100868000A467301E8CF0200A3020A04FFE47453A6
:10087800AA89337C00748400F48C017494AA01F46E
:100888009C0274A402F4AC0374B4AA03F4BC047408
:10089800C404F4CC0574D4A805F40FB606F4EC0728
:1008A80074F407F4FC060874045492340071982315
:1008B800DE8EDF91873F8601003240713BB9FFEF42
:1008C8000AF9C52DFFE9F00034347F14FD9578331B
:1008D800BE0E303400006236FEB3AACA00006D00B6
:1008E800B03200F43B32008090FB82A418FC849460
:1008F800B002A567EC11FF0100FFF00071EF0400E2
:100908009D66030043F4040000000000100000008E
:100918000000000010000000000000003817000070
:1009280000000000B026010078040500E03E012028
:1009380010090500101800201809050020180020CB
:1009480020090500D80000202809050030180020DB
:02000002A0005C
:10E000002DE9F04FA3B0D0E90267D0E904524B6884
:10E01000D1F800800E908069D1F808A0D1F80CC02A
:10E0200085EAB7041BBA11920D900F959AFA8AFEF1
:10E03000129710963440219313446C4003EB04096B
:10E0400082EA05042B463C407344544098FA88F217
:10E05000229202EBF6620244FD482244141809EBB6
:10E06000F462814615184FEAB70282EAB6022240EE
:10E0700082EAB7021A4402EBF56213184FEAB402BF
:10E080009CFA8CF082EAB602159000EBB7000F699B
:10E090002A4082EAB60210444FEAB50282EAB4028C
:10E0A00000EBF3601A40484482EAB40C3ABA02EB3F
:10E0B000B6074E69139207EB0C024FEAB30787EAE3
:10E0C000B50736BA02EBF062074006EBB4041496CB
:10E0D0004FEAB0064A4487EAB50786EAB3063C44ED
:10E0E0008F69164086EAB30604EBF2643FBA4C44EB
:10E0F00007EBB5051697CF6935444FEAB20686EAB5
:10E10000B0063FBA05EBF465264007EBB303209752
:10E110000F6A4D4486EAB00633444FEAB40697FAD4
:10E1200087FB4F6A86EAB2060BEBB00003EBF563A0
:10E13000CDF82CB02E404B443FBA86EAB20607EB2E
:10E14000B2021F978F6A30444FEAB50686EAB406DA
:10E1500000EBF3603FBA1E4048441B9786EAB406C2
:10E1600007EBB404CF6A32444FEAB30686EAB50639
:10E1700002EBF0623FBA06404A441C9786EAB506B5
:10E1800007EBB5050F6B34444FEAB00686EAB306D9
:10E1900004EBF2643FBA16404C441D9786EAB3067E
:10E1A00007EBB3034F6B35444FEAB20686EAB0067D
:10E1B00005EBF46597FA87FC8F6BC96B26404D44DD
:10E1C000CDF868C086EAB0060CEBB0003FBA91FA11
:10E1D00081F833444FEAB40608EBB4011E97CDF83A
:10E1E000648086EAB20603EBF5632E404B4486EA70
:10E1F000B20607EBB20230444FEAB50686EAB4062F
:10E2000000EBF3601E40484486EAB406229C324488
:10E21000159E02EBF06284EA0E0402EB090A4FEA53
:10E22000B30284EA0B0482EAB50284EA0C04CC4609
:10E23000024022944FEAF47482EAB50204EBB5047A
:10E240001F9D11444FEAB00282EAB30201EBFA616A
:10E2500002EA0A02494482EAB3022244219C02EB08
:10E26000F162744002EB090B4FEABA026C4082EA99
:10E27000B002654684EA07090A401B9F4FEAF97419
:10E2800082EAB002CDF85C9004EBB30308941A4420
:10E2900002EBFB6202EB0C04DDF84CC04FEAB1026A
:10E2A00082EABA028CEA0E0302EA0B02AE467B4017
:10E2B00082EABA02149F83EA080318934FEAF373C1
:10E2C00003EBB000049387EA06031D9E104400EBA5
:10E2D000F46042191C9D4FEABB0080EAB1006B401C
:10E2E000229D204080EAB10083EAF5784FEAF87376
:10E2F000CDF8548003EBBA03DDF858A018448AEA3D
:10E300000C0500EBF260DDF82CC0754000EB0E034D
:10E31000DDF880E04FEAB4001A9E85EAF97580EADC
:10E32000BB0021954FEAF575504005EBB10107950B
:10E330008EEA07057540189E0844464900EBF360D5
:10E3400085EAF675084489464FEAB2011E9E149587
:10E350004FEAF57581EAB401029505EBBB078CEA3B
:10E360000A055940754039444FEAB307199E85EABA
:10E37000F87A87EAB20701EBF061C8464FEAFA750E
:10E3800047404944CDF858A005EBB4044FEAB00526
:10E390003C4485EAB30504EBF16485EA010B219D59
:10E3A0004C44DDF87C9089EA0E07C646774087EA40
:10E3B000F5764FEAB1054FEAF6772096229E85EA78
:10E3C000B00507EBB2020C9765405A4402EBF462C9
:10E3D0004244DDF86C8088EA0C07DDF870C087EAFB
:10E3E000F677149E87EAF67B8CEA09074FEAFB76FC
:10E3F000CDF82CB006EBB303019676462B444FEADA
:10E40000B405B14603EBF26385EAB105734485EACE
:10E41000020E179D87EAF57787EAFA75DDF874A092
:10E420004FEAF5771F954FEAB20507EBB0008AEA8D
:10E43000080785EAB4057044DDF868E05D4000EB4C
:10E44000F3603044189E87EAF677209E00F004B807
:10E450009979825AA1EBD96E87EAF6764FEAF67778
:10E46000B0461B96159E07EBB10109978EEA0C0783
:10E47000CC4687EAF67729444FEAB30587EAFB766C
:10E4800085EAB20501EBF061DDF864B04FEAF6779A
:10E49000454049441396149E07EBB40403972C445B
:10E4A0004FEAB00504EBF16485EAB3054C4485EA14
:10E4B00001091E9D85EA0A07219D87EAF5771F9DC0
:10E4C00087EAF57A4FEAB1054FEAFA7785EAB005AF
:10E4D000CDF860A007EBB2028BEA0E076540E64676
:10E4E00087EAF6774A441E9E87EAF87802EBF462E0
:10E4F0004FEAF8776244CDF8708007EBB3030A97D0
:10E500002B444FEAB40503EBF26385EAB10563449B
:10E51000DDF888C0554086EAFC77169E87EAF677D4
:10E52000139E87EAF6761D964FEAF67606EBB00064
:10E530000696764628444FEAB20585EAB40500EB14
:10E54000F36085EA0309179D70448BEAF577209DF7
:10E55000DDF854B087EAF5774FEAB30587EAFA7E2B
:10E56000DDF810A085EAB2054FEAFE774540CDF808
:10E5700064E007EBB1018AEAFC774944B14601EB5C
:10E58000F06131440B9E87EAF6771F9E87EAF87C9C
:10E59000DDF808804FEAFC77CDF800C007EBB40443
:10E5A0000B972C4404EBF16404EB09054FEAB0042B
:10E5B00084EAB30484EA0107089C84EAFB7484EAD1
:10E5C000F6741D9E84EAF6744E4617944FEAF4746E
:10E5D00004EBB20205943A4402EBF56202EB090740
:10E5E0004FEAB10282EAB00282EA0509219A8AEA78
:10E5F000F2741B9A84EAF27484EAFE72B6464FEA19
:10E60000F274219204EBB30388EAFB74E34603EB54
:10E6100009024FEAB503DDF8589002EBF76283EA8E
:10E62000B1033244139E7B4084EAF67484EAFC769C
:10E63000F4464FEAF674B2461A96189E04EBB00000
:10E640001394079C184484EAF97400EBF26084EA9E
:10E65000F674179E00EB0E034FEAB70080EAB50090
:10E6600084EAF674504022944FEAF47404EBB1014A
:10E6700007941C9C0844209900EBF36088EAF17130
:10E68000DDF8048086444FEAB20081EAF471219CEF
:10E6900080EAB700584081EAF4744FEAF4712646E4
:10E6A0001E9488EAF97401EBB5011D9D08444FEAF8
:10E6B000B30184EAF57481EAB20100EBFE6084EAFA
:10E6C000FA7581EA0E0160444FEAF574A9461D957A
:10E6D000169404EBB7041F9F214401EBF06101EB9A
:10E6E0000C0545EAB00405EAB00104EABE04214382
:10E6F0001B9C88EAF47484EAFB7484EAF674199E1D
:10E7000020944FEAF47404EBB3040C444FEABE01C6
:10E7100081EAB3010C9B414083EAF77383EAF67305
:10E72000229E83EAF6764FEAF673B3460C96179E5E
:10E7300003EBB2020493FE4B114401EBF5619A46E0
:10E740006144DDF80CC004EBF16241EAB5041A44FF
:10E7500001EAB50304EAB00423438CEAF774219F6D
:10E7600084EAF67442EAB10684EAF97806EAB50664
:10E770004FEAF874CDF87C80159404EBBE04D646BD
:10E78000234403EBF26303EB0A0402EAB103DDF86E
:10E7900060A03343099E86EAFA7686EAF7767746E2
:10E7A00086EAFB79DDF818B04FEAF976CDF85C908F
:10E7B00006EBB000099644EAB206184404EAB20334
:10E7C00006EAB10600EBF460704446EA030E1C9BB7
:10E7D0008CEAF3761A9B86EAF376209B86EAF37C32
:10E7E0004FEAFC76CDF86CC006EBB50540EAB406FE
:10E7F00005EB0E03BE4606EAB20603EBF063DD1935
:10E8000000EAB403229F33438BEAFA76F24686EAA3
:10E81000F77686EAF8774FEAF776B8461C971E9F98
:10E8200006EBB101149645EAB006194405EAB003B7
:10E8300006EAB40601EBF5611E430A9B7144DDF85C
:10E8400064E083EAFE7383EAF7731D9F83EAF97934
:10E850004FEAF973CDF8609003EBB202089341EAF6
:10E86000B503324401EAB50603EAB0033343009E20
:10E8700002EBF16252448BEAF67686EAF776574667
:10E8800086EAFC76DDF814C022964FEAF67606EBAF
:10E89000B40442EAB106234406EAB50603EBF26388
:10E8A00003EB0A0402EAB10346EA030A0C9B8CEA72
:10E8B000FE76DDF884E086EAF37686EAF8734FEABE
:10E8C000F3769846199304EAB20306EBB0000C966F
:10E8D00044EAB206504406EAB106BA4600EBF460D8
:10E8E00033430B9E3844209F86EAFE7686EAF7760D
:10E8F00086EAF9774FEAF776B9460A9706EBB50547
:10E9000006961F9E2B4440EAB40503EBF06305EA2C
:10E91000B20503EB0A0B00EAB4032B431A9D8CEA01
:10E92000F575DDF81CC085EAF675229E85EAF67657
:10E930004FEAF67537461A96179E05EBB1014BEA7A
:10E94000B00519440BEAB00305EAB4052B438CEA81
:10E95000FE7501EBFB61DDF878E085EAF675514460
:10E9600085EAF8764FEAF675B04621961B9E05EBD0
:10E97000B2020B9541EABB051A4401EABB0305EA62
:10E98000B0052B43139D02EBF162524485EAFE75FC
:10E9900085EAF6751C9E85EAF97A4FEAFA75CDF894
:10E9A0000CA005EBB404059542EAB1052344604C84
:10E9B00005EABB0503EBF2631C4402EAB1032B43F7
:10E9C0001D9D8CEAF57585EAF675189E85EAF7793E
:10E9D000049F4FEAF975CDF8749005EBB000184428
:10E9E000534B00EBF460C5189C4644EAB20304EABA
:10E9F000B20003EAB103184387EAFE7383EAF673B1
:10EA000045EAB40683EAF87E06EAB206E0464FEA33
:10EA1000FE73CDF878E0139303EBBB03184400EBCF
:10EA2000F56000EB0C0305EAB400DDF880C046EAAF
:10EA3000000B169E229886EAFC7686EAF07686EA35
:10EA4000FA70DDF86CA04FEAF076189006EBB10191
:10EA5000079601EB0B0043EAB50100EBF36001EA16
:10EA6000B40100EB080603EAB50041EA000B1F9869
:10EA700087EAF07119980A9F81EAF07181EAF970CA
:10EA80004FEAF07181461F9001EBB20146EAB302F2
:10EA900001EB0B00DDF824B006EAB30102EAB5028F
:10EAA000114300EBF6608BEAFC72404482EAF77295
:10EAB0001A9F82EAFE7217924FEAF2720A9202EBF2
:10EAC000B40240EAB604114400EAB60204EAB30410
:10EAD0002243159C01EBF061414484EAFA7484EA14
:10EAE000F774189F84EAF77E219F4FEAFE74CDF8F1
:10EAF00008E0049404EBB50441EAB005224401EABD
:10EB0000B00405EAB6052C431C9D02EBF1624244B9
:10EB10008BEAF575DDF820B085EAF775039F85EA85
:10EB2000F97CDDF85C904FEAFC7500F003B800BF9B
:10EB3000DCBC1B8FCDF870C005EBB30342EAB10516
:10EB4000234402EAB10405EAB0052C438BEAFA75C6
:10EB500003EBF26385EAF775434485EAF9774FEAF8
:10EB6000F775BA462097229F159505EBB6052C44FC
:10EB7000149D04EBF36485EAF7751D9F04EB08060A
:10EB80004FEAB20484EAB10485EAF7755C4085EA8D
:10EB9000FE774FEAF775BE46039705EBB00009957F
:10EBA0002044F44C00EBF660204425464FEAB304C1
:10EBB00084EAB20484EA0608199C8BEAF4771E9C66
:10EBC000AB4687EAF47787EAFC744FEAF477A44609
:10EBD0001B944FEAB60407EBB10184EAB304414445
:10EBE000DDF81880444001EBF0612944229D88EA59
:10EBF000F577189D87EAF57787EAFA774FEAF77590
:10EC0000BA4622970C9F05EBB20216951F9D22442F
:10EC100002EBF16202EB0B04DDF868B04FEAB002E0
:10EC200082EAB60287EAFB774A4087EAF57787EA05
:10EC3000FE7518954FEAF57505EBB3031495219D04
:10EC40001A44CC4B88EAF57702EBF462DDF81480C5
:10EC5000029D87EAF97713444FEAB10287EAFC790B
:10EC600082EAB0024FEAF9776240CDF8649007EB90
:10EC7000B606C04F324488EAFB7686EAF57602EBA8
:10EC8000F36286EAFA7502EB070E4FEAB40282EAF3
:10EC9000B1024FEAF576AA4621951C9D06EBB0001D
:10ECA0005A403E4610440B9A00EBFE6000EB070C06
:10ECB0001D9F4FEAB30080EAB40082EAF77280EA4F
:10ECC0000E0082EAF572189D82EAF5754FEAF57238
:10ECD000AB460B95209D02EBB1011E9A08444FEA0A
:10ECE000BE0188EAF27281EAB30100EBFC6082EABD
:10ECF000F57281EA0C013044079D82EAF972B1464F
:10ED00001E924FEAF27202EBB40285EAF7741F9F7B
:10ED100011444FEABC0201EBF06182EABE023144C9
:10ED2000039E424084EAF67484EAFA76CA464FEAC1
:10ED3000F674B0460C961B9E04EBB303139C1A4466
:10ED40004FEAB00384EAF77402EBF16283EABC0392
:10ED500084EAF674179E4A444B4084EAFB7985EABC
:10ED6000F675229E4FEAF974CDF8689004EBBE0464
:10ED700085EAF6751E9E23444FEAB10484EAB00486
:10ED800003EBF26385EAF67B5440189E53444FEA46
:10ED9000FB75CDF874B005EBBC05DDF810C02C4454
:10EDA0008CEAF77504EBF36485EAF67504EB0A0E5A
:10EDB0004FEAB204199E85EAF87A84EAB104DDF8D4
:10EDC00070804FEAFA755C40CDF87CA005EBB0008E
:10EDD0000A9D2044674C85EAF87500EBFE6085EAE1
:10EDE000F67504444FEAB300219E85EAF97580EA7E
:10EDF000B2004FEAF57780EA0E0018955D4D07EBFB
:10EE0000B101084420992F4600EBF4608CEAF171BF
:10EE100000EB05094FEABE0081EAF67180EAB30013
:10EE20000B9E81EAFB7C6040DDF86CB04FEAFC7120
:10EE300001EBB20108444FEAB40100EBF96081EA4A
:10EE4000BE012844099D81EA090185EAF87282EA37
:10EE5000F67282EAFA781E9A4FEAF87606EBB30366
:10EE60001944159B01EBF06183EAFB73CE194FEA5D
:10EE7000B90183EAF273189A81EAB401414083EA46
:10EE8000F27A229A4FEAFA7303EBBE0385EAF2752F
:10EE90000C9A19440D9B01EBF66185EAF275354A2F
:10EEA00039440E9F85EAFC7EDDF850C003EBB103C8
:10EEB0004FEAFE75BB614FEAB00305EBB4048CEA80
:10EEC000FB7583EAB9037340234403EBF1639C1899
:10EED000119B1A9A85EAF27503EBB40385EAF8727E
:10EEE0007B614FEAB603169D83EAB0034FEAF272E4
:10EEF0004B4002EBB9021A441E4B02EBF4629946F6
:10EF00001A440F9B03EBB2033B614FEAB10383EA60
:10EF1000B60383EA0408199B85EAF3751D9B85EA0D
:10EF2000F375129B85EAFA754FEAF57505EBB000AB
:10EF3000404400EBF26048440344FB604FEAB403F2
:10EF400083EAB1011F9B5140219A8CEAF27282EA56
:10EF5000F372109B82EAFE7203EBF27202EBB602CE
:10EF6000114401EBF0604844B860002023B0BDE8D4
:10EF7000F08F00BFD6C162CA2DE9F04F9BB0CC4ED6
:10EF80000446406806F56065102828461FD02746CD
:10EF900057F8380FD0B120468EF772FAB8B96068CA
:10EFA0000F2813D8DFE810F01000F8001E007E01D3
:10EFB00056008601CE01C401D80169000E02180076
:10EFC000F20014021600CA01012008E228461BB014
:10EFD000BDE8F08F0F2002E220461BB0BDE8F04FE5
:10EFE0007CF760B822689069002800F0FB81B2F8D5
:10EFF0007820D4F8A060D4E90201C2F34002331DA6
:10F00000A1F7E3F8A1F714F900BA354606F10A01B1
:10F010001C2245F8060F2068D0E9063098470028E2
:10F02000D5D138682946202200F5F670A1F742F9BB
:10F030003868D0F85002002800F0C1823868D0F853
:10F040005002002800F0CF820C206060204677F745
:10F0500077F8DAE200200D903868D0F8C451A87A29
:10F060000A2800F21882012101FA00F040F2A261A0
:10F07000084200F010820520B1E13868D0F8C401E0
:10F08000807A0A2800F2AA81012101FA00F040F2F8
:10F090001E61084200F0A281606B406E002800F003
:10F0A0009D812046002168F7B5FC00288FD160685B
:10F0B000616F06F5C077013060601629384686D149
:10F0C000E16E08780F2838467FF481AF626B06F551
:10F0D0009850566E002E3FF47AAFE268032A7FF410
:10F0E00076AFD4F8800006283846FFF470AF087970
:10F0F0009FF716FE002800F094830546E06E017924
:10F1000020469BF735F9002838467FF460AF0DF1B3
:10F110003C09042D08BF09F11009E06E4079A0F701
:10F1200011FB002800F07D8306F1CC080146404623
:10F130009FF7E6FD002800F07483D4F8801038466D
:10F140000829FFF444AFE06E0823C28810BA03EB2D
:10F150001040884238467FF43AAFA06B56BAD0F8D8
:10F16000B8310FA90EAA20469847E06E29464A46B4
:10F1700000230830CDE9000640469FF7A9FA002891
:10F180007FF425AF20469EF7BBFA29E120461BB04D
:10F19000BDE8F04F9EF7C0BA204605217FF7DCFDA1
:10F1A00000287FF414AF216E06F5C06B087816288E
:10F1B00058467FF40CAF20684B1CB0F87800C0F3C1
:10F1C00040020EA80DA9A0F7C3FD0E9803285846CB
:10F1D000FFF6FDAE606E008845BA5846B5F5805F13
:10F1E0003FF6F5AE691D20467FF7B6FD00287FF497
:10F1F000EEAE0020D4F86CA02A46E067A06B514622
:10F20000D0F8B43120469847042D5846FFF4DFAEBD
:10F210009AF80000012858467FF4D9AE9AF8010008
:10F22000002858467FF4D3AEBAF80200042100BA91
:10F2300001EB1040854258467FF4C9AEA5F10409A0
:10F240005846B9F1260FFFF4C2AE20680AF104084F
:10F2500004F1080504F10C0143460C91B0F8780064
:10F26000C0F340022846A0F773FDA068A16BC1F867
:10F270005402E068A16BC1F858022068A16890F8B8
:10F280007620914206DB0C9A90F8773012689A4209
:10F2900080F2D78220460221462297F711FA06F51E
:10F2A000845094E620461BB0BDE8F04F77F71CBCB5
:10F2B0000081FFFFA06B0621D4F8A090D0F8C40114
:10F2C0006160817A00200A293FF681AE012202FAAC
:10F2D00001F140F21E6211423FF479AE2068B0F8AD
:10F2E000780010F00C0F7BD044F20100A9F8040064
:10F2F000E068032879D1206809F1060800264FF05C
:10F30000030A876D3868002873D09FF76DFF68B1D6
:10F310000546204629469BF72BF838B9B01C06EB6A
:10F320000801064608F8005081F803A00437E9E711
:10F3300020461BB0BDE8F04F62F70CBD204693F7A6
:10F3400055FA4DE016200421A0F7BDFB0E210170F7
:10F350006068013060606FE0A06B0121D0F8C4915B
:10F36000204668F757FB00287FF431AEE36E606FEC
:10F37000D4F880C006F54075191D162828460F914F
:10F380007FF425AE1878102828467FF420AE99F82F
:10F390000AE006F59850BEF10A0F3FF618AE0122BA
:10F3A00002FA0EF212F4C36F00F069813868ACF112
:10F3B0000402043098F7F2FA002800F0018206F502
:10F3C000207004E620461BB0BDE8F04F8EF7A0BDCC
:10F3D00020461BB0BDE8F04F84F738B90A206060C2
:10F3E0000020F4E506F53060F1E508204FF0000854
:10F3F00007E030BA06F10208000CA9F8060006F191
:10F400000A002168B1F8782092051BD409EB0001AD
:10F410004FF0000A1620A1EB0901A0F754FB0D21C3
:10F4200001704FEA1A21D4F8A00040448171D4F849
:10F43000A000404480F807A020461BB0BDE8F04F74
:10F4400087F7ECBE01F150024FF0000A166809EB95
:10F450000001002EDED0F269002ADBD0B0F5805F1B
:10F46000D8DCB56CC0F58052AA42D3D3AF1CBA42E7
:10F47000D0D32A0A4D7000F1020B09F8002009EBE5
:10F480000B002A46F16CA0F715FFBA4405EB0B0000
:10F4900006F5A872DAE70420C4F8A800A87A0828BC
:10F4A00001D006280FD105200021C4F8A800D4F807
:10F4B000A0000171D4F8A820D4F8A000531CC4F80F
:10F4C000A8308154A87A4FF0000908284AD80121B1
:10F4D000814011F48C7F45D0216800200F90C96DC8
:10F4E0000A785AB13868D0F83801036823B11B781C
:10F4F000934203D00430F8E70131F1E706F5386AAA
:10F50000002800F093810068002800F08F810178C6
:10F51000386804309EF748FE8246002840F0868115
:10F520002068D4F838C0D4F8A020D4F8A830D0E9A6
:10F5300006101A44C3F58053CDE900100CF1040005
:10F540000FA986F79BFD8246002840F06F81D4F812
:10F55000A8100F9AD4F8A0000A4400EB0109C4F8DF
:10F56000A820A87A053810F1030F80F0D1800D98FB
:10F57000B8B1D4F8A820D4F8A010000A531CC4F8DD
:10F58000A8308854D4F8A810D4F8A0004A1CC4F8B5
:10F59000A8200D9A4254D4F8A8000D990844C4F844
:10F5A000A80016200C21C4F8A400D4F8A000017013
:10F5B000606801306060204687F730FE07E5616BC8
:10F5C000086900283FF43AAD2068026A002A3FF437
:10F5D00035AD806A904700287FF430AD386801214E
:10F5E000C0F850122AE5606801306060A0F720FE84
:10F5F000626BC2E9000120212022606B016120685A
:10F60000616BD0E906301431984700287FF4DFACF5
:10F61000606B06F12705006986F82600606B0269B9
:10F6200000F114012846A0F745FE606B816800696F
:10F63000090A29542844616B00F105088968417062
:10F64000616BC96881700021D4F8C020012A05D1FE
:10F6500088F80410D349C8F800100521626B92F8AD
:10F660006C304BB34FF0012248F8012008EB010247
:10F67000636B93F86C3013710523626B1DE003EB31
:10F680000C08BEF1050F00F0AE80BEF1080F7FF44C
:10F690009EAC0FA9204642467DF712FA00287FF45F
:10F6A00096AC38680F99A8EB0102043098F776F908
:10F6B00000287FF484AEA3E0002300F103099068E2
:10F6C0005D189DF7D5FF9CF7C9FF78B1386890F8B1
:10F6D0005C02C00701D1002007E0B348012148F8CF
:10F6E000050008EB050081800620054445B1002097
:10F6F00089F8000009F8015F09EB050000F1010934
:10F700001620A9EB0601A0F7DEF90221017093E6AD
:10F710000020D4F8A0B0D4F8A8800E9028469DF719
:10F72000B3FF0546E06806F5985A03287ED1002D00
:10F730007CD0386829469EF7D4FF00280C9075D0FD
:10F740000BEB08004B46A0EB090000900C980190D1
:10F750000FA90EAA204683F710FC8246002865D127
:10F76000E068032809D10C989FF73EFD9EF787FEBD
:10F7700028469CF78FFF9EF782FE386810B1D0F8BC
:10F78000440118B92068C06C00284DD0406800289A
:10F790004AD02168D4F8A020D4F8A8500DF1340C38
:10F7A0000E9BD1E906712A440232CDE9002CCDE945
:10F7B00002710FAA0C999CF727FF8246B0BBD6E6D0
:10F7C0002068A26B8023D0E90610CDE90010101D3F
:10F7D00002F5E47102F5037281F732FFC0B106F55C
:10F7E0000070FFF7F4BB0FA9204642467DF768F989
:10F7F00000287FF4ECAB0F98404528467FF4E7AB38
:10F8000099F80A10204679F77BF900287FF4DFABDE
:10F81000204676F795FC00287FF4D9AB606801306C
:10F82000DDE53846FFF7D3BB06F5106A06F5D05084
:10F8300082453FF4CCAB0020C4F8A8005046FFF747
:10F84000C6BB90F87430994203DD2B6090F87500C8
:10F8500003E090F87500824201DD0C990860386879
:10F860000AF10601202200F5E670A0F723FD9AF8C0
:10F870002610202908460B913CD80B9800F124054E
:10F880004D4537D8606B0B9901612021606B1430B6
:10F89000A0F72EFB606B0AF1270102691430A0F774
:10F8A00009FD0B9818F8051000EB080212F8230F59
:10F8B00041EA0020069202280A901BD3DDE90A02E1
:10F8C00010442530484515D211F0010112D118F825
:10F8D000001079B110290DD8014449450AD2606B56
:10F8E000002300220892C360481C814519D9CA1C14
:10F8F000914507D220460221322296F7E1FE584672
:10F90000FFF765BB414418F80030897841EA0321CC
:10F910000891043911F1040FECD808991144894574
:10F92000E8D1404402300790002004900898002855
:10F9300000F0DA8008980328DCD907980422408870
:10F9400001BA02EB1142089905929142D2D307996C
:10F9500040BA098809BA090C012917D00A2925D00B
:10F960000B2965D00D2900F07F804FF6017291427E
:10F9700040F0AD80012840F0E2800798007900282F
:10F9800040F0DD800120C4F8C000A0E0012840F074
:10F99000DA8007980079042800F2D580616B81F83D
:10F9A0006C0094E0FF010001000B00020228C0F08F
:10F9B000818107990A79497941EA02253222AB1CF3
:10F9C000834208BF11F0010040F095813868D0F8FB
:10F9D0003801002840F06E8168080B284FF00B00BA
:10F9E00038BF6808042100F1010948469FF786FEE8
:10F9F0000028099000F07D8138680999C0F8381115
:10FA0000079800F10708002D61D0B9F1020F5ED30D
:10FA100038F8010C00BA000C9CF7BEFD20B1099922
:10FA2000A9F1010901C1099108F10208023DEAE7C3
:10FA300039680028D1F85C2242F00102C1F85C224A
:10FA40003FF458AF079909794A1C82427FF452AFBC
:10FA500007980530D9B310F8012B0139012AF9D8DC
:10FA60003868C0F8E02032E00228FFF443AF07997D
:10FA70000A79497941EA02220232824208BF11F032
:10FA800001017FF437AF0799084401F106090430FA
:10FA900009900998814518D299F801009FF752FE04
:10FAA00080B1054699F800009FF73AF950B18046B9
:10FAB000204641469CF7C4FD20B938682946424695
:10FAC0009DF712FE09F10209E3E70120049007986F
:10FAD000059A104407900899891A08460891481E0B
:10FAE00002283FF623AF05E7049850B920460421C9
:10FAF0009CF7A6FDB0FA80F040098100A06BA0F74A
:10FB000061FB06990B9802315044079100210A9A33
:10FB1000914209D2421892F829301BB992F82A2052
:10FB2000FF2A14D00231F2E7D4F8C000012811D026
:10FB30002068B0F8781001F0300120290BD1204660
:10FB400002212822D9E6204602212F22D5E60120D3
:10FB5000C4F8C00020680C990025096850F82100FD
:10FB6000099000200B9009980B9950F8210000286B
:10FB700000F0B280DDF81C804FF0000B0A9883453E
:10FB800080F0908009980B9998F8002050F8210097
:10FB9000C0F307218A4213D198F80120C1B28A42EA
:10FBA0000ED19DF765FD002800F0808005460C9879
:10FBB00029690068814202DCA969814205DA0125D0
:10FBC00008F102080BF1020BD8E728469CF746FD26
:10FBD00038B13868D0F838010028F0D00068002823
:10FBE000EDD028469FF7F9FA20B120689CF739FA42
:10FBF0000028E4D00C980068032809D128469CF717
:10FC00003BFD28B1014638689EF76BFD0028D6D031
:10FC100028469DF739FD002854D082462068D0F848
:10FC20004C90B9F1000FCAD000200890B9F1000F34
:10FC300033D0002051460F90D9F80000CC309FF708
:10FC40005FF838B3D9F80000294601220FABA0F7BE
:10FC50007DFBF8B9BAF1040F0DD1D9F8001038685E
:10FC6000D1F8D010D0F838010978026892B1127832
:10FC700004308A42F9D10C98006802281CDCD9F8BB
:10FC8000000090F84801042816D00898002808BF02
:10FC900048460890D9F80890C8E7089800283FF42B
:10FCA0008EAF0BE00B9801300B905CE706F5985097
:10FCB000FFF78DB932221EE0CDF820903868089900
:10FCC000C0F8441109980B9950F82100616B8860C5
:10FCD000A06BC0F8C451A1E520460221282296F766
:10FCE000EFFC06F5AC50002D08BF06F53860FFF7B5
:10FCF0006EB95022B34620460221FEE52DE9F04FB1
:10FD00008BB0A04E0546A04F30780328387040F0E5
:10FD1000B48000203070387002A89FF74FFD002893
:10FD200040F0A9800120029007F1240002A992F777
:10FD300003FB002840F09F80944C2E212046A0F722
:10FD4000D7F84FF0FF30A0822061E06097F724FBE6
:10FD5000002029468FF7E8FD07F10C01B860A0F7F5
:10FD60009BF9D7E904128A4BB1FBF2F0C0B202282A
:10FD700028BF0220B2F5005F207018707BD1B1EB74
:10FD8000403F78D3B968002975D04FF6FF71002540
:10FD90004FF088586FF0030B61807E4961608542A7
:10FDA0006ED2EEB200210AAA042330469EF738FE36
:10FDB00005EB450004EB800A0A98D14600F47C016B
:10FDC00029F8160FB1F5402F04D000F07F41B1F1B2
:10FDD000164F3ED1C0F301418AF819106FF0FD01B2
:10FDE00051FA80F21021022A31D3C2B27E2A2ED0DB
:10FDF00005A894F76BF8304600214FF088524FF475
:10FE000000534FF400549EF70BFE1BFA84F4A0B28B
:10FE100050F808104A1C01D10328F6D80122012607
:10FE2000D3B2042B06D8CBB2FF2B18BF1646013233
:10FE3000090AF5E740F80810584805990068426833
:10FE40005748904754FA86F199F800004F4CAAF8A9
:10FE50001C10C0B2702807D0782803D0FE2805D027
:10FE60007C2804D1E57002E0257100E0A5704848C7
:10FE70000135007893E7012030700BB0BDE8F08FBA
:10FE8000E178FF2901D0012523E02179FF2902D063
:10FE9000E17002251DE0A178FF290ED00131B1FBF0
:10FEA000F0F202FB101000EB400104EB8101898BA2
:10FEB00009B1E070EDE7FF20A07000250020E5709B
:10FEC0007EF752FC397808437E213870002094F781
:10FED000D3FEA078FF2811D12D48E17800780131B8
:10FEE000B1FBF0F202FB1010A0707EF73DFC3978F8
:10FEF0000843FE213870A07894F7BEFE2648E278C9
:10FF0000022D057002EB4200627004EB8000818BD1
:10FF1000E1802AD0012D2DD105AD4FF0000888B227
:10FF2000182827D30739D0B22A4689B282F7E6FFCC
:10FF30009DF81F00400718D5E088BDF82210E6782C
:10FF40002A460323CDF80080401A073881B2304694
:10FF50006FF7AAFAE27820B9BDF8201009B19642ED
:10FF60000AD0964206D0E188D9E7012060710020CE
:10FF700061F73CFB387880E79DF824008EF7BAFCE7
:10FF8000F8E700BF1B540120944A01209439012056
:10FF9000BD3E0120FF000020C23E0120D80100101C
:08FFA0000040034073F7F4BABE
:10FFA80000008001100080FFFDFF5800FFC1B9F379
:10FFB800FFFFFFFFFFFFFFFFFFFFFFFFFFFFFFFF49
:10FFC800FFFFFFFFFFFFFFFFFFFFFFFFFFFFFFFF39
:10FFD800C50FFEC5FFFFFFFF00FFFFFF00C5C5FF00
:10FFE800000000FF00000000FFFFFFFFFFFFFFFF12
:08FFF800FFFFFFFFFFFFFFFF09
:040000034000EE11BA
:00000001FF
