:020000040800F2
:100000000010002089220008F3D00008F3D0000877
:10001000F3D00008F3D00008F3D00008F3D00008B4
:10002000F3D00008F3D00008F3D00008F3D00008A4
:10003000F3D00008F3D00008F3D00008F3D0000894
:10004000F3D00008F3D00008F3D00008F3D0000884
:10005000F3D00008F3D00008F3D00008F3D0000874
:10006000F3D00008F3D00008F3D00008F3D0000864
:10007000F3D00008F3D00008F3D00008F3D0000854
:10008000F3D00008F3D00008F3D00008F3D0000844
:10009000F3D00008F3D00008F3D00008F3D0000834
:1000A000F3D00008F3D0000819240008F923000851
:1000B000F3D00008F3D00008F3D00008F3D0000814
:1000C000F3D00008F3D00008F3D00008F3D0000804
:1000D000F3D00008F3D00008F3D00008F3D00008F4
:1000E000F3D00008F3D00008F3D00008F3D00008E4
:1000F000F3D00008F3D00008F3D00008F3D00008D4
:10010000F3D00008F3D00008F3D00008F3D00008C3
:10011000F3D00008F3D00008F3D00008F3D00008B3
:10012000F3D00008F3D00008F3D00008F3D00008A3
:10013000F3D00008F3D00008F3D00008F3D0000893
:10014000F3D00008F3D00008F3D00008F3D0000883
:10015000F3D00008F3D00008F3D00008F3D0000873
:10016000F3D00008F3D00008F3D00008F3D0000863
:0C017000F3D00008F3D00008F3D0000822
:100180002DE9F0470027164605460C4684B093F843
:1001900000A0DDF830901F7051469FED270B0D98A1
:1001A000984600F09DFF89F800703B462246314694
:1001B0002846CDF8009001F051FB99F9007017B175
:1001C00004B0BDE8F0872246314628460DF10F0302
:1001D0008DF80F7000F0FCF989F800006EB104EBA7
:1001E000061694ED020AD4E90023617B28460097A5
:1001F000103406F0C7FCB442F3D1284695F8AE148B
:1002000006F066F9BAF1000F0BD1022389F800302D
:1002100000232846C5F8E43200F0D4F904B0BDE864
:10022000F0875246414628460D9BCDF8009000F0DD
:100230006FFDEDE7AFF30080000000000000084014
:100240002DE9F04F0021002600278BB0159CCDE949
:100250000623C4E90067C4E9021184F839106187F4
:10026000A18784F83E10D0F8C634D0F8CA64D0F81C
:10027000CE14D0F8D22466612361A161E261D0F886
:10028000D634149E2362D0F8B234D0F8B674D0F8C5
:10029000BA14D0F8BE246362A762E1622263D0F888
:1002A000C2340546636390F8DA3484F8383090F845
:1002B000F234012B01D000F085F9DDE9062300219D
:1002C0000DF1250009AFB5F8ACA4039031702846B4
:1002D000CDE9002331462246029700F0EDFA9DF861
:1002E000243013B10BB0BDE8F08F21469DF82520D6
:1002F000284600F011FF0DF12609034680462246EC
:10030000012128460097CDF8049000F089F99DF866
:100310002430BDF826603BB195F8CE3384F83A30EE
:1003200095F8CC3384F83B304346224602212846D8
:10033000CDE9007900F074F99DF82430BDF826B0BD
:10034000002B6CD14346224603212846CDE9007993
:1003500000F066F9BDF826209DF824300592002BA8
:1003600071D14346224604212846CDE9007900F0A8
:1003700057F921469DF8243006AA2846BDF8267074
:1003800000F026FDDDE9062305F5A061C1E90023A3
:1003900095F8F234012B4BD05E4528BF5E46059B95
:1003A000B0469E4228BF9846B84528BFB846C245C9
:1003B00028BFC246B5F8C233B3FBFAF80AFB1838B7
:1003C000AAEB080A1FFA8AFAB5F8802353449BB2B5
:1003D000B3FBF2F102FB1133A5F8C6A3A5F8C233B3
:1003E0009FED1D0BADF8262008F090FF51EC100B8F
:1003F0000AF00EFA0B460026A0FB0A0103FB0A11C5
:10040000DDE90623821841EB0303C4E900232846F3
:1004100085F8C96300F0BCFD0BB0BDE8F08F95F81E
:10042000CD3384F83C3095F8CC3384F83B3089E701
:10043000B5F8C233B3FBF8F008FB1030A8EB0008A6
:100440001FFA88FAC0E795F8CC332146284684F88D
:100450003B3000F0F9FA84E700000000D01263415D
:100460002DE9F0470646414D06F02EFB404F002394
:1004700003E05C1C1E2C234610D045FA03F2D10782
:10048000F7D5DA5D5C1C02F2CB1336F81320304648
:10049000E1B206F0C9FB1E2C2346EED1304606F031
:1004A00097FA0025DFF8C490314FDFF8CC8002E0E6
:1004B00001351E2D35D049FA05F3DA07F8D5EB5D85
:1004C000334493F8B333002BF2D0002438F915A04D
:1004D00002E001340B2CEBD04AFA04F3DB07F8D529
:1004E000631E092B40D8DFE803F0051A1816141212
:1004F000100E0C0A0221304606F06CFBE9E70B21D6
:10050000F9E70A21F7E70921F5E70821F3E70721D1
:10051000F1E70621EFE70521EDE70421EBE70321F1
:10052000E9E700221349C6F8B423C978C6F8B8230E
:10053000C6F8BC23A6F8C02386F8C42301F27B11B9
:1005400036F81100134686F8C82306F5747232F89F
:10055000021B0133884203D0042BF8D1BDE8F08799
:1005600086F8C433BDE8F0870121C4E7EF791200B3
:1005700014ED000848EC0008D8EC0008F0B414684A
:10058000049F04EB030C8C4516D805998B4216D8B2
:10059000002B0CDD791ECE18C7F1010700E01468AE
:1005A0007B1811F8015F2344B142C554F7D10020F4
:1005B000C2F800C0F0BC70476FF02800FAE76FF097
:1005C0002500F7E790F8C83303B9704748E700BF44
:1005D0002DE9F041F1B14FF00008DFF840E002EB07
:1005E000011C517BD2E90045714411F8011C103205
:1005F00000EBC101D1E97067BD4208BFB44204D12C
:100600001978002908BF4FF004089445E9D1404605
:10061000BDE8F08188464046BDE8F08148EC00081E
:10062000F0B400271A4C0139645C049D04F27B1479
:1006300030F81440059E2F70348090F8F274012F2A
:100640001ED04FF6FF739C4213D0B0F8C263B6FBC6
:10065000F4F304FB1364A4B26CB901239068C9B22B
:1006600003FA01F101432B7082F83D3082F83E30ED
:100670009160F0BC704790F8C933002BF9D0ECE7DB
:100680004FF6FF77BC42F4D01C463380D9E700BF59
:1006900048EC00081AB3002210B4019C22701A79A9
:1006A000013A012A02D95DF8044B7047D3ED007A74
:1006B000F5EE407AF1EE10FA0CBF0123002323700F
:1006C000F1D147F230530A889A4209D04A889A42B7
:1006D00006D00B23029A13705DF8044B70477047E5
:1006E00090F9CA33002BF5D1012380F8C933DAE73A
:1006F0000023F0B56FF0004C1C464FF0010E4FF692
:10070000FF77684D684E05E0BA4218BF01240133F7
:100710001E2B0FD045FA03F2D207F8D59A5D62443A
:1007200031F81220B2F5E16FEED101331E2B80F8C3
:10073000CBE3EFD190F8CB33A3BBB0F8AC74594CFA
:100740003D46594E44FA03F2D20706D59A5D013A66
:1007500031F81220954228BF154601331E2BF1D1E6
:100760004FF6FF72954226D0B7FBF5F305FB1373E6
:100770009BB2A3B916464B4FDFF82CC147FA03F2E0
:10078000D20715D513F80C20013A31F81240B442C3
:100790000ED0B4FBF5F205FB124292B242B16FF0FB
:1007A0000F00F0BD002C0CBF00206FF00F00F0BD5B
:1007B00001331E2BE2D14FF6FF750023AC463B4AB6
:1007C000384EDFF8E4E052F8044B46FA03F724070A
:1007D00010D5FC070ED513F80E40013C31F814403B
:1007E000644507D0654504D0AC4203D06FF01000DB
:1007F000F0BD254601331E2BE5D14FF6FF739D4218
:100800004ED0002300F5747202E00133042B09D0AE
:1008100032F8024BAC42F8D103F5F67330F81330DE
:1008200004339BB200249FED226ADFED226A4FF66B
:10083000FF7C1C4E1C4F46FA04F2D2072BD590F8D1
:10084000CC5390F8CEE390F8CD236D004FEA4E0ED6
:10085000EDB25FFA8EFE52007544D2B22A441A44B9
:1008600092B207EE902AF8EE677A67EE867AE25D3A
:1008700087EEA67A013A31F8122007EE902AF8EEB8
:10088000E77AF4EEC77AF1EE10FA04D5624502D0A9
:100890006FF01100F0BD01341E2CCCD10020F0BD52
:1008A0000423BFE7EF79120014ED000860EC0008A4
:1008B0000000C84200007A442DE9F04F8346002032
:1008C0008BB0169B14460BF5A066179AD6E90089E3
:1008D0000D4658EA090118701070149B159A0AD138
:1008E0000BF59C610BF59D6BC1E90032CBE90089EA
:1008F0000BB0BDE8F08F9BF882130029F8D19BF86C
:10090000F214B3EB080A62EB0900022901900AD045
:10091000DBF8E004DBF8E4141B1A62EB0102CBF80D
:10092000EC24CBF8E834DBF8F034454A23F07F437D
:1009300093422FD09FED400BBBF8C68308F0E6FC36
:1009400051EC100B09F064FF8C46A0FB08010CFB76
:100950000811B0EB0A070297019F4FEA101261EBF2
:10096000070742EA01720397DDE902780B11BA42E8
:1009700073EB08073FDAD6E900324FF0640C012729
:100980001B1841EB0202C4E90032169B85F800C037
:100990001F70ADE747F23058BBF8C223294B9FEDDB
:1009A000260BA3FB02135B0B08FB1323A8EB030826
:1009B00008F0ACFC51EC100B09F02AFF8C461FFA32
:1009C00088F8A0FB08010CFB0811B0EB0A0706979A
:1009D000019F4FEA101261EB070742EA0172079785
:1009E000DDE906780B11974278EB030713DA012350
:1009F000179A13707CE7BAEB00040494019C64EB33
:100A000001010591DDE9040182428B41BFF670AF1F
:100A100064232B706CE7BAEB00070897019F67EB24
:100A200001010991DDE90801904271EB030381DACC
:100A3000DDE700BFAFF3008000000000D01263418B
:100A40003075010073B2E7454FF6FF72064B5B7BD2
:100A500003F27B1330F81330934203D08B6843F4D6
:100A600000538B60704700BF48EC00082DE9F04749
:100A70009FED2B6A0027DFED2B5ADFF8B0A02A4D3F
:100A8000DFF8ACE0DFF8AC8002E00137182F45D08A
:100A90000126BE4016EA0A0FF7D00C780137013460
:100AA000E4B204F1FF3C02EBCC0C0C7000234FF6D7
:100AB000FF798CED006A8CF804700CE04C4507D08F
:100AC00007EE904AF8EE677A85EEA77A8CED007A09
:100AD00001331E2BDAD045FA03F4E407F8D55EF8AB
:100AE00023402642F4D09CED007AB4EE467AF1EE33
:100AF00010FA13F8084004F2CB1430F81440DDD09B
:100B000007EE904AF8EE677AC5EEA76AB4EEE67A89
:100B1000F1EE10FA48BFCCED006AD9E7BDE8F087E6
:100B200000FF7F470000C842EF7912000F20E0006D
:100B300060EC000814ED00082DE9F0434FF03D088B
:100B40004FF0000987B004AA044600264FF0010EBA
:100B50004FF0060C022713460D46CDE90289DDE968
:100B6000020182E8030084F801E003CB84F802C0AC
:100B7000E77026706060A1602B682046103B2373ED
:100B8000C3F30721C3F30742C3F30763A273E373FD
:100B9000617301AA296808F053FC2B689DF80420B2
:100BA00023441A712B689DF8052023445A712B6841
:100BB00023449E7128680444E6712B6808332B6037
:100BC00007B0BDE8F08300BF2DE9F0470E2482B0E6
:100BD00006461746FE200DF103020D468DF8034030
:100BE00008F06AFB9DF803800190B8F1000F2AD04D
:100BF000012406F2C64A06F2B249E3B2013B0D2BCC
:100C00000FD8DFE803F02F273F374714665E564FB3
:100C1000766E7D073A46294696F8DC0401AB06F06D
:100C20006FF9A04504F101030CD01C46E5E701ABC8
:100C30003A46294606F5926006F098FBA04504F175
:100C40000103F2D10198C0F3072328706B7002B042
:100C5000BDE8F0873A46294696F8CD0301AB06F089
:100C60004FF9DEE73A46294696F8CC0301AB06F089
:100C700047F9D6E73A46294601AB06F5747006F007
:100C80000BFBCEE73A46294696F8CE0301AB06F0B9
:100C900037F9C6E73A46294601AB06F57A7006F001
:100CA00037FBBEE73A462946484601AB06F08EFBC5
:100CB000B7E73A46294601AB06F2AF4006F0C2F864
:100CC000AFE73A46294696F8AE0401AB06F018F9AC
:100CD000A7E73A462946B6F8AC0401AB06F08AF815
:100CE0009FE73A46294696F8DA0401AB06F008F980
:100CF00097E73A462946504601AB06F067FB90E776
:100D00003A46294696F8DB0401AB06F0F9F888E785
:100D10002DE9F04FD0F8F0442B4D24F07F44AC4245
:100D200089B03DD005F5881599460F4690460023B9
:100D30004FF6FF7BDFF894A005F2BF4503E05C1C93
:100D40001E2C23462CD045FA03F2D207F7D513F810
:100D50000A205C1C02F2831230F812205A45EFD0B0
:100D60000126D0F8E42206FA03F11142E8D09C19DA
:100D70000DF11303E1B2009305AA06AB03910290B3
:100D800005F004FEDDE902013A789319DBB203F1C4
:100D9000FF3C424509EB0C1C05D30323129A137048
:100DA00009B0BDE8F08F059A3B70CCF80820DDE96A
:100DB0000623CCE900239DF813308CF80D108CF835
:100DC0000C608CF80E30BBE73075010014ED0008A4
:100DD000002B00F0BD8070B501232DED028B81F852
:100DE000393090F8F2340446012B0D46164686B091
:100DF00006D090F8C43303F2EF1330F813308B8130
:100E000094F8CD23204685F83C2094F8CC130DF1BE
:100E10000B0385F83B1004AA03A905F0A7FDDDED3F
:100E2000037AF5EE407AF1EE10FA1DD194F8C93349
:100E3000D3B994F8F234012B08D094F8C423022BD0
:100E400002F2EB1234F81220EA8105D004F59D631A
:100E5000D3E90023134377D1D6E90023C4E9E22381
:100E600006B0BDEC028B70BDD4E9E223D4E9E40105
:100E7000824273EB010CCDE9042303DA02460B46F0
:100E8000CDE90401D6E90001801A61EB030109F004
:100E900069FCDFED377A07EE100A87EE270AF1EEDC
:100EA000000A8DED030A0AF0F3FBF0EE080AB0EE3B
:100EB000408A9DED030A0AF0EBFBDFED2E6ADFEDC1
:100EC0002E7A9DED037A28EE268A20EE270ADFEDA2
:100ED0002B6A67EE077A38EE008A67EEA67ADFEDB6
:100EE000286A78EE277A27EE267A9FED268A77EE13
:100EF000877A9FED257A77EE887A67EE877AF8FE13
:100F0000677AFCEEE77A17EE902A94F8C933EA8103
:100F1000FBB900939FED1D0AD6E900231621204658
:100F200005F030FE94F8F234022B05D004F59D63F1
:100F3000D3E90023134307D194F8C933002B8BD096
:100F4000D6E90023C4E9E42306B0BDEC028B70BDF2
:100F500070470021D6E90023B7EE000A0091204631
:100F6000162105F00FFEAB6843F40013AB60D9E720
:100F7000286B6E4E598207B0DFE0C2343767D9B8AC
:100F80005A8E863C6A92E43E00007A4400000000DB
:100F900070B50446D0F88803D4F88C13101A2DEDE0
:100FA000028B63EB010115461E4609F0DBFBDFED0A
:100FB000188A07EE900A9FED178AC7EEA87AF4EE1A
:100FC000C87AF1EE10FA06D49FED137AF4EEC77AE0
:100FD000F1EE10FA05DD652384F8CA33BDEC028B0F
:100FE00070BDD4E9E401281A66EB010109F0BAFBEF
:100FF00007EE900AC7EEA87AF4EEC87AF1EE10FA7E
:101000004CBF6623002384F8CA33BDEC028B70BD4D
:10101000286B6E4E0000704200007043F0B4002454
:1010200082B0DDE9066C34708CF800400D68471919
:101030007F78455D8DF805708DF80450BDF804701B
:10104000089D9F422F6004D9E023337002B0F0BCAA
:1010500070474FB12346541E0D68C618755D0133A5
:101060009F4204F8015FF7D193788CF800300B6849
:101070001F440F6002B0F0BC704700BF0B4B10B4B0
:10108000194411F8013C00EB4301B1F89643944236
:1010900004D00124013B034483F8B4430123A1F8A5
:1010A00096235DF8044B80F8C833704714ED0008B0
:1010B0000139032900D9704710B50446483006F0BD
:1010C000EDFF0121204605F085FD04F12C0007F01D
:1010D000D5FC2046BDE81040022105F07BBD00BFD5
:1010E000F8B5002204460D46002351EC100B09F020
:1010F000EFF978B175B120460023002200260027C1
:1011000004EB05114373826003738373E0E80467A3
:101110008842F7D1F8BD00BFF8B590F8F234044624
:10112000012B0D4608D0022B37D003B300234FF616
:10113000FF7084F8F234F8BD00F59F6300F59D61FF
:10114000D1E90001D3E90067B04271EB07032DDB61
:1011500047F230530221B4F8AC24B4F8F0049A42B8
:1011600084F8F214E7D10023A4F8C233F8BD0126B5
:1011700080F8C863FFF774F947F23052B4F8FE32D2
:101180009342A4F8F03478D0B3F5967F3DD0022393
:1011900084F8F2344FF6FF70F8BD00F59D63D3E993
:1011A00000231343C2D04FF6FF70F8BD002ACFD101
:1011B0003BA3D3E9002382428B411DDA3AA3D3E952
:1011C000002382428B4150DA39A3D3E900238242C3
:1011D0008B415CDA38A3D3E9002382428B4141DBA7
:1011E00047F23053B4F8F0249A423BD1C5224FF471
:1011F000A073EA81AB8135E04FF47A724FF4BE738D
:101200004FF49670EA81AB81F8BD04F59F6284F8D3
:10121000F2642BA1D1E90001C2E9000120A7D7E9BE
:10122000006704F59D64D4E90001864277EB010272
:10123000E2DA1DA7D7E90067864277EB010214DAEC
:101240001BA7D7E90067864277EB01021FDA1AA7CE
:10125000D7E90067864277EB010203DB47F23052A1
:101260009342C3D04FF49670F8BD4FF47A72962330
:101270004FF49670EA81AB81F8BD04F59F6284F863
:10128000F26411A1D1E90001C2E90001C6E74FF4FF
:101290007A72C8234FF49670EA81AB81F8BD00BF23
:1012A000FFE30B5402000000FFD5117E0300000095
:1012B000FFC717A804000000FFB91DD205000000F9
:1012C00000C817A80400000000BA1DD205000000E5
:1012D0002DE9F04706464FF6FF700022002300215B
:1012E0004FF001094FF481784FF0050E06F2E63415
:1012F0002546A6F8F0048446964F06F59C6006F550
:101300009F6A86F8F214CAE90023C0E9002306F5B3
:101310009D60C0E900238AB086F8DC1486F8DB946F
:101320000FCFA6F8CC83C6F8D003C6F8D413C6F8FE
:10133000D82303CFC6F8DC3386F8CEE306F28E4717
:10134000C6F8E003C6F8E41325F802CFBD42FBD18E
:101350004FF0641240F2DC517F48C6F8F023C6F823
:10136000FC23C6F80424C6F80824C6F81424C6F8DA
:101370001C24C6F87C04794A79487A4BC6E9FA22DB
:10138000C6F8F823C6F80024C6F80C24C6F81824BA
:10139000C6F81004744A7548754DDFF8E8E1A6F800
:1013A0008014A6F86C14C6F86034C6F86434C6F825
:1013B0003C34C6F84034C6F84C34C6F85034C6F84D
:1013C000F453C6F82024C6F82424C6F82824C6F806
:1013D0002C24C6F83024C6F83424C6F83824C6F8BD
:1013E0004404C6F848040EF14008C6F8543406F523
:1013F000507CA6F86E1475460FCD4545CCF800001C
:10140000CCF80410CCF80820CCF80C300EF1100EFB
:101410000CF1100CEFD108AB0120009304AA06AB2D
:1014200002A908F091F800230499C6F85433C6F8CD
:101430005833C6F85C33089B4FF08042C6F8481317
:10144000C6F840330799039BC6F86413C6F86C339B
:101450004FF6FF713B464748DDF818C0029DC6F8BD
:101460007423C6F87823C6F87C03099A0598C6F851
:101470006023C6F844C3C6F84C53C6F8680306F2A6
:10148000AA4223F8021F9342FBD14FF0000C0A2519
:10149000394B3A4886F882C386F8B054C6F8AC3463
:1014A0004FF4A071052200F10C0506F5966306F2D3
:1014B000C44C03E010F9012F35F8021F23F8022F66
:1014C00063459982F6D10A2200234FF6FF7186F810
:1014D000DA24A6F8803334F8023F8B4205D0B6F800
:1014E00080239A4238BFA6F88033BC42F3D1002350
:1014F0000127234CDFF890C044FA03F2D20711D53C
:1015000013F80C2006EB4201B1F88E04B1F89653A3
:10151000013A85421CBF921982F8B473A1F8960370
:1015200086F8C87301331E2BE6D1012106F2B333CE
:1015300006F2C13203F8011F9342FBD196F8C8337B
:1015400013B90AB0BDE8F0873046FEF789FF0AB04C
:10155000BDE8F08780EB0008DC05DC0530753075F0
:1015600030756400701770172C012C0108070807EC
:10157000640030750000104130750005D8EB00089C
:10158000EF79120098EB000814ED0008F0B4002188
:101590000022002347F230564FF6FF7400F5A06793
:1015A00080F8C413A0F8C2130D46C7E9002300F267
:1015B000B231C0E9E223C0E9E423A0F8C66300F237
:1015C000963300F2B33223F8024F8B4202F8015FE8
:1015D000F9D14FF4CC03F0BCC0F8C833704700BF5A
:1015E0002DE9F04F2DED048B87B0DDF854B0029358
:1015F00091B3002382460E4614460125DFED928A00
:101600009FED928A9FED929A924F01932279531EF9
:10161000DBB247FA03F1C90733D51D2B31D89AF84D
:10162000DC14D4ED007A01291BD01B3A032A1BD904
:101630009BF9002023320FD0012202FA03F3019A12
:1016400013422DD0F3238BF800302B469E4204F139
:10165000080405F10105D9DC07B0BDEC048BBDE839
:10166000F08F163A032AE3D8F4EE487AF1EE10FA36
:10167000DED0DD238BF8003007B0BDEC048BBDE875
:10168000F08F2B460A229E428BF8002004F10804BA
:1016900005F10105BADC07B0BDEC048BBDE8F08FA5
:1016A00088EEA77AF8FE477AFCEEE77A17EE902AE2
:1016B000019992B21943104691460392019108F0A4
:1016C000FDFB5FA3D3E9002308F072FC41EC100B93
:1016D000BAF8AC8407F01AFE51EC100B08F002FFC8
:1016E0004A4680B2131A9BB29845D4ED007A50D97D
:1016F00013189BB298454CD2F5EE407AF1EE10FAF1
:1017000040F08280F6238BF80030D4ED007AF5EEBD
:10171000407AF1EE10FAB0EE677A75D1B5EEC07A84
:10172000F1EE10FA3CDDB4EEC87AF1EE10FA37D5DE
:10173000227949490AF1A8030A4412F8012CCDE99B
:10174000045403EB42031D46039C0AEB4209B9F81B
:10175000E68309F11C09404608F0B0FB38A3D3E941
:10176000002308F025FC41EC100B07F0CFFD51ECF5
:10177000100B08F0B7FE80B2A8EB00039BB28044C8
:101780009C421FFA88F828D3444526D8DDE9045442
:1017900010E0F4EE487AF1EE10FA27D1B0EE677A55
:1017A000B5EE407AF1EE10FA14BF4FF0FF3300238C
:1017B0009BB203939BF90030002BFFF646AF2379D1
:1017C000254A0399134413F8013C149A03F100438A
:1017D000013B22F813102B4638E74D45B7D1F423CF
:1017E000DDE904548BF800302B462FE7029B002BD9
:1017F00082D1039BB3F5E16F3FF47EAF0E238BF8EC
:101800000030D4ED007A77E7F4EE487AF1EE10FA82
:10181000C4D0B2EE047AF4EEC77AF1EE10FA07DC27
:10182000F4EEC97AF1EE10FA02D4B0EE677A75E7F9
:10183000F2238BF8003094ED007A6FE7AFF300806D
:101840007B14AE47E17A843F0000C84200FF7F4727
:101850000E74DA3AEF79120014ED00082DE9F04326
:10186000DDF81CC0D9B100264FF0010E1F4FDFF884
:10187000808002F108056C79621ED2B2172A47FAFD
:1018800002F90ED819F0010F0EFA02F209D01A422D
:10189000444443EA020309D0FA238CF80030BDE83F
:1018A000F083FF238CF80030BDE8F08314F8012C9E
:1018B000D5ED007A00EB820292EDCF7AF4EEC77A92
:1018C000F1EE10FA0AD492EDD77AF4EEC77AF1EE7F
:1018D00010FA06F1010605F1100503DDFE238CF870
:1018E0000030DCE78E42C6D1D9E700BF0F20E00010
:1018F00048EC0008F0B50C46002189B00E9E172C6C
:10190000316003D8DB221A7009B0F0BD944203D9CC
:10191000DA221A7009B0F0BD05460278A9788DF870
:101920000C204078EA788DF80E108DF80D008DF8B7
:101930000F20039A2C498A4205D0013203D0DE22BF
:101940001A7009B0F0BD294606AF3A4651F8040FA7
:101950000DF1100C49688CE8030003C2DDE90401B5
:10196000002908BF3D2807D0002908BFB0F1FF3F7C
:1019700002D0DD221A70C7E72A7BA97B8DF80C20E4
:10198000687BEA7B8DF80D008DF80F208DF80E1026
:10199000039901F11802A24202D0D8221A70B3E7CB
:1019A000103102AA28462C44019307F049FD14F88F
:1019B000042C9DF80810019B914202D0DC221A7081
:1019C000A2E79DF8091014F8032C9142F6D114F8FF
:1019D000022C002AF2D114F8012C002AEED1102199
:1019E00031601A7090E700BF000106022DE9F04750
:1019F00086B005AB04AECDE9003604460DF10F0309
:101A0000FE200D4607F036FC9DF90F00002869D135
:101A10004FF0010A04F2C64904F2B24804F2AF479B
:101A20005FFA8AF3013B0C2B00F2B080DFE803F091
:101A3000A7A099928B847D76706A645D0700314619
:101A4000284605F057FA84F8DB040AF1010ABAF1D6
:101A50000F0FE5D19DF90F00002843D14FF6FF7617
:101A6000A4F8800304F2E63304F28E4533F8022F23
:101A7000B24205D0B4F88013914238BFA4F8802355
:101A80009D42F3D100234FF0010C444EDFF810E1EA
:101A900046FA03F2D20711D513F80E2004EB4201E7
:101AA000B1F88E54B1F89673013AAF421CBF1219C7
:101AB00082F8B4C3A1F8965384F8C8C301331E2B2F
:101AC000E6D1012104F2B33304F2C13203F8011F5D
:101AD0009342FBD194F8C83323B12046FEF7C0FCF3
:101AE0009DF90F0006B0BDE8F0873146284605F0A5
:101AF00001FA84F8DA04A8E74A463146284605F098
:101B000007FBA2E742463146284605F001FB9CE769
:101B10003A463146284605F081F996E7314628468F
:101B200005F0E8F984F8AE048FE73146284605F061
:101B30004FF9A4F8AC0488E73146284604F59262D0
:101B400005F098FA81E73146284604F57A7205F0E7
:101B50004FFA7AE73146284604F5747205F01EFA0A
:101B600073E73146284605F0C5F984F8CE036CE7E3
:101B70003146284605F0BEF984F8CD0365E73146C5
:101B8000284605F0B7F984F8CC035EE731462846CD
:101B900005F0B0F984F8DC0457E700BFEF791200D4
:101BA00014ED0008032906D98378FE2B0CBF002012
:101BB0006FF0630070476FF067007047000000002F
:101BC0002DE9F04F00224FF0090BDFED205A9FED79
:101BD000206ADFED206AB1EE047ADFED1F7A4FF064
:101BE000FF346FF00045DFF880A0DFF88090DFF869
:101BF0008080DFF880E0DFF880C0184F184E194968
:101C0000C0ED015A80ED046AC0ED056A80ED067AE8
:101C1000C0ED097AC0E9164580F800B0C0F828A0E8
:101C2000C0F82C90C0F83880C0F83CE0C0F840C044
:101C3000C764066501668260C260C26102620263B7
:101C4000426342648264BDE8F08F00BF07F0963DB6
:101C50001C7CE13D3480D73FCDCC0C3E5DFEE33EA5
:101C6000363C85BF0000404067D5273EE63F4CC06C
:101C700091ED3CBFFB3A403FB15083402DE9F04726
:101C800086B004AB05AE04460078CDE900360DF110
:101C90000F030D4607F0EEFA9DF90F00E0B94FF083
:101CA000010A04F1400904F12C0804F118075FFA55
:101CB0008AF3013B032B24D8DFE803F01D17110240
:101CC0004A463146284605F0C9FA0AF1010ABAF136
:101CD000060FECD19DF90F0006B0BDE8F087424633
:101CE0003146284605F0BAFAEFE73A46314628462B
:101CF00005F0B4FAE9E731462846221D05F0AEFAB0
:101D0000E3E73146284605F0BDF884ED180ADCE724
:101D10002DE9F0432DED048B83B0BDF8404005461E
:101D2000DDE90E89B4F5E16F17461E46B0EE408A34
:101D3000F0EE608A6BD028D941F270739C422ED0AD
:101D400047F230539C4208BF012408D1D5E916015F
:101D50004FF0FF326FF0004307F024FC08B39FED13
:101D6000309A4FF0FF326FF000433846314607F0AB
:101D700019FC08B9C5E9167638EE490A30EE680A4A
:101D800003B0BDEC048BBDE8F083642C05D0B4F542
:101D9000967F08BF0424D9D0E1E70524D6E70224C2
:101DA000D4E7D5E91601B8EB000069EB010108F0B2
:101DB000D1F819A3D3E9002308F024FA0B46024610
:101DC000CDE9002308F0AEFBDDE9002305EB840438
:101DD00007EE900AD4ED009A94ED057A67EEA99A81
:101DE00094ED0A9A1046194627EE899A79EE879A59
:101DF00008F0DEF808F096FB07EE900A94ED0F7AF3
:101E000079EE277A77EE877A89EEA79AA9E790ED9F
:101E1000189AA6E7AFF300800000000065CDCD4121
:101E2000000000002DE9F047052482B007469046E7
:101E300000780DF103020D468DF8034007F03CFADF
:101E40009DF80360019036B3012407F1400A07F1C1
:101E50002C09E3B2013B042B0BD8DFE803F031106F
:101E60002A2303004146284697ED180A01AA05F0E7
:101E700021F8A64204F101030CD01C46E9E701ABAE
:101E80004246294607F1180005F084F9A64204F1FC
:101E90000103F2D10198C0F3072328706B7002B0E0
:101EA000BDE8F08742462946504601AB05F072F97D
:101EB000DFE742462946484601AB05F06BF9D8E713
:101EC0004246294601AB381D05F064F9D1E700BF51
:101ED0002DE9F043012485B08046914600780DF14C
:101EE0000B020E468DF80B4007F0E6F99DF80B50FB
:101EF000039035B1002403AF54B10134A542FBD1A6
:101F00000398C0F307233070737005B0BDE8F08309
:101F1000D8E916014B463246009705F019F8ECE770
:101F200070B586B004AB05AE04460078CDE9003646
:101F30000DF10F030D4607F09DF99DF90F0008B153
:101F400006B070BD3146284604F0E6FFC4E916012C
:101F50009DF90F0006B070BD51EC100BC1F30A5390
:101F60002DE9F041A3F2FF350C460646132D34DC73
:101F7000002D20DB364B0F4643FA05F801EA080333
:101F800003432FD030A3D3E9002307F05BFE0022E8
:101F9000002308F09DFA40B1002C03DD4FF48013BC
:101FA0002B411F4427EA080400262346324643EC0F
:101FB000102BBDE8F08124A3D3E9002307F042FEF3
:101FC0000022002308F084FA0028EED0002C36DB33
:101FD0003443E9D000261F4CE7E7332D06DDB5F585
:101FE000806F25D041EC100BBDE8F081A3F21343C4
:101FF0004FF0FF37DF403842F4D013A3D3E900237A
:1020000007F020FE0022002308F062FA0028CCD05E
:10201000002C334609DD142D06D0C5F1340501220C
:10202000AA4013449E4200D9013423EA0706BCE7C4
:1020300002460B4607F006FE41EC100BD4E70026E3
:102040004FF00044B1E700BF9C7500883CE4377E48
:10205000FFFF0F000000F03F51EC100BC1F30A53DB
:102060002DE9F041A3F2FF350C460646132D32DC74
:10207000002D20DB384B0F4643FA05F801EA080330
:1020800003432DD032A3D3E9002307F0DBFD002268
:10209000002308F01DFA40B1002C03DA4FF480133E
:1020A0002B411F4427EA080400262346324643EC0E
:1020B000102BBDE8F08126A3D3E9002307F0C2FD71
:1020C0000022002308F004FA0028EED0002C2ADBBE
:1020D00000263446E9E7332D06DDB5F5806F1BD0C9
:1020E00041EC100BBDE8F081A3F213434FF0FF3732
:1020F000DF400742F4D016A3D3E9002307F0A2FD86
:102100000022002308F0E4F90028CED0002C33464A
:1021100010DB23EA0706C8E702460B4607F092FDEC
:1021200041EC100BDEE724F0004426430DD14FF0C4
:102130000044BAE7142D06D0C5F134050122AA40A7
:102140001344B342E5D20134E3E70026034CACE785
:102150009C7500883CE4377EFFFF0F000000F0BF55
:102160000348044B834202D0034B03B11847704726
:102170001C1900201C19002000000000064B074914
:10218000C91A891048BF0131491003D0044B0BB163
:1021900001481847704700BF1C1900201C19002077
:1021A0000000000010B5064C237843B9FFF7D8FFB4
:1021B000044B13B10448AFF300800123237010BD1A
:1021C000981800200000000074F3000808B5054BC3
:1021D0001BB105490548AFF30080BDE80840FFF793
:1021E000CDBF00BF00000000B015002074F3000850
:1021F000A3F5803A704700BF174B002B08BF134B65
:102200009D46FFF7F5FF00218B460F461348144A01
:10221000121A0BF023FC0E4B002B00D098470D4BED
:10222000002B00D098470020002104000D000D482D
:10223000002802D00C48AFF3008008F067FD2000B2
:1022400029000AF0DBFF08F091FC00BF0000080045
:10225000000000000000000000100020001000201E
:10226000A418002000000000000000000348044AF9
:102270000449121A92100AF03DBF00BF7C01000809
:102280007C010008A418002008B5154B83F30A88C8
:1022900000F030F8FFF7EAFF124B13498B4212D3DC
:1022A0000020124B12498B4218D3FFF7A5FF186884
:1022B00050F82240586840F8224001329868824223
:1022C000F5D30C33EAE70022F8E71C6844F8220053
:1022D00001325C68A242F8D30833E4E70022F8E751
:1022E000000000207CF3000888F3000888F3000851
:1022F00088F300084FF48041124B134A70B59A607E
:10230000D3F88820114D42F47002C3F88820104A97
:1023100005F5005491664FF0FF3222660D4A626661
:102320000222C3F8D020BFF34F8FBFF36F8F4FF45B
:102330004036002001F004FC0020E66001F0CEFBF6
:102340002E6170BD00ED00E0000000080080004438
:10235000009000507FFF7F03014B1860704700BF63
:10236000A81800202DE9F04104460C254FF0010883
:10237000124E0CB314F001000BD0002024F0010425
:1023800005FB00625768002FF3D09168C0B2B847D0
:10239000EFE72246013020284FEA520201D0D3074E
:1023A000F8D508FA00F20F2824EA0204E8D9103818
:1023B00005FB0062B432E5E7BDE8F081C8150020F6
:1023C00008B50C480BF079FE1A2001F0A1FB28B1EA
:1023D0001A2001F0B5FB1A2001F080FB1B2001F050
:1023E00097FB28B11B2001F0ABFB1B2001F076FB13
:1023F000002008BD3CE5000808B501F065FA054B72
:1024000000F0553020F0A040C3F82004BDE808409B
:10241000FFF7A8BF00E0035008B501F055FA054BDF
:1024200000F0AA3020F02040C3F82004BDE80840A6
:10243000FFF798BF00E00350044BD3F88420D20686
:10244000FBD4D3F88400C0F38110704700400050E3
:1024500038B5104B0546D3F800310C4603F00303A2
:10246000022B0BD0032B0DD0012B0FD10BF084FDD1
:10247000032305B1286004B1236038BD0BF0CEFD05
:102480000923F6E70BF07EFD0823F2E70123002085
:10249000EFE700BF0080005038B5104B0546D3F879
:1024A00040310C4603F00303022B0BD0032B0DD05D
:1024B000012B0FD10BF0F6FD0A2305B1286004B102
:1024C000236038BD0BF0AAFD0923F6E70BF0EDFD04
:1024D0000B23F2E701230020EFE700BF008000504C
:1024E00038B5104B0546D3F860310C4603F00303B2
:1024F000022B0BD0032B0DD0012B0FD10BF0D2FDF3
:102500000A2305B1286004B1236038BD0BF086FDB5
:102510000923F6E70BF0C9FD0B23F2E701230020A6
:10252000EFE700BF0080005038B5104B0546D3F8E8
:1025300040320C4603F00303022B0BD0032B0DD0CB
:10254000012B0FD10BF0AEFD0A2305B1286004B1B9
:10255000236038BD0BF062FD0923F6E70BF0A5FD03
:102560000B23F2E701230020EFE700BF00800050BB
:1025700038B5124B0546D3F880300C4603F0030300
:10258000022B0BD0032B0DD0012B0FD10BF0BAFC7B
:102590000D2305B1286004B1236038BD0BF0F6FCB3
:1025A0000723F6E70BF0A8FC0623F2E7044841F204
:1025B00014210AF091FD00231846EAE7008000503C
:1025C000B8E1000838B51A4B0546D3F820010C468F
:1025D00000F00700062821D8DFE800F028040C14DA
:1025E00010181C000BF088FC052305B1286004B10D
:1025F000236038BD0BF0C0FC0323F6E70BF0C6FCEC
:102600000723F2E70BF0B4FC0223EEE70BF074FCB7
:102610000623EAE70BF0B0FC0423E6E7054841F2A5
:1026200091210AF059FD00231846DEE70123DCE77B
:1026300000800050B8E1000838B5194B0546D3F8C2
:1026400028310C4603F00703013B052B20D8DFE8B7
:1026500003F003131B0F0B170BF04EFC052305B102
:10266000286004B1236038BD0BF046FC0623F6E772
:102670000BF08CFC0723F2E70BF07EFC0323EEE764
:102680000BF07AFC0423EAE70BF072FC0223E6E786
:10269000044841F299010AF01FFD00231846DEE7C5
:1026A00000800050B8E10008002337B50193194BB2
:1026B0000546D3F820320C4603F00703042B1FD83D
:1026C000DFE803F025030F141900002101A8FFF72C
:1026D000B3FF11230DB1019A2A6004B1236003B046
:1026E00030BD0BF053FC07230190F3E70BF0DAFC4D
:1026F0000A230190EEE70BF091FC09230190E9E732
:1027000041F2560104480AF0E7FC0023E2E7012306
:10271000E0E700BF00800050B8E10008F7B50027EF
:10272000144B0197D3F88041064604F00304022CB1
:102730000D4614D0032C0DD0012C14D1394601A81C
:10274000FFF740FF0F240EB1019B336005B12C60F1
:1027500003B0F0BD0BF01AFC07240190F3E70BF077
:1027600007FC0190EFE741F2E63103480AF0B4FCC0
:102770003C46E8E700800050B8E1000838B5164B49
:102780000546D3F800020C4600F00700042819D8CB
:10279000DFE800F020030B0F13000BF083FC0A238B
:1027A00005B1286004B1236038BD0BF037FC092364
:1027B000F6E70BF07AFC0B23F2E70BF0C3FB0E23DA
:1027C000800AEDE7054841F2A4410AF085FC0023A8
:1027D0001846E5E70123E3E700800050B8E1000870
:1027E00038B5164B0546D3F808020C4600F0070032
:1027F000042819D8DFE800F020030B0F13000BF0BA
:1028000051FC0A2305B1286004B1236038BD0BF0E8
:1028100005FC0923F6E70BF048FC0B23F2E70BF06D
:1028200091FB0E23800AEDE7054841F2DC410AF0F6
:1028300053FC00231846E5E70123E3E7008000503E
:10284000B8E1000838B5124B0546D3F850320C46B3
:1028500003F00303022B0FD0032B05D0012B0FD164
:102860000BF020FC0A2302E00BF01FFC0B2305B148
:10287000286004B1236038BD0BF0D0FB0923F6E7D4
:10288000044841F2C9010AF027FC00231846EEE78C
:1028900000800050B8E10008002337B50193184BC1
:1028A0000546D3F860320C4603F00703013B032BC7
:1028B0001FD8DFE803F0020E1914002101A8FFF76A
:1028C00081FE0F230DB1019A2A6004B1236003B089
:1028D00030BD002101A8FFF7DFFD1023F2E70BF068
:1028E00055FB07230190EDE70BF042FB022301901B
:1028F000E8E741F2FD0103480AF0EEFB0023E1E7BF
:1029000000800050B8E1000873B500240F4B01941B
:10291000D3F87032064603F00303012B0D4607D0AF
:10292000022B11D041F25B1109480AF0D5FB04E0FB
:10293000214601A8FFF7B0FD10240EB1019B3360C2
:1029400005B12C6002B070BD1424F6E70080005081
:10295000B8E1000838B50F4B0546D3F890320C4665
:1029600003F00303012B09D0022B0BD10BF00EFB5C
:10297000072305B1286004B1236038BD0BF0F8FAD5
:102980000223F6E7044841F285110AF0A5FB002373
:102990001846EEE700800050B8E1000808B5334B58
:1029A00098424FD027D8324B984245D017D8314B58
:1029B00098423ED00AD838B12F4B984239D041F2D4
:1029C000BB312E480AF088FB002034E02C4B9842A3
:1029D0002FD02C4B9842F2D12B4B586E2BE02B4B27
:1029E00098422CD003F5371303F5D8639842E6D10B
:1029F000254B986F1FE0264B98422FD00CD8254BC3
:102A0000984223D0244B984224D0244B9842D6D1CC
:102A10001D4BD3F884000EE0214B984222D003F5E1
:102A2000740303F510539842C9D1174BD3F898009B
:102A300001E0154B986D08BD134B186FFBE7124B67
:102A4000586FF8E7104BD3F88000F4E70E4BD3F83B
:102A50008800F0E70C4BD3F88C00ECE70A4BD3F876
:102A60009000E8E7084BD3F89400E4E780BA8C01C3
:102A7000405DC60080841E0040420F00B8E100089F
:102A800000093D00C0CF6A000080E00F0024F40080
:102A9000007E560380D54302006CDC020048E8014A
:102AA0000090D003B0F5207F10B52ED009D8B0F536
:102AB000007F24D003D868B1B0F5C07F0AD00024CD
:102AC0001BE0B0F5607FFAD1124BD3F88040C4F31D
:102AD000011412E00F4B1C6F230B13F00E0FC4F305
:102AE00003340AD0072C08D00F2C06D0032C04D0B6
:102AF0004FF4227108480AF0EFFA601C10BD054B34
:102B0000D3F89040C4F30464F7E7024B1C6FC4F39E
:102B10008024F2E700800050B8E100084FF48032D2
:102B200038B5104B04469A6600200D46FFF7BAFFF1
:102B300041F671320C4B6043DC69DA635A6804F485
:102B4000803422F440125DB90849884294BF0020C5
:102B50000120000502435A600CB10022DA6338BD3F
:102B60000349F2E70090005000000350005A62024F
:102B7000002D310138B5430904460D460ED140F20F
:102B800035310D480AF0A8FA002304F01F0485B17E
:102B900003F580530122A2401A6038BD012B04D0F6
:102BA000022B04D040F24331EBE7044BEDE7044B3A
:102BB000EBE703F50053EDE7B8E10008648000504F
:102BC00068800050002130B5B0F5807F85B00446A4
:102BD000CDE9001100F007816BD8002800F0DC80FF
:102BE000A0F12004602C75D8602C73D8DFE814F0B5
:102BF000D400E100D400E100F100F100F100F100A7
:102C0000F100E100F6007E00A1000C017E00E10071
:102C1000E100E10072007200720072007200720046
:102C20007200A100E100E100E10029011601E100CC
:102C30007200720072007200720072007200720004
:102C400072007200720072001B01F100D400D40007
:102C5000D40011017E007E002001BE009300C90057
:102C6000C90072007200720072007200720072007D
:102C700072007200720072007200720072007200C4
:102C800072007200720072007200720072007200B4
:102C900072007200720072007200720072007200A4
:102CA0007200720072007200720072007200720094
:102CB000CE00B0F5F06F00F0C4803FD8B0F5607F73
:102CC00000F082801DD8B0F5007F68D008D8B0F53C
:102CD000C07F61D040F2A4415C480AF0FDF958E0A1
:102CE000B0F5207F65D0B0F5407FF3D10BF02AF925
:102CF00004464FF42070FFF7D5FEB4FBF0F46408EF
:102D000060E0B0F5B06F69D00AD8B0F5806F60D0E0
:102D1000B0F5A06FDED100216846FFF7C5FC38E0B2
:102D2000B0F5D06F70D0B0F5E06F77D0B0F5C06F70
:102D3000D0D100216846FFF7AFFB2AE0B0F5206F45
:102D400076D00CD8B0F5106F63D0B0F5186F6AD09C
:102D5000B0F5086FBED16846FFF77AFB19E0B0F511
:102D6000306F6AD007D8B0F5286FB3D1002168461C
:102D7000FFF7CAFD0DE0B0F5386FDAD0B0F5406F5F
:102D8000A8D100216846FFF757FC02E00BF0BAF823
:102D90000090009805B030BD0BF0D4F8F8E70BF0C8
:102DA000B1F805462046FFF77DFEB5FBF0F500952E
:102DB000EFE70BF0C7F804464FF42070FFF772FE00
:102DC000B4FBF0F40094E4E701A8FFF7D1FB019D08
:102DD000E8E700216846FFF7F5FBDAE700216846DF
:102DE000FFF79CFCD5E74FF0E02302911B695B07DE
:102DF00005D50BF0A7F80290029B0093C9E703A941
:102E000002A8FFF749FBF7E700216846FFF7B6FC89
:102E1000BFE700216846FFF7E3FCBAE700216846F8
:102E2000FFF782FBB5E700216846FFF70BFDB0E72F
:102E300000216846FFF730FDABE76846FFF78AFDE3
:102E4000A7E700216846FFF74BFBA2E7B8E10008BF
:102E500008B58020FFF7B6FE034B98429EBF4FF4A3
:102E60008032024B1A6708BD005A620200A000506F
:102E70001FB503460020B3F5607F019000F0FC8091
:102E80007BD8582B68D8382B05D8243B092B49D937
:102E900040F28951D1E0393B1F2BF9D801A252F8F9
:102EA00023F000BF5D300008912E0008912E00082D
:102EB000912E0008673000088B300008912E000822
:102EC000912E0008912E0008912E0008912E0008E6
:102ED000912E0008912E0008912E0008912E0008D6
:102EE000912E0008912E0008912E0008912E0008C6
:102EF000953000089F2F0008912E0008912E0008A1
:102F0000912E0008E32F0008912E0008912E000852
:102F10009F300008A9300008813000080530000803
:102F200005300008092BB3D801A252F823F000BFE6
:102F30009F2F00089F2F00089F2F00089F2F000839
:102F40009F2F0008912E000843300008912E0008A2
:102F50005D300008BD2F0008802B58D0B3F5807F6E
:102F600096D14FF0E02302901B695B0771D50AF000
:102F7000E9FF0C230393039B55E0B3F5086F77D06B
:102F800021D8B3F5C06F69D00ED8B3F5A06F77D054
:102F9000B3F5B06F55D0B3F5806F7FF479AF0020F3
:102FA00001A9FFF70FFB50E0B3F5E06F6DD0B3F56B
:102FB000F06F58D0B3F5D06F7FF46AAF002001A94D
:102FC000FFF7DCFB41E0B3F5286F6DD00ED8B3F509
:102FD000186F5FD0B3F5206F61D0B3F5106F7FF439
:102FE00057AF002001A9FFF7FBFB2EE0B3F5306FD0
:102FF0005FD0FFF44DAFB3F5386F2FD0B3F5406F0E
:103000007FF446AF002001A9FFF716FB1DE02B4B14
:103010001B6F03F00703013B032B0CD8DFE803F021
:1030200009020507052301930FE00323FBE70823AB
:10303000F9E70223F7E740F2D64121480AF04CF8BD
:1030400003E0002001A9FFF769FB019805B05DF8D6
:1030500004FB03A902A8FFF71FFA8CE7002001A9CF
:10306000FFF71AFAF1E7002001A9FFF739FAECE7B8
:1030700001A9FFF7EDF9E8E701A9FFF779FAE4E71D
:10308000002001A9FFF710FBDFE7002001A9FFF7EF
:103090004BFADAE7002001A9FFF7D4FBD5E70020BF
:1030A00001A9FFF7F9FBD0E7002001A9FFF72CFCED
:1030B000CBE701A9FFF74EFCC7E700BF0080005037
:1030C000B8E100084FF48032074B0849586E03F509
:1030D00080535A664B6A23F001034B62C3035CBF03
:1030E000034B5A66704700BF0080005000C0075075
:1030F00000A00050B0F5207F38B577D00ED8B0F5DD
:10310000007F61D003D890B3B0F5C07F2FD04FF4CB
:103110004671BDE838403D4809F0DEBFB0F5607F3C
:10312000F5D13B4A4C1ED2F8FC5015F080751EBFFD
:10313000D2F8FC3023F08073C2F8FC30032C04D9A1
:1031400040F2F721314809F0C7FF324AD2F8803007
:1031500023F0300343EA0413C2F8803035B12C4A1F
:10316000D2F8FC3043F08073C2F8FC3038BD4C1EFE
:10317000012C0AD9102903D8274BCB40DB0704D4F4
:1031800040F2CB21214809F0A7FF09F0C0FF09F068
:10319000CCFF4FF48031214B1E4A1967136F23F483
:1031A000704343EA043313670AF0CCFE0446FFF78A
:1031B00043F9C0F10201204609F0B1FF00F048F8E0
:1031C000BDE83840FFF744BE4C1E1F2C04D94FF415
:1031D00043710E4809F080FF0E4AD2F8903023F078
:1031E000F85343EA0463C2F89030BFE74C1E012C49
:1031F00004D940F21231054809F06EFF054A136FF9
:1032000023F4806343EA84231367AFE7B8E100083F
:1032100000ED00E00080005010010100009000501F
:1032200008B50121022000F099F94FF42070FFF752
:1032300039FC054B187009F06AFF09F076FF4FF46E
:103240008032024B1A6708BD991800200090005088
:1032500008B54FF4C070FFF7B5FCBDE8084004495D
:10326000884294BF012102214FF42070FFF742BF32
:1032700080F0FA0238B504460AF064FE0546FFF70E
:10328000DBF8C0F10201284609F049FF01210020C6
:1032900000F0B8F92CB1FFF7DBFFBDE83840FFF7CD
:1032A000D7BD034B4FF420701978FFF723FFF4E7E5
:1032B000991800202DE9F0410546FFF76FFB431EEA
:1032C0000333044604D940F6E2113B4809F004FFF9
:1032D0004FF4C022394B5A6603F598335A68012AD5
:1032E00004D137494A605A689207FCD48020FFF71E
:1032F000BFFD052807D109F00AFF09F016FF4FF4BA
:1033000080322E4B1A672F4B24F040749D4239D0E7
:103310002D4B9D4239D00AF0EFFD8542064603D978
:103320000121284600F06EF9284FFB6813F0060FC4
:10333000FBD1D7F80880BC60BB68634013F4F81F6A
:1033400026D12846FFF708F88020FFF791FD0528D1
:1033500014D10AF0F7FDA842044604D940F63B21F7
:10336000154809F0B9FEFFF767F8C0F102012046E1
:1033700009F0D5FEFFF76CFFFFF76AFDAE4213D2EE
:10338000BDE8F08144F00074C5E744F08074C2E702
:1033900040F62A21084809F09FFE8020C7F80880DF
:1033A000FFF766FD052805D0BDE8F04101210020AA
:1033B00000F028B93546CCE7B8E10008009000508D
:1033C00000E0015040420F0080841E0000000150C8
:1033D0004E4B70B59842054673D041D8A3F5B7035C
:1033E000A3F55863984265D033D8494B494E98426B
:1033F00051D017D8002877D041F2DE11464809F0A5
:103400006BFE40F68671444809F066FE4FF40022D8
:10341000404B5A663E4B9D4276D000243F4A95422F
:1034200036D05DE03D4B984227D03D4B9842E3D1EA
:103430003C4BD3F8A040621E033224F040744CD9B8
:1034400040F68671344809F047FE4FF40023736656
:10345000E4E7354B9842CFD1324BD3F8BC402CE057
:10346000324B984231D0324B984232D0314B984255
:10347000C2D12C4BD3F8C8401FE02A4BD3F8A04050
:10348000621E033224F04074DAD84FF400237366CE
:1034900044F0807424E0234BD3F8A040621E033232
:1034A00024F040742AD84FF400237366234643F077
:1034B000007415E01B4BD3F8B840621E154E033262
:1034C000BBE7184BD3F8C040F7E7164BD3F8CC4016
:1034D000F3E7144BD3F8D040EFE74FF400237366C3
:1034E0004FF0B442946070BD40F686710A4809F00E
:1034F000F3FD4FF400232C467366F1E740F6867126
:10350000054809F0E9FDCEE70023D0E7C0EA210134
:1035100040420F0000900050B8E1000880841E0077
:1035200000093D000080E00F0024F4000048E8019D
:10353000005A620280BA8C01024A536B0342FCD1EA
:10354000704700BF00400950034A0179D36E23F051
:1035500030030B43D366704700400050F8B5044673
:10356000244BD3F88420D006FBD4D3F88430C3F3A3
:1035700081139C423CD00AF0C5FC012C05460BD1BE
:103580001D4B984204D940F29B711C4809F0A4FDE0
:103590000121284609F0C3FD0AF075FD4FF00072C5
:1035A000174B07465A66204609F0C4FD4FF4806366
:1035B000104E621E93403367736E9A0103D4D6F89F
:1035C00084309B060AD538460AF058FD022C0FD1EC
:1035D0002846BDE8F840002109F0A1BDD6F88430A6
:1035E0009906E9D540F2B371044809F075FDE3E7A7
:1035F000F8BD00BF00400050005A620227E20008F8
:103600000060005010B50C4608B90AF07BFC074B6F
:1036100021461B783BB1064B984204D80120BDE8F7
:103620001040FFF79BBF0220F9E700BF9A18002067
:10363000005A62024FF0004238B5244B244C5A66BF
:103640004AF6CD33656C014605F00105236428BBBD
:103650000120FFF771FF6368DB0715D51D4B58602C
:1036600008461D4B226BD2070CD4984208D1072480
:1036700015B1174B194A1A6409F05DFD204638BD93
:103680000130EFE79842F2D00024F1E70132236BDA
:1036900013F0080305D08A42F8D1E8E700220E496A
:1036A000F5E78A42E3D020210A4A91620121A2F57E
:1036B000805251600649084A886A800603D49342C2
:1036C000D5D00133F8E79342DDE700BF009000500A
:1036D000004009500060095040420F003254FFFF83
:1036E0004FF0004238B5164B01465A664AF6CD33C4
:1036F000144C154A656C236443780B205B0043F03F
:103700000103D363FFF718FF63688A7823F4F87323
:1037100043EA02136360CA784B7943EA0223A36049
:103720000A798B7943EA022323610878FFF782FF45
:10373000EB0744BF054B236409F0FDFC012038BDB5
:103740000090005000400950004000503254FFFFEC
:103750000F2870B5044605D940F67461124809F087
:10376000BBFC0F244FF00042104B11495D6E03F576
:1037700080535A664AF6CD334E6C80200B64FFF7B7
:10378000DBFE0B6A23F00F0323430B62F30744BFF6
:10379000084B0B64002DA2BF4FF00042064B5A6647
:1037A00009F0C9FC70BD00BF27E20008008000508E
:1037B000004009503254FFFF00A00050032838B5E4
:1037C00004460D4605D8094B33F81030CB40DB07D3
:1037D00004D440F28541064809F07EFC30230122E2
:1037E0005C43044BAA401A5138BD00BF84E3000873
:1037F00096E2000840D00350032838B504460D4631
:1038000005D8094B33F81030CB40DB0704D440F225
:103810005641064809F060FC302301225C43044B0A
:10382000AA401A5138BD00BF84E3000896E20008A0
:1038300040E0035003282DE9F04104460D461746A9
:10384000984605D81D4B33F81030CB40DB0704D425
:103850004FF4B0711A4809F03FFC37B129462046B1
:10386000B8F1000F20D0FFF7A9FF0F21072D04EBBF
:10387000440688BFA5F108034FEA0616114895BF14
:10388000AB009B0004360C3607FA03F29940304433
:1038900009F052FC7FB929462046B8F1000F06D046
:1038A000BDE8F041FFF78ABFFFF7A6FFDDE7BDE8FF
:1038B000F041FFF7A1BFBDE8F08100BF84E300083D
:1038C00013E3000830C00350034BD3F82424D3F88B
:1038D00020041040704700BF00C0035010B563487B
:1038E0000AF0EBFB20B14FF44E71614809F0F4FB94
:1038F0006048FFF7DFFC6048FFF76AFD5F480AF0A9
:10390000DCFB20B140F2CB11594809F0E5FB5C4CDF
:10391000FFF786FC236F002023F0070343F0020328
:103920002367FFF7A7FC236F564923F4744343F43E
:1039300080632367544BD3F8FC2012F080727CD153
:10394000D4F8803023F0030343F00103C4F880303F
:10395000C1F880204A4CD4F8203123F0070343F00B
:103960000103C4F82031D4F8283123F0070343F0D1
:103970000103C4F82831D4F8803123F0030343F065
:103980000103C4F88031D4F8903223F0030343F0EC
:103990000103C4F89032D4F8403123F0030343F01C
:1039A0000103C4F84031D4F8603123F0030343F03D
:1039B0000103C4F86031D4F8403223F0030343F02C
:1039C0000103C4F84032D4F8003223F0070343F077
:1039D0000103C4F80032D4F8083223F0070343F09F
:1039E0000103C4F80832D4F8503223F0030343F043
:1039F0000103C4F85032D4F8703223F0030343F0CB
:103A00000103C4F87032D4F8203223F0070343F0E6
:103A10000103C4F82032FFF755FB4FF0E022136991
:103A2000002043F004031361D4F8603223F007034D
:103A300043F00103C4F8603210BDD3F8FC2022F03B
:103A40008072C3F8FC20D4F8802022F0030242F0F8
:103A50000102C4F880200022C1F88020D3F8FC20A5
:103A600042F08072C3F8FC2074E700BF34E5000820
:103A700098E4000800B4C404C0EA210138E5000855
:103A8000008000500090005000ED00E007B5094BA9
:103A900018689A889B7900906846ADF804208DF8E4
:103AA0000630FFF71DFE0920FFF752FE002003B08D
:103AB0005DF804FB2DE5000813B50024064A6846AE
:103AC000536F43F00103536700948DF80440FFF7F0
:103AD0003BFD204602B010BD004000504F2810B5FD
:103AE000044608D801236109074A04F01F04A340D3
:103AF00042F8213010BD4FF49971044809F0ECFAF6
:103B0000002CF7DBEEE700BF00E100E040E5000835
:103B10004E2810B5044604D940F23D11064809F07C
:103B2000DBFA064B621153F8220004F01F04E04058
:103B3000C04300F0010010BD40E5000800E100E0D6
:103B4000002808DB01224309034900F01F008240DE
:103B5000603341F82320704700E100E038B500F100
:103B600010035F2B04460D4604D94FF4F0710E4844
:103B700009F0B2FA0F2D04D940F2E1110A4809F018
:103B8000ABFA60B20028ACBF00F16040074B4FEACF
:103B90000515EDB2ABBF00F5614000F00F0080F8F5
:103BA00000531D5438BD00BF40E5000814ED00E08F
:103BB00010B50AF071FA0A4B1A786AB901226FF04F
:103BC00004041A700AF063FA204605210134FFF755
:103BD000C5FF4F2CF8D110BDBDE810400AF057BA10
:103BE0009B1800200346054A0549106803448B4290
:103BF0008CBF4FF0FF301360704700BFB418002037
:103C00000000042070B52E4D8CB001A804AC00F06B
:103C1000F9FE0FCD0FC495E80F0084E80F000121D5
:103C20003A209DF80F60FEF7A5FF01215720FEF70F
:103C3000A1FF0123042219460220FFF7FBFD022207
:103C4000012310460021FFF7F5FD1E4B1E4A1F48B9
:103C5000C3F8FC240222C3F8F4241422C3F8E42499
:103C600000238DF810304FF4E13304A9069300F0DF
:103C700085FD0521154800F047FB00F03BFE31466D
:103C80009DF80E20124807F027F8A6B1114D7621B5
:103C9000284601F095FD104B187095F9020001F0CF
:103CA000FBFE044695F9010009F016FE2146024686
:103CB0000A4807F011F80CB0BDE8704002F020B8D7
:103CC00078E6000800C003500200010000000A501E
:103CD000D9E50008001000209C180020FCE5000831
:103CE000F0B58DB02022002104A809F0B7FE314BB9
:103CF0001B78002B5CD0304804A909F00EFE002888
:103D000056D0DFED2E6ADDED087A67EEA67AF5EE85
:103D1000C07AB6EE007AF1EE10FAACBF77EE877A91
:103D200077EEC77AFDEEE77A17EE902ADDED097A95
:103D300067EEA67AF5EEC07AF1EE10FAACBF77EE38
:103D4000877A77EEC77AFDEEE77ADFED1D6A17EE28
:103D5000900ADDED0A7A67EEA67AF5EEC07AF1EE0A
:103D600010FAACBF77EE877A77EEC77AFDEEE77A86
:103D70004FF47A7717EE904A642594FBF7F690FBA0
:103D8000F5F392FBF5F107FB164405FB130005FB69
:103D90001122002CB8BF64420028B8BF4042002A5C
:103DA0000090CDE901640748B8BF524206F094FF85
:103DB0000DB0F0BD9C180020001000200000C8428B
:103DC00000007A4434E60008B0F1B64F10B504465E
:103DD0000ED12E20FEF7F6FEA3680B49C3F3012394
:103DE000A269CB5C02FB03330833B0FBF3F010BDD8
:103DF000064B984201D12F20ECE70548DE2109F05F
:103E00006BF90020E8E700BFFBE6000800800650E1
:103E100098E60008F8B506460F461546002A6AD00F
:103E200003F00304836823F4407383600AF02BF9E2
:103E3000B26882EA042303F440735340B3600AF08B
:103E40001DF937B9B6F1B64F0DD12E20FEF7BAFEE7
:103E50000746B3689A0717D5012C1BD0022C27D030
:103E600064B9264B17E0264B9E4201D12F20EDE787
:103E700040F22F11234809F02FF9B3684FF4B271C3
:103E8000204809F029F908E0012C13D0022CE7D1D1
:103E90001D4B00E01D4B9F42F0D91D4B1B5D6B433A
:103EA0000AD140F27511BDE8F840164809F014B97E
:103EB000184BF0E7184BEEE7A3EBC504013C3C447C
:103EC000B4FBF3F4013C0CD540F27B110D4809F032
:103ED00003F94FF4BE710B4809F0FEF8B368B46102
:103EE000F8BDB4F5007FF4D2B3689B07F7D5002C7A
:103EF00008BF0124F3E740F21511D4E780841E00C7
:103F00000080065098E60008002D3101404B4C001F
:103F1000FBE60008809FD50040548900B0F1B64F01
:103F200038B504460D4607D0084B984204D040F2FD
:103F30009511074809F0D0F8043425B104F58054F0
:103F40000123236038BD04F50054F9E700800650D2
:103F500098E60008B0F1B64F38B504460D4607D0D4
:103F6000124B984204D04FF4D571114809F0B4F8BF
:103F70000023104A236404F50053DA636A7804F1DD
:103F800008037AB903F5805302221A602046D5E966
:103F900001122B7BFFF73EFF20462978BDE8384011
:103FA000FFF7BCBF03F50053EEE700BF00800650EB
:103FB00098E60008FFFF1F00E023C3600023836032
:103FC0008361C3610362036443604369DB0506D414
:103FD000202300F50050C363024BC3637047436A5C
:103FE000F3E700BFFFFF1F00B0F1B64F70B50AD076
:103FF000824B98421DD0824840F2012109F06CF8B2
:104000006FF0030070BD7F4B9968C26B12F4C06FF4
:1040100015D091050FD5FD225A7009221A70002281
:10402000026493F90110012900D15A7093F901003B
:10403000E8E7754BE8E75605EFD5FE22ECE71C787C
:10404000082C00F2D680DFE814F009001F004500BC
:10405000530070007E009C00A700CB004C880A88AB
:10406000E5060AD5120A02F0060242F0F00201212A
:1040700019704263C1600120C4E702F0FE02A1078B
:1040800048BF42F00102F2E7160608D5802100F58C
:104090000052D1634FF608721A80022318E05506C9
:1040A000E9D5402400F50052D4634A88D40604D5EB
:1040B00002221A700B784363DDE796076AD5072260
:1040C0001A701B7901EBC3031B89012BD3D1082381
:1040D000C360D0E71506D9D45406CCD5402400F5EA
:1040E0000052D4634A88920754D503221A708CE791
:1040F0004C880A88E60643BF120A02F0060242F024
:10410000F00202F0FE02650709D51C7942F00102B7
:1041100001EBC4010989012904BF0821C160042100
:1041200019700123C3604263A5E71406AED452069A
:10413000A1D5402400F50052D4634A88560729D5FA
:1041400007221A7097E71A795D8801EBC204268965
:10415000AE420FD800240132D2B21A715C804C8872
:104160006507C2D4E40702D4012A7FF64EAF0822C5
:104170001A7092E76268691C5980525D4263062298
:10418000DFE7160682D455067FF575AF402400F5AB
:104190000052D4630522A9E794067FF56CAF202670
:1041A0001A7900F5005401EBC2010A89456AE663F9
:1041B0005C88A24281BF4968661C5E800D555988A3
:1041C0008A42D4D90424012AC46004D0013A91421D
:1041D00001D10822C2601A78092A3FF420AF4AE7C9
:1041E000D2057FF548AF4FF4807100F50052D163DE
:1041F00013E74FF609321A8011E700BF008006501E
:1042000098E60008301700203C170020B0F1B64FA8
:1042100038B504460D4607D121B940F26A31264827
:1042200008F05AFF254B13E0254B98420DD040F281
:104230006931214808F050FF25B940F26A311E4823
:1042400008F04AFF6FF0030038BD00292BD01D4B4A
:104250002269D00744BF2022E2606A88910702D514
:1042600029890029EED0520702D52A8A002AE9D0EE
:104270004FF480721A6000229D601A71C023E360BF
:104280006369DB0515D4202204F50053DA630E4A76
:104290002046DA634FF4FC6204F580531A64BDE8EB
:1042A0003840FFF7A1BE40F26A31034808F014FF1E
:1042B000CDE7636AE4E700BF98E600083017002006
:1042C000008006503C170020FFFF1F0010B508F0CB
:1042D000A3FF202341F2020203610023C360836035
:1042E00042614FF4A02207498361426200F5005207
:1042F000C36103628362C36243630365D164036382
:1043000010BD00BFFF3F0D0338B5194B044698425E
:104310000D460BD0174B984208D003F580439842C6
:1043200004D040F26911144808F0D6FE25B92046A1
:10433000BDE8384008F070BF012204F580535A6090
:1043400040F6FF71204605F00F0208F061FFA263FE
:10435000782108F05DFF05F001036A0748BF43F0CC
:104360000203A26C02F003029A42FAD138BD00BFE8
:104370000000015B00000A50FFE60008F8B50546A2
:104380000C46164622B940F227216D4808F0A4FEDB
:104390006C4B9D4202D1BCB9562411E06A4B9D4240
:1043A0004FD003F580439D4247D040F22A21644814
:1043B00008F092FE44B940F27931614808F08CFE71
:1043C0002046FEF7FFFB0446AB68D90749D5B44247
:1043D00004D24FF40D715A4808F07EFEB4FBF6F497
:1043E0006F68013CFF2C07F0010704D94FF40F71EF
:1043F000534808F071FE24066FB32821284608F0C0
:1044000007FFAB6C9A0720D1AB6CDB071FD4AE6CF7
:1044100016F002061DD140F24921494808F05CFE21
:10442000284608F0F9FE2B69314623F07F432343E9
:104430002B61BDE8F840FFF767BF002CC4D15824BA
:10444000BEE7002CC0D15724BAE70526E8E70926C5
:10445000E6E70626E4E72B6923F07F4323432B613D
:10446000F8BD6B68012B04D04FF41771344808F085
:1044700033FEAB6803F0E003402B42D009D893B180
:10448000202B1AD040F29E21BDE8F8402C4808F0BD
:1044900023BE602B42D0802BF4D106EB4603A3420F
:1044A00047D801230DE0B6EB141F04D94FF4217156
:1044B000234808F011FE102303E0B6EBD40F1AD8FE
:1044C000082373436401B4FBF3F4204F203CB7EBA3
:1044D000C40F4FEAC40604D240F2A921184808F0DC
:1044E000FBFD28463E40012108F092FE2E63BDE808
:1044F000F84008F08DBE40F28921114808F0ECFD2B
:10450000DEE70623B4FBF3F3B34201D30623D8E777
:1045100040F28E210A4808F0DFFDF7E7B6EB940F72
:1045200001D80423CDE740F29321054808F0D4FDDB
:10453000F7E74FF42671024808F0CEFDB1E700BF5F
:10454000FFE600080000015B00000A50F8FF7F0052
:10455000F8B5436804460D4616461BB140F6FF7198
:1045600008F056FE2046FFF7B1FEE9896B7B6269D1
:104570000B43298A22F44C520B4322F00F021343BF
:104580006361A268297E2B7B22F080420B4322F0DC
:10459000E20213436A6904F580511343AA68A360D9
:1045A000EB69002A35D1A06840F00040A060002BE4
:1045B00034D166B396F82030E3B101230B624B602F
:1045C00020462978FFF7A0FEA36CDB4313F4405F7D
:1045D000FAD1F8BD96F8203063B101230B624B602D
:1045E00020466968FFF7CAFEEAE796F82030002BFC
:1045F00040F0B08096F82230E06996F8216020F013
:1046000009003343034343F00103CB617EE0012300
:10461000D5E71BB9002EDDD10123E0E7987A1F7A98
:104620004004D4F808C040EA87504C4F0CEA070712
:1046300038439F8807F4C04738435F7840EA8700D3
:104640005F7B40EAC7009F7B40EA07109F7840EA03
:104650008720A060D4F80CC0D3E904073843404F4A
:104660000CEA070738439F7940EA8720DF7940EA60
:104670004720E06018783B4F012812D1E06840F0F5
:104680000400E060BC424FD0374884424ED000F571
:10469000804084420CBF02204FF0FF30334F400176
:1046A00013E0032838D1E06840F00400E060BC4229
:1046B00036D02D48844235D000F5804084420CBF6E
:1046C00002204FF0FF302A4F40010744022078605B
:1046D000587A886218B1E06840F40060E060D87AE7
:1046E00058B1E06840F40040E0601E4884421FD1A9
:1046F000187B204F00F00F007866606ADB7B20F0AB
:10470000030003436362002E7FF46FAF01234B600D
:10471000002A3FF455AF63E702380128C7D9B1E753
:104720000020D0E70120CEE70020B7E70120B5E761
:104730000D48844205D1187B0E4F00F00F003867FA
:10474000DBE70D48844201BF187B0A4F00F00F00E1
:10475000F867D2E701230B62D8E700BFE39BBDFFF8
:10476000FFF9F0870000015B00000A50C0E403502D
:10477000C0D403500090035000400A5038B5154B88
:10478000044698420D460AD0134B984207D003F5D1
:104790008043984203D07021104808F09DFC1DB959
:1047A00072210E4808F098FC2B7B802B03D17621D8
:1047B0000A4808F091FC6B7B032B03D97921074849
:1047C00008F08AFC29462046BDE838400022FFF761
:1047D000BFBE00BF0000015B00000A50FFE60008FA
:1047E000034BD3F8D43023FA00F000F001007047F7
:1047F00000C003502DE9FF47E846384B04460FCB75
:1048000088E80F0001213A20FEF7B4F901212E209B
:10481000FEF7B0F90220FFF7E3FFB0F1000A4FF016
:10482000030018BF4FF0010AFFF7DAFF0A22B0F1C8
:1048300000094FF001034FF002014FF0030018BFD1
:104840004FF00109FEF7F6FF0321012308460A2273
:10485000FEF7F0FF092704202149224DC5F8D000BA
:1048600008F0F4FC204BC3F8D00008F0EFFC013F47
:10487000F4D10220FFF7B4FF06460320FFF7B0FF94
:104880001A4BC1F83875C1F83C354FF00313C1F825
:10489000403503230546C1F838354FF0B640FFF7E1
:1048A0008BFB134B41464FF0B6400293FFF752FB90
:1048B0004FF0B640FFF788FA003E18BF0126003DD2
:1048C00018BF01256060204684F800A084F801909C
:1048D000A670E57004B0BDE8F08700BF68E7000887
:1048E00000C0035000E0035000D00350030002005A
:1048F000A08601000B4A0020D2F8FC30002143F0D2
:104900008073C2F8FC30084B1A6842F001021A604A
:104910005A68064B1A600122054BC3E90001054B9A
:104920001A70704700ED00E0001000E0481700200A
:10493000A01000209D1800200B4B10B51B780BB960
:10494000FFF7D8FF094B0A4C586823688342094B8C
:1049500006D9D3E90021013241F10001C3E9002168
:104960001968206010BD00BF9D180020001000E0F5
:1049700048170020A010002038B5FFF7DDFF074BD7
:104980001A6842B1064C0023A0FB040504FB015148
:1049900005F026FF38BD00200146FBE7A4180020E3
:1049A00040420F0038B5FFF7C7FF074B1A6842B106
:1049B000064C0023A0FB040504FB015105F010FF89
:1049C00038BD00200146FBE7A418002000CA9A3B2E
:1049D00022B90A460146074806F07EB9042A96BF66
:1049E000054B064B53F822300A460146044806F0B0
:1049F00073B900BF81E700087CE8000878E7000889
:104A0000A4E700082DE9F04F87B0044603A8FFF79C
:104A1000F1FE9DF80CB09DF80DA09DF80E909DF84C
:104A20000F8052465946049F224806F055F94246E7
:104A30004946214806F050F93946204806F04CF91D
:104A4000692008F02BFC0646B0FA80F50246692181
:104A50001B48FFF7BDFF012E4FEA55150BD903A8E0
:104A6000FFF7C8FE9DF80CB09DF80DA09DF80E90C4
:104A70009DF80F80049F762008F010FC76210246F6
:104A800001901048FFF7A4FF019A20466272B2FA23
:104A900082F2520984F800B084F801A084F80290F0
:104AA00084F8038067602672A572E27207B0BDE8E1
:104AB000F08F00BFD1E70008F2E700081BE800080C
:104AC0004BE8000851E80008CB8B06EE900A07EE91
:104AD000903A9FED187AF8EE677AF8EEE66A27EEDC
:104AE000877A9FED156A16EE867A9FED146A67EE57
:104AF000867A9FED136AB1F9203056EE867A06EE7B
:104B0000903A91F92230B3EE006A00EE103AB8EE16
:104B1000C00A27EE077A20EE060AF8EEE66A20EED3
:104B2000070A07EEA60ADFED077A81ED0E0A80EE8E
:104B3000270A704700000039000000370000803A63
:104B4000000080380000A045D1ED0E6AF6EE007A34
:104B50009FED537A91F9283016EEA77A06EE903A37
:104B6000B1F92630F8EEE66A07EE903A66EE876A0B
:104B7000F8EEE77A66EE876A9FED4A6A67EE877A13
:104B800046EE867ADFED486A8B8C67EEA67A06EEF3
:104B9000103A9FED465AF7EE006AB8EE466A47EEC5
:104BA000856A26EE266AFDEEC67A17EE903A04EE86
:104BB000900A002B70D091F92E30DFED3D5A06EEB1
:104BC000903AB1F92C30F8EEE66A07EE903AF8EE3A
:104BD000E77A67EE877A66EEA56A27EE074A77EEF0
:104BE000A77A9FED347A46EE847AF8EEE46AB1F95A
:104BF0002A3037EE667A06EE903ADFED2F4AF8EE6D
:104C0000E66A66EEA46AF5EE004A47EEA46ADFEDB6
:104C10002B4AF0EE477A9FED2A7A46EEE47A67EE69
:104C2000877AB1F9323087EE860A07EE103AB1F989
:104C30003030B8EEC77A07EE903AF8EEE77A27EE12
:104C4000007A67EE857A27EE007A67EE807A9FED2C
:104C50001D6ADFED1D6A91F8343060EE266A47EE7A
:104C6000067A07EE103A26EEA66AB8EEC77A66EE26
:104C7000266A27EE257A91F92F3047EE267A07EE3D
:104C8000103ADFED126AB8EEC77A47EE267A9FED4A
:104C9000107A07EE870A70479FED0E0A704700BF33
:104CA00000007A470000803800000036000000381D
:104CB0000000003700008049000080470000803974
:104CC0000050C345000000300000803B000000435E
:104CD0000000803D0000000091ED0E6ADFED306ABB
:104CE00091F9153086EE267A06EE903ADFED2D5AD0
:104CF000F8EEE66AB7EE000A66EEA56A91F916309C
:104D000006EE870A06EE903AFAEEC66A66EE876A03
:104D10004B8A06EE870A06EE903A07EE900AFBEE03
:104D2000C76A91F9143020EE260A06EE103A0B8A73
:104D3000F8EE676A07EE903AB3EE005AF8EE677A3B
:104D4000BAEEEF6A67EE857A46EE077A76EEE77A94
:104D500091F9183020EE270A06EE903ACB7DFAEE54
:104D6000E56A07EE903AF8EE677A67EEA57A46EEC6
:104D7000877A67EE807A07EE800ADFED0B7AB4EE71
:104D8000E70AF1EE10FA07DCB5EEC00AF1EE10FA10
:104D900001D59FED060A7047B0EE670A704700BF65
:104DA0000000A045000080380000C842000000005C
:104DB000B1F91A30B0F5C87F07EE903A28BF4FF42A
:104DC000C870FAEEE87ADFED2B6A9FED2B7A07EEDA
:104DD000A67AF7EE006A07EE900AF0EE665AF8EE51
:104DE000677A91F9193047EE275A07EE103ADFED4E
:104DF000237ABAEECE7A91F91C3037EE277A07EE95
:104E0000903A91F90E30FAEECB7A06EE103AB8EEFF
:104E1000C66A67EE867A91F83C3045EE877A07EEEF
:104E2000103AB1EE006AB8EE477A37EE067A91F999
:104E30003D30C6EE075A07EE103A67EEA57AB8EE97
:104E4000C77A9FED0F6AF0EE665A47EE065AB3EE48
:104E5000097A86EEA56A17EE867ADFED0A7A67EEA2
:104E6000277AFCEEE77A82B0CDED017A9DF8040056
:104E700002B070476F12033A75021A3B00004442B9
:104E80006F12033B9A99594006EE900AF0B52B4CED
:104E9000A1B06D46264607EE902A9FED297AF8EEDE
:104EA000666A0F460FCE0FC50FCE76EEC76AF8EED4
:104EB000E77AB1EE046A9FED237A0FC50FCE0FC5D6
:104EC00096E80F00403485E80F000FCC10AD0FC5F9
:104ED0000FCC0FC50FCC0FC594E80F0085E80F006D
:104EE00020AB03EB870353ED205A07EE867A9FED44
:104EF000166AB7EE000AC5EE867A77EE807A27EE5C
:104F0000277AC6EE877A53ED106A37EE807AC6EEBE
:104F1000867A012377EE807ADFED0C6ABB4067EE7C
:104F2000A67A06EE903AF8EEE66A67EEA67A67EEA3
:104F3000277A80EE270A21B0F0BD00BF98E800086C
:104F4000000000440080A7440000C842BD3706347A
:104F5000F0B54C4B064618681B7987B08DF80C30BD
:104F6000002302900DF107000D4604938DF81430D4
:104F700008F0E1FB044628B10EB94FF0FF3420469B
:104F800007B0F0BD294608F099FB07460446002EFD
:104F9000F3D00028F3D12B460522712004A908F094
:104FA0009EFA85F84D7004460028E8D12A4607216C
:104FB000F01C08F0E6F904460028E0D10521701C39
:104FC00008F0DFF904460028D9D1B01C08F0D9F95F
:104FD00004460028D3D1304608F0D3F9044600280F
:104FE000CDD10821301D08F0CCF904460028C6D1E7
:104FF000F3789DF814209B0003F01C0322F01C02A0
:105000001A439DF81330717803F01F0343EA4113EC
:10501000B17823F01C03890001F01C010B438DF8CB
:10502000133031789DF8113001F0070123F00703A8
:105030000B4331798DF8113008290ABF0021002077
:10504000012002F01F0343EA41138DF814309DF84C
:105050001030052203F07F0343EAC0138DF81030AF
:1050600004A92B4602A808F0F0F904469DF80700B1
:10507000002884D0002C82D1294608F01FFB04466A
:105080007DE700BF90E8000837B51F4B0546D3F811
:105090008000B3F884300C460090ADF8043011B9AC
:1050A000002003B030BD0521601C08F06AF900281B
:1050B000F6D1A01C08F065F90028F1D1204608F0CF
:1050C00060F90028ECD16378022D03F108036B44EA
:1050D00013F8082CA37803F108036B4413F8083C79
:1050E0001344227802F108026A4412F8080C1844AA
:1050F00040F2AB7303FB00F00BBF00F5865000F5E8
:10510000A55040180D30CCE798E800082DE9F04F85
:10511000B5B01E4622AB009207460D4618464822FF
:10512000002108F09BFC28AB0A900B9330462EAB75
:105130000C9308F018F9044628B14FF0FF342046CC
:1051400035B0BDE8F08F002DF7D0012F40F0D480AE
:10515000014615900D2216A808F080FC4FF00508B6
:10516000334611221D2015A908F0B9F99DF85520E4
:105170009DF854C0AA709DF856200CF0800301924F
:105180009DF857200CF00F0C02929DF8582085F8DE
:1051900001C003929DF859209DF862B004929DF8D9
:1051A0005A209DF8649005929DF85C209DF85BA0C4
:1051B00006929DF85D2007929DF8612008929DF867
:1051C00063200992B268012A0CBF09F030020BF08B
:1051D000300213432B701B067FD5002840F09781C7
:1051E00033460122E91C0CF15A0008F078F9002836
:1051F00040F08D816878334650300122291DC0B2BD
:1052000008F06DF9002840F08281687833466430F8
:105210000122691DC0B208F062F9002840F07781D0
:10522000059B4FEA1A1040EA0310049B314640EAFE
:105230000330FFF749FC039B85ED020A1809029B26
:1052400040EA0310019B40EA0330FFF77DFCDDE9F3
:10525000062385ED030A43EA0220FFF73DFDB3680C
:1052600085ED040A012B2AD1099A4FEA991343EAE2
:1052700082034FF4802209F00F0922FA09F207EEA7
:10528000102ADFEDA47AB8EEC77A03EB430303F5E7
:10529000206327EE277A07EE903AF8EEE77AC7EE1A
:1052A000276AC5ED056A95F90030002B01DB002760
:1052B0000224009B002B3FF440AF1F703FE7089B88
:1052C0004FEA9B1096F93E200BF00F0140EA830055
:1052D000FFF7DAFD85ED050AE5E7002840F01781C4
:1052E00042F21070B36C716808F1FF38984718F0FB
:1052F000FF087FF435AFD6E7023F012F00F20481AB
:1053000001462F22159016A808F0A8FB1A22214664
:105310000EA80D9408F0A2FB334633221D2015A9D8
:1053200008F0DDF80028C2D133461E2250200DA916
:1053300008F0D5F80028BAD10DF12809CA468046F0
:10534000DFED743A15AC5AF8047B6378A278BB7031
:10535000E378A0791B0143EA02332279000143EA92
:10536000121301936379227A40EA0330E3792178BA
:1053700040EA1310637A94F80EB043EA02230293D2
:10538000637B227C0393E37B01F0800C0493B3687E
:1053900001F00F01012B0CBF02F0300E0BF0300EAC
:1053A000059301F1D0034CEA0E0C79700DEB03016B
:1053B00087F800C011F89CCC87F804C011F892CC93
:1053C00011F8881C87F803C079713146FFF77CFB20
:1053D000019887ED020AFFF7B7FB029887ED030AF1
:1053E000FFF77AFC059B87ED040A012B5AD104993B
:1053F000930943EA81034FF4802102F00F0221FA5E
:1054000002F207EE902A03EB430303F52063F8EE64
:10541000E77A07EE103A67EEA37AB8EEC77A87EE1E
:10542000870A08F10108B8F1030F87ED050A04F1B6
:10543000110488D100274A463B4652F8041B013329
:1054400091F90010DBB20029BCBF0137FFB2032B7A
:10545000F3D14A460023164603F1010C04321146EB
:10546000E646306851F8044B90F900B090F802A07D
:10547000BBF1000FA37894F9008022DAB8F1000F95
:1054800022DAA3EB0A039BB203F102081FFA88F8A1
:10549000B8F1010F02D91BB2022B15DD346041F8BF
:1054A000040C11E0039B4FEA9B1096F93E200BF091
:1054B0000F0140EA8300FFF7E7FCB2E74FF0020E6E
:1054C000CFE7B8F1000FE9DBBEF1010FF6D0BCF178
:1054D000020F4FF00103BED14FF0000C4FF0180E39
:1054E0000EFB0C5459F8046B0CF1010C0FCE0FC4D9
:1054F00096E80300BCF1030F84E80300F0D1B7FA8B
:1055000087F464096400D4E607460124D1E6044622
:105510000027CEE60024744947F270132DE9F04FBE
:1055200091B0074690460E46ADF80C3029B94FF0C1
:10553000FF34204611B0BDE8F08F1146002008F07E
:10554000BDF804460028F4D16E23874A8DF80B304D
:10555000D2F88600D2F88A1004AB03C3B2F88E20CA
:10556000022F1A8007AB03C31A800AAB03C31A8049
:105570000DAB03C30DF110091A800DF11C0A00F0E8
:105580009980032F61D0012F01D00124D1E75A2344
:10559000414670888DF81030FFF70AFC64238DF8BF
:1055A0002830B3888DF81C00B3F57C6F4BD23F2BAD
:1055B00004F1010244D803EB8413DBB200258DF81B
:1055C000343043463A465146484607F03EFF0446CB
:1055D0000028AED143463A460DA90AA807F035FF88
:1055E00004460028A5D14346022270200DA907F0E9
:1055F00076FF044600289CD13378012B40F0B1801F
:10560000D8F80820012A08BF02239DF834200DA9EC
:1056100022F0080242EAC4049DF8352003A822F0D3
:105620000F02154325F0300545EA031502224346D3
:105630008DF834408DF8355007F007FF044678E7C1
:1056400014469B08B3E7FF23B8E7F268002A3FF44B
:105650006EAFB568002D3FF46AAF377C5FFA84FB0C
:105660005F4501D83D46ACE70BF15A03414635F89A
:10567000140009F80430FFF79BFB0BF1640B0AAB35
:1056800003F804B032F814300AF80400B3F57C6F64
:105690000ED200213F2B01F1010006D803EB81134C
:1056A000DBB20DA90B550134D8E701469B08F1E7A1
:1056B000FF23F6E7F368002B3FF439AFB26800929E
:1056C000002A3FF434AF758A0022002D08BF03245E
:1056D000377C5FFA82FB5F4518D840F282739D42A7
:1056E00030D84FF47A735D4340F2DD13B5FBF3F528
:1056F0000023ADB23F2D03F1010220D805EB831545
:10570000EDB28DF80A50FCB1032412E70193009B1F
:105710000BF15A0133F8120009F802104146FFF765
:1057200047FB0BF1640B0AAB03F802B0019B0AF8CC
:10573000020033F812100DA881540132C9E7134654
:10574000AD08D7E7FF25DCE7434601220DF10A014A
:105750000DF10B0007F079FE044600287FF4E9AE56
:1057600080E70346012450E798E8000870B50D462D
:10577000164600215022044608F070F901232E70CD
:105780002373054B65602364044B6364044BA3647B
:105790001923A37370BD00BF99D7000863D7000811
:1057A0005FD700080530C0B208289ABF024B53F8F3
:1057B00020000248704700BF98E9000828E9000867
:1057C00030B504460D46A0220021A5B008F046F9E8
:1057D000294604F1100007F0EDFF0546607010B196
:1057E000002025B030BD00F0D5FA0028A070F7DB0E
:1057F00048220F490DEB020008F03BF940222946F0
:1058000002A808F02BF9082309218DF8073002AA15
:105810000DF1070312A800F0CBFA0028A070DFDB1F
:1058200001252570FFF7BEF8C4E902012846D8E734
:10583000F8EA0008F0B50025EFB004464022002148
:105840000EA808F00BF92022294606A8CDE9035539
:10585000ADF8145008F002F9602229461EA808F09D
:10586000FDF8E022294636A808F0F8F80E238DF856
:105870000B3023788DF80A50002B00F09480FFF74E
:1058800091F8D4E90223904271EB0303C0F28B80BC
:105890000EAA00F009FBA842A070C0F28480DDE9E6
:1058A0000E23C4E902239DF87530002B7BD09DF8B0
:1058B000733006AA8DF80C309DF8743003A98DF86A
:1058C0000D309DF8723004F110008DF80E30119BF0
:1058D0008DF80F5004939DF871305B1B18BF0123A6
:1058E0008DF8143007F07CFF607000285BD1DDED8F
:1058F000067A9DED077A109DC4ED1E7AEB0784EDC4
:105900001F7A40D4AF070DD5DDE90C23B0EE470A6E
:10591000CDE900230DF10A0102221EA807F0DEFFE7
:1059200000283ED06E0715D5DDE90C67B0EE670A9A
:105930000322CDE900670DF10A011EA807F0CEFF92
:1059400078B39FED530A0E22CDE900671EA807F039
:10595000C5FF30B3280729D429023AD49DF80A108C
:105960000DF10B0336AA1EA800F034FA0028A0702F
:1059700019DB00219DF80B0036ABCAB290423BD830
:1059800094F8680010E0DDE90C239DED080ACDE9EC
:1059900000230DF10A0101221EA807F09FFF002835
:1059A000B0D1FF23A37000206FB0F0BD9DF82A3066
:1059B0009A06D1D5DDE90C239DED090ACDE9002336
:1059C0000DF10A0104221EA807F088FF0028C3D1A8
:1059D000E7E79DF82A309B06C0D5DDE90C239FED53
:1059E0002D0ACDE900230DF10A0118221EA807F0A7
:1059F00075FF0028B2D1D4E75A7B013A142A16D891
:105A0000DFE802F01C152327151515152B15153386
:105A10003C0B1815151515152F009A68C4F8802031
:105A20000122D3E90067C4E91C6784F868200131CA
:105A30001033A2E79A68C4F88420F1E79A68C4F8A2
:105A400088209A7B84F89C20F1E79A68C4F88C201F
:105A5000EDE79A68C4F89020E9E79A68C4F89420C2
:105A6000E5E79A68C4F89820E1E7D3ED027AFCEE06
:105A7000E77A17EE902A84F89D20D8E7D3ED027AD2
:105A8000FCEEE77A17EE902A84F89E20CFE700BF5D
:105A90008D97EE3E000000000E28024622DC10F139
:105AA000230F49DB2332312A46D8DFE802F0434195
:105AB0003F45454545454545454545454545453DA4
:105AC0003B3937353331452F4545452D4545452B28
:105AD0002919452123472545454545454545452740
:105AE00017487047174B1848642A08BF1846704774
:105AF0001648704716487047164870471648704752
:105B00001648704716487047164870471648704741
:105B10001648704716487047164870471648704731
:105B20001648704716487047164870471648704721
:105B30001648704716487047034870471548704725
:105B400058E8000807EA000828E90008BCE900084E
:105B5000CBE90008DEE90008EDE9000818EA0008D2
:105B600026EA000833EA000843EA000853EA00087E
:105B700066EA000875EA000889EA0008A0EA000859
:105B80009CEA0008B0EA0008C0EA0008CCEA000875
:105B9000DBEA0008EAEA0008064AD2F8FC3043F0E3
:105BA0008073C2F8FC30A2F55D42136843F0010334
:105BB0001360704700ED00E00F4910B5D1F8FC30DC
:105BC000DC0116D54FF06043D3F8802ED20710D5F4
:105BD0000A4AD1F8FC4044F08074C1F8FC40D3F884
:105BE000004E44F00104C3F8004E1C6814B9013A99
:105BF000EFD110BD1870FCE700ED00E0FFFF0F00D3
:105C000007B501213A20FCF7B5FF0023042218460E
:105C10000321FDF70FFE3E22304B0520C3F844243C
:105C20000122A3F58053C3F844242D4A01A9D2F8D8
:105C3000803023F0330343F00103C2F880300023A7
:105C4000019308F035FA002844D10198254A012132
:105C5000D2F8FC3043F08073C2F8FC30FFF79CFFB1
:105C6000214A00F5D52303F2FC43934286BF01325B
:105C7000B3FBF2F30123B0FBF3F01C4A013B1060CD
:105C80001B4A4FF0FF3013610223C2F8F0304FF48B
:105C90008073C2F804334FF06043164AC3F8B02F44
:105CA000154AC3F8400EC3F8802EC3F8001ED3F87F
:105CB000002E42F48072C3F8002E83F82000D3F83F
:105CC000002E22F48072C3F8002E0C4B197003B022
:105CD0005DF804FB08F016F9B8E700BF00E00350D8
:105CE0000080005000ED00E0F7590D004C17002037
:105CF000000004E055CEACC5190001009E1800203C
:105D0000174B07B51B783BB3164B174A1B6817494F
:105D100000931748002304F0DFFF6421FFF73CFFE6
:105D2000144B1868A0FB0101B0F57A7F71F10003F4
:105D300010D34FF47A72002304F052FD0E4A5168DA
:105D400053685B1A8342FBD30C4803B05DF804EB45
:105D500004F0D4BF0120F1E703B05DF804FB00BFFD
:105D60009E1800204C17002040EB000844EB000870
:105D70004DEB0008A4180020001000E070EB0008B4
:105D800008B50146024800F05DF9002008BD00BFDB
:105D9000A810002008B5024800F060F9002008BDF6
:105DA000A81000200146014800F05AB9A8100020B0
:105DB00030B50D4685B00DF10F040146019204483F
:105DC0002A46009400F0EEF99DF90F0005B030BDB1
:105DD000A810002030B50D4685B00DF10F04014626
:105DE000019204482A460094FAF7CAF99DF90F0077
:105DF00005B030BDA810002030B50D46144683B064
:105E0000014600932A462346024800F02FF903B0CA
:105E100030BD00BFA810002030B50D46144683B039
:105E2000014600932A462346024800F071F903B068
:105E300030BD00BFA8100020F0B50F46164687B051
:105E40000C9D014605AC0DF11300CDE90204009351
:105E50003A463346054801950D9C00F037F8059BFE
:105E60009DF91300236007B0F0BD00BFA81000200B
:105E7000F0B50F46164687B00C9D014605AC0DF1F6
:105E80001300CDE9020400933A46334605480195D4
:105E90000D9C00F087F8059B9DF91300236007B067
:105EA000F0BD00BFA810002030B50D4685B00DF143
:105EB0000F0101922B46024600910348FAF7C0F900
:105EC0009DF90F0005B030BDA81000202DE9F04F5E
:105ED0001D464FF0DF0C0023102485B0DDF8408014
:105EE000DDF844A0172D88F800C00394CAF80030EC
:105EF0002AD91746002934D106460C4640F21739F4
:105F00008B4688F8001001E00B2C20D049FA04F3EE
:105F1000DB0704F10104F7D5DDE90E233046CDF8A7
:105F200000B0E1B200F0BEFC0028EDD00F9B294686
:105F300001930E9B03AA009303463846FAF71EFB13
:105F400088F800000028DFD005B0BDE8F08F98F990
:105F50000030002BF8D1DDE90E123046FAF734FE9E
:105F600078B998F90040002CEED1039B3846514691
:105F7000CAF80030FAF7E0FD88F8004005B0BDE847
:105F8000F08F0F9B294601930E9B03AA00930346B3
:105F90003846FAF7F3FA044688F80000002CD3D10B
:105FA000E3E700BF2DE9F04F1D464FF0DF0C002363
:105FB000102485B0DDF84080DDF844A0182D88F865
:105FC00000C00394CAF8003029D9174651BB0646D1
:105FD0000C4640F217398B4688F8001001E00B2C74
:105FE00020D049FA04F3DB0704F10104F7D5DDE919
:105FF0000E233046CDF800B0E1B200F085FC002859
:10600000EDD00F9B294601930E9B03AA00930346F4
:106010003846FAF7B3FA88F800000028DFD005B058
:10602000BDE8F08F98F90040002CF8D1039B38466A
:106030005146CAF80030FAF77FFD88F8004005B0F5
:10604000BDE8F08F10B406200224012200230C705A
:1060500048705DF8044B8A70CB70704700F02CB923
:1060600008B5FBF725F8002008BD00BF2DE9F04F6B
:1060700007460E460020002189B0DDF848801C4606
:106080000DF1160907F5A0630DF1180AC3E9000127
:1060900015461146304642464B46CDF800A0FBF768
:1060A00029FC9DF9160008BB083D0DF11C0B069B51
:1060B000AB4228D20DF117033046CDE900932246BA
:1060C00043465146CDF808B0FAF7A8FF9DF91600EF
:1060D00060B99DF81710FE290BD022463846079B61
:1060E00000F0C4F98DF816000028E0D009B0BDE832
:1060F000F08F21463846079AFBF778FC8DF816009A
:106100000028D4D0F2E79DF9160009B0BDE8F08F61
:106110002DE9F04F0E4689B0129F0DF116080DF1D2
:1061200018091146154682461C4630463A464346F3
:10613000CDF80090FBF7DEFB9DF9160008BB083D8B
:106140000DF11C0B069BAB4227D20DF11703304615
:10615000CDE9008322463B464946CDF808B0FAF720
:106160005DFF9DF9160060B99DF81710FE290BD050
:1061700022465046079B00F0D3FC8DF816000028FD
:10618000E0D009B0BDE8F08F20460799FBF70AFD83
:106190008DF816000028D5D0F3E79DF9160009B058
:1061A000BDE8F08F4FF0000C2DE9F04F06460F468A
:1061B000154693F800A083F800C08BB0D0F8980380
:1061C000D6F89C13D6F8A0239846D6F8A43303AC8F
:1061D0000FC4DDF85090D6F8A803D6F8AC13D6F863
:1061E000B0230DF10B0E07C489F800C03B462A46C8
:1061F0003046CDF80490CDF800E003A98DF80BC02F
:10620000FAF748FA9DF80B30002B42D186F8CB33D1
:1062100065BB0C2389F80030304603A9FAF768FA09
:10622000002839D199F9000000282CDB0024204FE8
:10623000DFF880B003E0651C1E2D2C4623D047FA02
:1062400004F3DB07F7D514F80B200AAB03EB42018C
:1062500002F2CB1336F8133031F81E2C651C934232
:10626000E9B2E9D03046FAF709FFE5E703AA009260
:1062700029463A463046CDF80490FBF7B1F999F932
:106280000030002BC8DABAF1070F08D8F12389F8DB
:1062900000300BB0BDE8F08F89F80000C4E741463C
:1062A0003046159AFAF7E2FB0BB0BDE8F08F00BF5D
:1062B000EF79120014ED000810B5044600F06AF8FA
:1062C0002046FBF763F92046FBF702F8204610BD95
:1062D000034670B44FF6FF7418480139425C03EB73
:1062E0004202B2F8EA52A54207D000EB4104B4F9E9
:1062F0000C50D3F8E842A54302D0002070BC704790
:1063000000EB8100406AD3F8D052A843F5D1B2F82F
:106310002E53B2F82263681C85B2B5FBF6F006FB7B
:10632000105080B2A2F82E030028E6D1012202FA12
:1063300001F10C431046C3F8E842DFE7F8EB000830
:10634000F0B44FF6FF74124D01396D5C05F28316FF
:1063500030F81670A74219D0F8FE600AFCEEE07A19
:1063600017EE904A01276E1E00EB850C064400EBE9
:10637000C5058CEDA50AC5E9802386F8D442D0F87E
:10638000E43207FA01F10B43C0F8E432F0BC704785
:1063900014ED0008F8B5044601F0B6FF04F59C7052
:1063A00002F0C2FC04F12C0002F0F6F904F14800FE
:1063B00001F090F904F1D000FBF702FC0A2104F58A
:1063C000D87002F0CFF800260020002704F51E73D5
:1063D00004F5E47204F5267143F8040B8B42E2E8FD
:1063E0000267F9D100224FF0000C0026002710466A
:1063F000C4F8D02204F5007104F2D32204F53475F8
:1064000043F804CBAB42E1E9026702F8010FF7D190
:10641000012600254FF6FF72C4E9B90004F53B736D
:1064200004F53E711E87A3F8445023F8022B9942CD
:10643000F8D14FF6FF71A4F8F822A4F8FA22A4F8D4
:10644000FC22A4F8FE22A4F80023A4F80223A4F856
:106450000423A4F8062304F2063304F2223223F8BC
:10646000021F9342FBD12046F8BD00BF10B44C1E62
:1064700011461A46092C06D8DFE804F00A0F140565
:10648000180505051E236FF063005DF8044B704787
:106490005DF8044B483001F083B95DF8044B2C30B3
:1064A00002F08AB95DF8044B01F03ABF5DF8044B85
:1064B00000F59C7002F0B6BE5DF8044BD030FBF7DF
:1064C000DDBB5DF8044B00F5D87002F057B800BF93
:1064D0002DE9F04300252DED028B00230A469DB0E7
:1064E0000521C0F8E852044608EE102A8DF819502C
:1064F0008DF81A508DF81B50079308930993169343
:106500001793189319931A931B930A930B93FFF7FE
:10651000DFFE48B1F8EEC87A94EDA57AB4EE677A5A
:10652000F1EE10FA00F0C3804FF0FF366FF0004735
:1065300003212046FFF7CCFE48B1F8EEC87A94ED6F
:10654000A57AB4EE677AF1EE10FA00F01781012116
:106550002046FFF7BDFE48B1F8EEC87A94EDA57A63
:10656000B4EE677AF1EE10FA00F0158102212046B0
:10657000FFF7AEFE48B1F8EEC87A94EDA57AB4EE16
:10658000677AF1EE10FA00F0318109212046FFF719
:106590009FFE48B1F8EEC87A94EDA57AB4EE677A1A
:1065A000F1EE10FA00F05E819FEDBC7A0A212046E0
:1065B000FFF78EFE40B1B8EEC88AD4EDA57AF4EEAE
:1065C000487AF1EE10FA5BD04FF6FF73B4F810235F
:1065D0009A4203D0D4F8D032580746D44FF6FF730E
:1065E000B4F812239A4203D0D4F8D032D90731D468
:1065F0004FF6FF73B4F814239A4203D0D4F8D03284
:106600009A071CD44FF6FF73B4F816239A4203D0AE
:10661000D4F8D0321B0707D40023C4F8D0321DB001
:10662000BDEC028BBDE8F083DFED9C0AD4E9782352
:1066300094EDA10A09212046FFF782FEECE7DFED89
:10664000970AD4E9742394ED9F0A08212046FFF7A6
:1066500077FED7E7DFED910AD4E9722394ED9E0A25
:1066600007212046FFF76CFEC2E7DFED8C0AD4E974
:10667000762394EDA00A06212046FFF761FEADE7E0
:10668000F0EE470AD4E9766704F5D87094ED9F1AC6
:1066900094EDA00A01F08EFF32463B46DFED7F0A03
:1066A0000F2120468DED070AFFF74AFE8CE7D4ED57
:1066B000A37AD4E97867F5EE407AF1EE10FA14BFC8
:1066C0004FF0010CAC460BA90DF11B000DF11A02A5
:1066D0000DF11903CDE90310CDE90132CDF800C069
:1066E00032463B4604F59C7094EDA10A02F04AFB49
:1066F0004FF6FF706A4AD37A03F2831134F811C05F
:10670000591E844516D09DF81900214407EE900AC1
:10671000F8EE677A04EB830004EBC303C0EDA57ABF
:10672000C3E9806781F8D452D4F8E43243F40063BB
:10673000C4F8E4324FF6FF71137B03F2831234F88E
:1067400012005A1E88423FF4F3AE9DF81A1004EB73
:10675000830007EE901A0021F8EE677A04EBC3037A
:106760002244C0EDA57AC3E9806782F8D412D4F838
:10677000E43243F48053C4F8E432D9E694ED9F1A2E
:10678000D4EDA00A94EDA10A204609AB08AA07A9F6
:1067900001F0E2FDDBE6D4EDA37AF5EE407AF1EE0E
:1067A00010FA14BF012100210AAA16ABCDE901326B
:1067B0000091DDED080A9DED070A9DF81B309DF85C
:1067C0001A209DF8191004F14800D4EDA41A9DED8B
:1067D000091A01F039F8DFED310A9DED0A0A324657
:1067E0003B4612212046FFF7ABFDBFE614A912AAD3
:1067F00010ABCDE90121DDED0B0A9DED0A0A0093F6
:106800000CAA0EAB16A904F12C0001F0F1FF3246E0
:106810002046DDED0D0A9DED0C0A3B460121FFF7F8
:106820008FFDDDED0F0A9DED0E0A3B460221FFF7BD
:1068300087FDDDED110A9DED100A3B460321FFF7B0
:106840007FFDDDED130A9DED120A3B460421FFF7A3
:1068500077FDDDED150A9DED140A3B461521FFF786
:106860006FFD92E6D4E97689B4F84A10CDE9008943
:10687000029132463B46D4EDA20A04F1D00094EDD9
:10688000A00AFBF745FA42464B46DFED040A0E210B
:106890002046B0EE407AFFF753FD87E60000000087
:1068A00014ED000810B44C1E11461A469DF8043031
:1068B000092C06D8DFE804F0090E130517050505B5
:1068C0001D2200205DF8044B70475DF8044B4830F2
:1068D00001F0E4BA5DF8044B2C3002F053B85DF8D7
:1068E000044B01F095BD5DF8044B00F59C7002F07F
:1068F00045BB5DF8044BD030FBF794BA5DF8044B10
:1069000000F5D87001F090BE10B44C1E11461A4626
:106910009DF80430092C06D8DFE804F0090E1305B1
:10692000170505051D2200205DF8044B70475DF832
:10693000044B483001F010BB5DF8044B2C3002F0E2
:1069400049B85DF8044B01F08BBD5DF8044B00F5D0
:106950009C7002F057BB5DF8044BD030FBF7B8BA1F
:106960005DF8044B00F5D87001F086BE70B4D0E934
:106970007C45D0F88C62D0F8D0020E60C0F3405055
:10698000C2E9004570BC1870704700BF70B41E4665
:106990000E4C0139645C00EB8405D5F8945200EB91
:1069A000C40315600125D3E98023C6E9002304440C
:1069B00094F8D322039B05FA01F11A70D0F8E4325F
:1069C00070BC23EA0103C0F8E432704714ED0008FC
:1069D0002DE9F04F384E83B0A6F124030021844600
:1069E00040F217374FF6FF7E344CDFF8D8A0009303
:1069F00004E001310B2906F104065AD047FA01F3ED
:106A0000DB07F6D5009B13F801800CEB4808B8F8BB
:106A1000EA92F145EDD0002301201D46019600FACF
:106A200003F23A4210D0264E36F911B01BEA020F9B
:106A30000AD0009AD25C0CEB4202B2F8EA2272450C
:106A400002D0954238BF154601330B2BE7D1002306
:106A50004FF0010B019E0BFA03F222420DD0306879
:106A600002420AD013F80A2002F27B123CF81220EC
:106A7000724502D0954238BF15460133182BEAD132
:106A8000002DB6D0B9FBF5F205FB12991FFA89F378
:106A900092B23BB105F0010000EB5505AB42A4BF3B
:106AA000013292B201310B29A8F8222306F1040623
:106AB000A4D103B0BDE8F08F1CEC00080F20E0006B
:106AC00004EC000848EC000830B44FF6FF710125D3
:106AD000002400F53B7300F53E721D87A3F8444087
:106AE00023F8021B9A42F8D14FF6FF72A0F8F81271
:106AF000A0F8FA12A0F8FC12A0F8FE12A0F80013F9
:106B0000A0F80213A0F80413A0F8061300F206334D
:106B100000F2223023F8022F8342FBD130BC7047B1
:106B200010B44C1E11461A46092C06D8DFE804F0B2
:106B30000A0F1405180505051E236FF063005DF8A4
:106B4000044B70475DF8044B483001F04FBB5DF8D3
:106B5000044B2C3001F0D2BF5DF8044B01F0A8BC0F
:106B60005DF8044B00F59C7002F0B2BA5DF8044B7E
:106B7000D030FBF7D5B95DF8044B00F5D87001F0C3
:106B8000A3BD00BFF0B41F461646114B01395B5C34
:106B90009DF8102000EBC30CDCE97045BD4208BF36
:106BA000B44203F1FF330FD0012200EB830383EDE6
:106BB0009E0ACCE97067F0BCD0F8D03202FA01F13D
:106BC0000B43C0F8D0327047002AEDD1F0BC7047BB
:106BD00048EC00084B1E0A2B10D8124A114411F839
:106BE000012C00EB4202B2F8EA12092B09D8DFE8C7
:106BF00003F0090C0F081108080808154FF6FF717B
:106C0000F3E77047483001F06FBA2C3001F040BF15
:106C100001F06ABC00F59C7002F0B4BA00F5D870BF
:106C200001F06EBDF8EB0008F0B50023012640F23C
:106C300017351E4C0139645CDFF878C004F2831408
:106C4000DFF874E020F8142006FA03F42C420DD08B
:106C50003CF91170274209D01EF8034000EB4404B0
:106C6000B4F8EA72974288BFA4F8EA2201330B2BEA
:106C7000EAD1002301260E4DDFF840C0DFF840E0E6
:106C800006FA03F42C420DD05CF821703C4209D086
:106C90001EF8034000EB4404B4F8F672974288BF34
:106CA000A4F8F6220133182BEAD1F0BD14ED000848
:106CB0000F20E000D8EC0008F8EB000860EC0008BA
:106CC00048EC0008F0B417460A6800F10B050E46C0
:106CD00084B0511E01AB0844154410F8014FA8427E
:106CE00003F8014BF9D101AB07CB38607960BA608A
:106CF00033680C33336004B0F0BC7047F0B51D68E6
:106D0000844605F10C00904285B003D901321A6027
:106D100005B0F0BD0F46DCF80000DCF80410DCF82C
:106D200008200DF1040E76460024AEE8070000E0CE
:106D30001D683A1916F8010B01340C2C5055F7D187
:106D40001A680C321A6005B0F0BD00BF70B40E4670
:106D5000096883B00DF1FF3308440DF1070510F801
:106D6000014B03F8014FAB42F9D16B4603CB1060E6
:106D7000516033680833336003B070BC704700BFA4
:106D8000F0B41C68064604F10800904284B004D9AF
:106D900001321A6004B0F0BC7047EC4667463068B8
:106DA0000D46716804AE03C706E9030000220DF129
:106DB000070100E01C68A81811F8016F0132082AC9
:106DC0000655F7D11A6808321A6004B0F0BC704753
:106DD00010B40B6883B0C2185478C25C8DF80540BB
:106DE0008DF80420BDF8040002330B6003B05DF899
:106DF000044B704730B41C68A51C954203D930BCC5
:106E000001321A60704708551A68C0F30720114410
:106E100048701A6830BC02321A60704710B40B68B0
:106E200083B0C4186478C35C8DF805408DF80430D5
:106E3000BDF8043013800B6802330B6003B05DF8BB
:106E4000044B704730B41C6882B0A51C954204D92D
:106E500001321A6002B030BC7047427805788DF874
:106E600005208DF80450BDF804200A551868C2F3B7
:106E7000072201444A701A6802321A6002B030BC1C
:106E8000704700BF30B40B6882B0C218C55C54783C
:106E90009078D2788DF804508DF805408DF8060072
:106EA0008DF807209DED010A04330B6002B030BC61
:106EB000704700BF30B41468251D8D4203D930BC23
:106EC00001311160704710EE103A03551168C3F399
:106ED000072401444C701168C3F3074401448C70CB
:106EE0001168C3F307630844C370136830BC0433EC
:106EF000136070470B68C05C01330B60704700BFC4
:106F000030B41C68651C95429CBF08551A6830BC9B
:106F100001321A60704700BF70B40D460E6885B02C
:106F20000DF1070330440DF10F0410F8012B03F8A5
:106F3000012FA342F9D104AB13E903006B4683E8A8
:106F400003000836DDE900012E6005B070BC704713
:106F500070B485B0089DCDE900012C6804F10801EA
:106F6000994204D901332B6005B070BC704704AE60
:106F7000DDE90001002306E903000DF1070100E04F
:106F80002C68D01811F8016F0133082B0655F7D182
:106F90002B6808332B6005B070BC7047F0B486B026
:106FA0000F466B4616460A6806AD013A104410F8C3
:106FB000014F03F8014BAB42F9D16C460FCC306066
:106FC0007160B260F36003CC306171613B6818336B
:106FD0003B6006B0F0BC704730B41C68651C95423D
:106FE0009CBF08551A6830BC01321A60704700BF58
:106FF000F0B50446ABB00F466B4610460A682AAEA1
:10700000013A144414F8015F03F8015BB342F9D16B
:107010006946A82206F02DFD3B68A8333B602BB0E3
:10702000F0BD00BF30B41C6882B0251D954204D964
:1070300001321A6002B030BC704742880588ADF852
:107040000620ADF80450019A0A551868C2F30724C7
:10705000084444701868C2F30744084484701868F0
:10706000C2F307620144CA701A6804321A6002B09F
:1070700030BC7047F0B40F4616460A6888B0013A33
:1070800001AB08AD104410F8014F03F8014BAB42BF
:10709000F9D101AC0FCC30607160B260F36007CC05
:1070A00030617161B2613B681C333B6008B0F0BC79
:1070B000704700BF2DE9F0431D68844605F10C00C0
:1070C000904287B004D901321A6007B0BDE8F0835E
:1070D000E946CE46DCF80000DCF808200F46DCF874
:1070E00004100DF10C0846460024AEE8070088E8BD
:1070F000070000E01D683A1916F8010B01340C2C4A
:107100005055F7D11A680C321A6007B0BDE8F08309
:10711000F0B40F4616460A6886B0013A01AB06ADD8
:10712000104410F8014F03F8014BAB42F9D101AC08
:107130000FCC3060206871603061B260F3603B68F2
:1071400014333B6006B0F0BC704700BF30B41C681D
:10715000651C95429CBF08551A6830BC01321A6004
:10716000704700BF30B40C6882B00319055D5C78CD
:107170009878DB788DF804508DF805408DF806007E
:107180008DF80730019B13600B6804330B6002B06D
:1071900030BC70472DE9F0431C681E4604F114030F
:1071A00093428BB004D9013232600BB0BDE8F0835A
:1071B000E8460546C146AA68EB6800680F4669685C
:1071C0000DF1140EA8E80F002869CEF1010C054658
:1071D000C8F80000B9E80F00AEE80F000DF1130287
:1071E000CEF800500DF1270300E034680CEB0200EC
:1071F00012F8015F20449A423D54F6D133681433AB
:1072000033600BB0BDE8F0830B68C05601330B60F0
:10721000704700BF70B41C68064604F10800904235
:1072200083B004D901321A6003B070BC7047306873
:107230000D4671686E46002203C60DF1FF3100E075
:107240001C68A81811F8016F0132082A0655F7D1F9
:107250001A6808321A6003B070BC7047F0B40F4669
:1072600016460A6886B0013A01AB06AD104410F824
:10727000014F03F8014BAB42F9D101AC0FCC3060A8
:10728000206871603061B260F3603B6814333B602A
:1072900006B0F0BC704700BF2DE9F0431D681E46E4
:1072A00005F1180393428DB004D9013232600DB05C
:1072B000BDE8F083EE460446F146A268E368006844
:1072C0000F4661680DF11808AEE80F00206961698A
:1072D000C8F1010CAEE80300B9E80F00A8E80F0000
:1072E00099E803000DF1170488E803000DF12F035E
:1072F00000E035680CEB040214F8010F2A449C42AC
:10730000B854F6D13368183333600DB0BDE8F0835C
:10731000F0B51C681E4604F1A8039342D5B003D90A
:107320000132326055B0F0BDA8220F460DEB0205C8
:107330000146684606F09DFB6946A822284606F0ED
:1073400098FBC5F101030DF1A7020DF24F1100E00A
:107350003468981812F8015F20448A423D54F7D1EE
:107360003368A833336055B0F0BD00BFF0B51D6879
:107370001E4605F11C03934289B003D901323260E5
:1073800009B0F0BD04460F46A2686168E368006872
:107390000DF1040ECEF1010CAEE80F002069616919
:1073A000A2690DF11F03AEE807000DF1030400E030
:1073B00035680CEB040214F8010F2A449C42B854BF
:1073C000F6D133681C33336009B0F0BD2DE9F043CA
:1073D0001C681E4604F1140393428BB004D9013299
:1073E00032600BB0BDE8F083E8460546C146AA68A6
:1073F000EB6800680F4669680DF1140EA8E80F00ED
:107400002869CEF1010C0546C8F80000B9E80F0064
:10741000AEE80F000DF11302CEF800500DF1270376
:1074200000E034680CEB020012F8015F20449A423D
:107430003D54F6D13368143333600BB0BDE8F083AC
:1074400070B5D0ED017A2DED028BDFED5A6A0C4656
:1074500067EEA66A15469DF818609DF81C10002A74
:107460006DD100EB8302D2ED038AD4ED004A76EEB3
:10747000A88A4288B0EE087A07EE902A00EB8302D1
:10748000D2ED065AF4EE475AF8EE677A9FED4A5A63
:10749000F1EE10FA87EE856A30EE648A4CD192EDF7
:1074A000017ADFED467A37EE400AB7EE007A80FEC9
:1074B000270A37EE407AF6EE087A27EE077A9FED34
:1074C000405A67EE277ADFED3F5A67EE857A77EE0E
:1074D000A57AB5EEC08A66EEA77AF1EE10FA77EEDD
:1074E000A67A44DD012B06BF00EB860696ED0A7AEC
:1074F0009FED357A91B3D0ED017ADFED346A67EE16
:10750000A67A87EE870A20EE060AB4EE408AF1EEEC
:1075100010FA30FE088A38EE248AB4EEE88AF1EEDA
:1075200010FA58BFF0EE488A0DB1F1EE688AC4ED4A
:10753000008ABDEC028B70BDDFED257AC9E794EDC2
:10754000008AF1EE484AC4ED004A00EB8302D2ED16
:10755000018AB1EE400A76EEE88A8AE7B4EE678ADD
:10756000DFED197AF1EE10FA37FE877AC3E731B909
:10757000B0EEC87AB4EEE77AF1EE10FA10DCD2ED94
:10758000157AB1EE460A80EE270A03F0E5FFF7EE22
:10759000007A37EEC00AD4ED004A28EE008ABAE736
:1075A000012BECD1D0ED166AB0EE087AC6EE877AE0
:1075B000E7E700BFC178C63D0000C84200000000F8
:1075C000CDCC4C3ECDCCCC3D0000E144CBBECB3E3F
:1075D0009A99993E00EB8101D1ED036AF5EE406A7C
:1075E000F1EE10FA91ED017A03D077EE667A87FE1C
:1075F000800A77EE607A9FED097A70EEE60AC7FEA0
:10760000877AC0FE870AC7FEE07A77EEA77AF7EEA0
:10761000006A87EE807A87FE660A704700000000E5
:1076200000EB820393ED067AF0EE087AB4EE677A07
:10763000F1EE10FA02F1FF322AD1B7EE007A77EEBE
:10764000600AF6EE087A60EEA00ADFED1F6A60EECF
:10765000A77A9FED1E7A67EEA67A77EE877AD3ED4A
:10766000036A93ED017A00EE270A77EE667AB4EEAC
:10767000E70AF1EE10FA04DCF5EE406AF1EE10FADA
:1076800009D190F860301044B7EE000A03767047D5
:10769000DFED0F7AE3E769B90244137EFF2B0FD0C9
:1076A0000133DBB2137690F860209A4208D9B0EE2D
:1076B000000A704700231044B0EE000A03767047BA
:1076C000B0EE080A704700BFCDCC4C3ECDCCCC3DCF
:1076D0009A99993E00222DE9F04F01219FED275AFA
:1076E000DFED275A9FED276ADFED276A4FF00A0B7F
:1076F0004FF0030AB0EE0C7ADFED247A4FF0000968
:107700004FF002084FF6FF7E40F2022C204F214E30
:10771000214D224C80ED0F5AC0ED125A80ED166AB1
:10772000C0ED176A80ED1A7AC0ED1B7AA0F862B03E
:10773000A0F864A0A0F8289080F86080A0F802E08B
:10774000A0F818C0017080F8341080F870108763BA
:1077500007644664C664056545654262C261426766
:10776000C26742608260C260026142610262C462BA
:1077700004638267C0F88020BDE8F08F97FF50BE99
:107780008C4A6ABC00C0A8474031774C17B7D13843
:10779000D881F3BE2B18953C000061450000E14400
:1077A0002DE9F04786B004AB05AE04460078CDE97C
:1077B00000360DF10F030D4601F05CFD9DF90F0041
:1077C000E8B94FF0010A04F1380904F1440804F162
:1077D00068075FFA8AF3013B042B2ED8DFE803F039
:1077E000261F18120300424631462846FFF76AFA60
:1077F0000AF1010ABAF1070FEBD19DF90F0006B0AB
:10780000BDE8F0873A4631462846FFF79FFAEFE792
:107810003146284604F16202FFF7A4FCE8E731464E
:10782000284604F15002FFF791FAE1E73146284675
:1078300004F15802FFF78AFADAE74A463146284649
:10784000FFF740FAD4E700BF2DE9F04F2DED088B8C
:10785000DFEDE47AD0ED018A89B00446DDE91B56FC
:107860008946984668EEA78A1746B0EE409AB0EE71
:10787000608A9DF868A0EAB3BAF1000F40F0A681D3
:10788000DFEDD97AF4EEE70AF1EE10FA00F29E810C
:10789000DFEDD67AF4EEE70AF1EE10FAC0F2968147
:1078A000DFEDD37AB4EEE71AF1EE10FA00F28E8132
:1078B000DFEDD07AB4EEE71AF1EE10FAC0F286816D
:1078C000F4EE671AF1EE10FA40F0BD8290ED097AFD
:1078D000B4EE677AF1EE10FA0CD0038DD34606EEC3
:1078E000903AF8EE666A37EE667AC7FE877AC0EDA0
:1078F000097A00E0BB466388642B00F06D81B3F524
:10790000967F19BFD4ED0EBA94ED11BAD4ED0FBA2B
:1079100094ED12BADFEDB86A9FEDB87A68EE266A88
:1079200038EE077ADFEDB67AC6EE87AA21EE271A7F
:10793000DFEDAF7AB0EE6A0AC1EE279A03F00CFED3
:10794000DFEDB00A29EE800A38EE208A9FEDAEAA5C
:10795000C0EE087A27EE8A0A03F06AFEDFEDAB7A02
:1079600070EE677A67EEAB7A77EE8B7A79EE677AAC
:10797000C6ED007ABBF1000F3FD1BAF1000F00F065
:10798000DB8094ED027A94ED076AD4ED037AB5EECC
:10799000407AF1EE10FAF5EE407A08BF96ED007AE3
:1079A000F1EE10FA08BFD6ED007A85ED007AD4ED3D
:1079B000046AF5EE406AF1EE10FA08BF77EE686AE5
:1079C00085ED046AC5ED026AC5ED017A94ED057A8C
:1079D000B5EE407AF1EE10FA08BF37EEE87A85EDA1
:1079E000037A236A6B6194F83430012B00F0108124
:1079F00009B0BDEC088BBDE8F08FB0EE6A0A03F069
:107A0000ABFD29EE800AC0EE087A27EE8A0A03F061
:107A10000FFE6388642B00F0ED81B3F5967F14BFF1
:107A200094ED116A94ED126A94F87020002A00F027
:107A30002681002384ED1F0A84ED200A84ED1D9A1F
:107A400084ED1E9A84F87030D6ED007AD4ED026A87
:107A5000F5EE406A94ED047AF1EE10FAB5EE407A54
:107A600004BFC4ED027AD6ED007AF1EE10FA0CD123
:107A700094ED027A37EE687AB4EEE77AF1EE10FA16
:107A8000C4BFC4ED047AD6ED007A0223B0EE670AD3
:107A90000093002201232046CDF8048004F1080160
:107AA000FFF7CEFCD4ED047AF5EE407AF1EE10FA51
:107AB00040F09481D4ED037AF5EE407AD4ED057A66
:107AC000F1EE10FAF5EE407A04BF3368E360F1EEB0
:107AD00010FA0CD1D4ED037A96ED000A77EEE87A2D
:107AE000B4EEE70AF1EE10FA03D584ED050A96ED3F
:107AF000000A4FF0020B00225B462046CDE900B899
:107B000004F10C01FFF79CFCD4ED057AF5EE407A08
:107B1000F1EE10FA3FF431AF0122CDF8048000926B
:107B20005B4696ED000A204604F11401FFF788FC3D
:107B3000BAF1000F7FF425AFD4ED026AD6ED000A4A
:107B4000F4EEE60AF1EE10FAB0EE667A7ADAD4EDE7
:107B5000047AF4EEE70AF1EE10FA94BF0123002351
:107B6000B9F1000F72D0002F00F01E8101212046D4
:107B7000B0EE680AFFF72EFD0122F0EE400A19462A
:107B8000B0EE680AFFF74CFD84ED070AD4ED037AE6
:107B9000D6ED000AF4EEE70AF1EE10FAC0F22D81FC
:107BA0000221B0EE680A2046FFF714FDF0EE400A0D
:107BB00039460222B0EE680A2046FFF731FD94ED07
:107BC000027A94ED076AD4ED037A55E063884FF0AA
:107BD000000B642B7FF493AED4ED10BA94ED13BA7E
:107BE00098E600BFC178C63D0000AA42000020C24E
:107BF0000000C84200000000C3F58C41B81E73436A
:107C00008195C3403393884333B3584307767C3F11
:107C1000F0EE087AB4EE676AF1EE10FA0AD1B8F124
:107C2000000F07D00023216D626DE162226384F8AA
:107C30003430DDE6954BE362236309B0BDEC088B7D
:107C4000BDE8F08F0123B9F1000F8CD19FED906A50
:107C500084ED076A94F86030D4ED037A237696EDCC
:107C6000005AB4EEE75AF1EE10FAF0EE675AC0F29D
:107C7000AE809FED870A637684ED080A87E6DFED24
:107C8000857A94ED017AF7EE085A27EE277AD4ED3B
:107C9000026AD6ED007A27EE257A76EEE75AF4EE00
:107CA000C75AF1EE10FA3FF6D3AE94ED077AF0EE34
:107CB000085AB4EE657AF1EE10FA40F0B180D4EDD6
:107CC0001F7A94ED207AB4EEE77AF1EE10FA48BF0D
:107CD000F0EE477AB4EEE70A4CBF4FF0000C4FF0DD
:107CE000FF3CF1EE10FA48BFF0EE407A2146C4EDB9
:107CF0001F7A51F87C0F05AA496848BF4FF0020C63
:107D000003C29DED057ADDED065AB4EEE57A58BF63
:107D10000CF1010CF1EE10FA48BFB0EE657AB4EE4A
:107D2000C70A4CBF00224FF0FF32F1EE10FAD8BF65
:107D3000B0EE470A37EEC07ADFED574AB0EEC77AA9
:107D4000C8BF02228DED079AB4EEE47A616FD8BF06
:107D500001320591A16F08A8069100EB8C0C00EB95
:107D600082021CED035A52ED035AF1EE10FA84ED33
:107D7000200A84ED1D5AC4ED1E5A12DB75EEC55A59
:107D800030EE670A35EEC66AB3F5967FC6EE007A26
:107D90004FD047F23052934250D0642B01D1C4ED02
:107DA000107AD6ED007A53E69FED396A84ED076AC2
:107DB00094F86030D4ED037A237696ED005AF4EE11
:107DC000C57AF1EE10FAF0EE675A7FF652AFB0EED8
:107DD000667AF0EE657A94ED076A4AE70123CDE909
:107DE00000381A4696ED000A204604F11001FFF70C
:107DF00027FB5FE694ED136A16E6D4ED057AF4EE00
:107E0000E07AF1EE10FA4FF00201B0EE680A204677
:107E1000ACBF01270027FFF7DDFBF0EE400AC7E605
:107E2000F0EE005AB4EE657AF1EE10FA7FF410AE7F
:107E300045E7C4ED0F7AD6ED007A09E6C4ED0E7A77
:107E4000D6ED007A04E6FDEEE17A17EE903A00EB0B
:107E50004302B2F8602090ED09AA09EE902AF8EEEC
:107E6000699A00EB830393ED190A8DED031A7AEEFC
:107E7000699A03F071FBC9EE807A3AEE67AAD3469D
:107E800084ED09AA9DED031A35E500BF0000E14429
:107E900000000000C178C63DCDCC4C3E2DE9F04736
:107EA000062482B00646904600780DF103020D4686
:107EB0008DF8034001F000FA9DF8037001902FB394
:107EC000012406F1380A06F14409E3B2013B052B0F
:107ED0000AD8DFE803F0220F322A3A034246294645
:107EE000504601ABFFF7E6F8A74204F101030CD0BE
:107EF0001C46EAE701AB4246294606F15000FEF770
:107F00003FFFA74204F10103F2D10198C0F3072318
:107F100028706B7002B0BDE8F0874246294601AB7D
:107F200006F15800FEF72CFFDEE74246294601AB7A
:107F300006F16800FEF724FFD6E74246294601AB6A
:107F400006F16200FFF76EF8CEE742462946484642
:107F500001ABFFF7AFF8C7E72DE9F0470E2482B079
:107F60000646174600780DF103020D468DF80340D2
:107F700001F0A2F99DF803800190B8F1000F29D01B
:107F8000012406F17C0A06F17409E3B2013B0D2BD2
:107F90000ED8DFE803F02E263E364513655D554DBD
:107FA000746C7C073A462946504601ABFEF7E8FE62
:107FB000A04504F101030CD01C46E6E739462846EB
:107FC00096ED090A01AAFEF775FFA04504F1010329
:107FD000F2D10198C0F3072328706B7002B0BDE89E
:107FE000F0873A46294601AB06F11000FEF7C8FEBD
:107FF000DEE73A46294601AB06F10800FEF7C0FE6F
:10800000D6E73A46294601AB06F11800FEF71AFFFB
:10801000CEE73A462946708801ABFEF7EBFEC7E78C
:108020003A46294601AB06F11C00FEF7A9FEBFE760
:108030003A46294601AB06F12C00FEF7A1FEB7E750
:108040003A46294696F8600001ABFEF759FFAFE7C4
:108050003946284696ED010A01AAFEF72BFFA7E74D
:108060003A462946308D01ABFEF7C4FEA0E73A46FA
:10807000294696F8700001ABFEF742FF98E73A46B2
:10808000294696F8340001ABFEF73AFF90E73A46EE
:108090002946484601ABFEF773FE89E7002370B41A
:1080A00040F20221002602254FF6FF744362C361AD
:1080B0004367C36743608360C360036143610362D6
:1080C0008367C0F880300123064A068580F8605037
:1080D0004480C2620263018380F8343080F87030DB
:1080E00070BC70470000E1444FF6FF73994232D0F4
:1080F00030B52DED028B43880C468B42054683B08C
:1081000025D0B1F5967F418026D0B1F5E16F4ED0F4
:1081100064294CD064219FED300A304BA3FB04232B
:108120005A0901FB124292B25B09312A88BF01331E
:108130002B8503F07DFA9FED2A7AB0EEC00AC0EEDF
:10814000077AC5ED017A5CB9FF2385F8603003B08A
:10815000BDEC028B30BD70470322224B0285436089
:1081600047F23052B2FBF4F304FB132292B29BB2FB
:10817000AAB907EE903AB8EE670AB5EE400AF1EEFA
:1081800010FAB1EEC08A19D438EE088ABBFE488ACC
:10819000FCEEC87ACDED017A9DF80430D5E704F005
:1081A000010101EB5404A242A8BF0133E1E70B4BEC
:1081B0009FED0D0AA3FB04235B09B9E703F0C6FAA0
:1081C00038EE088AFBFE487AFCEEE77ACDED017ABC
:1081D0009DF80430B9E700BF304C463F1F85EB5196
:1081E000502C633E16A85F3F9A99193F2DE9F0473E
:1081F00086B004AB05AE04460078CDE900360DF13B
:108200000F030D4601F036F89DF90F0008BB4FF043
:10821000010A04F17C0904F1740804F12C075FFAE7
:108220008AF3013B0C2B68D8DFE803F06059534C0C
:10823000453E38312A241D1607004246314628465D
:10824000FEF784FD0AF1010ABAF10F0FE7D19DF99B
:108250000F0006B0BDE8F08731462846FEF74AFE1B
:1082600084F87000EEE731462846FEF743FE84F8B6
:108270003400E7E73A4631462846FEF767FDE1E776
:1082800031462846FEF736FE84F86000DAE73146CC
:108290002846FEF7F7FD84ED010AD3E7314628466C
:1082A000FEF796FD2085CDE731462846FEF7EAFD2C
:1082B00084ED090AC6E73146284604F11C02FEF7A0
:1082C00045FDBFE73146284604F11802FEF7A6FD3A
:1082D000B8E731462846FEF77BFD6080B2E73146BD
:1082E000284604F11002FEF731FDABE7314628467F
:1082F00004F10802FEF72AFDA4E74A463146284663
:10830000FEF724FD9EE700BF032310B5044600F8E6
:10831000043B01F075FC204601F0CEFB204610BD69
:1083200070B586B004AB05AE04460078CDE90036E2
:108330000DF10F030D4600F09DFF9DF90F0008B1F0
:1083400006B070BD2846314604F12002FEF7BAFCA3
:108350009DF90F0006B070BDF2EE047AF8B5B4EEE8
:10836000670A2DED048BD0ED049AF1EE10FAB0EE11
:10837000409AF5EE409A98BFB0EE679AF1EE10FA87
:1083800004460F4616461D46F0EE608AB0EE418A5E
:1083900030D0B0EE490A94ED019A03F049F9D4EDDA
:1083A000047A70EE677A67EE897A37EEA90A87ED6C
:1083B000000AD4ED057AD4ED020A78EEE78A68EE79
:1083C000A08A78EEA78AC6ED008AD4ED067A94EDED
:1083D000031A38EE678A28EE018A38EE278A85ED7F
:1083E000008ABDEC048B3B682361336863612B68B2
:1083F000A361F8BDB0EE490A03F01AF9C4ED058A8D
:10840000F0EE409A84ED068A84ED040AC1E700BFCD
:108410002DE9F041012482B00646904600780DF126
:1084200003020F468DF8034000F046FF9DF803500D
:10843000019035B10024203654B10134A542FBD15E
:108440000198C0F3072338707B7002B0BDE8F0815B
:1084500042463946304601ABFEF750FCEDE700BF1F
:108460002DE9F041012482B00646904600780DF1D6
:1084700003020F468DF8034000F01EFF9DF80350E5
:10848000019035B10024103654B10134A542FBD11E
:108490000198C0F3072338707B7002B0BDE8F0810B
:1084A00042463946304601ABFEF728FCEDE700BFF7
:1084B00070B586B004AB05AE04460078CDE9003651
:1084C0000DF10F030D4600F0D5FE9DF90F0008B128
:1084D00006B070BD2846314604F11002FEF7F2FBEB
:1084E0009DF90F0006B070BD07EE901ADFED1C6A13
:1084F000F8EE677A86EEA77AF6EE007AD0ED086A93
:1085000027EE277AD0ED095AF7EE007A86EE876AD1
:1085100090ED0A5AC5EE876AB4EEE76AC5EE075ACF
:10852000F1EE10FAF4EEE76A37FE866AF1EE10FA21
:10853000F4EEE75A77FEA66AF1EE10FA00B585B0C0
:1085400077FEA57A043001A98DED016ACDED026AAE
:10855000CDED037A01F0CCFA05B05DF804FB00BF65
:108560000000C84210B5044600F8041B01F058FB97
:10857000204601F0B5FA204610BD00BF70B586B0A8
:1085800004AB05AE04460078CDE900360DF10F03CB
:108590000D4600F06FFE9DF90F0008B106B070BDEA
:1085A0002846314604F11002FEF7D0FB9DF90F007A
:1085B00006B070BDB5EEC01AF1EE10FA08B52BD9B1
:1085C000DFED177AB4EE671AF1EE10FA37FE811A72
:1085D00090ED027AB5EE407AF1EE10FA08BFB0EEF7
:1085E000407AD0ED016A30EE470AD0ED047A20EEF1
:1085F000260A61EE277AD0ED056A30EE070A77EE9B
:10860000A67A80ED020A37EE811A00F0C9FEDFED8E
:10861000047A80FE670A08BD9FED021AD8E700BF02
:108620000000C84217B7D1382DE9F041012482B0CB
:108630000646904600780DF103020F468DF8034080
:1086400000F03AFE9DF80350019035B10024103639
:1086500054B10134A542FBD10198C0F3072338700F
:108660007B7002B0BDE8F08142463946304601AB2E
:10867000FEF7D0FDEDE700BF2DE9F041012482B007
:108680000746904600780DF103020E468DF8034030
:1086900000F012FE9DF8035001902DB1002454B15A
:1086A0000134A542FBD10198C0F3072330707370E9
:1086B00002B0BDE8F0814146304697ED020A01AABA
:1086C000FEF7F8FBECE700BF70B586B004AB05AE73
:1086D00004460078CDE900360DF10F030D4600F099
:1086E000C9FD9DF90F0008B106B070BD284631469E
:1086F000FEF7C8FB9DF90F0084ED020A06B070BDBD
:1087000007EE901ADFED216AB8EE677AB6EE006ADE
:10871000C6EE877ADFED1E6A67EE867A10B5B7EE91
:10872000007A2DED048BC6EEA78A9FED1A0AC8FECB
:10873000C78A28EE800A044603F012F920EE008A68
:1087400028EE089A39EE089AB5EE409AF1EE10FA42
:1087500016D4F7EE007AF4EE678AF1EE10FA0AD03A
:10876000B1EEC90A30EE488A38EE088A84ED018AF3
:10877000BDEC048B10BDC4ED017ABDEC048B10BDC3
:10878000B0EE490A02F0E2FFE3E700BF0000C84292
:1087900099D4503CDB0FC93F002210B40224054994
:1087A000047041605DF8044B416181618260C26088
:1087B000026170470000484270B586B004AB05AE58
:1087C00004460078CDE900360DF10F030D4600F0A8
:1087D00051FD9DF90F0008B106B070BD2846314625
:1087E000FEF750FB9DF90F0084ED010A06B070BD45
:1087F000D1ED007AD1ED026A37EEC07A77EEE67AF3
:10880000C7EE276ADFED567A90ED026A66EEA76A38
:10881000B7EE005ADFED537A27EE066A76EEA76AC6
:108820009FED517AF4EEC50AF8B536EE276A2DEDC4
:10883000028BC7FE266ADFED4D5AF1EE10FA0C46A8
:10884000DDE90816B0EE408AC7FE067AC5FEE66A84
:108850000A9D5AD4C0ED056AC0ED067AC2ED006AE1
:1088600027695760C3ED007A22695A6090ED017A5A
:10887000B4EEE77AF1EE10FA42DBB1EE047ADFED06
:108880003C6A27EE877A37EE267ADFED3A6A86FE73
:10889000877A81ED007A2369B2EE040A4B6090ED8D
:1088A000037AD0ED040A67EE877A77EEA00A02F029
:1088B000EFFE9FED317ADFED317A87FE000AC7FEC9
:1088C000C07AC6ED007A2369DFED2D6A7360D4EDBE
:1088D000017A94ED037A37EEC88A37EEC77AC8EE8C
:1088E000077ABDEC028B67EEA67A9FED1F7AC7FE72
:1088F000E67AC7FE277AC5ED007A63696B60F8BD3A
:10890000B2EE047A27EE877ABFE794ED047AB5EEEB
:10891000407AF1EE10FA9DD190ED057AB4EEE67A48
:10892000F1EE10FA60EEA00A07D535EE605A66EE59
:10893000A06A25EE075A75EE266A90ED066AB4EE37
:10894000E76AF1EE10FA89D5B7EE007A37EE607A71
:1089500067EEA07A67EE060A70EEA77A7EE700BFA0
:108960000000164300004842000000000000FA43E7
:1089700000007A430000C843CDCCCC3D00007A44CF
:108980000000C8422DE9F041012482B0074690461C
:1089900000780DF103020E468DF8034000F08CFCC8
:1089A0009DF8035001902DB1002454B10134A5422B
:1089B000FBD10198C0F307233070737002B0BDE89B
:1089C000F0814146304697ED010A01AAFEF772FA9E
:1089D000ECE700BF2DE9F041052482B00646904641
:1089E00000780DF103020D468DF8034000F064FCA1
:1089F0009DF80370019017B30124E3B2013B042BEF
:108A00000BD8DFE803F033102B2303004146284640
:108A100096ED040A01AAFEF74DFAA74204F10103FC
:108A20000CD01C46E9E74146284696ED060A01AA05
:108A3000FEF740FAA74204F10103F2D10198C0F316
:108A4000072328706B7002B0BDE8F08141462846CC
:108A500096ED030A01AAFEF72DFADEE74146284605
:108A600096ED020A01AAFEF725FAD6E74146284606
:108A700096ED050A01AAFEF71DFACEE70023034A88
:108A8000836042618261C3600361704700004842B5
:108A90004FF6FF73994220D0B1F5967F10B504468A
:108AA0001CD0B1F5E16F15D09FED0E0ADFED0E7A07
:108AB000642907FE800A02F0BBFD9FED0C7AB0EE40
:108AC000C00AC7EE007A0A4A0A4BC4ED027AE26095
:108AD000236110BD9FED040AEDE770479FED060A84
:108AE000E9E700BF304C463F9A99193F0000164312
:108AF0004F57213C841C4BBF0AD7233FF0B587B0AA
:108B000004AB05AF05460078CDE900370DF10F0342
:108B10000E4600F0AFFB9DF90F0098B90124E3B2B7
:108B2000013B39463046032B1DD8DFE803F017120E
:108B30000D02FEF7A7F985ED030A0134062CEED1EC
:108B40009DF90F0007B0F0BDFEF79CF985ED020A14
:108B5000F3E7FEF797F985ED060AEEE7FEF792F9DF
:108B600085ED050AE9E7FEF78DF985ED040AE4E7EE
:108B7000F0B52DED028B00F150049FB00646204663
:108B80008DED010A00F0FEFB9DED010A02F050FDA3
:108B9000204686ED1A0A00F0A9FB002800F0A1800B
:108BA0005D4B10AF3846214617AA06F134051093E5
:108BB00011931293139314931593169300F098FC4A
:108BC000284600F093FB002800F09180284600F032
:108BD000D9FB1D9BF364504B284604A90AAC1093A3
:108BE00011931293139314931593169300F048FC6A
:108BF0002246384604A900F053FC204604A900F0A0
:108C000069FB9FED468A04AD95ED000A02F0CAFDAE
:108C100020EE080AA5EC010AAC42F5D104A800F048
:108C2000C7FC02AB22461946F2EC017AF5EEC07A97
:108C3000F1EE10FA4CBF01200020BA4201F8010BFE
:108C4000F2D19DF808209DF809109DF80A401144C2
:108C50009DF80B000C449DF80C1020449DF80D402D
:108C600001446018991D00E01A7882F0010203F8AF
:108C7000012B8B42F8D19DED077ADDED067AB6EE39
:108C8000006A77EE877ADFED266A9FED267A67EE37
:108C9000867A9DF808109DF809209DF80A300A444C
:108CA0009DF80B1013449DF80C2019449DF80D30CD
:108CB0000A441344834226FE877AF4EEC77AF1EE23
:108CC00010FA1FD896F86C300133DBB2042B86F80B
:108CD0006C3008D9012386F82A301FB0BDEC028B16
:108CE000F0BD86F82A001FB0BDEC028BF0BD17ACBA
:108CF0000FCC70636960AA60EB6007CC2861696182
:108D0000AA6168E7002386F86C3086F82A301FB025
:108D1000BDEC028BF0BD00BF2549123EE12E65423D
:108D20000AD7A33C0AD7A33B30B41449144B002400
:108D300000250022C161C36205216423C0E9084502
:108D4000017080F82830826100F1340300F1500195
:108D500043F8042B8B429A61FAD1002300240025AA
:108D60000267C0E9024530BC426102610263A0F8BB
:108D70006C3080F829304385704700BFC9B28B53EF
:108D800023291D562DE9F04714461D46D0E902233C
:108D90002DED028BB4EB020865EB03098246D0E9A6
:108DA0000801404571EB0901B0EE408A9DF828703A
:108DB0000C9E03DB944275EB03016ADA00234FF04B
:108DC0000008CAF810308AF82A80CAE902459AF8E1
:108DD0002930CBB9DAE90201201A65EB010101F073
:108DE000C1FCDAED057A06EE900A9AED067A76EE87
:108DF000A77AF4EEC77AF1EE10FAA8BF0123CAED04
:108E0000057AA8BF8AF829309AF82B30CBB9DAE96D
:108E10000201201A65EB010101F0A4FCDAED0C7AE5
:108E200006EE900A9AED0B7A76EEA77AF4EEC77A00
:108E3000F1EE10FAA8BF0123CAED0C7AA8BF8AF898
:108E40002B30B8F1000F00D19FB3012C75F1000356
:108E5000BCBF012400259AF829300B9ACAE90245C3
:108E600013709AF82A300E9A33709AF82B301370D8
:108E7000337833B9DAED077AF5EE407AF1EE10FA8D
:108E80000CD14FF07E530D9ABDEC028B1360BDE800
:108E9000F08713439AF82A8099D196E7DAED046AAD
:108EA00086EEA77A0D9BBDEC028B83ED007ABDE8C0
:108EB000F0879AF86D30022B28D8002B46D1B0EEFF
:108EC000480A02F0B5FBDAED1C7A70EE677A8AED9B
:108ED0001C0AB0EEE70A02F065FC9FED257AF7EE7A
:108EE000007A20EE070AB4EEE70AF1EE10FA35D860
:108EF0009AF86C300133DBB2012B8AF86C3034D92C
:108F000001239FED1C8A8AF82A3006E09FED198A1A
:108F1000DFED197A032B07FE888ADAE90201201AAD
:108F200065EB010101F01EFCDAED047A07EE100A90
:108F300077EE277AF4EEC87AF1EE10FAA8BF012393
:108F4000CAED047AA8BF8AF82A307EE7B0EE480A54
:108F50005046FFF70DFE9FED078ADEE79FED058A7D
:108F60008AF86C708AF82A70D7E79FED028AD4E7F6
:108F7000E12E65422E8CD15376845F512DE9F0416C
:108F8000032482B00746904600780DEB04020D469C
:108F90008DF8034000F090F99DF803600190CEB188
:108FA000012406E0012B24D0A64204F1010310D0D5
:108FB0001C46E3B2022B14D0032BF3D141462846C2
:108FC00097ED0B0A01AAFDF775FFA64204F1010314
:108FD000EED10198C0F3072328706B7002B0BDE892
:108FE000F0814246294697F9280001ABFEF7AEF81A
:108FF000DAE74146284697ED060A01AAFDF75AFF2F
:10900000D2E700BF2DE9F041072484B00646904620
:1090100000780DF10B020D468DF80B4000F04CF975
:109020009DF80B7003901FB30124E3B2013B062BA4
:109030000CD8DFE803F02C243D35451104004146EF
:10904000284696ED0C0A03AAFDF734FFA74204F167
:1090500001030CD01C46E8E703AB4246294696F8CC
:109060002B00FDF7B9FFA74204F10103F2D10398E9
:10907000C0F3072328706B7004B0BDE8F08141464F
:10908000284696ED050A03AAFDF714FFDEE703ABB9
:1090900000932A46D6E902014346FDF759FFD5E77A
:1090A0004246294696F8290003ABFDF795FFCDE728
:1090B0004146284696ED040A03AAFDF7FBFEC5E7E4
:1090C0004246294696F82A0003ABFDF785FFBDE727
:1090D000F0B587B004AB05AF05460078CDE90037A1
:1090E0000DF10F030E4600F0C5F89DF90F00B8B959
:1090F0000124E3B2013B052B3DD8DFE803F0352E18
:10910000271D1303059BF25C0133003A18BF0122AF
:10911000059385F82B200134082CEAD19DF90F0026
:1091200007B0F0BD059BF25C0133003A18BF012285
:10913000059385F82A20EEE7059BF25C0133003A9F
:1091400018BF0122059385F82920E4E73946304607
:10915000FDF798FE85ED040ADDE739463046FDF758
:1091600091FE85ED050AD6E739463046FDF7D4FE77
:10917000C5E90201CFE739463046FDF783FE85EDAC
:109180000C0AC8E74FF6FF73994230B428D0002488
:1091900090F928201F4B01FB02F202EB5202A2FBC6
:1091A00003231D4DB1F5E16FC0E90823C56180F8C7
:1091B0006D4027D00BD864291DD0B1F5967F04D11E
:1091C0000123164A80F86D30C26130BC704741F20D
:1091D00070739942F9D130BC042380F86D30704728
:1091E00000240021002200230461C0E9022330BCD6
:1091F00080F82A107047022330BC084A80F86D308E
:10920000C2617047032330BC054A80F86D30C261EB
:10921000704700BF80969800C9B28B53C9B28B5279
:1092200076845F5170B586B004AB05AE0446007815
:10923000CDE900360DF10F030D4600F01BF89DF946
:109240000F0008B106B070BD31462846FDF71AFE82
:10925000314684ED060A2846FDF7D6FF314684F8EC
:1092600028002846FDF70EFE9DF90F0084ED0B0A3D
:1092700006B070BD70B4002483B0032ADDE9065641
:1092800034601C702C6004D898221A7003B070BC33
:109290007047042232604A780C788DF805208DF8EA
:1092A0000440BDF804202A608A7882421CBF9C22B8
:1092B0001A7003B070BC704730B415780DB19D4280
:1092C00003D230BC002010707047044604208C701C
:1092D00030BC704700F11803F0EC017AF0EEE77A49
:1092E0009842E1EC017AF7D1704700BF00F11C030E
:1092F000F0EC017AF5EE407AF1EE10FA03D09842E4
:10930000F6D1012070470020704700BF38B555ECFA
:10931000104B002210EE100A174B25F0004101F00F
:10932000B9F8D0B1002220462946144B01F0C6F806
:10933000002250B120462946104B00F083FCBDE8C6
:10934000384041EC100BF8F787BE204629460C4BFD
:1093500001F0BEF820B10024002545EC104B38BDCB
:1093600020462946054B002200F06AFCBDE8384043
:1093700041EC100BF8F7F0BD000030430000E03F77
:109380000000E0BF034610B4046800F118015A68F9
:1093900043F8042B8B42FAD184615DF8044B70478B
:1093A000B5EEC01AF1EE10FA08B52DED028BF0EE15
:1093B000408AB0EE608A38D4DFED1D7AB4EEE71A49
:1093C000F1EE10FA2EDC81EE270A02F001F9DFED52
:1093D000190ADFED197A68EEA76A78EEA08A86EEA0
:1093E000A87A37EE000A60EE206A37EEC00A86EEF1
:1093F000807A68EE276A67EE277A38EE208A37EEA1
:10940000207A87EE870AC6EE887A30EE670A02F085
:10941000A3F8BDEC028BDFED067A20EE270A80FE72
:10942000670A08BDB7EE000ACFE79FED040ACCE754
:109430000000C842B81E7343C3F58C410000000011
:10944000002917DD4FF6FF7330B401380B4D441877
:1094500010F8011F4B40D9B235F81110844281EA4F
:109460001323F5D130BCDB43D9B2C3F3072311700A
:1094700053707047002313705370704734ED000829
:109480000346B3EC017A1C30F0EE477AB3EC017A74
:1094900077EE677A8342E1EC017AF5D1704700BF3D
:1094A00070B41346002502F1180443F8045BA3428C
:1094B000FBD10C46002600F11805034602EB86019D
:1094C000F3EC017AD4ED006A91ED007A67EEA67AAA
:1094D00077EE877AAB42E1EC017AF1D10136062EC4
:1094E00004F10404A3F10405E7D170BC704700BF88
:1094F000F0B41346002502F11C0443F8045BA342B8
:10950000FBD10D460026062702F1040C0146BC19CA
:109510000CEB840402EB8603F1EC017AD5ED006AD2
:1095200093ED007A67EEA67A77EE877AE3EC017A1C
:10953000A342F1D10136072E07F1FF3705F10405EB
:10954000E4D1F0BC704700BF2DE9F041069CDFF884
:109550004480DFF844E090B90020DFF840C00A4FB3
:109560000A4E0B4DC1F80080C2F800E01860206080
:10957000C1F804C057605E606560BDE8F0810020FE
:10958000DFF81CC0EBE700BF0000FA420000C84251
:109590000024F44900002A43000082C2806A494B3B
:1095A000F874C44C994206BF9042012000207047D5
:1095B0002DE9F04F002701260025BC460446B94698
:1095C000314602239FB0D0F800E09DF91EB09DF90E
:1095D0001F800CAACDF820E00C97069609950A95F5
:1095E0000B9505901EA86768451800EB81060329B6
:1095F00005F8603CC2F8049046F8587C01F101057A
:109600004DD029460133DBB2072B02F1040204F1ED
:109610000404E7D10598BCF1000F03D08DF81EB00B
:109620008DF81F80002900F0DD80002301298DF8CE
:109630001D30ADF81E3000F03081022940F00E815F
:109640009DED087ADDED097AB4EEE77AF1EE10FAD5
:1096500000F22781F0EE477A01238DF81D10C1EB4F
:1096600081720CAC04EB8202C1F10601183200EBEE
:1096700081010DF11D0400F11806E1EC017A1EAD27
:109680002B4413F9613C8E4242F8043B00F0AA805F
:1096900014F9013B05EB830555ED177AEDE7DDED98
:1096A000087A9DED096AF4EEC67AF1EE10FA69D9EE
:1096B000B0EE677A4FF00108F0EE467AC446B0EE9D
:1096C000476AC64600274FF0020B9DED0A7ADDED92
:1096D0000B6AB4EEE67AF1EE10FA7DD9F0EE475A55
:1096E0000321B0EE667A8A46F0EE656A0D460226E0
:1096F0000420F4EEC77AF1EE10FA4BD80DF1780B96
:109700000BEB8E0E5EED175AF4EEC75AF1EE10FA1F
:1097100040F282800BEB850515ED175AB4EEE55A41
:10972000F1EE10FA0D46F0EE475A6146B0EE677A58
:10973000C0F28780BC46F0EE467A3746B0EE666AE5
:10974000C3462E46F0EE656AD0461EA80144844406
:109750000644074411F960EC1CF9605C17F9601CC1
:1097600016F9606CC2E9005104ED027A44ED016A19
:10977000C4ED007A84ED016A4FF0010C002142E94A
:1097800002E63FE701274FF00208BB46C6464FF00E
:10979000000C9AE71EA800EB850555ED175AF4EE6C
:1097A000E75AF1EE10FAD0DB00EB8E0E1EED175AE1
:1097B000B4EEE55AF1EE10FA3546F0EE665A66461A
:1097C000F0EE676A45D8BC46F0EE467AC3462F46AF
:1097D000B0EE656AD046B8E70326022130464FF066
:1097E000040A86E718AA12AE334617461546002427
:1097F000002143F8044B9D4242F8041BF9D1022397
:109800000146009300220623CDE901670CA800F071
:10981000FDF81FB0BDE8F08FB6460D46B0EE665AB3
:10982000F0EE475A3E466146F0EE466AB0EE677A81
:109830007746AC46B0EE456AF0EE657AD046834690
:1098400083E7B446F0EE667A2E46F0EE656AD346BC
:109850007BE7AC46F0EE657AD34676E79DED087A75
:10986000DDED097AB4EEE77AF1EE10FADDED0A6A81
:109870001CD8F4EEE67AF1EE10FA31D9B4EEE67ABD
:10988000F1EE10FA40D8022303228DF81E30F0EEDC
:10989000477A01238DF81D20E1E6DDED087A0B46BD
:1098A000DDE601220B468DF81D20D8E6B4EEE67AFF
:1098B000F1EE10FA0CD9F4EEE67AF1EE10FA19D8BE
:1098C000012303228DF81E308DF81D200223C6E6E9
:1098D000032301228DF81E308DF81D200223BEE6E1
:1098E000032302228DF81E30F0EE477A01238DF813
:1098F0001D20B4E602240122F0EE667A03238DF8DF
:109900001D408DF81E20AAE6022301228DF81E308C
:10991000F0EE667A03238DF81D20A0E62DE9F04FC6
:10992000099CDDE90A6503EB040EBEF1000F16DDAC
:10993000A84602F18047013F01EB870C341F0CF170
:10994000040C00EB870704EB8E0B57F804AF5CF8B0
:10995000049B44F804AF5C4548F8049BF5D100240F
:109960009A46A34602F1FF384FEA830901EB8202CF
:1099700005EB0B0C05EB09079CED007AD7ED007A9F
:10998000B4EEE77AF1EE10FA08F1010C0DD856F8B2
:109990000B700134A34240F82C7082ED007A32DD66
:1099A0004FEA840BE0460432E2E756F809700AF108
:1099B000010AD64540F82C70C2ED007A02DD4FEA6C
:1099C0008A09EFE7621C93421DDB04F10042013A71
:1099D00008F1804705EB8205013708F10208341FC2
:1099E000043506EB820204EB830300EB870001EBF6
:1099F000880152F8046F55F8044B934240F8046F05
:109A000041F8044BF5D1BDE8F08F00BF2DE9F04FD0
:109A10001C46012689B00793129B8146DDE913ABF2
:109A200044FA03F7012F069206FA03F62DDDFB0731
:109A300012D5013F06FB07F2079B9B1AB3420BDDD1
:109A400056B19B1B8DE8080C069B48461A443346CA
:109A50000591FFF763FF05997F104FEA460815D07F
:109A60000024069D01344EB133462A464846CDE9CE
:109A700001AB00960591FFF751FF0599A7424544B8
:109A8000F0D1012F02DD4646D1E7B046079B4345A2
:109A90000EDDB8F1000F0BD0A3EB0803129348467C
:109AA0004346069ACDE913AB09B0BDE8F04F35E760
:109AB00009B0BDE8F08F00BF074A0849037F016283
:109AC000426282623BB10022012B026103D0022B71
:109AD000426118BF826170470AD7233B0AD7A33C73
:109AE0000023027B0361436102B18360704700BFC2
:109AF000DFED427A91ED000A38B520EE270A2DED10
:109B0000028B0D46044601F02BFF60EE008A28EE22
:109B1000A80A30EE280AB5EE400AF1EE10FAB1EECE
:109B2000C08A62D438EE680A30EE000A84ED000A7A
:109B3000F7EE007A95ED007AB4EE677AF1EE10FA5E
:109B400007FE800A84ED000ADFED2C7A95ED010A0C
:109B500020EE270A01F004FF60EE008A28EEA80A32
:109B600030EE280AB5EE400AF1EE10FAB1EEC08AE6
:109B700041D438EE680A30EE000A84ED010AF7EEAF
:109B8000007A95ED017AB4EE677AF1EE10FA07FEED
:109B9000800A84ED010ADFED197A95ED020A20EEC4
:109BA000270A01F0DDFE60EE008A28EEA80A30EEFA
:109BB000280AB5EE400AF1EE10FAB1EEC08A17D4C9
:109BC00038EE680ABDEC028B30EE000A84ED020A22
:109BD000F7EE007A95ED027AB4EE677AF1EE10FABC
:109BE00007FE800A84ED020A38BD01F0AFFD99E757
:109BF00001F0ACFDE4E701F0A9FDBAE7DB0FC93FD6
:109C00004FF07C51002210B40324016004764160BF
:109C10005DF8044B8160C26002614261704700BF21
:109C200010B401244FF07C510022047201605DF8F1
:109C3000044B4260704700BF81F0004102E000BF6A
:109C400083F0004330B54FEA41044FEA430594EAFC
:109C5000050F08BF90EA020F1FBF54EA000C55EA37
:109C6000020C7FEA645C7FEA655C00F0E2804FEA08
:109C70005454D4EB5555B8BF6D420CDD2C4480EAEA
:109C8000020281EA030382EA000083EA010180EA1A
:109C9000020281EA0303362D88BF30BD11F0004F68
:109CA0004FEA01314FF4801C4CEA113102D040429E
:109CB00061EB410113F0004F4FEA03334CEA1333D9
:109CC00002D0524263EB430394EA050F00F0A780F1
:109CD000A4F10104D5F1200E0DDB02FA0EFC22FAEC
:109CE00005F2801841F1000103FA0EF2801843FAE0
:109CF00005F359410EE0A5F120050EF1200E012AD1
:109D000003FA0EFC28BF4CF0020C43FA05F3C0180E
:109D100051EBE37101F0004507D54FF0000EDCF187
:109D2000000C7EEB00006EEB0101B1F5801F1BD330
:109D3000B1F5001F0CD349085FEA30004FEA3C0C34
:109D400004F101044FEA445212F5800F80F09A802A
:109D5000BCF1004F08BF5FEA500C50F1000041EB2E
:109D6000045141EA050130BD5FEA4C0C404141EB32
:109D70000101013C28BFB1F5801FE9D291F0000F2D
:109D800004BF01460020B1FA81F308BF2033A3F1DC
:109D90000B03B3F120020CDA0C3208DD02F1140CD3
:109DA000C2F10C0201FA0CF021FA02F10CE002F10E
:109DB0001402D8BFC2F1200C01FA02F120FA0CFC07
:109DC000DCBF41EA0C019040E41AA2BF01EB045150
:109DD000294330BD6FEA04041F3C1CDA0C340EDC4E
:109DE00004F11404C4F1200220FA04F001FA02F391
:109DF00040EA030021FA04F345EA030130BDC4F14F
:109E00000C04C4F1200220FA02F001FA04F340EA43
:109E10000300294630BD21FA04F0294630BD94F0F4
:109E2000000F83F4801306BF81F480110134013DDB
:109E30004EE77FEA645C18BF7FEA655C29D094EA4C
:109E4000050F08BF90EA020F05D054EA000C04BFCA
:109E50001946104630BD91EA030F1EBF00210020B5
:109E600030BD5FEA545C05D14000494128BF41F054
:109E7000004130BD14F580043CBF01F5801130BDB8
:109E800001F0004545F0FE4141F470014FF0000043
:109E900030BD7FEA645C1ABF194610467FEA655CF4
:109EA0001CBF0B46024650EA013406BF52EA033596
:109EB00091EA030F41F4002130BD00BF90F0000F84
:109EC00004BF0021704730B54FF4806404F13204C0
:109ED0004FF000054FF0000150E700BF90F0000F79
:109EE00004BF0021704730B54FF4806404F13204A0
:109EF00010F0004548BF40424FF000013EE700BF70
:109F000042004FEAE2014FEA31014FEA02701FBFFF
:109F100012F07F4393F07F4F81F06051704732F031
:109F20007F4208BF704793F07F4F04BF41F4002188
:109F3000704730B54FF4607401F0004521F00041E6
:109F40001CE700BF50EA010208BF704730B54FF070
:109F500000050AE050EA010208BF704730B511F071
:109F6000004502D5404261EB41014FF4806404F1A9
:109F700032045FEA915C3FF4D8AE4FF003025FEA2F
:109F8000DC0C18BF03325FEADC0C18BF033202EBB3
:109F9000DC02C2F1200300FA03FC20FA02F001FA0D
:109FA00003FE40EA0E0021FA02F11444BDE600BFB0
:109FB00070B54FF0FF0C4CF4E06C1CEA11541DBF5F
:109FC0001CEA135594EA0C0F95EA0C0F00F0DEF82A
:109FD0002C4481EA030621EA4C5123EA4C5350EA0F
:109FE000013518BF52EA033541F4801143F4801360
:109FF00038D0A0FB02CE4FF00005E1FB02E506F0F1
:10A000000042E0FB03E54FF00006E1FB03569CF045
:10A01000000F18BF4EF0010EA4F1FF04B6F5007F4B
:10A0200064F5407404D25FEA4E0E6D4146EB0606BD
:10A0300042EAC62141EA55514FEAC52040EA5E5046
:10A040004FEACE2EB4F1FD0C88BFBCF5E06F1ED8F0
:10A05000BEF1004F08BF5FEA500E50F1000041EB27
:10A06000045170BD06F0004646EA010140EA0200D4
:10A0700081EA0301B4EB5C04C2BFD4EB0C0541EAF6
:10A08000045170BD41F480114FF0000E013C00F30B
:10A09000AB8014F1360FDEBF002001F0004170BD2F
:10A0A000C4F10004203C35DA0C341BDC04F1140448
:10A0B000C4F1200500FA05F320FA04F001FA05F2D4
:10A0C00040EA020001F0004221F0004110EBD370A1
:10A0D00021FA04F642EB06015EEA430E08BF20EACD
:10A0E000D37070BDC4F10C04C4F1200500FA04F370
:10A0F00020FA05F001FA04F240EA020001F0004102
:10A1000010EBD37041F100015EEA430E08BF20EA74
:10A11000D37070BDC4F1200500FA05F24EEA020EBC
:10A1200020FA04F301FA05F243EA020321FA04F0EB
:10A1300001F0004121FA04F220EA020000EBD370A2
:10A140005EEA430E08BF20EAD37070BD94F0000FA2
:10A150000FD101F00046400041EB010111F4801FD6
:10A1600008BF013CF7D041EA060195F0000F18BF87
:10A17000704703F00046520043EB030313F4801FC3
:10A1800008BF013DF7D043EA0603704794EA0C0F7D
:10A190000CEA135518BF95EA0C0F0CD050EA410693
:10A1A00018BF52EA4306D1D181EA030101F0004110
:10A1B0004FF0000070BD50EA410606BF1046194638
:10A1C00052EA430619D094EA0C0F02D150EA013644
:10A1D00013D195EA0C0F05D152EA03361CBF104685
:10A1E00019460AD181EA030101F0004141F0FE4124
:10A1F00041F470014FF0000070BD41F0FE4141F4A8
:10A20000780170BD70B54FF0FF0C4CF4E06C1CEAA7
:10A2100011541DBF1CEA135594EA0C0F95EA0C0F5C
:10A2200000F0A7F8A4EB050481EA030E52EA033517
:10A230004FEA013100F088804FEA03334FF0805538
:10A2400045EA131343EA12634FEA022245EA111565
:10A2500045EA10654FEA00260EF000419D4208BF16
:10A26000964244F1FD0404F5407402D25B084FEAC3
:10A270003202B61A65EB03055B084FEA32024FF46F
:10A2800080104FF4002CB6EB020E75EB030E22BFCC
:10A29000B61A754640EA0C005B084FEA3202B6EB8C
:10A2A000020E75EB030E22BFB61A754640EA5C003B
:10A2B0005B084FEA3202B6EB020E75EB030E22BFCB
:10A2C000B61A754640EA9C005B084FEA3202B6EBCC
:10A2D000020E75EB030E22BFB61A754640EADC008B
:10A2E00055EA060E18D04FEA051545EA16754FEAED
:10A2F00006164FEAC30343EA52734FEAC2025FEA0B
:10A300001C1CC0D111F4801F0BD141EA00014FF099
:10A3100000004FF0004CB6E711F4801F04BF01436A
:10A320000020B4F1FD0C88BFBCF5E06F3FF6AFAE86
:10A33000B5EB030C04BFB6EB020C5FEA500C50F116
:10A34000000041EB045170BD0EF0004E4EEA113199
:10A3500014EB5C04C2BFD4EB0C0541EA045170BDA0
:10A3600041F480114FF0000E013C90E645EA060EE4
:10A370008DE60CEA135594EA0C0F08BF95EA0C0F12
:10A380003FF43BAF94EA0C0F0AD150EA01347FF45A
:10A3900034AF95EA0C0F7FF425AF104619462CE731
:10A3A00095EA0C0F06D152EA03353FF4FDAE104694
:10A3B000194622E750EA410618BF52EA43067FF4E5
:10A3C000C5AE50EA41047FF40DAF52EA43057FF475
:10A3D000EBAE12E74FF0FF3C06E000BF4FF0010C80
:10A3E00002E000BF4FF0010C4DF804CD4FEA410CE4
:10A3F0007FEA6C5C4FEA430C18BF7FEA6C5C1BD0B1
:10A4000001B050EA410C0CBF52EA430C91EA030F31
:10A4100002BF90EA020F0020704710F1000F91EA8E
:10A42000030F58BF994208BF90422CBFD8176FEA5C
:10A43000E37040F0010070474FEA410C7FEA6C5C2A
:10A4400002D150EA013C07D14FEA430C7FEA6C5C31
:10A45000D6D152EA033CD3D05DF8040B704700BF5D
:10A460008446104662468C461946634600E000BFAB
:10A4700001B5FFF7B7FF002848BF10F1000F01BD7D
:10A480004DF808EDFFF7F4FF0CBF012000205DF848
:10A4900008FB00BF4DF808EDFFF7EAFF34BF0120CD
:10A4A00000205DF808FB00BF4DF808EDFFF7E0FF66
:10A4B00094BF012000205DF808FB00BF4DF808EDB7
:10A4C000FFF7CEFF94BF012000205DF808FB00BF1E
:10A4D0004DF808EDFFF7C4FF34BF012000205DF800
:10A4E00008FB00BF4A0011D212F5001211D20DD59F
:10A4F0006FF47873B3EB62520ED44FEAC12343F08A
:10A50000004343EA505323FA02F070474FF0000033
:10A51000704750EA013002D14FF0FF3070474FF0E2
:10A52000000070474FEA4102B2F1E04324BFB3F5A7
:10A53000001CDCF1FE5C0DD901F0004C4FEAC002BA
:10A540004CEA5070B2F1004F40EB830008BF20F09E
:10A550000100704711F0804F21D113F13872BCBF58
:10A5600001F00040704741F480114FEA5252C2F1AD
:10A570001802C2F1200C10FA0CF320FA02F018BFF6
:10A5800040F001004FEAC1234FEAD32303FA0CFC49
:10A5900040EA0C0023FA02F34FEA4303CCE77FEAD8
:10A5A000625307D150EA01331EBF4FF0FE4040F422
:10A5B0004000704701F0004040F0FE4040F40000D1
:10A5C000704700BF80F0004002E000BF81F0004112
:10A5D00042001FBF5FEA410392EA030F7FEA226C49
:10A5E0007FEA236C6AD04FEA1262D2EB1363C1BFD9
:10A5F000D218414048404140B8BF5B42192B88BF48
:10A60000704710F0004F40F4000020F07F4018BF6A
:10A61000404211F0004F41F4000121F07F4118BF8A
:10A62000494292EA030F3FD0A2F1010241FA03FC32
:10A6300010EB0C00C3F1200301FA03F100F000431A
:10A6400002D5494260EB4000B0F5000F13D3B0F1E2
:10A65000807F06D340084FEA310102F10102FE2A51
:10A6600051D2B1F1004F40EBC25008BF20F00100C1
:10A6700040EA03007047490040EB0000013A28BF60
:10A68000B0F5000FEDD2B0FA80FCACF1080CB2EBE3
:10A690000C0200FA0CF0AABF00EBC2505242184361
:10A6A000BCBFD0401843704792F0000F81F4000106
:10A6B00006BF80F400000132013BB5E74FEA4103D9
:10A6C0007FEA226C18BF7FEA236C21D092EA030F45
:10A6D00004D092F0000F08BF0846704790EA010FBF
:10A6E0001CBF0020704712F07F4F04D1400028BFEC
:10A6F00040F00040704712F100723CBF00F50000CE
:10A70000704700F0004343F0FE4040F40000704703
:10A710007FEA226216BF08467FEA236301464202AF
:10A7200006BF5FEA412390EA010F40F480007047C2
:10A730004FF0000304E000BF10F0004348BF404268
:10A740005FEA000C08BF704743F0964301464FF0A4
:10A7500000001CE050EA010208BF70474FF0000300
:10A760000AE000BF50EA010208BF704711F0004341
:10A7700002D5404261EB41015FEA010C02BF844611
:10A780000146002043F0B64308BFA3F18053A3F570
:10A790000003BCFA8CF2083AA3EBC25310DB01FAB7
:10A7A00002FC634400FA02FCC2F12002BCF1004F3B
:10A7B00020FA02F243EB020008BF20F001007047CC
:10A7C00002F1200201FA02FCC2F1200250EA4C0020
:10A7D00021FA02F243EB020008BF20EADC70704766
:10A7E00053B94AB9002908BF00281CBF4FF0FF31F8
:10A7F0004FF0FF3000F0B8B9ADF1080C6DE904CEB0
:10A8000000F03CF8DDF804E0DDE9022304B0704715
:10A8100038B50022002304460D46FFF73BFE28B959
:10A8200020462946BDE8384000F00AB8204605F128
:10A83000004100F005F8404261EB410138BD00BF26
:10A84000D0B500220B4B06460F46FFF7B1FBFFF7D2
:10A8500049FE0446FFF732FB0022074BFFF7A8FB37
:10A8600002460B4630463946FFF7EAF9FFF73AFE53
:10A870002146D0BD0000F03D0000F0412DE9F04F31
:10A88000099D0C46002B4DD18A420F4684469646C0
:10A89000B2FA82F360D94BB102FA03FEC3F120028F
:10A8A0009F4000FA03FC20FA02F217434FEA1E46CB
:10A8B0001FFA8EF44FEA1C42B7FBF6F106FB117744
:10A8C00001FB04F042EA0742904208D91EEB020263
:10A8D00001F1FF3702D2904200F231813946121A5B
:10A8E0001FFA8CFCB2FBF6F006FB102200FB04F40E
:10A8F0004CEA024C644508D91EEB0C0C00F1FF3207
:10A9000002D2644500F21E81104640EA0140ACEBE1
:10A91000040C002125B12CFA03F30022C5E9003212
:10A92000BDE8F08F8B4205D90DB1C5E900010021CA
:10A930000846F5E7B3FA83F100294DD1A342C0F0F0
:10A94000F380904280F0F080064623460846002DB2
:10A95000E6D0C5E90063E3E7002B40F0A3808A1A44
:10A960004FEA1E471FFA8EF60121B2FBF7F407FBF0
:10A9700014204FEA1C4242EA004206FB04F09042D7
:10A980000FD91EEB020204F1FF382CBF4FF0010972
:10A990004FF00009904203D9B9F1000F00F0CC80CC
:10A9A0004446121A1FFA8CFCB2FBF7F007FB102288
:10A9B00000FB06F64CEA024C664508D91EEB0C0C6F
:10A9C00000F1FF3202D2664500F2B3801046ACEBD4
:10A9D000060C40EA04409DE7C1F120068B4004FAD2
:10A9E00001FE22FA06F720FA06FCF4408A401F43D3
:10A9F0004EEA0C0300FA01FE4FEA17484FEA1349EA
:10AA00001FFA87FCB4FBF8F008FB104449EA044441
:10AA100000FB0CF9A1450ED93C1900F1FF3A2CBFFF
:10AA20004FF0010B4FF0000BA14503D9BBF1000F14
:10AA300000F08B805046A4EB09041FFA83F9B4FBA5
:10AA4000F8F308FB134403FB0CFC49EA0444A44557
:10AA500006D93C1903F1FF3801D2A4457BD84346FF
:10AA600043EA0040A4EB0C04A0FB02984445CC460A
:10AA7000434602D306D1CE4504D20138B9EB020CCD
:10AA800068EB0703002D6CD0BEEB0C0264EB0304F3
:10AA900022FA01F304FA06F6CC4000211E43C5E970
:10AAA00000643DE702FA03FEC3F1200104FA03F259
:10AAB00000FA03FCCC404FEA1E4720FA01F11FFACE
:10AAC0008EF6B4FBF7F00A4307FB1044110C41EA81
:10AAD000044100FB06F48C420ED91EEB010100F18B
:10AAE000FF382CBF4FF001094FF000098C4202D90A
:10AAF000B9F1000F2CD04046091B92B2B1FBF7F41C
:10AB000007FB141142EA014204FB06F1914207D906
:10AB10001EEB020204F1FF3801D291421ED84446D6
:10AB2000521A44EA004120E7861A64EB030301202D
:10AB30000DE7F44402384AE7023C724431E7023937
:10AB40007244CCE6F4440238DFE602383C4472E753
:10AB500002387144D0E7023B3C4481E7023C724436
:10AB6000DEE72946DCE600BF704700BF08B5064BAC
:10AB7000044613B10021AFF30080044B1B6803B1FE
:10AB80009847204602F0ACFA000000008818002028
:10AB9000002310B504468360818119464366C28153
:10ABA00008228361C0E90033C0E904335C3002F05D
:10ABB00055FF0D4B246263620C4BA3620C4BE362A6
:10ABC0000C4B23630C4B9C4206D003F16802944269
:10ABD00002D0D0339C4205D104F15800BDE81040AA
:10ABE00002F044BF10BD00BF19DD00083BDD0008C6
:10ABF00073DD000897DD000850170020024A034962
:10AC0000034802F0B8BE00BFB8180020C9DC000835
:10AC1000C818002041680C4B994210B5044601D079
:10AC200003F052F8A168094B994202D0204603F084
:10AC30004BF8E168064B994204D02046BDE810402D
:10AC400003F042B810BD00BF50170020B817002015
:10AC50002018002010B50B4B04210B4C0B4A20464A
:10AC60001A600022FFF794FF04F168000122092115
:10AC7000FFF78EFF04F1D00002221221BDE8104040
:10AC8000FFF786BF8818002050170020FDAB000892
:10AC9000014802F0ECBE00BFA0180020014802F0FD
:10ACA000E7BE00BFA018002010B50446FFF7F0FF74
:10ACB000236A1BB1BDE81040FFF7F0BF044B2362CD
:10ACC000044B1B68002BF5D1FFF7C4FFF2E700BF70
:10ACD00015AC0008881800200FB407B5064904AB6E
:10ACE000086853F8042B8168019300F033F803B02F
:10ACF0005DF804EB04B07047C4180020024B014615
:10AD0000186802F056BE00BFC418002070B50D4D83
:10AD100000260D4C641BA410A64209D10B4D002641
:10AD20000B4C03F03DFA641BA410A64205D170BD84
:10AD300055F8043B01369847EEE755F8043B0136D9
:10AD40009847F2E714190020141900201419002064
:10AD5000181900202DE9F04F0D469DB01446984675
:10AD6000064618B1036A0BB9FFF79EFF6B6ED90751
:10AD700005D4AB899A0502D4A86D02F078FEAB89A0
:10AD80001B0701D52B699BB92946304600F0CCFA48
:10AD900070B16B6EDC0704D54FF0FF301DB0BDE81D
:10ADA000F08FAB899805F7D4A86D02F061FEF3E748
:10ADB0000023CDF80C804FF00109DFF8B48109932E
:10ADC00020238DF8293030238DF82A3023469A46E7
:10ADD00013F8012B0AB1252AF9D1BAEB040B0BD0D9
:10ADE0005B4622462946304602F067FE013000F0FD
:10ADF000A780099A5A4409929AF80030002B00F073
:10AE00009F8000234FF0FF320AF1010A0493079359
:10AE10008DF853301A93CDE9052354460522544842
:10AE200014F8011B03F05AF8049AD8B9D10644BFAC
:10AE300020238DF85330130744BF2B238DF8533054
:10AE40009AF800302A2B15D0079A544600204FF06C
:10AE50000A0C214611F8013B303B092B4BD9B0B10C
:10AE6000079214E0A0EB0803A24609FA03F3134388
:10AE70000493D2E7039B191D1B68002B0391BBBFF2
:10AE80005B4242F0020207930793B8BF0492237813
:10AE90002E2B0AD163782A2B32D1039B02341A1D40
:10AEA0001B6843EAE37303920593DFF8D4A00322FF
:10AEB0002178504603F012F838B1A0EB0A00402286
:10AEC000049B013482401343049314F8011B0622AF
:10AED00028488DF8281003F001F800283FD0264BB1
:10AEE0001BBB039B073323F0070308330393099B22
:10AEF0003B4409936AE70CFB02320C460120A8E7A9
:10AF0000002301344FF00A0C19460593204610F82F
:10AF1000012B303A092A03D9002BC6D00591C4E78A
:10AF20000CFB012104460123F0E703AB2A4604A9E8
:10AF300030460093114BAFF300800746781CD6D102
:10AF40006B6ED90705D4AB899A0502D4A86D02F0BF
:10AF50008FFDAB895B063FF51FAF09981EE703AB7A
:10AF60002A4604A930460093044B00F0A5F8E4E714
:10AF700034EF00083EEF000800000000BBDA0008D4
:10AF80003AEF000870B50F4E0C460546316811B90E
:10AF900000F076FA30602146284600F071FA431C32
:10AFA00003D14FF0FF34204670BDC41C24F00304CD
:10AFB000A042F8D0211A284600F062FA0130F2D1FE
:10AFC000EFE700BF8C1800202DE9F041CD1C0646AC
:10AFD00025F0030508350C2D38BF0C25002D01DBAD
:10AFE000A94204D90C2333600020BDE8F081314F21
:10AFF00000F08EF93B681C4644BB29463046FFF7FB
:10B00000C1FF431C044650D13C682146002941D170
:10B01000002C44D02368304604EB030800F030FADB
:10B0200080453CD1216830466D1A2946FFF7AAFFBA
:10B03000013034D023682B4423603B68002B36D08A
:10B040005A68A24229D100225A600EE02268521B9F
:10B050001DD40B2A16D96119A342256018BF596067
:10B06000636808BF396062514B60304600F056F9A2
:10B0700004F10B00231D20F00700C21AB5D01B1AE3
:10B08000A350B2E7A3426268DED13A60EDE72346FF
:10B090006468B1E70C464968B8E71346CEE70C236D
:10B0A0003046336000F03AF99EE70560DDE75B600B
:10B0B000FFDE00BF901800202DE9FF470F7E91466C
:10B0C00080460C46782F9A460C9E01F1430207D821
:10B0D000622F0AD8002F00F0DD80582F00F0C380C7
:10B0E00004F1420684F842703AE0A7F16303152B9D
:10B0F000F6D801A151F823F051B1000865B100085C
:10B10000E1B00008E1B00008E1B00008E1B00008DB
:10B1100065B10008E1B00008E1B00008E1B0000846
:10B12000E1B000087BB20008F3B1000833B20008B8
:10B13000E1B00008E1B000089DB20008E1B00008ED
:10B14000F3B10008E1B00008E1B000083BB200082C
:10B1500033681A1D1B68326004F1420684F84230DD
:10B160000123A8E031682368081D30601E0601D560
:10B170000D6803E05D06FBD5B1F90050002D616854
:10B1800078DA2D200029A16084F843002DDA6D4281
:10B190005D480A231646B5FBF3F103FB1157C75D63
:10B1A00006F8017D2F460D46BB42F4D9082B0BD182
:10B1B0002368DF0708D5236961689942DEBF302321
:10B1C00006F8013C06F1FF36921B22614B4603AAAA
:10B1D00021464046CDF800A002F081FC01306FD13D
:10B1E0004FF0FF3004B0BDE8F08723F00403236084
:10B1F000CDE721683368080653F8045B02D449069A
:10B2000048BFADB26F2F33603F4814BF0A230823F5
:10B21000002184F843106668002EA660BADB21681E
:10B2200021F004012160002DB4D1002EB2D11646C8
:10B23000BCE7236843F02003236078273348236862
:10B2400084F845701F06316851F8045B02D45F062C
:10B2500048BFADB23160D90744BF43F0200323603B
:10B260001DB11023D4E72848E9E7236823F0200321
:10B270002360F6E724480A23CDE733682568181DC4
:10B28000616930602E061B6801D5196002E068060E
:10B29000FBD5198000231646236197E73368002108
:10B2A0001A1D32601E686268304602F017FE08B14F
:10B2B000801B606063682361002384F8433085E766
:10B2C0002369324649464046D047013088D023683A
:10B2D0009B0714D4E068039B9842B8BF184681E7E7
:10B2E0000123324649464046D04701303FF478AF0B
:10B2F0000135E36803995B1AAB42F1DCEAE700250C
:10B3000004F11906F5E700BF45EF000856EF000805
:10B31000014802F0ACBB00BF9F180020014802F0BA
:10B32000A7BB00BF9F18002038B5294B05460C4627
:10B33000186818B1036A0BB9FFF7B6FCB4F90C3002
:10B34000190722D4DA0607D409222A6043F0400301
:10B350004FF0FF30A38133E0580712D5616B41B144
:10B3600004F14403994202D0284600F0ABF80023D0
:10B370006363A38923F02403A3810023636023690B
:10B380002360A38943F00803A38123694BB9A389F0
:10B3900003F42073B3F5007F03D02146284602F062
:10B3A00061FDB4F90C3013F001020AD00022A26052
:10B3B00062695242A261226942B913F08000C5D18C
:10B3C00038BD990758BF6269A260F4E70020F7E72B
:10B3D000C418002038B50023054D044608462B60EC
:10B3E00001F07BFE431C02D12B6803B1236038BD02
:10B3F0009418002038B50023064D0446084611462F
:10B400002B6001F06EFE431C02D12B6803B1236058
:10B4100038BD00BF9418002038B50023054D044600
:10B4200008462B6001F05FFE431C02D12B6803B17C
:10B43000236038BD9418002038B50446064D0846F0
:10B44000114600222A601A4601F04FFE431C02D129
:10B450002B6803B1236038BD9418002038B504462A
:10B46000064D0846114600222A601A4601F03FFEAA
:10B47000431C02D12B6803B1236038BD941800200F
:10B4800038B50023054D044608462B60F8F7AAFBA3
:10B49000431C02D12B6803B1236038BD94180020EF
:10B4A00038B50446064D0846114600222A601A4661
:10B4B00002F04CFA431C02D12B6803B1236038BD63
:10B4C0009418002038B50546002941D051F8043CB5
:10B4D0000C1F002BB8BFE418FFF71AFF1D4A1368B2
:10B4E00033B9636014602846BDE83840FFF716BFE3
:10B4F000A34208D9206821188B4201BF19685B68F4
:10B5000009182160EDE71A465B680BB1A342FAD92E
:10B5100011685018A0420BD12068014450181160E6
:10B520008342E0D118685B68084453601060DAE732
:10B5300002D90C232B60D6E7206821188B4202BF6A
:10B5400019685B680918636008BF21605460CAE726
:10B5500038BD00BF9018002008B52DED028BB0EE6D
:10B56000408A00F013FBF0EE408AB0EE480A00F08B
:10B570000FF968B1DFED127AB4EEE78AF1EE10FA56
:10B580000BDCDFED107AB4EEE78AF1EE10FA0FD49F
:10B59000B0EE680ABDEC028B08BDDFED0B8A01F04E
:10B5A00095FD2223B0EE680A0360BDEC028B08BD56
:10B5B00001F08CFD2223DFED058A0360E8E700BF80
:10B5C0001772B142B5F1CFC20000807F00000000C9
:10B5D00008B52DED028BB0EE408A00F0CDFBB4EE45
:10B5E000488AF1EE10FA0FD6B5EEC08AF1EE10FAE5
:10B5F0000ADCB5EE408AF1EE10FA08D101F066FDE2
:10B6000022239FED090A0360BDEC028B08BD01F007
:10B610005DFD212203460548BDEC028B1A60BDE8A2
:10B62000084000F0E3B900BF000080FF68EF0008A9
:10B6300008B52DED028BB0EE408A00F09DFCB4EE13
:10B64000488AF1EE10FA0FD6B5EEC08AF1EE10FA84
:10B650000AD8B5EE408AF1EE10FA08D101F036FDB5
:10B6600022239FED090A0360BDEC028B08BD01F0A7
:10B670002DFD212203460548BDEC028B1A60BDE872
:10B68000084000F0B3B900BF000080FF68EF000879
:10B6900008B52DED048BB0EE608AB0EE409A00F054
:10B6A000CDFCF0EE408AB4EE488AF1EE10FA0BD6EB
:10B6B000B5EE409AF1EE10FA17D1B5EE408AF1EEF0
:10B6C00010FA06D1F7EE008AB0EE680ABDEC048BE2
:10B6D00008BDB0EE480A00F05BF80028F4D0B5EEE3
:10B6E000C08AF1EE10FAEFD525E000F051F888B1EC
:10B6F000F5EE408AF1EE10FAE6D1B0EE490A00F01C
:10B7000047F80028E0D0B0EE480A00F041F80028E1
:10B71000DAD010E0B0EE490A00F03AF80028E7D09D
:10B72000B0EE480A00F034F80028E1D0F4EE688A60
:10B73000F1EE10FA04D601F0C9FC22230360C3E73E
:10B7400001F0C4FC21230360BEE700BF08B52DED66
:10B75000028BB0EE408A00F00BFBB4EE488AF1EEAB
:10B7600010FA06D6DFED098AB4EEE88AF1EE10FA97
:10B7700002D4BDEC028B08BD01F0A8FC88EEA80A3B
:10B7800021230360BDEC028B08BD00BF0000000058
:10B7900010EE103A23F00040B0F1FF4FACBF002094
:10B7A0000120704738B510EE105AF0EE407A25F0BF
:10B7B0000044B4F1A14F0AD3B4F1FF4F58D8DFEDE4
:10B7C000517A002D9FED507A37FE270A38BD4F4B36
:10B7D0009C425CD8B4F1445F4DD34FF0FF3327EE69
:10B7E000A76ADFED4B1A9FED4B2A5A1CDFED4A5A30
:10B7F00026EE067A9FED493ADFED492A9FED494A48
:10B80000A7EE212ADFED483AE7EE252A9FED475AB9
:10B81000DFED474ADFED476ADFED475AA2EE073A10
:10B82000E2EE873AA3EE074AE3EE874AA4EE075A10
:10B83000E4EE875AE5EE076A65EE875A66EE866A99
:10B840003AD03E4976EEA56A3D4A002D01EB8301D0
:10B8500002EB830391ED007A93ED006A96EEA77AEE
:10B8600077EE677A36EE670AB0DAB1EE400A38BD95
:10B8700030EE000A38BD9FED337AF7EE006A30EE05
:10B88000077AB4EEE67AF1EE10FAA6DD38BD00F0E4
:10B890005FF82D4B9C4216D8A3F5D0039C4227D8C5
:10B8A000F0EE007A0023BFEE007AA0EE277A30EEA9
:10B8B000270AC7EE007A92E776EEA56AE6EEE77A07
:10B8C000B0EE670A38BD214B9C420BD8F7EE087AE0
:10B8D0000223B7EE007AA0EE277A30EE670AC0EEB8
:10B8E000077A7CE7BFEE007A0323C7EE007A76E79B
:10B8F000F7EE007A012330EE677A30EE270AC7EEC2
:10B90000007A6CE7DB0FC9BFDB0FC93FFFFFDF3EEB
:10B91000D769853C59DA4B3D21A215BD356B883D71
:10B920006BF16EBD6E2EBA3D95879DBD2549123EC9
:10B93000388EE3BDABAAAA3ECDCC4CBE6CEF00085E
:10B940007CEF0008CAF24971FFFF973FFFFF1B40E1
:10B9500010EE103A23F0004300EE103A704700BF9B
:10B9600010EE103A1F4923F000428A421CD9B2F16E
:10B97000FF4F02D330EE400A704700B583B06846EF
:10B9800000F092FE00F00300012812D002281FD020
:10B99000B0B1DDED010A9DED000A00F02DF8B1EE29
:10B9A000400A03B05DF804FB0020DFED0F0A00F051
:10B9B000A5B8DDED010A9DED000A00F01DF8F0E7E5
:10B9C0000120DDED010A9DED000A00F097F8E8E79F
:10B9D0000120DDED010A9DED000A00F08FF8B1EEC7
:10B9E000400ADEE7D80F493F000000009FED010A42
:10B9F000704700BF0000C07F10EE103A23F00043F4
:10BA0000B3F1485F2CD2FDEEC07A17EE903A002BCE
:10BA100060D060EE007ADFED316A9FED315ADFEDE4
:10BA2000315AA7EEA65A9FED306A9FED307ADFEDCE
:10BA3000306AE5EE275AA7EEA56AA7EE867AE7EE0A
:10BA4000876A67EEA66A60EEC00AB6EE007AB7EEC5
:10BA5000000AE7EEA60AD7EE870A30EE600A7047C2
:10BA600060EE007ADFED1D6A9FED1D5ADFED1D5A75
:10BA7000A7EEA65A9FED1C6A9FED1C7ADFED1C6AAB
:10BA80001C4A9342E5EE275AA5EEA76AA6EE277A4E
:10BA9000E7EE276A66EEA76AD5D9174A934214D80B
:10BAA00003F17F43B7EE006A07EE103A36EE476ABD
:10BAB000F6EE005A60EEC00A97EEA57AE7EEA60A07
:10BAC00037EE607A36EE470A7047B6EE076AB5EE93
:10BAD000027AEDE7B7EE000A704700BF4ED747ADD8
:10BAE000F6740F317CF293B4010DD037610BB6BA06
:10BAF000ABAA2A3D9999993E0000483F10EE103AB2
:10BB000023F00043B3F1485F04D2FDEEC07A17EE94
:10BB1000903A5BB360EE007A9FED155ADFED155A4F
:10BB20009FED156AE7EE855ADFED146A9FED147AF2
:10BB300020EE275AA5EEA76AE6EE276AA6EEA77AB8
:10BB400030B9DFED106AE7EE876AA6EE850A704726
:10BB500027EE457ADFED0C6AB6EE006AA0EE867A33
:10BB6000D7EE270AE5EE260A30EE600A704700BFDE
:10BB7000D3C92E2F342FD7B21BEF3836010D50B951
:10BB80008988083CABAA2ABEABAA2A3E10EE103A1E
:10BB900023F00042B2F1FF4F58D84FEAD37100F0C2
:10BBA00093806148834200F3898019B15F4B9A42C8
:10BBB00000F287805E4B9A424BD95E4B9A4200F26C
:10BBC00095805D48C1F101035C4A00EB81005B1A7E
:10BBD00002EB8102D0ED004AD2ED007A70EE644AA9
:10BBE00034EEE70A9FED564A9FED565ADFED565A5E
:10BBF00020EE007ADFED556A9FED556AA7EE045AF4
:10BC0000E5EE075AE5EE876AA6EE876AF0EE406A2F
:10BC1000E6EE476A002B42D0B0EE007A13F17D0FBA
:10BC200020EE266AB7EE000A37EE667AC6EE076A9D
:10BC300077EEE67A77EEE47A30EE670A4ADB10EECA
:10BC4000102A02EBC35300EE103A704730EE000AA0
:10BC50007047B2F1505F0AD2DFED3E7AB7EE007A5C
:10BC600070EE277AF4EEC77AF1EE10FA58DC60EE47
:10BC7000007A9FED335ADFED335A9FED336AE7EEDA
:10BC8000855ADFED326A9FED327AA5EEA76AE7EEBC
:10BC9000866AA7EEA67AF0EE406AE7EEC76AF0EE93
:10BCA000007A20EE266AB7EE007A76EEE76AC6EEF4
:10BCB000267A77EEC07A37EE670A7047002000F0E8
:10BCC00053BE002000F04ABEDFED237A002900FEBB
:10BCD000270A704710EE102A6433DFED207A02EB5A
:10BCE000C35300EE103A20EE270A70471C4BF0EECB
:10BCF000404A9FED1C6A03EB8103DFED1B6A9FED59
:10BD00001B7AD3ED007AE0EE067AFDEEE77A17EEC5
:10BD1000903AF8EEE77AE7EEE64A67EE877A5FE771
:10BD200030EE070A704700BF1772B142B5F1CF423B
:10BD30001872B13E9115853F94EF00088CEF000812
:10BD40004CBB31330EEADDB555B38A38610B36BBD7
:10BD5000ABAA2A3ECAF24971000000000000800D23
:10BD60009CEF00083BAAB83F8071313FD1F71737ED
:10BD7000B1EEC00A704700BF10EE102A32F0004347
:10BD800030D0002A134634DBB2F1FF4F41DAB2F56E
:10BD9000000F00B534DB4FF0000EC3F31601654809
:10BDA000DB15F7EE007A084401F10F0C7F3B00F43D
:10BDB0000002734482F07E5203EBD0535E480A4384
:10BDC0000CEA000000EE102A30EE670A20BBB5EE48
:10BDD000400AF1EE10FA5FD1002B40F08F809FED0A
:10BDE000570A57E09FED567ADFED547A87EE270A1F
:10BDF000704770EE407A9FED517A87EE870A704760
:10BE0000DFED507A6FF0180E60EE277A17EE903A59
:10BE1000C3E730EE000A7047B0EE007A06EE103A43
:10BE20009FED493AF8EEC62ADFED484A30EE077A30
:10BE3000DFED475ADFED473A9FED475A80EE074A5C
:10BE4000DFED467ADFED466A4648474A0844521A13
:10BE50000243002A24EE046A26EE067AE7EE034A3D
:10BE6000A7EE235AE4EE875AE5EE076AE5EE877AF5
:10BE700067EE867AE6EE877A29DDB6EE007A20EE66
:10BE8000077A27EE007A43BB77EE877AA7EEC47A6B
:10BE900030EE470A5DF804FBF6EE007ADFED336A18
:10BEA00020EE007AE0EE667A27EE277A002BEFD0BC
:10BEB00007EE903A9FED2E6ADFED2E6AF8EEE77AF4
:10BEC000A7EEC67A37EE400A97EEA60AE2E713BB62
:10BED00070EE677AA7EEC40ADCE7DFED256A77EE3D
:10BEE000877A9FED246A62EEA66AE7EE846A37EEEF
:10BEF000667A37EE400A92EE860ACBE707EE903A72
:10BF00009FED1B0A9FED1B7AF8EEE77A27EE800A79
:10BF1000A7EE870ABEE79FED167A70EE677ADFED2F
:10BF2000156A27EE627AA7EE847A37EE400A92EE1F
:10BF3000A60AAFE720FB4A00F0FF7F0000000000E8
:10BF4000000000CC0000004C9788173E25333A3E95
:10BF50002549923E4FD01C3E298E633EABAA2A3F14
:10BF6000CDCCCC3E305CCFFF88C23500ABAAAA3E18
:10BF7000D1F717378071313F08B510EE103A33F022
:10BF800000422DED028B2CD0002B1A4632DBB3F190
:10BF9000FF4F41DAB3F5000F35DB0021D315C2F3B3
:10BFA00016027F3B0B44D90F03EBD373C1F17F0122
:10BFB00007EE903A42EAC153B8EEE78A00EE103A33
:10BFC000FFF7DAFEDFED176A9FED177A20EE260AFB
:10BFD000DFED167AA8EE070AA8EE270ABDEC028B61
:10BFE00008BD9FED137ADFED137ABDEC028B87EE6F
:10BFF000270A08BD70EE407A9FED0E7ABDEC028BE9
:10C0000087EE870A08BDDFED0C7A6FF0180160EE4D
:10C01000277A17EE902AC1E7BDEC028B30EE000ABA
:10C0200008BD00BFD95BDE3EDB27543580209A3E39
:10C03000000000CC000000000000004C2DE9F0439F
:10C040002DED048B83B0CDED010A8DED000ADDE905
:10C05000004535F0004610D184F48004640014F5E6
:10C06000000F3CD9DDED007A9DED017A37EE870AAD
:10C0700003B0BDEC048BBDE8F08324F00047B7F1BA
:10C08000FF4FB94622DCB6F1FF4FD4BF0023012396
:10C09000E3B9002C2ADBB6F1FF4F00F0118198467E
:10C0A000B6F17E5F00F01781B5F1804F00F05C8142
:10C0B000B5F17C5F24D1002C22DB9DED000A03B09A
:10C0C000BDEC048BBDE8F043FFF752BEB4F17E5FD8
:10C0D000C8D185F480035B0013F5000FC2D8B7EE1A
:10C0E000000A03B0BDEC048BBDE8F083B6F1974FB6
:10C0F000C0F0F680B6F1FF4F00F0E2804FF002088A
:10C100009DED000AFFF724FCB7F1FF4F00F01F81FF
:10C11000B7FA87F35B09002F00F01981B7F17E5F52
:10C1200000F00481E10F013958EA010200F0218199
:10C13000B6F19A4F40F24481914B9F4240F23E82C9
:10C14000904B9F4200F24782B7EE006A9FED8E7AD5
:10C15000F5EE004ADFED8D7AF6EE006A9FED8C5A1F
:10C1600030EE460ADFED8B5AA0EE647AB0EE476AF5
:10C1700020EE007AE6EE406A27EE267A67EEC76A7E
:10C18000E0EE056AB0EE666AA0EE256A16EE103A99
:10C1900023F47F6323F00F0306EE103AF0EE467AA5
:10C1A000E0EE657A76EEE76A25F47F65DDED017AEB
:10C1B00008F1FF38BFEE008A25F00F0566EEA76A8A
:10C1C000F7EE005A58EA010807EE105A37EEC77A20
:10C1D00007EE905A08FE258A66EE277AE7EE066A91
:10C1E00036EEA77A17EE102A002A134622F00041F5
:10C1F00040F3AD81B1F1864F00F21C8200F0FE8168
:10C20000B1F17C5F00F21E820022104623F47F63AE
:10C210009FED617ADFED612AB0EE003A23F00F0363
:10C22000DFED5F3A9FED5F4AB7EE000A06EE103A87
:10C230009FED5D2ADFED5D4A76EE677A9FED5C5AF1
:10C2400026EE077ADFED5B5A76EEE76AF0EE477A84
:10C25000E6EEA27AB0EE677AA6EE237AF0EE472AEF
:10C2600067EE076AE6EE632AB0EE446AA6EE826ADB
:10C2700077EEE27AE7EE277AE6EE264AB0EE456AF6
:10C28000A4EEA66AE6EE265AB0EE476AA5EEE66A86
:10C2900067EE065A36EE436AC5EE866A76EEE77AB0
:10C2A00077EEC77A30EE670A10EE103A1344B3F512
:10C2B000000FC0F28D8100EE103A20EE080AD7E69A
:10C2C000B7F17E5F3FF40BAF1CD8002DC0F2328176
:10C2D0009FED390ACCE6002D21DB9DED000AC7E673
:10C2E000B6F17E5F16D3F215C2F1960246FA02F15C
:10C2F00001FA02F2B2427FF4D2AE01F00101C1F1C3
:10C300000208CDE69FED2C0A002DDDED017A27FE17
:10C31000800AADE6B5F1804F26D09846F0E6F7EEFC
:10C32000007A9DED007A87EE870AA1E6002D03DAF8
:10C33000F7EE007A87EE800A002CBFF699AEB8F1CE
:10C34000000F0AD170EE407A87EEA70A90E6002D22
:10C35000C0F2F580002CBFF68BAEB8F1010F7FF470
:10C3600087AEB1EE400A83E6DDED007A27EEA70A3C
:10C370007EE6DDED007A77EEE77A87EEA70A77E6CC
:10C38000F3FF7F3F0700803FABAAAA3E3BAAB83F1E
:10C3900070A5EC3600AAB83F8CBEBF351872313F8D
:10C3A0000072313F0EEADDB54CBB313355B38A38EC
:10C3B000610B36BBABAA2A3E000000000000804B98
:10C3C00014F0FF4F40F0F8805FED047A6FF0170231
:10C3D00060EE277A17EE909AC9F316034FEAE950F8
:10C3E0009F4C7F38A342104443F07E5240F3DC80E0
:10C3F0009C4CA34240F3F980DFED9B3AF7EE005AE4
:10C400000130A2F50002F0EE632A002406EE902A25
:10C4100007EE900AB7EE005A5310B8EEE77ADFED58
:10C42000939A76EEA57A43F0005336EEE56ADFED97
:10C43000908A03F580239FED8F8A85EE279A9FEDE2
:10C440008E0A23449FED8D5ADFED8D0A07EE903A58
:10C450008C4B9FED8D1A77EEE55ADFED8C1AF0EEDE
:10C46000084A9FED8B4A36EEE52AF0EE485A26EE52
:10C47000093A63EE036A13EE102A1A40E6EEA98A1F
:10C48000E8EEA65AA5EEA60AF0EE455AB0EE645ABA
:10C49000E0EE265AE5EEA60A66EEA65A06EE902AC9
:10C4A000A6EEE76A73EE267AA6EEA65AA6EEC26A52
:10C4B00026EE096A67EE867AE5EEA07A75EE275ACF
:10C4C00015EE902A1A4005EE902A75EEE44AE6EE43
:10C4D000E64A77EEE47A67EE837AE6EE257AB0EE06
:10C4E000675AA6EEA55A15EE102A1A4005EE102A34
:10C4F000B0EE456AA6EEE56A77EEC67A67EE817A17
:10C50000E5EE217A77EEA27AF0EE676AE5EE046A4C
:10C5100076EEA36A76EE876A16EE902A1A4006EE49
:10C52000102A36EE477A37EE637AA5EE447A77EE34
:10C53000C76A39E6DDED017AB1EE670A98E5F7EEF4
:10C54000007A002C87EE800ABFF692AD05E75148CD
:10C5500081427DD87FF454AE37EE677AB4EEE67A46
:10C56000F1EE10FA74DA4FF4004414444A4B002AF6
:10C57000C4F3C751C4F31600A1F17F0140F40000D9
:10C5800043FA01F3C1F1170103EA040340FA01F091
:10C5900007EE103AB8BF404277EEC77AC20536EED2
:10C5A000A77A17EE103A31E6DFED2F3AF7EE005A90
:10C5B0000024F0EE632A29E71A460DE7002D0CDB74
:10C5C000002003B0BDEC048BBDE8F04300F0C6B919
:10C5D00000F0D0F971E6002DF2DD002003B0BDECD3
:10C5E000048BBDE8F04300F0BFB9F7EE085ADFED69
:10C5F0002B3ADFED2B2A4FF4001407E79FED296A51
:10C6000037EE677A36EE866AB4EEC76AF1EE10FA54
:10C6100010DC02F50042204BD115C2F316007F3921
:10C6200040F400000B41C1F117011340084107EE2F
:10C63000103AB1E7B5EEC08AF1EE10FA4CBF012016
:10C640000020CBE7CB154FF400047E3B1C418CE768
:10C65000B5EEC08AF1EE10FA4CBF01200020B0E721
:10C6600071C41C00D6B35D000000000042F1533ECF
:10C6700055326C3E05A38B3EABAAAA3EB76DDB3E9E
:10C680009A99193F00F0FFFF4F38763FA0C39D36BF
:10C690000038763F00001643000080FF00C0153FC1
:10C6A000DCCFD1353CAA383310EE103A8C4A70B545
:10C6B00023F0004486B00546944268D9894A1E4654
:10C6C00094421BD8884A002BDFED887A884902EA19
:10C6D000030240F3E5808A4270EE677A64D0DFEDB2
:10C6E000856A37EEE67A77EEC77A77EEE67A01204A
:10C6F00085ED007AC5ED017A06B070BD7E4A9442A0
:10C700005FD9B4F1FF4F48D2E215DFED7C6A863A7B
:10C71000A4EBC25307EE903ABDEEE77AB8EEC77AC3
:10C7200077EEC77A8DED037A67EEA67ABDEEE77AEB
:10C73000B8EEC77A77EEC77A8DED047A67EEA67AFF
:10C74000F5EE407ACDED057AF1EE10FA40F0A380D7
:10C75000B5EE407AF1EE10FA0CBF012302236849CE
:10C7600003A8019102210091294600F073F9002EDF
:10C77000C2DA95ED007A4042D5ED017AB1EE477A02
:10C78000F1EE677A85ED007AC5ED017AB4E7002213
:10C7900085ED000A42600020AEE770EE407AC0ED01
:10C7A000017AC0ED007AF6E79FED567ADFED566A22
:10C7B00077EEC77A37EEE67A77EEC77A77EEE67AE3
:10C7C00095E7FFF7C5F8F6EE007ADFED506A9FEDCA
:10C7D000476AE0EE267A9FED477AFDEEE77A17EE9C
:10C7E000900AF8EEE76A1F28A6EEC60A66EE877A78
:10C7F000B1EE666A1EDC464B411E464A334052F893
:10C800002120934216D030EE677A30EE470A002E90
:10C8100085ED007A30EE670A85ED010ABFF66CAF50
:10C82000B1EE477A4042B1EE400A85ED007A85EDDF
:10C83000010A61E730EE677AE21517EE103AC3F3AA
:10C84000C753C3EBD453082BDFDDF0EE405A9FED06
:10C850002D7A9FED2D5AE6EE075A70EE657AE6EED8
:10C86000077AD6EE857A35EEE77A17EE103AC3F3FB
:10C87000C753D21A192A10DDB0EE650A9FED267A49
:10C880009FED265AA6EE070A75EEC07AE6EE077A05
:10C89000D6EE857AB7E7032361E7B0EE650AB4E721
:10C8A0008A4270EE277A0ED0DFED126A37EEA67A52
:10C8B00077EEC77A77EEA67A4FF0FF3085ED007AF3
:10C8C000C5ED017A18E79FED0F7ADFED0F6A77EE7D
:10C8D000877A37EEA67A77EEC77A77EEA67AEBE715
:10C8E000D80F493FE3CB1640F0FFFF7F800FC93FD1
:10C8F000D00FC93F43443537800F49430000804380
:10C9000024F000080044353708A3852E84F9223F1F
:10C9100000FFFF7FA4EF000800A3852E32318D2495
:10C9200010B52DED028BB0EE408A044600F0CEFB30
:10C930000460B0EE480ABDEC028B10BD30B1F1EEE0
:10C94000407A222027EE800AFFF7EABFF0EE407A15
:10C95000222027EE800AFFF7E3BF00BF9FED010A08
:10C96000FFF7ECBF000000109FED010AFFF7E6BFE4
:10C970000000007010EE103A33F000411A4626D045
:10C98000B1F1FF4F20D213F0FF4F21D1DFED2A7A12
:10C990002A4A60EE277A904217EE903A31DB4CF249
:10C9A000503CC3F3C7511A466045A1F1190114DD8B
:10C9B000DFED237A002B9FED237AB0EE670A67FE46
:10C9C000877A27EE800A704730EE000A704770477A
:10C9D0004CF2503CC90D6045EADC0144FE29E7DC1D
:10C9E000002915DC11F1160F19DB193122F0FF4275
:10C9F0009FED150A42EAC15207EE902A27EE800AFF
:10CA00007047DFED127A07EE103A27EE270A7047DB
:10CA100022F0FF4242EAC15300EE103A7047DFEDC8
:10CA20000B7A002B9FED0A7AB0EE670A67FE877AD1
:10CA300027EE800A704700BF0000004CB03CFFFFAB
:10CA4000CAF24971CAF249F1000000336042A20DF6
:10CA50006042A28D2DE9F04F0C4611461E468146DC
:10CA6000944A771E2DED048BDBB06898049323461F
:10CA70000C1D52F82050C0F2A582CA1E48BF0A1DE4
:10CA8000D21003920132D2000692069AEE19039850
:10CA9000A1EB0202A0EB070017D401369FED867AC6
:10CAA0001EAC9E460644DDF8A4C10028F0EE477A8D
:10CAB00005DB5CF8203007EE903AF8EEE77A0130BB
:10CAC000E4EC017AB042F0D17346002DC0F2D68278
:10CAD00004981EAC0DF58C7C04EB800605EB000E73
:10CAE0004FEA80083C4609EB8000002FDFED727AA8
:10CAF00009DBB346CA46FAEC016A3BED017A82458E
:10CB0000E6EE877AF7D101340436ECEC017A74450D
:10CB1000EBD10DF1280A09EB08049FED699AAB46A9
:10CB20000AEB8500DFED658A46AE0AEB850804381E
:10CB3000019505901046CDE907315AABBBF1000FC6
:10CB400003EB8B0313ED140A16DD06EB8B03524641
:10CB500060EE097A73ED016AB0EE407AB342FDEE01
:10CB6000E77AF8EEE77AA7EEE87A37EEA60ABDEEA6
:10CB7000C77AA2EC017AEBD10290FFF7FBFEF4EE4C
:10CB8000007AB0EE408A20EE270A00F09BFAF2EE1F
:10CB9000007A0298A0EE678A0028FDEEC89AF8EEA7
:10CBA000E97A38EE678A6CDD0BF1FF35C0F10803D6
:10CBB000C0F1070119EE90EA5AF8252042FA03FC69
:10CBC0000CFA03F3E644D21A09EE90EA42FA01F1B4
:10CBD0004AF82520002900F34881B5EE408AF1EE9D
:10CBE00010FA40F0B780019B9B450BDD0AEB8B03ED
:10CBF000002253F8045D434542EA0502F9D1002AB8
:10CC000040F05381019B013B5AF82330002B40F048
:10CC10004381059B012153F8042D0131002AFAD0EC
:10CC20000BF1010E5944F446049B039A5B446FF0E8
:10CC3000404B724406EB8E0E9344699A02EB8B0BC9
:10CC40001EAA02EB8305DBED017A002F0BF1040B2A
:10CC5000F8EEE77AE5EC017ADFED177A09DB2A4690
:10CC60004B46F3EC016A32ED017AA342E6EE877A95
:10CC7000F7D10CF1010CEEEC017A6145E3DA8B4659
:10CC80005BE740F0E8800BF1FF335AF82310C9113D
:10CC90000029A2DD19EE903ABBF1000F03F1010368
:10CCA00009EE903A40F3EE810025D4468646029183
:10CCB0002A4616E068F300080000000000008043E8
:10CCC0000000803B013541F8040CAB4540F3E9809E
:10CCD0000B680135C3F1FF030122AB454CF8043C5E
:10CCE0000FDD614651F8043B002A40F0B2800CF1A0
:10CCF000080CC3F58070002BE4D101358C46AB45A0
:10CD0000EFDC0299704600280CDD012800F0BB80A2
:10CD1000022807D10BF1FF355AF8253003F03F0305
:10CD20004AF8253002297FF458AFB7EE000A30EEFA
:10CD3000488A002A3FF451AF09910290FFF71AFE8A
:10CD400038EE408A02980999B5EE408AF1EE10FA61
:10CD50003FF449AF079B8846019DB0EE480A089909
:10CD60000193069B0290581AFFF704FE5FED2D6AAF
:10CD7000F0EE407AB4EEE60ADDE90132F1EE10FAA7
:10CD8000C0F248811FED327A0BF10104083220EE27
:10CD9000077ABDEEC77AB8EEC77AE7EE667ABDEEDF
:10CDA000C77AFDEEE77A17EE901A4AF82B1017EEC5
:10CDB000101A4AF82410B7EE000A10460193FFF744
:10CDC000D9FD002CB0EE407A019BC0F24D81601C71
:10CDD00046AE5FED456A81000AEB800206EB8000FB
:10CDE00072ED017AF8EEE77A524567EE877A27EE20
:10CDF000267A60ED017AF3D10A1F46A8002D4FF084
:10CE0000000600EB02079E4620DBAC4B3846DFED08
:10CE1000AC7A002201E0B24208DC0132F3EC016A94
:10CE2000B0EC017A9542E6EE877AF4DA5AABA64284
:10CE30004FEA860C06F1010003EB8602A7F1040716
:10CE400042ED287A49D0002D0646DEDADFED9C7AE5
:10CE5000ECE78C463DE7F6EE007AB4EEE78AF1EEB9
:10CE600010FA80F2A4800021B7E67346BBF1000FF0
:10CE700003F1010309EE903A3FF716AF01284FF096
:10CE800000027FF445AF0BF1FF355AF8253003F06F
:10CE90007F034AF8253045E70BF1010EF446714651
:10CEA000C2E60299704601222DE70BF1FF34884655
:10CEB000019DA0F108025AF82410079B00297FF475
:10CEC0007AAF6FF0404159440AEB810151F8040DEB
:10CED000013C083A0028F9D06DE7689A7346022AA7
:10CEE0001BDC002A73DC0FD132AADFED757A114406
:10CEF00031ED017A914277EE877AF9D142460AB153
:10CF0000F1EE677AC3ED007A19EE903A03F007006C
:10CF10005BB0BDEC048BBDE8F08F689A032AF3D1B7
:10CF2000002C00F0BB8032A9A6008C4401EB8400E9
:10CF30009CED007A054655ED017AF0EE476A2A46E7
:10CF4000043D37EE277AA94277EEC77A02ED017ADF
:10CF500077EEA67AC2ED007AEDD1012C00F09E802A
:10CF60009CED007A70ED017AF0EE476A37EE277A91
:10CF7000824277EEC77A80ED007A77EEA67AC0ED2E
:10CF8000017AEFD1301D0432DFED4D7A014431EDED
:10CF9000017A8A4277EE877AF9D14246002A41D156
:10CFA0003299339AC3ED027A19605A60ACE719EEF0
:10CFB000903ABBF1000F03F1010309EE903A4DDD09
:10CFC000022171E608220692002203925DE532AA50
:10CFD000DFED3B7A114431ED017A8A4277EE877AB0
:10CFE000F9D142467ABB9DED327AC3ED007A77EEF5
:10CFF000677A64B133A901220132B1EC017A94421B
:10D0000077EE877AF8DA42460AB1F1EE677AC3ED35
:10D01000017A79E7FDEEC07A5C4617EE901A4AF87D
:10D020002B10C8E6DDED326AF1EE677A9DED337ABA
:10D03000F1EE666AB1EE477AC3ED027AC3ED006A9B
:10D0400083ED017A60E7B1EE677ADDED326A76EE64
:10D05000E77A83ED007A002CCCD1D6E7F7EE007AA0
:10D06000022137EEC88AB8E5689A022A12DC002A43
:10D0700017DC7FF449AFDFED127A3FE704984FEAFF
:10D08000800846E502297FF4A8ADF7EE007A37EE76
:10D09000C88AA2E5689A032A7FF436AFDFED087AE2
:10D0A0007BE7424622B90022DDED327A1A60AEE714
:10D0B0004FF00042DDED327A1A60A6E73CF300083B
:10D0C00000000000BBFE400A704700BF014B18681B
:10D0D000704700BFC4180020FEE74FF0FF307047D4
:10D0E000FEE70020704701207047002070470020B5
:10D0F0007047FEE700239A4200D1704710B550F800
:10D10000234041F8234001339A42F8D110BD08B5BD
:10D1100000F02AFFBDE808400021F5F7FFBC002918
:10D12000CCBF01210021F5F7F9BC02214FF420709A
:10D13000F5F7E0BF7047704770B5054614460E46D8
:10D1400000F0A1FF2B685C4034405C402C60BDE8DF
:10D15000704000F093BF00F000B800207047F6F771
:10D16000BDBB704708B500F03DF800F03EF800F098
:10D170003EF800F03DF8BDE8084000F03AB808B5C8
:10D18000FFF7EFFFF6F714FDF6F780FCFFF7E7FF78
:10D19000F6F792FC00F020F800F007F800F024F811
:10D1A000BDE80840FFF7DEBF704708B500F016F88D
:10D1B00000F015F800F014F800F013F8FFF7F4FF92
:10D1C00008BD08B500F016F800F015F800F014F8E6
:10D1D000BDE8084000F011B8F8F712BD704770477D
:10D1E00070477047FFF7B7BF7047F5F7E9B870476A
:10D1F00070477047704770477047704708B5FFF732
:10D20000BEFFF6F7FFFCFFF7DCFFF6F769FDFAE774
:10D21000436D0B42FCD1704708B54368DA0714D55B
:10D220008368DB0702D50369D90707D50A23502194
:10D230008363FFF7EDFF836C9A07FCD1012200F5B1
:10D2400000535A6043689B07FCD408BD4FF48073B9
:10D2500082B00193019B5A1E0192002BFAD102B0B9
:10D260007047014610B54FF0B640F6F7CFFF42F2D7
:10D27000117401280BD1013C01D1042010BD4FF0E5
:10D28000B640F6F7B1FEF4E74042C0B2F6E7C0B2EE
:10D29000C31CDBB2032BF7D90520EFE77FB50023D2
:10D2A000CDE9033305938DF8033001234000ADF839
:10D2B0000400ADF8063001A80DF103030293FFF757
:10D2C000D0FF07B05DF804FB7FB50023CDF80E302A
:10D2D000CDF81230ADF8163001234000ADF804004F
:10D2E00001A8ADF806300291ADF80C20FFF7B9FFA8
:10D2F00007B05DF804FB10B5400086B00024ADF81F
:10D3000004000420CDF80E400493BDF82030ADF8A1
:10D3100006006844ADF816400291ADF80C20ADF857
:10D320001430FFF79EFF06B010BD1FB58DF80F102B
:10D3300000930DF10F0113460122FFF7DCFF05B04A
:10D340005DF804FB70B5044660B1F7F715FB0546C0
:10D350000E46F7F711FB421B61EB0603A24273F185
:10D360000003F6D370BD48B1036C3BB1436C2BB1E5
:10D37000806CB0FA80F04009404270474FF0FF30B7
:10D38000704710B504461046FFF7EDFF50B92378FB
:10D390008B4206D9217092F84D3043F0010382F898
:10D3A0004D3010BD4FF0FF30FBE773B50246084625
:10D3B000FFF7D9FF0C460546A8B9D343497BC3F311
:10D3C000C013B1EB031F4FEA03120CD06273F320BA
:10D3D0000122266C63680DF10701B04784F84C0008
:10D3E00020B16FF00105284602B070BD9DF80730EE
:10D3F000627B23F0100302F0100213438DF8073014
:10D4000001227320666C63680DF10701B04784F850
:10D410004C000028E7D0E4E737B50446FFF7A3FF48
:10D4200070B90122F320256C63680DF10701A8474C
:10D4300084F84C0030B99DF8073003F01003637393
:10D4400003B030BD6FF00100FAE72DE9F0431D464F
:10D450000F46002187B00446164602A8102201910B
:10D4600000F0FCFA2846FFF77EFF90BB8CB387B331
:10D47000731E092B30D80DF10408013F04EB060997
:10D480002A7B14F8013B3AB918462946FFF78DFF6D
:10D4900014F8013C03F07F0388F8003017F8013FCF
:10D4A0004C4588F8013008F10208E9D170B97200E2
:10D4B0006C6C6B689DF80400013A0DF10501A04702
:10D4C000002885F84C0018BF6FF0010007B0BDE8D8
:10D4D000F0834FF0FF30F9E76FF00300F6E72DE936
:10D4E000F042064618461D46FFF73DFF0F4691469F
:10D4F0000446C8B9C1B12B7B3BB929463046FFF77A
:10D5000054FF044608B946F0800630464A4639467C
:10D510006B682E6CB047002818BF6FF0010485F8C7
:10D520004C002046BDE8F0824FF0FF34F9E7E023DD
:10D5300037B58DF80630B62305468DF80730FFF76E
:10D5400012FF044658B92B7B63B12B4601220DF123
:10D5500007010DF10600FFF778FF044648B12046A9
:10D5600003B030BD2846FFF757FF04460028F6D128
:10D57000EBE7AB6C42F21070696898472B7B002B8D
:10D58000EDD1284603B0BDE83040FFF745BF10B5E8
:10D5900004468CB0FFF7CBFF234601222146D02062
:10D5A000FFF79DFF0346002840F082802278612A21
:10D5B00040F0818023468DF804000122F02001A96B
:10D5C000FFF78DFF0346002872D19DF80430172223
:10D5D000A3608A20234601A9FFF781FF03460028A4
:10D5E00066D123460E22E1200DF11B01FFF777FFE4
:10D5F000034600285CD1234605220DF12901FFF7DF
:10D600006EFF0346002853D1BDF823209DF81D006E
:10D61000E283BDF8042022849DF8062084F82220AD
:10D62000029A62629DF80C2084F82820BDF80E2032
:10D630006285BDF81020A285BDF8122052BAE2859D
:10D64000BDF816202286BDF8182062869DF81A20A3
:10D6500084F834209DF81C2002F00F0141EA0011EB
:10D6600021829DF81B10120942EA01126282BDF864
:10D670001E20A282BDF82020E2829DF82220227680
:10D680009DF827206276BDF8252062839DF828202A
:10D6900022779DF82B20C2F3011284F83C209DF8DC
:10D6A000292084F83D209DF92D20121184F83E2078
:10D6B00018460CB010BD6FF00203F9E7742373B580
:10D6C00006460D468DF807302B46012274200DF1D9
:10D6D0000601FFF704FF0446B8B99DF8062093073A
:10D6E00016D022F003022B468DF806200DF106011C
:10D6F00001220DF10700FFF7A8FE0446AB6C42F2D1
:10D70000107069689847002CDED0204602B070BDCA
:10D71000002EFAD022F0030206F0030632438DF801
:10D7200006202B4601220DF106010DF10700FFF73F
:10D730008CFE0446E9E713B50B46044660B10122AE
:10D7400074200DF10701FFF7CAFE9DF8073003F0C2
:10D750000303237002B010BD4FF0FF30FAE7FFF76C
:10D76000F1BD30B5541C202C1D4689B011D88DF860
:10D7700000000DF1010000F07CF969462878A2B2A2
:10D78000FFF7A2FD002814BF6FF00100002009B0D0
:10D7900030BD6FF00300FAE710B51C4693B20A469D
:10D7A00001462078FFF7C1FD002814BF6FF001008B
:10D7B000002010BD70B504460D4658220021261DDC
:10D7C00000F04CF930462A46657004F15401F7F731
:10D7D000CDFF3046FFF7DBFE08B90123237070BD93
:10D7E000F0B5002406468FB00F4615462146142298
:10D7F00003A800F033F91822214608A800F02EF9FA
:10D8000033788DF80340002B61D0002F5FD0002DBE
:10D810005DD03B8804365BBAADF804307B88314676
:10D82000ADF8063008238DF808303B7A01A88DF852
:10D830000C30BB88ADF80E30FB88ADF81030F7F730
:10D8400087FB044600283FD13246012003A9F7F7A1
:10D8500063FE0446002837D131460120FFF72EFF32
:10D86000044688BB01A932460120F7F70DFC4FF4AE
:10D870007A73FA8802FB03331844FFF763FD3346DB
:10D8800001200DF1030208A9F7F740FC9DF80330D1
:10D890000446B0B9F3B10A9B2B600C9B6B600B9BE9
:10D8A000AB600D9BEB609DF821302B749DF822300E
:10D8B0006B749DF82030AB74F7F774F8C5E9060176
:10D8C00002E0002B08BF022420460FB0F0BD4FF04D
:10D8D000FF34F9E70224F7E7F7F764BF0346087857
:10D8E00030B5052817D8DDE9034503EB0010427376
:10D8F0000A78012003EB021282ED020A0A7803EB98
:10D90000021210730A7803EB0213C3E900450B7887
:10D9100003440B7030BD0020FCE738B505460C46CB
:10D9200009B9002038BDF7F785FF0028F9D0D5E9FF
:10D930001C2395F86800C4E90223AB6F20702361B3
:10D94000EB6F6361D5F89030A361EBE770B51546D6
:10D950004E1EC1F10104A3199D4201DC284670BD91
:10D9600073780A2B02D10D20F8F726F916F8010F6B
:10D97000F8F722F9EFE72DE9F84307468846144601
:10D980000026D4E90195B9F1010905D52468002CD8
:10D99000F7D13046BDE8F883AB89012B07D9B5F93B
:10D9A0000E30013303D029463846C0470643683558
:10D9B000E9E7036A70B505460E4684680BB9FDF7C2
:10D9C00073F9636EDB0705D4A389980502D4A06DB3
:10D9D00000F04DF8A389190702D52369002B35D132
:10D9E00021462846FDF7A0FC80B34FF0FF35636E5B
:10D9F000DA0705D4A3899B0502D4A06D00F038F89E
:10DA0000284670BD002B15DB23685A1C2260197054
:10DA1000A36816F8011F013BA3600029F2D1002B77
:10DA200016DA22460A21284600F0B9F90130DCD086
:10DA30000A25DCE7A2699A4201DC0A29E4D12246E0
:10DA4000284600F0ACF90130E2D1CEE7013EDFE735
:10DA500023685A1C22600A221A70E9E7024403462E
:10DA6000934200D1704703F8011BF9E770477047F4
:10DA700070470A44431E914200D1704710B511F817
:10DA8000014B914203F8014FF9D110BD9368013B5E
:10DA9000002B936010B408DA9469A34201DB0A29D1
:10DAA00003D15DF8044B00F07AB91368581C10607C
:10DAB000084619705DF8044B7047F8B506460F46E6
:10DAC0001446D518AC4201D1002007E03A4614F8BC
:10DAD000011B3046FFF7DAFF431CF3D1F8BD2DE9F7
:10DAE000F047164698468A6807460B690C46DDF8EB
:10DAF00020909342B8BF1346336091F843200AB197
:10DB0000013333602368990642BF336802333360C0
:10DB1000256815F0060506D104F1190AE368326894
:10DB20009B1AAB422BDC94F843302268003B18BFB1
:10DB30000123920630D404F1430241463846C847D7
:10DB4000013023D023681A3454F80A2C03F006035A
:10DB5000042B0ABF54F80E5C002533684FF0000612
:10DB600008BFED1A54F8123C08BF25EAE575934248
:10DB7000C4BF9B1AED18B5421AD1002008E001235A
:10DB8000524641463846C847013003D14FF0FF3076
:10DB9000BDE8F0870135C1E7E1185A1C3020023397
:10DBA000224481F8430094F8451082F84310C2E7FC
:10DBB0000123224641463846C8470130E6D00136A7
:10DBC000D9E7B1F90C202DE9F041170705460C46BD
:10DBD00056D44B68002B02DC0B6C002B3DDDE66A53
:10DBE000002E3AD0002312F480522F68216A2B6055
:10DBF00025D0626DA389580705D56368D21A636B77
:10DC00000BB1236CD21A216A0023E66A2846B0477A
:10DC1000411C24D00023636023692360A389DA04B4
:10DC200000D56065616B2F60B9B104F1440399427E
:10DC300002D02846FDF746FC002363630DE0012374
:10DC40002846B047461C0246D4D12B68002BD1D0C1
:10DC50001D2B01D0162B2AD12F6000202EE02A6820
:10DC6000B4F90C3042B11D2A01D0162A21D100236B
:10DC7000636023692360D5E7626022692260CEE792
:10DC80000F69002FE9D093070E680F600CBF4B6936
:10DC90000023A6EB07088B60B8F1000FDDDD4346DB
:10DCA0003A46216A2846A66AB047002808DCB4F93B
:10DCB0000C3043F040034FF0FF30A381BDE8F0810A
:10DCC0000744A8EB0008E7E738B50B6905460C46A2
:10DCD00013B90025284638BD18B1036A0BB9FCF703
:10DCE000E3FFB4F90C30002BF3D0626ED00704D4FC
:10DCF000990502D4A06DFFF7BAFE28462146FFF72A
:10DD000060FF636E0546DA07E4D4A3899B05E1D47E
:10DD1000A06DFFF7ADFEDDE710B50C46B1F90E10B2
:10DD2000FDF79CFB0028ABBF636DA3891B1823F490
:10DD30008053ACBF6365A38110BD2DE9F0411F4640
:10DD40008B8905460C46DB05164605D502230022C5
:10DD5000B1F90E10FDF770FBA3893246B4F90E102D
:10DD6000284623F48053A3813B46BDE8F041FDF7EC
:10DD700097BB10B50C46B1F90E10FDF75DFB431CC7
:10DD8000A38915BF606523F4805343F48053A381B6
:10DD900018BFA38110BDB1F90E10FDF71BBBF8B57C
:10DDA0000E461446054618B1036A0BB9FCF77CFF12
:10DDB000A369A360A3891A0701D5236943B9214642
:10DDC0002846FDF7B1FA18B14FF0FF373846F8BDD5
:10DDD0002368F6B222693746981A6369834205DCE4
:10DDE00021462846FFF770FF0028EDD1A368013BCC
:10DDF000A36023685A1C22601E70431C62699A4209
:10DE000004D0A389DB07E1D50A2EDFD121462846BD
:10DE1000FFF75AFF0028D9D0D6E770B50C46B1F904
:10DE20000E1096B0154600291E460CDAA389002173
:10DE300013F0800F14BF40234FF480630020316043
:10DE40002B6016B070BD6A46FDF7D4FA0028EDDBF2
:10DE5000019901F47041A1F50053594259414FF421
:10DE60008063EBE78B89F7B59D0706460C4607D51F
:10DE700004F14703236023610123636103B0F0BD14
:10DE800001AB6A46FFF7C9FF009F05463046394699
:10DE9000FDF79AF848B9B4F90C309A05EED423F09E
:10DEA000030343F00203A381E2E7A389206043F068
:10DEB0008003A381019BC4E904075BB1B4F90E1090
:10DEC0003046FDF7A9FA28B1A38923F0030343F0F4
:10DED0000103A381A3891D43A581CFE7C9B20346EE
:10DEE000024410B59342184601D1002003E00478A3
:10DEF00001338C42F6D110BD014B1868704700BF4A
:10DF0000A81800200A4B1B6F03F00703013B032BEB
:10DF100003D8DFE803F00A030608FEE7054B18689C
:10DF20007047054BFBE7054870470548704700BF41
:10DF300000800050A8180020B018002080D54302AF
:10DF4000002D310108B5FFF7DDFF054B1B6FC3F353
:10DF500003330133B0FBF3F0024B186008BD00BF80
:10DF600000800050A41800200048704700B4C4048A
:10DF700000487047002D3101014B1868704700BF01
:10DF8000B01800200048704780D543024FF40022AB
:10DF9000184B5A664FF0B4439868C0F304400C28FD
:10DFA0000AD8DFE800F00B09090909090721190956
:10DFB0001B1D1F0010487047002070479B6803F02E
:10DFC0004073B3F1807F11D0B3F1007F10D00B4AC2
:10DFD000002B08BF10467047094870470948704732
:10DFE0000948704709487047094870470948704711
:10DFF0000948704700900050405DC60000093D0090
:10E00000C0EA210180BA8C010048E801005A62028E
:10E010000024F40080841E0040420F00014B186869
:10E02000704700BFAC18002070B50D46E8B103681A
:10E0300013F4E07F03F03F06C3F3821210D0012AED
:10E0400013D10B4C9B0603D591210A48FFF744F8E6
:10E0500045B104F5805401230020B340236070BD16
:10E06000054CEFE704F50054F5E70E20F7E700BF95
:10E07000688000508CE300086480005010B962B6DC
:10E08000BFF36F8F7047EFF3108072B6704780F365
:10E090001188BFF36F8F7047EFF31180302383F344
:10E0A000118870474FF4004070474FF47A70704702
:10E0B00009B100F005B8222070470121FFF7B4BF75
:10E0C00070B506460D46FFF7E7FF04461F2E58D8E9
:10E0D000DFE806F01019571E212457272A572D571D
:10E0E00030335736393C573F5742575457455748B6
:10E0F000574B4E51FFF706FF002628602046FFF7DA
:10E10000C6FF304670BD4FF4C070F4F75BFDF3E717
:10E110004FF42070F9E74FF44070F6E74FF4607069
:10E12000F3E74FF40070F0E74FF48060EDE74FF451
:10E130004060EAE74FF4C060E7E74FF4F060E4E7DF
:10E140004FF4B060E1E74FF4D060DEE74FF41060C9
:10E15000DBE74FF4E060D8E74FF4A060D5E74FF479
:10E160001860D2E74FF42860CFE74FF48070CCE717
:10E170004FF43060C9E74FF42060C6E74FF4086001
:10E18000C3E700202126B8E70000000000000000DF
:10E19000000000000000000000000000000000007F
:10E1A000F8B500BFF8BC08BC9E467047F8B500BF84
:10E1B000F8BC08BC9E4670472F55736572732F6478
:10E1C0006965676F736D6163626F6F6B2F446F6317
:10E1D000756D656E74732F5079726F4E65742F660E
:10E1E00069726D776172652F73656E736F725F6DA3
:10E1F00063752F73696D706C69636974795F73649B
:10E200006B5F323032352E362E322F706C61746671
:10E210006F726D2F656D6C69622F7372632F656D00
:10E220005F636D752E63002F55736572732F64697C
:10E2300065676F736D6163626F6F6B2F446F63759A
:10E240006D656E74732F5079726F4E65742F6669A9
:10E25000726D776172652F73656E736F725F6D6338
:10E26000752F73696D706C69636974795F73646B22
:10E270005F323032352E362E322F706C6174666FFD
:10E28000726D2F656D6C69622F7372632F656D5FA0
:10E29000656D752E63002F55736572732F64696504
:10E2A000676F736D6163626F6F6B2F446F63756D22
:10E2B000656E74732F5079726F4E65742F66697234
:10E2C0006D776172652F73656E736F725F6D6375C5
:10E2D0002F636D616B655F6763632F2E2E2F7369EC
:10E2E0006D706C69636974795F73646B5F3230322F
:10E2F000352E362E322F706C6174666F726D2F65FD
:10E300006D6C69622F696E632F656D5F6770696FF1
:10E310002E68002F55736572732F646965676F737C
:10E320006D6163626F6F6B2F446F63756D656E74A3
:10E33000732F5079726F4E65742F6669726D7761B5
:10E3400072652F73656E736F725F6D63752F73697E
:10E350006D706C69636974795F73646B5F323032BE
:10E36000352E362E322F706C6174666F726D2F658C
:10E370006D6C69622F7372632F656D5F6770696F73
:10E380002E630000FF070F00FF033F002F5573654A
:10E3900072732F646965676F736D6163626F6F6B12
:10E3A0002F446F63756D656E74732F5079726F4E65
:10E3B00065742F6669726D776172652F73656E7310
:10E3C0006F725F6D63752F636D616B655F6763630C
:10E3D0002F2E2E2F73696D706C69636974795F736A
:10E3E000646B5F323032352E362E322F706C617492
:10E3F000666F726D2F656D6C69622F696E632F6534
:10E400006D5F6275732E68002F55736572732F648C
:10E410006965676F736D6163626F6F6B2F446F63C4
:10E42000756D656E74732F5079726F4E65742F66BB
:10E4300069726D776172652F73656E736F725F6D50
:10E4400063752F73696D706C69636974795F736448
:10E450006B5F323032352E362E322F706C6174661F
:10E460006F726D2F736572766963652F636C6F636E
:10E470006B5F6D616E616765722F7372632F736C72
:10E480005F636C6F636B5F6D616E616765725F6820
:10E49000616C5F73322E63002F55736572732F6446
:10E4A0006965676F736D6163626F6F6B2F446F6334
:10E4B000756D656E74732F5079726F4E65742F662B
:10E4C00069726D776172652F73656E736F725F6DC0
:10E4D00063752F73696D706C69636974795F7364B8
:10E4E0006B5F323032352E362E322F706C6174668F
:10E4F0006F726D2F736572766963652F636C6F63DE
:10E500006B5F6D616E616765722F7372632F736CE1
:10E510005F636C6F636B5F6D616E616765725F698E
:10E520006E69745F68616C5F73322E630001031063
:10E53000010109031E000000160000001A0000007F
:10E540002F55736572732F646965676F736D6163AF
:10E55000626F6F6B2F446F63756D656E74732F50B0
:10E5600079726F4E65742F6669726D776172652F6F
:10E5700073656E736F725F6D63752F73696D706C09
:10E5800069636974795F73646B5F323032352E363C
:10E590002E322F706C6174666F726D2F7365727698
:10E5A0006963652F696E746572727570745F6D61F1
:10E5B0006E616765722F7372632F736C5F696E741F
:10E5C0006572727570745F6D616E616765725F63AD
:10E5D0006F727465786D2E630053454E534F5253DE
:10E5E0005F524541445920626D653638783D257546
:10E5F0002073707333303D25750D0A004253454337
:10E600005F494E4954207374617475733D257320BE
:10E61000626D653638783D2573206D6F64653D55B4
:10E620004C5020696E74657276616C5F733D333057
:10E63000300D0A004149525F5155414C495459200F
:10E6400074656D705F633D256C642E2530326C649B
:10E650002072685F7063743D256C642E2530326CC7
:10E66000642062766F635F70706D3D256C642E254B
:10E6700030336C640D0A000005000000000000004B
:10E6800000C20100000200000010000000000000B5
:10E6900000000000000000002F55736572732F64A6
:10E6A0006965676F736D6163626F6F6B2F2E73693E
:10E6B0006C6162732F736C742F696E7374616C6C10
:10E6C000732F636F6E616E2F702F73696D706C6541
:10E6D0006235323639393866346134642F702F70C0
:10E6E0006C6174666F726D2F656D6C69622F7372E9
:10E6F000632F656D5F6932632E6300080911082F6F
:10E7000055736572732F646965676F736D616362BA
:10E710006F6F6B2F2E73696C6162732F736C742F24
:10E72000696E7374616C6C732F636F6E616E2F70A2
:10E730002F73696D706C65623532363939386634DD
:10E740006134642F702F706C6174666F726D2F6509
:10E750006D6C69622F7372632F656D5F6575736190
:10E7600072742E6300000000010100000000000030
:10E77000A08601000000000073772D6661756C743F
:10E780000053454E534F525F464F554E44206E61E5
:10E790006D653D257320616464723D3078253032AB
:10E7A000580D0A0053454E534F525F50524F424549
:10E7B000206E616D653D257320616464723D307823
:10E7C00025303258207374617475733D25730D0ABA
:10E7D000004932435F4C494E4553206265666F7273
:10E7E000652073636C3D2575207364613D25750D4F
:10E7F0000A004932435F4C494E45532061667465B7
:10E80000722D7265636F766572792073636C3D2536
:10E8100075207364613D25750D0A004932435F52CE
:10E8200045414459206275733D4932433020667238
:10E8300065713D256C752073636C3D50443032200A
:10E840007364613D504430330D0A005350533330EC
:10E8500000424D45363878006F6B006E61636B0087
:10E860006275732D6572726F72006172622D6C6FCA
:10E8700073740074696D656F7574000058E8000862
:10E880005BE8000860E800086AE8000873E8000830
:10E890007172737475000000000000000000000039
:10E8A000000000000000000000000000000080BF29
:10E8B00000000000CDCC4CBF0000000000000000B4
:10E8C000CDCC4CBE000000BF00000000000080BFA7
:10E8D0000000000000000000000000000000000038
:10E8E0000000000000000000CDCCCC3D3333333FAE
:10E8F00000000000CDCC4CBFCDCCCCBD0000000052
:10E900000000000000000000000000000000000007
:10E9100000000000000000000001020408100000D8
:10E920000000000000000000756E6B6E6F776E00D7
:10E9300073656C662D7465737400696E76616C69BD
:10E94000642D6C656E677468006465762D6E6F74F7
:10E950002D666F756E6400636F6D2D6661696C0066
:10E960006E756C6C2D707472007761726E2D6F70A5
:10E970002D6D6F6465007761726E2D6E6F2D646111
:10E980007461007761726E2D7368617265642D68C1
:10E99000656174657200000030E900083AE900081A
:10E9A00049E9000857E9000860E9000858E800084C
:10E9B00069E9000876E9000883E90008696E666F76
:10E9C0002D6E6F2D6F7574707574007761726E2D7A
:10E9D0006578636573732D6F7574707574007761F6
:10E9E000726E2D6761732D696E6465780077617250
:10E9F0006E2D73616D706C652D726174652D6D691E
:10EA0000736D61746368007761726E2D63616C6C05
:10EA10002D74696D696E6700696E76616C69642D2D
:10EA2000696E7075740076616C75652D6C696D69C1
:10EA30007473006475706C69636174652D696E70C0
:10EA400075740077726F6E672D646174612D7261E9
:10EA500074650073616D706C652D726174652D6CE9
:10EA6000696D697473006475706C69636174652D98
:10EA70006761746500696E76616C69642D73616DA0
:10EA8000706C652D7261746500676174652D636FCC
:10EA9000756E742D65786365656473006761732DA9
:10EAA00073616D706C652D696E74657276616C0052
:10EAB0006865617465722D6475726174696F6E004A
:10EAC000636F6E6669672D6661696C00636F6E6661
:10EAD00069672D76657273696F6E00636F6E666924
:10EAE000672D66656174757265007761726E2D744D
:10EAF000732D72616E6765007E735A3B0E000000D5
:10EB00007E735A3B0F0000007E735A3B04000000E6
:10EB10007E735A3B010000007E735A3B03000000E5
:10EB20007E735A3B090000007E735A3B15000000BB
:10EB30007E735A3B0C0000007E735A3B0D000000B0
:10EB400053574F0053574F5F424F4F540025732088
:10EB50006261636B656E643D257320706F72743DF6
:10EB6000256C752073706565643D256C750D0A0014
:10EB700053574F5F424F4F545F5245414459000035
:10EB8000307564002C01701797078403C5005C047E
:10EB90009001400140019001FFFF7FFFFFFF7FFFD9
:10EBA000FFFF7FFFFFFF7FFFFFFF7FFFFFFF7FFF75
:10EBB000FFFF7FFFFFFF7FFFFFFF7F7FFFFF7F7F65
:10EBC000FFFF7F7FFFFF7F7FFFFF7F7FFFFF7F7F55
:10EBD000FFFF7F7FFFFF7F7F05020A1E05050505FA
:10EBE000050500004001640064006400C800C8001E
:10EBF000C800400140014001010203000400000080
:10EC000005060000140011001000050000000001BE
:10EC10002000400000000001000000000000000093
:10EC2000000000000E0000000000000008000000CE
:10EC300004000000040000000600000004000000C2
:10EC4000060000000F008000010203040000000025
:10EC5000000000000005000000000000000607089A
:10EC60000E00E0000E00E0000E00E0000E00E000EC
:10EC70000E00E0000400000001000000020000009F
:10EC800008000000F4FF9F00F6FF9F000800A000AE
:10EC90000800A00004208000062080000E00E00094
:10ECA0000E00E0000E00E0000E00E0000E00E000AC
:10ECB0000E00E0000F0080000F0080000F008000B9
:10ECC0000F008000000080000F0080000F00800017
:10ECD0000F0080000F0080001700170017001700BA
:10ECE0001D0000000000000000006001E0011000B5
:10ECF0001000000100031500150015001500150097
:10ED000017000004000400040004000000040004D4
:10ED100000040004010203040005060708000009BE
:10ED20000A0B0C00000D00000E00000000000000A7
:10ED3000000000000000891112239B322446AD57C9
:10ED40003665BF74488CC19D5AAFD3BE6CCAE5DB33
:10ED50007EE9F7F88110080193331A22A5562C4753
:10ED6000B7753E64C99C408DDBBF52AEEDDA64CB13
:10ED7000FFF976E802218B30100299132667AF76EF
:10ED80003444BD554AADC3BC588ED19F6EEBE7FAF3
:10ED90007CC8F5D983310A2091121803A7772E6613
:10EDA000B5543C45CBBD42ACD99E508FEFFB66EAD3
:10EDB000FDD874C904428D5316619F702004A915B3
:10EDC0003227BB364CCEC5DF5EEDD7FC6888E199B3
:10EDD0007AABF3BA85520C4397711E60A1142805D3
:10EDE000B3373A26CDDE44CFDFFD56ECE998608993
:10EDF000FBBB72AA06638F7214409D512225AB346F
:10EE00003006B9174EEFC7FE5CCCD5DD6AA9E3B872
:10EE1000788AF19B87730E6295501C41A3352A2492
:10EE2000B1163807CFFF46EEDDDC54CDEBB962A852
:10EE3000F99A708B088481951AA793B62CC2A5D332
:10EE40003EE1B7F04008C919522BDB3A644EED5F42
:10EE5000766DFF7C899400859BB712A6ADD224C342
:10EE6000BFF136E0C1184809D33B5A2AE55E6C4F22
:10EE7000F77D7E6C0AA583B4188691972EE3A7F2DE
:10EE80003CC0B5D14229CB38500AD91B666FEF7E02
:10EE9000744CFD5D8BB502A499961087AFF326E202
:10EEA000BDD034C1C3394A28D11A580BE77F6E6EE2
:10EEB000F55C7C4D0CC685D71EE597F42880A191A2
:10EEC0003AA3B3B2444ACD5B5669DF78600CE91DC2
:10EED000722FFB3E8DD604C79FF516E4A9902081C2
:10EEE000BBB332A2C55A4C4BD7795E68E11C680DA2
:10EEF000F33F7A2E0EE787F61CC495D52AA1A3B05E
:10EF00003882B193466BCF7A5448DD59622DEB3C81
:10EF1000700EF91F8FF706E69DD414C5ABB122A081
:10EF2000B9923083C77B4E6AD5585C49E33D6A2C61
:10EF3000F11E780F232D302B2000686C4C00656685
:10EF4000674546470030313233343536373839413A
:10EF50004243444546003031323334353637383950
:10EF60006162636465660000000000006937AC31CF
:10EF700068212233B40F14336821A2333863ED3E85
:10EF8000DA0F493F5E987B3FDA0FC93FD1F7173759
:10EF9000D1F717B78071313F807131BF0000003F5A
:10EFA000000000BF000FC93F000F494000CB964052
:10EFB000000FC9400053FB4000CB164100ED2F412C
:10EFC000000F49410031624100537B41003A8A41C0
:10EFD00000CB9641005CA34100EDAF41007EBC41F7
:10EFE000000FC94100A0D5410031E24100C2EE410D
:10EFF0000053FB4100F20342003A0A4200831042F0
:10F0000000CB164200141D42005C234200A5294299
:10F0100000ED2F4200363642007E3C4200C742429D
:10F02000000F4942A2000000F90000008300000028
:10F030006E0000004E0000004400000015000000BB
:10F0400029000000FC00000027000000570000001D
:10F05000D1000000F500000034000000DD000000D9
:10F06000C0000000DB00000062000000950000000E
:10F07000990000003C0000004300000090000000E8
:10F0800041000000FE00000051000000630000008D
:10F09000AB000000DE000000BB000000C500000067
:10F0A00061000000B7000000240000006E000000B6
:10F0B0003A000000420000004D000000D2000000B5
:10F0C000E000000006000000490000002E000000E3
:10F0D000EA00000009000000D100000092000000DA
:10F0E0001C000000FE0000001D000000EB000000FE
:10F0F0001C000000B100000029000000A700000073
:10F100003E000000E8000000820000003500000022
:10F11000F50000002E000000BB00000044000000CD
:10F1200084000000E90000009C0000007000000066
:10F1300026000000B40000005F0000007E00000018
:10F14000410000003900000091000000D6000000DE
:10F150003900000083000000530000003900000067
:10F16000F40000009C000000840000005F0000002C
:10F170008B000000BD000000F90000002800000026
:10F180003B0000001F000000F80000009700000096
:10F19000FF000000DE0000000500000098000000F5
:10F1A0000F000000EF0000002F0000001100000021
:10F1B0008B0000005A0000000A0000006D000000F3
:10F1C0001F0000006D000000360000007E000000FF
:10F1D000CF00000027000000CB0000000900000065
:10F1E000B70000004F000000460000003F00000094
:10F1F000660000009E0000005F000000EA000000C2
:10F200002D0000007500000027000000BA0000007B
:10F21000C7000000EB000000E5000000F100000066
:10F220007B0000003D0000000700000039000000E6
:10F23000F70000008A000000520000009200000069
:10F24000EA0000006B000000FB0000005F0000000F
:10F25000B10000001F0000008D0000005D000000F4
:10F26000080000005600000003000000300000000D
:10F2700046000000FC0000007B0000006B00000066
:10F28000AB000000F0000000CF000000BC00000058
:10F29000200000009A000000F4000000360000008A
:10F2A0001D000000A9000000E30000009100000024
:10F2B000610000005E000000E60000001B0000008E
:10F2C00008000000650000009900000085000000B3
:10F2D0005F00000014000000A000000068000000B3
:10F2E000400000008D000000FF000000D80000007A
:10F2F000800000004D0000007300000027000000A7
:10F3000031000000060000000600000015000000AB
:10F3100056000000CA00000073000000A8000000B2
:10F32000C900000060000000E20000007B00000057
:10F33000C00000008C0000006B0000000000C93F0E
:10F340000000F0390000DA370000A2330000842EFC
:10F350000000502B0000C2270000D0220000C41F74
:10F360000000C61B00004417040000000700000056
:04F370000900000090
:08F374007C2EFF7F0100000068
:0CF37C0088F30008A41800201E00000008
:10F38800C0EA2101C0EA210100800000C017530231
:10F398002019002000000000030000005017002082
:10F3A800C81800200000000050170020B8170020DF
:10F3B80020180020000000000000000000000000ED
:10F3C8000000000000000000000000000000000035
:10F3D8000000000000000000000000000000000025
:10F3E8000000000000000000000000000000000015
:08F3F800CD210008A521000849
:040000050800228944
:00000001FF
