ISO-10303-21;
HEADER;
/* Generated by software containing ST-Developer
 * from STEP Tools, Inc. (www.steptools.com) 
 */
/* OPTION: using custom renumber hook */

FILE_DESCRIPTION(
/* description */ ('STEP AP214'),
/* implementation_level */ '2;1');

FILE_NAME(
/* name */ 'FTSH-105-01-F-DV-007-K-P-TR',
/* time_stamp */ '2026-03-13T07:28:14+01:00',
/* author */ ('License CC BY-ND 4.0'),
/* organization */ ('CADENAS'),
/* preprocessor_version */ 'ST-DEVELOPER v20',
/* originating_system */ 'PARTsolutions',
/* authorisation */ '  ');

FILE_SCHEMA (('AUTOMOTIVE_DESIGN {1 0 10303 214 3 1 1}'));
ENDSEC;

DATA;
#10=PROPERTY_DEFINITION_REPRESENTATION(#14,#12);
#11=PROPERTY_DEFINITION_REPRESENTATION(#15,#13);
#12=REPRESENTATION('',(#16),#8879);
#13=REPRESENTATION('',(#17),#8879);
#14=PROPERTY_DEFINITION('pmi validation property','',#8895);
#15=PROPERTY_DEFINITION('pmi validation property','',#8895);
#16=VALUE_REPRESENTATION_ITEM('number of annotations',COUNT_MEASURE(0.));
#17=VALUE_REPRESENTATION_ITEM('number of views',COUNT_MEASURE(0.));
#18=CIRCLE('',#5800,0.0250000000000005);
#19=CIRCLE('',#5801,0.0250000000000005);
#20=CIRCLE('',#5803,0.0250000000000005);
#21=CIRCLE('',#5804,0.0250000000000005);
#22=CIRCLE('',#5806,0.0250000000000005);
#23=CIRCLE('',#5807,0.0250000000000005);
#24=CIRCLE('',#5809,0.0250000000000005);
#25=CIRCLE('',#5810,0.0250000000000005);
#26=CIRCLE('',#5819,0.0250000000000005);
#27=CIRCLE('',#5820,0.0250000000000005);
#28=CIRCLE('',#5822,0.0250000000000005);
#29=CIRCLE('',#5823,0.0250000000000005);
#30=CIRCLE('',#5825,0.0250000000000005);
#31=CIRCLE('',#5826,0.0250000000000005);
#32=CIRCLE('',#5840,0.0250000000000005);
#33=CIRCLE('',#5841,0.0250000000000005);
#34=CIRCLE('',#5846,0.0250000000000005);
#35=CIRCLE('',#5847,0.0250000000000005);
#36=CIRCLE('',#5881,0.00999999999999479);
#37=CIRCLE('',#5882,0.00999999999999479);
#38=CIRCLE('',#5885,0.0099999999999931);
#39=CIRCLE('',#5886,0.0099999999999931);
#40=CIRCLE('',#5895,0.0099999999999948);
#41=CIRCLE('',#5896,0.0099999999999948);
#42=CIRCLE('',#5899,0.00999999999999479);
#43=CIRCLE('',#5900,0.00999999999999479);
#44=CIRCLE('',#5909,0.00999999999999309);
#45=CIRCLE('',#5910,0.00999999999999309);
#46=CIRCLE('',#5913,0.0099999999999948);
#47=CIRCLE('',#5914,0.0099999999999948);
#48=CYLINDRICAL_SURFACE('',#5799,0.0250000000000005);
#49=CYLINDRICAL_SURFACE('',#5802,0.0250000000000005);
#50=CYLINDRICAL_SURFACE('',#5805,0.0250000000000005);
#51=CYLINDRICAL_SURFACE('',#5808,0.0250000000000005);
#52=CYLINDRICAL_SURFACE('',#5818,0.0250000000000005);
#53=CYLINDRICAL_SURFACE('',#5821,0.0250000000000005);
#54=CYLINDRICAL_SURFACE('',#5824,0.0250000000000005);
#55=CYLINDRICAL_SURFACE('',#5839,0.0250000000000005);
#56=CYLINDRICAL_SURFACE('',#5845,0.0250000000000005);
#57=CYLINDRICAL_SURFACE('',#5880,0.00999999999999479);
#58=CYLINDRICAL_SURFACE('',#5884,0.0099999999999931);
#59=CYLINDRICAL_SURFACE('',#5894,0.0099999999999948);
#60=CYLINDRICAL_SURFACE('',#5898,0.00999999999999479);
#61=CYLINDRICAL_SURFACE('',#5908,0.00999999999999309);
#62=CYLINDRICAL_SURFACE('',#5912,0.0099999999999948);
#63=CONTEXT_DEPENDENT_SHAPE_REPRESENTATION(#71,#8897);
#64=CONTEXT_DEPENDENT_SHAPE_REPRESENTATION(#72,#8899);
#65=CONTEXT_DEPENDENT_SHAPE_REPRESENTATION(#73,#8901);
#66=CONTEXT_DEPENDENT_SHAPE_REPRESENTATION(#74,#8903);
#67=NEXT_ASSEMBLY_USAGE_OCCURRENCE('NAUO1',
'FTSH-105-01-F-DV-007-K-P-TR_body','FTSH-105-01-F-DV-007-K-P-TR_body',#8904,
#8905,'');
#68=NEXT_ASSEMBLY_USAGE_OCCURRENCE('NAUO2',
'FTSH-105-01-F-DV-007-K-P-TR_pins1','FTSH-105-01-F-DV-007-K-P-TR_pins1',
#8904,#8906,'');
#69=NEXT_ASSEMBLY_USAGE_OCCURRENCE('NAUO3',
'FTSH-105-01-F-DV-007-K-P-TR_pins2','FTSH-105-01-F-DV-007-K-P-TR_pins2',
#8904,#8907,'');
#70=NEXT_ASSEMBLY_USAGE_OCCURRENCE('NAUO4',
'FTSH-105-01-F-DV-007-K-P-TR_pp_pad',
'FTSH-105-01-F-DV-007-K-P-TR_pp_pad',#8904,#8908,'');
#71=(
REPRESENTATION_RELATIONSHIP(' ',' ',#5604,#5603)
REPRESENTATION_RELATIONSHIP_WITH_TRANSFORMATION(#75)
SHAPE_REPRESENTATION_RELATIONSHIP()
);
#72=(
REPRESENTATION_RELATIONSHIP(' ',' ',#5605,#5603)
REPRESENTATION_RELATIONSHIP_WITH_TRANSFORMATION(#76)
SHAPE_REPRESENTATION_RELATIONSHIP()
);
#73=(
REPRESENTATION_RELATIONSHIP(' ',' ',#5606,#5603)
REPRESENTATION_RELATIONSHIP_WITH_TRANSFORMATION(#77)
SHAPE_REPRESENTATION_RELATIONSHIP()
);
#74=(
REPRESENTATION_RELATIONSHIP(' ',' ',#5607,#5603)
REPRESENTATION_RELATIONSHIP_WITH_TRANSFORMATION(#78)
SHAPE_REPRESENTATION_RELATIONSHIP()
);
#75=ITEM_DEFINED_TRANSFORMATION(' ',' ',#5608,#5699);
#76=ITEM_DEFINED_TRANSFORMATION(' ',' ',#5608,#5785);
#77=ITEM_DEFINED_TRANSFORMATION(' ',' ',#5608,#5875);
#78=ITEM_DEFINED_TRANSFORMATION(' ',' ',#5608,#5927);
#79=SHAPE_REPRESENTATION_RELATIONSHIP('','',#5604,#83);
#80=SHAPE_REPRESENTATION_RELATIONSHIP('','',#5605,#84);
#81=SHAPE_REPRESENTATION_RELATIONSHIP('','',#5606,#85);
#82=SHAPE_REPRESENTATION_RELATIONSHIP('','',#5607,#86);
#83=ADVANCED_BREP_SHAPE_REPRESENTATION('',(#5594),#8880);
#84=ADVANCED_BREP_SHAPE_REPRESENTATION('',(#5595),#8881);
#85=ADVANCED_BREP_SHAPE_REPRESENTATION('',(#5596),#8882);
#86=ADVANCED_BREP_SHAPE_REPRESENTATION('',(#5597),#8883);
#87=ORIENTED_EDGE('',*,*,#1637,.T.);
#88=ORIENTED_EDGE('',*,*,#1638,.T.);
#89=ORIENTED_EDGE('',*,*,#1639,.T.);
#90=ORIENTED_EDGE('',*,*,#1640,.T.);
#91=ORIENTED_EDGE('',*,*,#1641,.F.);
#92=ORIENTED_EDGE('',*,*,#1642,.F.);
#93=ORIENTED_EDGE('',*,*,#1643,.T.);
#94=ORIENTED_EDGE('',*,*,#1644,.T.);
#95=ORIENTED_EDGE('',*,*,#1645,.T.);
#96=ORIENTED_EDGE('',*,*,#1646,.T.);
#97=ORIENTED_EDGE('',*,*,#1647,.T.);
#98=ORIENTED_EDGE('',*,*,#1648,.T.);
#99=ORIENTED_EDGE('',*,*,#1649,.T.);
#100=ORIENTED_EDGE('',*,*,#1650,.T.);
#101=ORIENTED_EDGE('',*,*,#1651,.F.);
#102=ORIENTED_EDGE('',*,*,#1652,.T.);
#103=ORIENTED_EDGE('',*,*,#1653,.T.);
#104=ORIENTED_EDGE('',*,*,#1654,.T.);
#105=ORIENTED_EDGE('',*,*,#1655,.T.);
#106=ORIENTED_EDGE('',*,*,#1656,.T.);
#107=ORIENTED_EDGE('',*,*,#1657,.F.);
#108=ORIENTED_EDGE('',*,*,#1647,.F.);
#109=ORIENTED_EDGE('',*,*,#1658,.F.);
#110=ORIENTED_EDGE('',*,*,#1639,.F.);
#111=ORIENTED_EDGE('',*,*,#1659,.F.);
#112=ORIENTED_EDGE('',*,*,#1643,.F.);
#113=ORIENTED_EDGE('',*,*,#1660,.F.);
#114=ORIENTED_EDGE('',*,*,#1655,.F.);
#115=ORIENTED_EDGE('',*,*,#1661,.T.);
#116=ORIENTED_EDGE('',*,*,#1662,.T.);
#117=ORIENTED_EDGE('',*,*,#1663,.T.);
#118=ORIENTED_EDGE('',*,*,#1664,.T.);
#119=ORIENTED_EDGE('',*,*,#1665,.F.);
#120=ORIENTED_EDGE('',*,*,#1666,.F.);
#121=ORIENTED_EDGE('',*,*,#1667,.F.);
#122=ORIENTED_EDGE('',*,*,#1668,.T.);
#123=ORIENTED_EDGE('',*,*,#1669,.F.);
#124=ORIENTED_EDGE('',*,*,#1670,.T.);
#125=ORIENTED_EDGE('',*,*,#1671,.T.);
#126=ORIENTED_EDGE('',*,*,#1672,.F.);
#127=ORIENTED_EDGE('',*,*,#1673,.F.);
#128=ORIENTED_EDGE('',*,*,#1674,.T.);
#129=ORIENTED_EDGE('',*,*,#1675,.T.);
#130=ORIENTED_EDGE('',*,*,#1676,.F.);
#131=ORIENTED_EDGE('',*,*,#1677,.T.);
#132=ORIENTED_EDGE('',*,*,#1678,.T.);
#133=ORIENTED_EDGE('',*,*,#1679,.F.);
#134=ORIENTED_EDGE('',*,*,#1680,.T.);
#135=ORIENTED_EDGE('',*,*,#1681,.T.);
#136=ORIENTED_EDGE('',*,*,#1682,.T.);
#137=ORIENTED_EDGE('',*,*,#1683,.F.);
#138=ORIENTED_EDGE('',*,*,#1684,.T.);
#139=ORIENTED_EDGE('',*,*,#1685,.T.);
#140=ORIENTED_EDGE('',*,*,#1686,.T.);
#141=ORIENTED_EDGE('',*,*,#1687,.F.);
#142=ORIENTED_EDGE('',*,*,#1688,.T.);
#143=ORIENTED_EDGE('',*,*,#1687,.T.);
#144=ORIENTED_EDGE('',*,*,#1689,.T.);
#145=ORIENTED_EDGE('',*,*,#1690,.F.);
#146=ORIENTED_EDGE('',*,*,#1691,.T.);
#147=ORIENTED_EDGE('',*,*,#1690,.T.);
#148=ORIENTED_EDGE('',*,*,#1692,.T.);
#149=ORIENTED_EDGE('',*,*,#1693,.F.);
#150=ORIENTED_EDGE('',*,*,#1694,.T.);
#151=ORIENTED_EDGE('',*,*,#1695,.T.);
#152=ORIENTED_EDGE('',*,*,#1696,.T.);
#153=ORIENTED_EDGE('',*,*,#1697,.F.);
#154=ORIENTED_EDGE('',*,*,#1698,.T.);
#155=ORIENTED_EDGE('',*,*,#1697,.T.);
#156=ORIENTED_EDGE('',*,*,#1699,.T.);
#157=ORIENTED_EDGE('',*,*,#1700,.F.);
#158=ORIENTED_EDGE('',*,*,#1701,.T.);
#159=ORIENTED_EDGE('',*,*,#1700,.T.);
#160=ORIENTED_EDGE('',*,*,#1702,.T.);
#161=ORIENTED_EDGE('',*,*,#1703,.F.);
#162=ORIENTED_EDGE('',*,*,#1704,.T.);
#163=ORIENTED_EDGE('',*,*,#1705,.T.);
#164=ORIENTED_EDGE('',*,*,#1706,.T.);
#165=ORIENTED_EDGE('',*,*,#1707,.F.);
#166=ORIENTED_EDGE('',*,*,#1708,.T.);
#167=ORIENTED_EDGE('',*,*,#1707,.T.);
#168=ORIENTED_EDGE('',*,*,#1709,.T.);
#169=ORIENTED_EDGE('',*,*,#1710,.F.);
#170=ORIENTED_EDGE('',*,*,#1711,.T.);
#171=ORIENTED_EDGE('',*,*,#1710,.T.);
#172=ORIENTED_EDGE('',*,*,#1712,.T.);
#173=ORIENTED_EDGE('',*,*,#1713,.F.);
#174=ORIENTED_EDGE('',*,*,#1714,.T.);
#175=ORIENTED_EDGE('',*,*,#1715,.T.);
#176=ORIENTED_EDGE('',*,*,#1716,.T.);
#177=ORIENTED_EDGE('',*,*,#1717,.F.);
#178=ORIENTED_EDGE('',*,*,#1718,.T.);
#179=ORIENTED_EDGE('',*,*,#1717,.T.);
#180=ORIENTED_EDGE('',*,*,#1719,.T.);
#181=ORIENTED_EDGE('',*,*,#1720,.F.);
#182=ORIENTED_EDGE('',*,*,#1721,.T.);
#183=ORIENTED_EDGE('',*,*,#1720,.T.);
#184=ORIENTED_EDGE('',*,*,#1722,.T.);
#185=ORIENTED_EDGE('',*,*,#1723,.F.);
#186=ORIENTED_EDGE('',*,*,#1724,.T.);
#187=ORIENTED_EDGE('',*,*,#1725,.T.);
#188=ORIENTED_EDGE('',*,*,#1726,.T.);
#189=ORIENTED_EDGE('',*,*,#1727,.F.);
#190=ORIENTED_EDGE('',*,*,#1728,.T.);
#191=ORIENTED_EDGE('',*,*,#1727,.T.);
#192=ORIENTED_EDGE('',*,*,#1729,.T.);
#193=ORIENTED_EDGE('',*,*,#1730,.F.);
#194=ORIENTED_EDGE('',*,*,#1731,.T.);
#195=ORIENTED_EDGE('',*,*,#1730,.T.);
#196=ORIENTED_EDGE('',*,*,#1732,.T.);
#197=ORIENTED_EDGE('',*,*,#1733,.F.);
#198=ORIENTED_EDGE('',*,*,#1734,.T.);
#199=ORIENTED_EDGE('',*,*,#1735,.T.);
#200=ORIENTED_EDGE('',*,*,#1736,.T.);
#201=ORIENTED_EDGE('',*,*,#1737,.F.);
#202=ORIENTED_EDGE('',*,*,#1738,.T.);
#203=ORIENTED_EDGE('',*,*,#1737,.T.);
#204=ORIENTED_EDGE('',*,*,#1739,.T.);
#205=ORIENTED_EDGE('',*,*,#1740,.F.);
#206=ORIENTED_EDGE('',*,*,#1741,.T.);
#207=ORIENTED_EDGE('',*,*,#1740,.T.);
#208=ORIENTED_EDGE('',*,*,#1742,.T.);
#209=ORIENTED_EDGE('',*,*,#1743,.F.);
#210=ORIENTED_EDGE('',*,*,#1744,.T.);
#211=ORIENTED_EDGE('',*,*,#1745,.T.);
#212=ORIENTED_EDGE('',*,*,#1746,.T.);
#213=ORIENTED_EDGE('',*,*,#1747,.F.);
#214=ORIENTED_EDGE('',*,*,#1748,.T.);
#215=ORIENTED_EDGE('',*,*,#1749,.T.);
#216=ORIENTED_EDGE('',*,*,#1750,.T.);
#217=ORIENTED_EDGE('',*,*,#1751,.F.);
#218=ORIENTED_EDGE('',*,*,#1752,.T.);
#219=ORIENTED_EDGE('',*,*,#1693,.T.);
#220=ORIENTED_EDGE('',*,*,#1753,.T.);
#221=ORIENTED_EDGE('',*,*,#1685,.F.);
#222=ORIENTED_EDGE('',*,*,#1754,.T.);
#223=ORIENTED_EDGE('',*,*,#1703,.T.);
#224=ORIENTED_EDGE('',*,*,#1755,.T.);
#225=ORIENTED_EDGE('',*,*,#1695,.F.);
#226=ORIENTED_EDGE('',*,*,#1756,.T.);
#227=ORIENTED_EDGE('',*,*,#1713,.T.);
#228=ORIENTED_EDGE('',*,*,#1757,.T.);
#229=ORIENTED_EDGE('',*,*,#1705,.F.);
#230=ORIENTED_EDGE('',*,*,#1758,.T.);
#231=ORIENTED_EDGE('',*,*,#1723,.T.);
#232=ORIENTED_EDGE('',*,*,#1759,.T.);
#233=ORIENTED_EDGE('',*,*,#1715,.F.);
#234=ORIENTED_EDGE('',*,*,#1760,.T.);
#235=ORIENTED_EDGE('',*,*,#1733,.T.);
#236=ORIENTED_EDGE('',*,*,#1761,.T.);
#237=ORIENTED_EDGE('',*,*,#1725,.F.);
#238=ORIENTED_EDGE('',*,*,#1762,.T.);
#239=ORIENTED_EDGE('',*,*,#1743,.T.);
#240=ORIENTED_EDGE('',*,*,#1763,.T.);
#241=ORIENTED_EDGE('',*,*,#1735,.F.);
#242=ORIENTED_EDGE('',*,*,#1764,.T.);
#243=ORIENTED_EDGE('',*,*,#1765,.T.);
#244=ORIENTED_EDGE('',*,*,#1766,.F.);
#245=ORIENTED_EDGE('',*,*,#1767,.T.);
#246=ORIENTED_EDGE('',*,*,#1768,.T.);
#247=ORIENTED_EDGE('',*,*,#1769,.T.);
#248=ORIENTED_EDGE('',*,*,#1770,.T.);
#249=ORIENTED_EDGE('',*,*,#1771,.T.);
#250=ORIENTED_EDGE('',*,*,#1772,.F.);
#251=ORIENTED_EDGE('',*,*,#1773,.F.);
#252=ORIENTED_EDGE('',*,*,#1774,.F.);
#253=ORIENTED_EDGE('',*,*,#1672,.T.);
#254=ORIENTED_EDGE('',*,*,#1775,.T.);
#255=ORIENTED_EDGE('',*,*,#1663,.F.);
#256=ORIENTED_EDGE('',*,*,#1776,.F.);
#257=ORIENTED_EDGE('',*,*,#1777,.F.);
#258=ORIENTED_EDGE('',*,*,#1778,.F.);
#259=ORIENTED_EDGE('',*,*,#1668,.F.);
#260=ORIENTED_EDGE('',*,*,#1779,.F.);
#261=ORIENTED_EDGE('',*,*,#1676,.T.);
#262=ORIENTED_EDGE('',*,*,#1780,.F.);
#263=ORIENTED_EDGE('',*,*,#1781,.F.);
#264=ORIENTED_EDGE('',*,*,#1782,.T.);
#265=ORIENTED_EDGE('',*,*,#1783,.F.);
#266=ORIENTED_EDGE('',*,*,#1784,.F.);
#267=ORIENTED_EDGE('',*,*,#1767,.F.);
#268=ORIENTED_EDGE('',*,*,#1785,.T.);
#269=ORIENTED_EDGE('',*,*,#1786,.T.);
#270=ORIENTED_EDGE('',*,*,#1787,.T.);
#271=ORIENTED_EDGE('',*,*,#1788,.F.);
#272=ORIENTED_EDGE('',*,*,#1789,.F.);
#273=ORIENTED_EDGE('',*,*,#1784,.T.);
#274=ORIENTED_EDGE('',*,*,#1790,.T.);
#275=ORIENTED_EDGE('',*,*,#1791,.T.);
#276=ORIENTED_EDGE('',*,*,#1792,.T.);
#277=ORIENTED_EDGE('',*,*,#1772,.T.);
#278=ORIENTED_EDGE('',*,*,#1793,.T.);
#279=ORIENTED_EDGE('',*,*,#1794,.F.);
#280=ORIENTED_EDGE('',*,*,#1795,.F.);
#281=ORIENTED_EDGE('',*,*,#1796,.F.);
#282=ORIENTED_EDGE('',*,*,#1797,.T.);
#283=ORIENTED_EDGE('',*,*,#1679,.T.);
#284=ORIENTED_EDGE('',*,*,#1798,.T.);
#285=ORIENTED_EDGE('',*,*,#1799,.F.);
#286=ORIENTED_EDGE('',*,*,#1800,.F.);
#287=ORIENTED_EDGE('',*,*,#1801,.T.);
#288=ORIENTED_EDGE('',*,*,#1796,.T.);
#289=ORIENTED_EDGE('',*,*,#1802,.F.);
#290=ORIENTED_EDGE('',*,*,#1803,.F.);
#291=ORIENTED_EDGE('',*,*,#1804,.F.);
#292=ORIENTED_EDGE('',*,*,#1805,.T.);
#293=ORIENTED_EDGE('',*,*,#1683,.T.);
#294=ORIENTED_EDGE('',*,*,#1806,.T.);
#295=ORIENTED_EDGE('',*,*,#1807,.F.);
#296=ORIENTED_EDGE('',*,*,#1808,.F.);
#297=ORIENTED_EDGE('',*,*,#1809,.T.);
#298=ORIENTED_EDGE('',*,*,#1804,.T.);
#299=ORIENTED_EDGE('',*,*,#1810,.F.);
#300=ORIENTED_EDGE('',*,*,#1811,.F.);
#301=ORIENTED_EDGE('',*,*,#1812,.T.);
#302=ORIENTED_EDGE('',*,*,#1813,.T.);
#303=ORIENTED_EDGE('',*,*,#1814,.F.);
#304=ORIENTED_EDGE('',*,*,#1815,.T.);
#305=ORIENTED_EDGE('',*,*,#1745,.F.);
#306=ORIENTED_EDGE('',*,*,#1816,.T.);
#307=ORIENTED_EDGE('',*,*,#1811,.T.);
#308=ORIENTED_EDGE('',*,*,#1817,.F.);
#309=ORIENTED_EDGE('',*,*,#1818,.F.);
#310=ORIENTED_EDGE('',*,*,#1819,.F.);
#311=ORIENTED_EDGE('',*,*,#1820,.T.);
#312=ORIENTED_EDGE('',*,*,#1821,.T.);
#313=ORIENTED_EDGE('',*,*,#1822,.F.);
#314=ORIENTED_EDGE('',*,*,#1823,.T.);
#315=ORIENTED_EDGE('',*,*,#1749,.F.);
#316=ORIENTED_EDGE('',*,*,#1824,.T.);
#317=ORIENTED_EDGE('',*,*,#1819,.T.);
#318=ORIENTED_EDGE('',*,*,#1825,.F.);
#319=ORIENTED_EDGE('',*,*,#1826,.F.);
#320=ORIENTED_EDGE('',*,*,#1827,.T.);
#321=ORIENTED_EDGE('',*,*,#1677,.F.);
#322=ORIENTED_EDGE('',*,*,#1828,.T.);
#323=ORIENTED_EDGE('',*,*,#1800,.T.);
#324=ORIENTED_EDGE('',*,*,#1829,.F.);
#325=ORIENTED_EDGE('',*,*,#1830,.F.);
#326=ORIENTED_EDGE('',*,*,#1831,.T.);
#327=ORIENTED_EDGE('',*,*,#1681,.F.);
#328=ORIENTED_EDGE('',*,*,#1832,.T.);
#329=ORIENTED_EDGE('',*,*,#1808,.T.);
#330=ORIENTED_EDGE('',*,*,#1833,.F.);
#331=ORIENTED_EDGE('',*,*,#1834,.F.);
#332=ORIENTED_EDGE('',*,*,#1835,.F.);
#333=ORIENTED_EDGE('',*,*,#1813,.F.);
#334=ORIENTED_EDGE('',*,*,#1836,.T.);
#335=ORIENTED_EDGE('',*,*,#1747,.T.);
#336=ORIENTED_EDGE('',*,*,#1837,.T.);
#337=ORIENTED_EDGE('',*,*,#1838,.F.);
#338=ORIENTED_EDGE('',*,*,#1839,.F.);
#339=ORIENTED_EDGE('',*,*,#1821,.F.);
#340=ORIENTED_EDGE('',*,*,#1840,.T.);
#341=ORIENTED_EDGE('',*,*,#1751,.T.);
#342=ORIENTED_EDGE('',*,*,#1841,.T.);
#343=ORIENTED_EDGE('',*,*,#1842,.T.);
#344=ORIENTED_EDGE('',*,*,#1843,.F.);
#345=ORIENTED_EDGE('',*,*,#1844,.F.);
#346=ORIENTED_EDGE('',*,*,#1788,.T.);
#347=ORIENTED_EDGE('',*,*,#1820,.F.);
#348=ORIENTED_EDGE('',*,*,#1824,.F.);
#349=ORIENTED_EDGE('',*,*,#1752,.F.);
#350=ORIENTED_EDGE('',*,*,#1840,.F.);
#351=ORIENTED_EDGE('',*,*,#1812,.F.);
#352=ORIENTED_EDGE('',*,*,#1816,.F.);
#353=ORIENTED_EDGE('',*,*,#1748,.F.);
#354=ORIENTED_EDGE('',*,*,#1836,.F.);
#355=ORIENTED_EDGE('',*,*,#1738,.F.);
#356=ORIENTED_EDGE('',*,*,#1741,.F.);
#357=ORIENTED_EDGE('',*,*,#1744,.F.);
#358=ORIENTED_EDGE('',*,*,#1764,.F.);
#359=ORIENTED_EDGE('',*,*,#1728,.F.);
#360=ORIENTED_EDGE('',*,*,#1731,.F.);
#361=ORIENTED_EDGE('',*,*,#1734,.F.);
#362=ORIENTED_EDGE('',*,*,#1762,.F.);
#363=ORIENTED_EDGE('',*,*,#1718,.F.);
#364=ORIENTED_EDGE('',*,*,#1721,.F.);
#365=ORIENTED_EDGE('',*,*,#1724,.F.);
#366=ORIENTED_EDGE('',*,*,#1760,.F.);
#367=ORIENTED_EDGE('',*,*,#1708,.F.);
#368=ORIENTED_EDGE('',*,*,#1711,.F.);
#369=ORIENTED_EDGE('',*,*,#1714,.F.);
#370=ORIENTED_EDGE('',*,*,#1758,.F.);
#371=ORIENTED_EDGE('',*,*,#1698,.F.);
#372=ORIENTED_EDGE('',*,*,#1701,.F.);
#373=ORIENTED_EDGE('',*,*,#1704,.F.);
#374=ORIENTED_EDGE('',*,*,#1756,.F.);
#375=ORIENTED_EDGE('',*,*,#1688,.F.);
#376=ORIENTED_EDGE('',*,*,#1691,.F.);
#377=ORIENTED_EDGE('',*,*,#1694,.F.);
#378=ORIENTED_EDGE('',*,*,#1754,.F.);
#379=ORIENTED_EDGE('',*,*,#1684,.F.);
#380=ORIENTED_EDGE('',*,*,#1805,.F.);
#381=ORIENTED_EDGE('',*,*,#1809,.F.);
#382=ORIENTED_EDGE('',*,*,#1832,.F.);
#383=ORIENTED_EDGE('',*,*,#1680,.F.);
#384=ORIENTED_EDGE('',*,*,#1797,.F.);
#385=ORIENTED_EDGE('',*,*,#1801,.F.);
#386=ORIENTED_EDGE('',*,*,#1828,.F.);
#387=ORIENTED_EDGE('',*,*,#1779,.T.);
#388=ORIENTED_EDGE('',*,*,#1667,.T.);
#389=ORIENTED_EDGE('',*,*,#1650,.F.);
#390=ORIENTED_EDGE('',*,*,#1845,.F.);
#391=ORIENTED_EDGE('',*,*,#1646,.F.);
#392=ORIENTED_EDGE('',*,*,#1846,.T.);
#393=ORIENTED_EDGE('',*,*,#1652,.F.);
#394=ORIENTED_EDGE('',*,*,#1781,.T.);
#395=ORIENTED_EDGE('',*,*,#1789,.T.);
#396=ORIENTED_EDGE('',*,*,#1844,.T.);
#397=ORIENTED_EDGE('',*,*,#1847,.F.);
#398=ORIENTED_EDGE('',*,*,#1673,.T.);
#399=ORIENTED_EDGE('',*,*,#1848,.T.);
#400=ORIENTED_EDGE('',*,*,#1817,.T.);
#401=ORIENTED_EDGE('',*,*,#1810,.T.);
#402=ORIENTED_EDGE('',*,*,#1835,.T.);
#403=ORIENTED_EDGE('',*,*,#1849,.T.);
#404=ORIENTED_EDGE('',*,*,#1825,.T.);
#405=ORIENTED_EDGE('',*,*,#1818,.T.);
#406=ORIENTED_EDGE('',*,*,#1839,.T.);
#407=ORIENTED_EDGE('',*,*,#1803,.T.);
#408=ORIENTED_EDGE('',*,*,#1850,.T.);
#409=ORIENTED_EDGE('',*,*,#1833,.T.);
#410=ORIENTED_EDGE('',*,*,#1807,.T.);
#411=ORIENTED_EDGE('',*,*,#1795,.T.);
#412=ORIENTED_EDGE('',*,*,#1851,.T.);
#413=ORIENTED_EDGE('',*,*,#1829,.T.);
#414=ORIENTED_EDGE('',*,*,#1799,.T.);
#415=ORIENTED_EDGE('',*,*,#1771,.F.);
#416=ORIENTED_EDGE('',*,*,#1852,.T.);
#417=ORIENTED_EDGE('',*,*,#1641,.T.);
#418=ORIENTED_EDGE('',*,*,#1853,.T.);
#419=ORIENTED_EDGE('',*,*,#1664,.F.);
#420=ORIENTED_EDGE('',*,*,#1775,.F.);
#421=ORIENTED_EDGE('',*,*,#1671,.F.);
#422=ORIENTED_EDGE('',*,*,#1854,.T.);
#423=ORIENTED_EDGE('',*,*,#1855,.T.);
#424=ORIENTED_EDGE('',*,*,#1856,.T.);
#425=ORIENTED_EDGE('',*,*,#1768,.F.);
#426=ORIENTED_EDGE('',*,*,#1793,.F.);
#427=ORIENTED_EDGE('',*,*,#1777,.T.);
#428=ORIENTED_EDGE('',*,*,#1857,.F.);
#429=ORIENTED_EDGE('',*,*,#1791,.F.);
#430=ORIENTED_EDGE('',*,*,#1858,.T.);
#431=ORIENTED_EDGE('',*,*,#1776,.T.);
#432=ORIENTED_EDGE('',*,*,#1662,.F.);
#433=ORIENTED_EDGE('',*,*,#1859,.T.);
#434=ORIENTED_EDGE('',*,*,#1769,.F.);
#435=ORIENTED_EDGE('',*,*,#1792,.F.);
#436=ORIENTED_EDGE('',*,*,#1857,.T.);
#437=ORIENTED_EDGE('',*,*,#1778,.T.);
#438=ORIENTED_EDGE('',*,*,#1858,.F.);
#439=ORIENTED_EDGE('',*,*,#1790,.F.);
#440=ORIENTED_EDGE('',*,*,#1783,.T.);
#441=ORIENTED_EDGE('',*,*,#1860,.T.);
#442=ORIENTED_EDGE('',*,*,#1665,.T.);
#443=ORIENTED_EDGE('',*,*,#1774,.T.);
#444=ORIENTED_EDGE('',*,*,#1861,.F.);
#445=ORIENTED_EDGE('',*,*,#1785,.F.);
#446=ORIENTED_EDGE('',*,*,#1766,.T.);
#447=ORIENTED_EDGE('',*,*,#1862,.T.);
#448=ORIENTED_EDGE('',*,*,#1669,.T.);
#449=ORIENTED_EDGE('',*,*,#1773,.T.);
#450=ORIENTED_EDGE('',*,*,#1863,.F.);
#451=ORIENTED_EDGE('',*,*,#1786,.F.);
#452=ORIENTED_EDGE('',*,*,#1861,.T.);
#453=ORIENTED_EDGE('',*,*,#1780,.T.);
#454=ORIENTED_EDGE('',*,*,#1675,.F.);
#455=ORIENTED_EDGE('',*,*,#1864,.T.);
#456=ORIENTED_EDGE('',*,*,#1842,.F.);
#457=ORIENTED_EDGE('',*,*,#1787,.F.);
#458=ORIENTED_EDGE('',*,*,#1863,.T.);
#459=ORIENTED_EDGE('',*,*,#1823,.F.);
#460=ORIENTED_EDGE('',*,*,#1865,.F.);
#461=ORIENTED_EDGE('',*,*,#1841,.F.);
#462=ORIENTED_EDGE('',*,*,#1750,.F.);
#463=ORIENTED_EDGE('',*,*,#1865,.T.);
#464=ORIENTED_EDGE('',*,*,#1822,.T.);
#465=ORIENTED_EDGE('',*,*,#1849,.F.);
#466=ORIENTED_EDGE('',*,*,#1838,.T.);
#467=ORIENTED_EDGE('',*,*,#1815,.F.);
#468=ORIENTED_EDGE('',*,*,#1866,.F.);
#469=ORIENTED_EDGE('',*,*,#1837,.F.);
#470=ORIENTED_EDGE('',*,*,#1746,.F.);
#471=ORIENTED_EDGE('',*,*,#1866,.T.);
#472=ORIENTED_EDGE('',*,*,#1814,.T.);
#473=ORIENTED_EDGE('',*,*,#1848,.F.);
#474=ORIENTED_EDGE('',*,*,#1834,.T.);
#475=ORIENTED_EDGE('',*,*,#1736,.F.);
#476=ORIENTED_EDGE('',*,*,#1763,.F.);
#477=ORIENTED_EDGE('',*,*,#1742,.F.);
#478=ORIENTED_EDGE('',*,*,#1739,.F.);
#479=ORIENTED_EDGE('',*,*,#1726,.F.);
#480=ORIENTED_EDGE('',*,*,#1761,.F.);
#481=ORIENTED_EDGE('',*,*,#1732,.F.);
#482=ORIENTED_EDGE('',*,*,#1729,.F.);
#483=ORIENTED_EDGE('',*,*,#1716,.F.);
#484=ORIENTED_EDGE('',*,*,#1759,.F.);
#485=ORIENTED_EDGE('',*,*,#1722,.F.);
#486=ORIENTED_EDGE('',*,*,#1719,.F.);
#487=ORIENTED_EDGE('',*,*,#1706,.F.);
#488=ORIENTED_EDGE('',*,*,#1757,.F.);
#489=ORIENTED_EDGE('',*,*,#1712,.F.);
#490=ORIENTED_EDGE('',*,*,#1709,.F.);
#491=ORIENTED_EDGE('',*,*,#1696,.F.);
#492=ORIENTED_EDGE('',*,*,#1755,.F.);
#493=ORIENTED_EDGE('',*,*,#1702,.F.);
#494=ORIENTED_EDGE('',*,*,#1699,.F.);
#495=ORIENTED_EDGE('',*,*,#1686,.F.);
#496=ORIENTED_EDGE('',*,*,#1753,.F.);
#497=ORIENTED_EDGE('',*,*,#1692,.F.);
#498=ORIENTED_EDGE('',*,*,#1689,.F.);
#499=ORIENTED_EDGE('',*,*,#1806,.F.);
#500=ORIENTED_EDGE('',*,*,#1682,.F.);
#501=ORIENTED_EDGE('',*,*,#1831,.F.);
#502=ORIENTED_EDGE('',*,*,#1867,.F.);
#503=ORIENTED_EDGE('',*,*,#1850,.F.);
#504=ORIENTED_EDGE('',*,*,#1802,.T.);
#505=ORIENTED_EDGE('',*,*,#1867,.T.);
#506=ORIENTED_EDGE('',*,*,#1830,.T.);
#507=ORIENTED_EDGE('',*,*,#1798,.F.);
#508=ORIENTED_EDGE('',*,*,#1678,.F.);
#509=ORIENTED_EDGE('',*,*,#1827,.F.);
#510=ORIENTED_EDGE('',*,*,#1868,.F.);
#511=ORIENTED_EDGE('',*,*,#1851,.F.);
#512=ORIENTED_EDGE('',*,*,#1794,.T.);
#513=ORIENTED_EDGE('',*,*,#1868,.T.);
#514=ORIENTED_EDGE('',*,*,#1826,.T.);
#515=ORIENTED_EDGE('',*,*,#1770,.F.);
#516=ORIENTED_EDGE('',*,*,#1869,.F.);
#517=ORIENTED_EDGE('',*,*,#1782,.F.);
#518=ORIENTED_EDGE('',*,*,#1656,.F.);
#519=ORIENTED_EDGE('',*,*,#1660,.T.);
#520=ORIENTED_EDGE('',*,*,#1642,.T.);
#521=ORIENTED_EDGE('',*,*,#1852,.F.);
#522=ORIENTED_EDGE('',*,*,#1661,.F.);
#523=ORIENTED_EDGE('',*,*,#1853,.F.);
#524=ORIENTED_EDGE('',*,*,#1640,.F.);
#525=ORIENTED_EDGE('',*,*,#1658,.T.);
#526=ORIENTED_EDGE('',*,*,#1651,.T.);
#527=ORIENTED_EDGE('',*,*,#1666,.T.);
#528=ORIENTED_EDGE('',*,*,#1870,.T.);
#529=ORIENTED_EDGE('',*,*,#1670,.F.);
#530=ORIENTED_EDGE('',*,*,#1871,.F.);
#531=ORIENTED_EDGE('',*,*,#1674,.F.);
#532=ORIENTED_EDGE('',*,*,#1872,.F.);
#533=ORIENTED_EDGE('',*,*,#1873,.T.);
#534=ORIENTED_EDGE('',*,*,#1874,.T.);
#535=ORIENTED_EDGE('',*,*,#1854,.F.);
#536=ORIENTED_EDGE('',*,*,#1765,.F.);
#537=ORIENTED_EDGE('',*,*,#1856,.F.);
#538=ORIENTED_EDGE('',*,*,#1875,.F.);
#539=ORIENTED_EDGE('',*,*,#1876,.T.);
#540=ORIENTED_EDGE('',*,*,#1877,.T.);
#541=ORIENTED_EDGE('',*,*,#1843,.T.);
#542=ORIENTED_EDGE('',*,*,#1878,.T.);
#543=ORIENTED_EDGE('',*,*,#1855,.F.);
#544=ORIENTED_EDGE('',*,*,#1874,.F.);
#545=ORIENTED_EDGE('',*,*,#1879,.T.);
#546=ORIENTED_EDGE('',*,*,#1875,.T.);
#547=ORIENTED_EDGE('',*,*,#1862,.F.);
#548=ORIENTED_EDGE('',*,*,#1878,.F.);
#549=ORIENTED_EDGE('',*,*,#1864,.F.);
#550=ORIENTED_EDGE('',*,*,#1871,.T.);
#551=ORIENTED_EDGE('',*,*,#1872,.T.);
#552=ORIENTED_EDGE('',*,*,#1847,.T.);
#553=ORIENTED_EDGE('',*,*,#1877,.F.);
#554=ORIENTED_EDGE('',*,*,#1880,.T.);
#555=ORIENTED_EDGE('',*,*,#1880,.F.);
#556=ORIENTED_EDGE('',*,*,#1876,.F.);
#557=ORIENTED_EDGE('',*,*,#1879,.F.);
#558=ORIENTED_EDGE('',*,*,#1873,.F.);
#559=ORIENTED_EDGE('',*,*,#1859,.F.);
#560=ORIENTED_EDGE('',*,*,#1870,.F.);
#561=ORIENTED_EDGE('',*,*,#1860,.F.);
#562=ORIENTED_EDGE('',*,*,#1869,.T.);
#563=ORIENTED_EDGE('',*,*,#1881,.T.);
#564=ORIENTED_EDGE('',*,*,#1648,.F.);
#565=ORIENTED_EDGE('',*,*,#1657,.T.);
#566=ORIENTED_EDGE('',*,*,#1638,.F.);
#567=ORIENTED_EDGE('',*,*,#1845,.T.);
#568=ORIENTED_EDGE('',*,*,#1649,.F.);
#569=ORIENTED_EDGE('',*,*,#1881,.F.);
#570=ORIENTED_EDGE('',*,*,#1637,.F.);
#571=ORIENTED_EDGE('',*,*,#1882,.T.);
#572=ORIENTED_EDGE('',*,*,#1653,.F.);
#573=ORIENTED_EDGE('',*,*,#1846,.F.);
#574=ORIENTED_EDGE('',*,*,#1645,.F.);
#575=ORIENTED_EDGE('',*,*,#1659,.T.);
#576=ORIENTED_EDGE('',*,*,#1654,.F.);
#577=ORIENTED_EDGE('',*,*,#1882,.F.);
#578=ORIENTED_EDGE('',*,*,#1644,.F.);
#579=ORIENTED_EDGE('',*,*,#1883,.F.);
#580=ORIENTED_EDGE('',*,*,#1884,.T.);
#581=ORIENTED_EDGE('',*,*,#1885,.F.);
#582=ORIENTED_EDGE('',*,*,#1886,.F.);
#583=ORIENTED_EDGE('',*,*,#1887,.T.);
#584=ORIENTED_EDGE('',*,*,#1888,.F.);
#585=ORIENTED_EDGE('',*,*,#1889,.F.);
#586=ORIENTED_EDGE('',*,*,#1890,.F.);
#587=ORIENTED_EDGE('',*,*,#1891,.T.);
#588=ORIENTED_EDGE('',*,*,#1892,.F.);
#589=ORIENTED_EDGE('',*,*,#1893,.F.);
#590=ORIENTED_EDGE('',*,*,#1894,.F.);
#591=ORIENTED_EDGE('',*,*,#1895,.T.);
#592=ORIENTED_EDGE('',*,*,#1896,.F.);
#593=ORIENTED_EDGE('',*,*,#1897,.F.);
#594=ORIENTED_EDGE('',*,*,#1898,.T.);
#595=ORIENTED_EDGE('',*,*,#1899,.T.);
#596=ORIENTED_EDGE('',*,*,#1900,.F.);
#597=ORIENTED_EDGE('',*,*,#1901,.F.);
#598=ORIENTED_EDGE('',*,*,#1902,.F.);
#599=ORIENTED_EDGE('',*,*,#1903,.F.);
#600=ORIENTED_EDGE('',*,*,#1904,.T.);
#601=ORIENTED_EDGE('',*,*,#1905,.F.);
#602=ORIENTED_EDGE('',*,*,#1906,.F.);
#603=ORIENTED_EDGE('',*,*,#1907,.F.);
#604=ORIENTED_EDGE('',*,*,#1908,.F.);
#605=ORIENTED_EDGE('',*,*,#1909,.F.);
#606=ORIENTED_EDGE('',*,*,#1910,.T.);
#607=ORIENTED_EDGE('',*,*,#1911,.F.);
#608=ORIENTED_EDGE('',*,*,#1912,.F.);
#609=ORIENTED_EDGE('',*,*,#1913,.F.);
#610=ORIENTED_EDGE('',*,*,#1914,.T.);
#611=ORIENTED_EDGE('',*,*,#1915,.F.);
#612=ORIENTED_EDGE('',*,*,#1916,.F.);
#613=ORIENTED_EDGE('',*,*,#1917,.F.);
#614=ORIENTED_EDGE('',*,*,#1918,.T.);
#615=ORIENTED_EDGE('',*,*,#1919,.F.);
#616=ORIENTED_EDGE('',*,*,#1920,.T.);
#617=ORIENTED_EDGE('',*,*,#1921,.F.);
#618=ORIENTED_EDGE('',*,*,#1895,.F.);
#619=ORIENTED_EDGE('',*,*,#1922,.F.);
#620=ORIENTED_EDGE('',*,*,#1891,.F.);
#621=ORIENTED_EDGE('',*,*,#1923,.F.);
#622=ORIENTED_EDGE('',*,*,#1924,.T.);
#623=ORIENTED_EDGE('',*,*,#1925,.F.);
#624=ORIENTED_EDGE('',*,*,#1887,.F.);
#625=ORIENTED_EDGE('',*,*,#1926,.F.);
#626=ORIENTED_EDGE('',*,*,#1927,.T.);
#627=ORIENTED_EDGE('',*,*,#1928,.F.);
#628=ORIENTED_EDGE('',*,*,#1920,.F.);
#629=ORIENTED_EDGE('',*,*,#1929,.F.);
#630=ORIENTED_EDGE('',*,*,#1930,.T.);
#631=ORIENTED_EDGE('',*,*,#1931,.F.);
#632=ORIENTED_EDGE('',*,*,#1924,.F.);
#633=ORIENTED_EDGE('',*,*,#1932,.F.);
#634=ORIENTED_EDGE('',*,*,#1933,.T.);
#635=ORIENTED_EDGE('',*,*,#1934,.F.);
#636=ORIENTED_EDGE('',*,*,#1927,.F.);
#637=ORIENTED_EDGE('',*,*,#1935,.F.);
#638=ORIENTED_EDGE('',*,*,#1936,.T.);
#639=ORIENTED_EDGE('',*,*,#1937,.F.);
#640=ORIENTED_EDGE('',*,*,#1930,.F.);
#641=ORIENTED_EDGE('',*,*,#1938,.T.);
#642=ORIENTED_EDGE('',*,*,#1939,.T.);
#643=ORIENTED_EDGE('',*,*,#1940,.F.);
#644=ORIENTED_EDGE('',*,*,#1933,.F.);
#645=ORIENTED_EDGE('',*,*,#1941,.T.);
#646=ORIENTED_EDGE('',*,*,#1942,.T.);
#647=ORIENTED_EDGE('',*,*,#1943,.F.);
#648=ORIENTED_EDGE('',*,*,#1936,.F.);
#649=ORIENTED_EDGE('',*,*,#1944,.T.);
#650=ORIENTED_EDGE('',*,*,#1945,.T.);
#651=ORIENTED_EDGE('',*,*,#1946,.F.);
#652=ORIENTED_EDGE('',*,*,#1939,.F.);
#653=ORIENTED_EDGE('',*,*,#1947,.F.);
#654=ORIENTED_EDGE('',*,*,#1948,.T.);
#655=ORIENTED_EDGE('',*,*,#1949,.F.);
#656=ORIENTED_EDGE('',*,*,#1942,.F.);
#657=ORIENTED_EDGE('',*,*,#1950,.F.);
#658=ORIENTED_EDGE('',*,*,#1951,.T.);
#659=ORIENTED_EDGE('',*,*,#1952,.F.);
#660=ORIENTED_EDGE('',*,*,#1945,.F.);
#661=ORIENTED_EDGE('',*,*,#1953,.F.);
#662=ORIENTED_EDGE('',*,*,#1954,.T.);
#663=ORIENTED_EDGE('',*,*,#1955,.F.);
#664=ORIENTED_EDGE('',*,*,#1956,.T.);
#665=ORIENTED_EDGE('',*,*,#1957,.F.);
#666=ORIENTED_EDGE('',*,*,#1948,.F.);
#667=ORIENTED_EDGE('',*,*,#1958,.F.);
#668=ORIENTED_EDGE('',*,*,#1951,.F.);
#669=ORIENTED_EDGE('',*,*,#1959,.F.);
#670=ORIENTED_EDGE('',*,*,#1960,.T.);
#671=ORIENTED_EDGE('',*,*,#1961,.F.);
#672=ORIENTED_EDGE('',*,*,#1954,.F.);
#673=ORIENTED_EDGE('',*,*,#1962,.F.);
#674=ORIENTED_EDGE('',*,*,#1963,.T.);
#675=ORIENTED_EDGE('',*,*,#1964,.F.);
#676=ORIENTED_EDGE('',*,*,#1965,.T.);
#677=ORIENTED_EDGE('',*,*,#1966,.F.);
#678=ORIENTED_EDGE('',*,*,#1967,.F.);
#679=ORIENTED_EDGE('',*,*,#1968,.F.);
#680=ORIENTED_EDGE('',*,*,#1969,.F.);
#681=ORIENTED_EDGE('',*,*,#1970,.F.);
#682=ORIENTED_EDGE('',*,*,#1971,.T.);
#683=ORIENTED_EDGE('',*,*,#1972,.F.);
#684=ORIENTED_EDGE('',*,*,#1973,.F.);
#685=ORIENTED_EDGE('',*,*,#1974,.F.);
#686=ORIENTED_EDGE('',*,*,#1975,.T.);
#687=ORIENTED_EDGE('',*,*,#1976,.F.);
#688=ORIENTED_EDGE('',*,*,#1977,.F.);
#689=ORIENTED_EDGE('',*,*,#1978,.F.);
#690=ORIENTED_EDGE('',*,*,#1979,.T.);
#691=ORIENTED_EDGE('',*,*,#1980,.F.);
#692=ORIENTED_EDGE('',*,*,#1965,.F.);
#693=ORIENTED_EDGE('',*,*,#1981,.F.);
#694=ORIENTED_EDGE('',*,*,#1982,.T.);
#695=ORIENTED_EDGE('',*,*,#1983,.F.);
#696=ORIENTED_EDGE('',*,*,#1971,.F.);
#697=ORIENTED_EDGE('',*,*,#1984,.F.);
#698=ORIENTED_EDGE('',*,*,#1985,.T.);
#699=ORIENTED_EDGE('',*,*,#1986,.F.);
#700=ORIENTED_EDGE('',*,*,#1975,.F.);
#701=ORIENTED_EDGE('',*,*,#1987,.F.);
#702=ORIENTED_EDGE('',*,*,#1988,.T.);
#703=ORIENTED_EDGE('',*,*,#1989,.F.);
#704=ORIENTED_EDGE('',*,*,#1979,.F.);
#705=ORIENTED_EDGE('',*,*,#1990,.F.);
#706=ORIENTED_EDGE('',*,*,#1991,.T.);
#707=ORIENTED_EDGE('',*,*,#1992,.F.);
#708=ORIENTED_EDGE('',*,*,#1982,.F.);
#709=ORIENTED_EDGE('',*,*,#1993,.T.);
#710=ORIENTED_EDGE('',*,*,#1994,.T.);
#711=ORIENTED_EDGE('',*,*,#1995,.F.);
#712=ORIENTED_EDGE('',*,*,#1985,.F.);
#713=ORIENTED_EDGE('',*,*,#1996,.T.);
#714=ORIENTED_EDGE('',*,*,#1997,.T.);
#715=ORIENTED_EDGE('',*,*,#1998,.F.);
#716=ORIENTED_EDGE('',*,*,#1988,.F.);
#717=ORIENTED_EDGE('',*,*,#1999,.T.);
#718=ORIENTED_EDGE('',*,*,#2000,.T.);
#719=ORIENTED_EDGE('',*,*,#2001,.F.);
#720=ORIENTED_EDGE('',*,*,#1991,.F.);
#721=ORIENTED_EDGE('',*,*,#2002,.T.);
#722=ORIENTED_EDGE('',*,*,#2003,.T.);
#723=ORIENTED_EDGE('',*,*,#2004,.F.);
#724=ORIENTED_EDGE('',*,*,#1994,.F.);
#725=ORIENTED_EDGE('',*,*,#2005,.F.);
#726=ORIENTED_EDGE('',*,*,#1906,.T.);
#727=ORIENTED_EDGE('',*,*,#2006,.F.);
#728=ORIENTED_EDGE('',*,*,#1997,.F.);
#729=ORIENTED_EDGE('',*,*,#2007,.F.);
#730=ORIENTED_EDGE('',*,*,#1908,.T.);
#731=ORIENTED_EDGE('',*,*,#2008,.F.);
#732=ORIENTED_EDGE('',*,*,#2000,.F.);
#733=ORIENTED_EDGE('',*,*,#2009,.F.);
#734=ORIENTED_EDGE('',*,*,#1912,.T.);
#735=ORIENTED_EDGE('',*,*,#2010,.F.);
#736=ORIENTED_EDGE('',*,*,#2003,.F.);
#737=ORIENTED_EDGE('',*,*,#2011,.F.);
#738=ORIENTED_EDGE('',*,*,#1916,.T.);
#739=ORIENTED_EDGE('',*,*,#2012,.F.);
#740=ORIENTED_EDGE('',*,*,#2013,.F.);
#741=ORIENTED_EDGE('',*,*,#2014,.T.);
#742=ORIENTED_EDGE('',*,*,#2015,.T.);
#743=ORIENTED_EDGE('',*,*,#2016,.F.);
#744=ORIENTED_EDGE('',*,*,#2017,.F.);
#745=ORIENTED_EDGE('',*,*,#2018,.F.);
#746=ORIENTED_EDGE('',*,*,#1910,.F.);
#747=ORIENTED_EDGE('',*,*,#2019,.F.);
#748=ORIENTED_EDGE('',*,*,#2020,.F.);
#749=ORIENTED_EDGE('',*,*,#2021,.F.);
#750=ORIENTED_EDGE('',*,*,#1914,.F.);
#751=ORIENTED_EDGE('',*,*,#2022,.F.);
#752=ORIENTED_EDGE('',*,*,#2023,.F.);
#753=ORIENTED_EDGE('',*,*,#2024,.F.);
#754=ORIENTED_EDGE('',*,*,#1918,.F.);
#755=ORIENTED_EDGE('',*,*,#2025,.F.);
#756=ORIENTED_EDGE('',*,*,#2026,.F.);
#757=ORIENTED_EDGE('',*,*,#2027,.F.);
#758=ORIENTED_EDGE('',*,*,#2015,.F.);
#759=ORIENTED_EDGE('',*,*,#2028,.T.);
#760=ORIENTED_EDGE('',*,*,#1897,.T.);
#761=ORIENTED_EDGE('',*,*,#2029,.F.);
#762=ORIENTED_EDGE('',*,*,#1904,.F.);
#763=ORIENTED_EDGE('',*,*,#2030,.F.);
#764=ORIENTED_EDGE('',*,*,#1899,.F.);
#765=ORIENTED_EDGE('',*,*,#2031,.T.);
#766=ORIENTED_EDGE('',*,*,#2032,.T.);
#767=ORIENTED_EDGE('',*,*,#2033,.F.);
#768=ORIENTED_EDGE('',*,*,#2032,.F.);
#769=ORIENTED_EDGE('',*,*,#2034,.F.);
#770=ORIENTED_EDGE('',*,*,#2035,.T.);
#771=ORIENTED_EDGE('',*,*,#2036,.F.);
#772=ORIENTED_EDGE('',*,*,#2035,.F.);
#773=ORIENTED_EDGE('',*,*,#2037,.T.);
#774=ORIENTED_EDGE('',*,*,#2038,.T.);
#775=ORIENTED_EDGE('',*,*,#2039,.F.);
#776=ORIENTED_EDGE('',*,*,#2038,.F.);
#777=ORIENTED_EDGE('',*,*,#2040,.F.);
#778=ORIENTED_EDGE('',*,*,#2041,.T.);
#779=ORIENTED_EDGE('',*,*,#2042,.F.);
#780=ORIENTED_EDGE('',*,*,#2041,.F.);
#781=ORIENTED_EDGE('',*,*,#2043,.T.);
#782=ORIENTED_EDGE('',*,*,#2044,.T.);
#783=ORIENTED_EDGE('',*,*,#2045,.T.);
#784=ORIENTED_EDGE('',*,*,#2046,.T.);
#785=ORIENTED_EDGE('',*,*,#2026,.T.);
#786=ORIENTED_EDGE('',*,*,#2047,.F.);
#787=ORIENTED_EDGE('',*,*,#1977,.T.);
#788=ORIENTED_EDGE('',*,*,#2048,.T.);
#789=ORIENTED_EDGE('',*,*,#2023,.T.);
#790=ORIENTED_EDGE('',*,*,#2049,.F.);
#791=ORIENTED_EDGE('',*,*,#1973,.T.);
#792=ORIENTED_EDGE('',*,*,#2050,.T.);
#793=ORIENTED_EDGE('',*,*,#2020,.T.);
#794=ORIENTED_EDGE('',*,*,#2051,.F.);
#795=ORIENTED_EDGE('',*,*,#1969,.T.);
#796=ORIENTED_EDGE('',*,*,#2052,.T.);
#797=ORIENTED_EDGE('',*,*,#2017,.T.);
#798=ORIENTED_EDGE('',*,*,#2053,.F.);
#799=ORIENTED_EDGE('',*,*,#1967,.T.);
#800=ORIENTED_EDGE('',*,*,#2054,.F.);
#801=ORIENTED_EDGE('',*,*,#1956,.F.);
#802=ORIENTED_EDGE('',*,*,#2055,.F.);
#803=ORIENTED_EDGE('',*,*,#1893,.T.);
#804=ORIENTED_EDGE('',*,*,#2056,.T.);
#805=ORIENTED_EDGE('',*,*,#1960,.F.);
#806=ORIENTED_EDGE('',*,*,#2057,.F.);
#807=ORIENTED_EDGE('',*,*,#1889,.T.);
#808=ORIENTED_EDGE('',*,*,#2058,.T.);
#809=ORIENTED_EDGE('',*,*,#1963,.F.);
#810=ORIENTED_EDGE('',*,*,#2059,.F.);
#811=ORIENTED_EDGE('',*,*,#1885,.T.);
#812=ORIENTED_EDGE('',*,*,#2060,.T.);
#813=ORIENTED_EDGE('',*,*,#2061,.F.);
#814=ORIENTED_EDGE('',*,*,#2062,.F.);
#815=ORIENTED_EDGE('',*,*,#1901,.T.);
#816=ORIENTED_EDGE('',*,*,#2063,.T.);
#817=ORIENTED_EDGE('',*,*,#2044,.F.);
#818=ORIENTED_EDGE('',*,*,#2064,.T.);
#819=ORIENTED_EDGE('',*,*,#2065,.F.);
#820=ORIENTED_EDGE('',*,*,#2045,.F.);
#821=ORIENTED_EDGE('',*,*,#2066,.T.);
#822=ORIENTED_EDGE('',*,*,#2067,.T.);
#823=ORIENTED_EDGE('',*,*,#2068,.F.);
#824=ORIENTED_EDGE('',*,*,#2067,.F.);
#825=ORIENTED_EDGE('',*,*,#2069,.F.);
#826=ORIENTED_EDGE('',*,*,#2070,.T.);
#827=ORIENTED_EDGE('',*,*,#2071,.F.);
#828=ORIENTED_EDGE('',*,*,#2070,.F.);
#829=ORIENTED_EDGE('',*,*,#2072,.T.);
#830=ORIENTED_EDGE('',*,*,#2073,.T.);
#831=ORIENTED_EDGE('',*,*,#2074,.F.);
#832=ORIENTED_EDGE('',*,*,#2073,.F.);
#833=ORIENTED_EDGE('',*,*,#2075,.F.);
#834=ORIENTED_EDGE('',*,*,#2013,.T.);
#835=ORIENTED_EDGE('',*,*,#2064,.F.);
#836=ORIENTED_EDGE('',*,*,#2043,.F.);
#837=ORIENTED_EDGE('',*,*,#2076,.F.);
#838=ORIENTED_EDGE('',*,*,#2031,.F.);
#839=ORIENTED_EDGE('',*,*,#1898,.F.);
#840=ORIENTED_EDGE('',*,*,#2028,.F.);
#841=ORIENTED_EDGE('',*,*,#2014,.F.);
#842=ORIENTED_EDGE('',*,*,#2077,.F.);
#843=ORIENTED_EDGE('',*,*,#2066,.F.);
#844=ORIENTED_EDGE('',*,*,#1896,.T.);
#845=ORIENTED_EDGE('',*,*,#1921,.T.);
#846=ORIENTED_EDGE('',*,*,#2078,.T.);
#847=ORIENTED_EDGE('',*,*,#1957,.T.);
#848=ORIENTED_EDGE('',*,*,#2054,.T.);
#849=ORIENTED_EDGE('',*,*,#1966,.T.);
#850=ORIENTED_EDGE('',*,*,#2079,.T.);
#851=ORIENTED_EDGE('',*,*,#1905,.T.);
#852=ORIENTED_EDGE('',*,*,#2029,.T.);
#853=ORIENTED_EDGE('',*,*,#1980,.T.);
#854=ORIENTED_EDGE('',*,*,#1992,.T.);
#855=ORIENTED_EDGE('',*,*,#2004,.T.);
#856=ORIENTED_EDGE('',*,*,#2079,.F.);
#857=ORIENTED_EDGE('',*,*,#1928,.T.);
#858=ORIENTED_EDGE('',*,*,#1937,.T.);
#859=ORIENTED_EDGE('',*,*,#1946,.T.);
#860=ORIENTED_EDGE('',*,*,#2078,.F.);
#861=ORIENTED_EDGE('',*,*,#2069,.T.);
#862=ORIENTED_EDGE('',*,*,#2077,.T.);
#863=ORIENTED_EDGE('',*,*,#2075,.T.);
#864=ORIENTED_EDGE('',*,*,#2072,.F.);
#865=ORIENTED_EDGE('',*,*,#2034,.T.);
#866=ORIENTED_EDGE('',*,*,#2076,.T.);
#867=ORIENTED_EDGE('',*,*,#2040,.T.);
#868=ORIENTED_EDGE('',*,*,#2037,.F.);
#869=ORIENTED_EDGE('',*,*,#1990,.T.);
#870=ORIENTED_EDGE('',*,*,#2080,.T.);
#871=ORIENTED_EDGE('',*,*,#2011,.T.);
#872=ORIENTED_EDGE('',*,*,#2002,.F.);
#873=ORIENTED_EDGE('',*,*,#2068,.T.);
#874=ORIENTED_EDGE('',*,*,#2071,.T.);
#875=ORIENTED_EDGE('',*,*,#2074,.T.);
#876=ORIENTED_EDGE('',*,*,#2081,.F.);
#877=ORIENTED_EDGE('',*,*,#2012,.T.);
#878=ORIENTED_EDGE('',*,*,#2027,.T.);
#879=ORIENTED_EDGE('',*,*,#2046,.F.);
#880=ORIENTED_EDGE('',*,*,#2065,.T.);
#881=ORIENTED_EDGE('',*,*,#2081,.T.);
#882=ORIENTED_EDGE('',*,*,#1917,.T.);
#883=ORIENTED_EDGE('',*,*,#2080,.F.);
#884=ORIENTED_EDGE('',*,*,#1978,.T.);
#885=ORIENTED_EDGE('',*,*,#2047,.T.);
#886=ORIENTED_EDGE('',*,*,#2025,.T.);
#887=ORIENTED_EDGE('',*,*,#1987,.T.);
#888=ORIENTED_EDGE('',*,*,#2082,.T.);
#889=ORIENTED_EDGE('',*,*,#2009,.T.);
#890=ORIENTED_EDGE('',*,*,#1999,.F.);
#891=ORIENTED_EDGE('',*,*,#1989,.T.);
#892=ORIENTED_EDGE('',*,*,#2001,.T.);
#893=ORIENTED_EDGE('',*,*,#2010,.T.);
#894=ORIENTED_EDGE('',*,*,#2083,.F.);
#895=ORIENTED_EDGE('',*,*,#1915,.T.);
#896=ORIENTED_EDGE('',*,*,#2024,.T.);
#897=ORIENTED_EDGE('',*,*,#2048,.F.);
#898=ORIENTED_EDGE('',*,*,#1976,.T.);
#899=ORIENTED_EDGE('',*,*,#2083,.T.);
#900=ORIENTED_EDGE('',*,*,#1913,.T.);
#901=ORIENTED_EDGE('',*,*,#2082,.F.);
#902=ORIENTED_EDGE('',*,*,#1974,.T.);
#903=ORIENTED_EDGE('',*,*,#2049,.T.);
#904=ORIENTED_EDGE('',*,*,#2022,.T.);
#905=ORIENTED_EDGE('',*,*,#1984,.T.);
#906=ORIENTED_EDGE('',*,*,#2084,.T.);
#907=ORIENTED_EDGE('',*,*,#2007,.T.);
#908=ORIENTED_EDGE('',*,*,#1996,.F.);
#909=ORIENTED_EDGE('',*,*,#1986,.T.);
#910=ORIENTED_EDGE('',*,*,#1998,.T.);
#911=ORIENTED_EDGE('',*,*,#2008,.T.);
#912=ORIENTED_EDGE('',*,*,#2085,.F.);
#913=ORIENTED_EDGE('',*,*,#1911,.T.);
#914=ORIENTED_EDGE('',*,*,#2021,.T.);
#915=ORIENTED_EDGE('',*,*,#2050,.F.);
#916=ORIENTED_EDGE('',*,*,#1972,.T.);
#917=ORIENTED_EDGE('',*,*,#2085,.T.);
#918=ORIENTED_EDGE('',*,*,#1909,.T.);
#919=ORIENTED_EDGE('',*,*,#2084,.F.);
#920=ORIENTED_EDGE('',*,*,#1970,.T.);
#921=ORIENTED_EDGE('',*,*,#2051,.T.);
#922=ORIENTED_EDGE('',*,*,#2019,.T.);
#923=ORIENTED_EDGE('',*,*,#1981,.T.);
#924=ORIENTED_EDGE('',*,*,#2086,.T.);
#925=ORIENTED_EDGE('',*,*,#2005,.T.);
#926=ORIENTED_EDGE('',*,*,#1993,.F.);
#927=ORIENTED_EDGE('',*,*,#1983,.T.);
#928=ORIENTED_EDGE('',*,*,#1995,.T.);
#929=ORIENTED_EDGE('',*,*,#2006,.T.);
#930=ORIENTED_EDGE('',*,*,#2087,.F.);
#931=ORIENTED_EDGE('',*,*,#1907,.T.);
#932=ORIENTED_EDGE('',*,*,#2018,.T.);
#933=ORIENTED_EDGE('',*,*,#2052,.F.);
#934=ORIENTED_EDGE('',*,*,#1968,.T.);
#935=ORIENTED_EDGE('',*,*,#2087,.T.);
#936=ORIENTED_EDGE('',*,*,#1903,.T.);
#937=ORIENTED_EDGE('',*,*,#2086,.F.);
#938=ORIENTED_EDGE('',*,*,#1964,.T.);
#939=ORIENTED_EDGE('',*,*,#2053,.T.);
#940=ORIENTED_EDGE('',*,*,#2016,.T.);
#941=ORIENTED_EDGE('',*,*,#1900,.T.);
#942=ORIENTED_EDGE('',*,*,#2030,.T.);
#943=ORIENTED_EDGE('',*,*,#2088,.T.);
#944=ORIENTED_EDGE('',*,*,#2042,.T.);
#945=ORIENTED_EDGE('',*,*,#2063,.F.);
#946=ORIENTED_EDGE('',*,*,#2033,.T.);
#947=ORIENTED_EDGE('',*,*,#2036,.T.);
#948=ORIENTED_EDGE('',*,*,#2039,.T.);
#949=ORIENTED_EDGE('',*,*,#2088,.F.);
#950=ORIENTED_EDGE('',*,*,#1886,.T.);
#951=ORIENTED_EDGE('',*,*,#2059,.T.);
#952=ORIENTED_EDGE('',*,*,#1962,.T.);
#953=ORIENTED_EDGE('',*,*,#2089,.F.);
#954=ORIENTED_EDGE('',*,*,#1926,.T.);
#955=ORIENTED_EDGE('',*,*,#1935,.T.);
#956=ORIENTED_EDGE('',*,*,#2089,.T.);
#957=ORIENTED_EDGE('',*,*,#1953,.T.);
#958=ORIENTED_EDGE('',*,*,#1944,.F.);
#959=ORIENTED_EDGE('',*,*,#1888,.T.);
#960=ORIENTED_EDGE('',*,*,#1925,.T.);
#961=ORIENTED_EDGE('',*,*,#2090,.T.);
#962=ORIENTED_EDGE('',*,*,#1961,.T.);
#963=ORIENTED_EDGE('',*,*,#2058,.F.);
#964=ORIENTED_EDGE('',*,*,#1890,.T.);
#965=ORIENTED_EDGE('',*,*,#2057,.T.);
#966=ORIENTED_EDGE('',*,*,#1959,.T.);
#967=ORIENTED_EDGE('',*,*,#2091,.F.);
#968=ORIENTED_EDGE('',*,*,#1923,.T.);
#969=ORIENTED_EDGE('',*,*,#1934,.T.);
#970=ORIENTED_EDGE('',*,*,#1943,.T.);
#971=ORIENTED_EDGE('',*,*,#1952,.T.);
#972=ORIENTED_EDGE('',*,*,#2090,.F.);
#973=ORIENTED_EDGE('',*,*,#1932,.T.);
#974=ORIENTED_EDGE('',*,*,#2091,.T.);
#975=ORIENTED_EDGE('',*,*,#1950,.T.);
#976=ORIENTED_EDGE('',*,*,#1941,.F.);
#977=ORIENTED_EDGE('',*,*,#1894,.T.);
#978=ORIENTED_EDGE('',*,*,#2055,.T.);
#979=ORIENTED_EDGE('',*,*,#1955,.T.);
#980=ORIENTED_EDGE('',*,*,#2092,.F.);
#981=ORIENTED_EDGE('',*,*,#1919,.T.);
#982=ORIENTED_EDGE('',*,*,#1892,.T.);
#983=ORIENTED_EDGE('',*,*,#1922,.T.);
#984=ORIENTED_EDGE('',*,*,#2093,.T.);
#985=ORIENTED_EDGE('',*,*,#1958,.T.);
#986=ORIENTED_EDGE('',*,*,#2056,.F.);
#987=ORIENTED_EDGE('',*,*,#1929,.T.);
#988=ORIENTED_EDGE('',*,*,#2092,.T.);
#989=ORIENTED_EDGE('',*,*,#1947,.T.);
#990=ORIENTED_EDGE('',*,*,#1938,.F.);
#991=ORIENTED_EDGE('',*,*,#1931,.T.);
#992=ORIENTED_EDGE('',*,*,#1940,.T.);
#993=ORIENTED_EDGE('',*,*,#1949,.T.);
#994=ORIENTED_EDGE('',*,*,#2093,.F.);
#995=ORIENTED_EDGE('',*,*,#1902,.T.);
#996=ORIENTED_EDGE('',*,*,#2062,.T.);
#997=ORIENTED_EDGE('',*,*,#2094,.F.);
#998=ORIENTED_EDGE('',*,*,#2095,.T.);
#999=ORIENTED_EDGE('',*,*,#2060,.F.);
#1000=ORIENTED_EDGE('',*,*,#1884,.F.);
#1001=ORIENTED_EDGE('',*,*,#1883,.T.);
#1002=ORIENTED_EDGE('',*,*,#2094,.T.);
#1003=ORIENTED_EDGE('',*,*,#2061,.T.);
#1004=ORIENTED_EDGE('',*,*,#2095,.F.);
#1005=ORIENTED_EDGE('',*,*,#2096,.F.);
#1006=ORIENTED_EDGE('',*,*,#2097,.F.);
#1007=ORIENTED_EDGE('',*,*,#2098,.T.);
#1008=ORIENTED_EDGE('',*,*,#2099,.T.);
#1009=ORIENTED_EDGE('',*,*,#2100,.F.);
#1010=ORIENTED_EDGE('',*,*,#2101,.F.);
#1011=ORIENTED_EDGE('',*,*,#2102,.F.);
#1012=ORIENTED_EDGE('',*,*,#2103,.F.);
#1013=ORIENTED_EDGE('',*,*,#2104,.F.);
#1014=ORIENTED_EDGE('',*,*,#2105,.F.);
#1015=ORIENTED_EDGE('',*,*,#2106,.F.);
#1016=ORIENTED_EDGE('',*,*,#2107,.F.);
#1017=ORIENTED_EDGE('',*,*,#2108,.F.);
#1018=ORIENTED_EDGE('',*,*,#2109,.F.);
#1019=ORIENTED_EDGE('',*,*,#2110,.F.);
#1020=ORIENTED_EDGE('',*,*,#2111,.F.);
#1021=ORIENTED_EDGE('',*,*,#2112,.F.);
#1022=ORIENTED_EDGE('',*,*,#2113,.F.);
#1023=ORIENTED_EDGE('',*,*,#2114,.F.);
#1024=ORIENTED_EDGE('',*,*,#2115,.F.);
#1025=ORIENTED_EDGE('',*,*,#2116,.F.);
#1026=ORIENTED_EDGE('',*,*,#2117,.T.);
#1027=ORIENTED_EDGE('',*,*,#2118,.F.);
#1028=ORIENTED_EDGE('',*,*,#2119,.F.);
#1029=ORIENTED_EDGE('',*,*,#2120,.F.);
#1030=ORIENTED_EDGE('',*,*,#2121,.F.);
#1031=ORIENTED_EDGE('',*,*,#2122,.T.);
#1032=ORIENTED_EDGE('',*,*,#2123,.T.);
#1033=ORIENTED_EDGE('',*,*,#2124,.F.);
#1034=ORIENTED_EDGE('',*,*,#2125,.T.);
#1035=ORIENTED_EDGE('',*,*,#2126,.F.);
#1036=ORIENTED_EDGE('',*,*,#2127,.F.);
#1037=ORIENTED_EDGE('',*,*,#2128,.F.);
#1038=ORIENTED_EDGE('',*,*,#2129,.T.);
#1039=ORIENTED_EDGE('',*,*,#2130,.F.);
#1040=ORIENTED_EDGE('',*,*,#2131,.F.);
#1041=ORIENTED_EDGE('',*,*,#2132,.F.);
#1042=ORIENTED_EDGE('',*,*,#2133,.T.);
#1043=ORIENTED_EDGE('',*,*,#2134,.F.);
#1044=ORIENTED_EDGE('',*,*,#2135,.F.);
#1045=ORIENTED_EDGE('',*,*,#2136,.F.);
#1046=ORIENTED_EDGE('',*,*,#2123,.F.);
#1047=ORIENTED_EDGE('',*,*,#2137,.T.);
#1048=ORIENTED_EDGE('',*,*,#2138,.T.);
#1049=ORIENTED_EDGE('',*,*,#2139,.F.);
#1050=ORIENTED_EDGE('',*,*,#2140,.T.);
#1051=ORIENTED_EDGE('',*,*,#2141,.F.);
#1052=ORIENTED_EDGE('',*,*,#2125,.F.);
#1053=ORIENTED_EDGE('',*,*,#2142,.F.);
#1054=ORIENTED_EDGE('',*,*,#2143,.T.);
#1055=ORIENTED_EDGE('',*,*,#2144,.F.);
#1056=ORIENTED_EDGE('',*,*,#2129,.F.);
#1057=ORIENTED_EDGE('',*,*,#2145,.F.);
#1058=ORIENTED_EDGE('',*,*,#2146,.T.);
#1059=ORIENTED_EDGE('',*,*,#2147,.F.);
#1060=ORIENTED_EDGE('',*,*,#2133,.F.);
#1061=ORIENTED_EDGE('',*,*,#2148,.F.);
#1062=ORIENTED_EDGE('',*,*,#2138,.F.);
#1063=ORIENTED_EDGE('',*,*,#2149,.T.);
#1064=ORIENTED_EDGE('',*,*,#2150,.T.);
#1065=ORIENTED_EDGE('',*,*,#2151,.F.);
#1066=ORIENTED_EDGE('',*,*,#2152,.T.);
#1067=ORIENTED_EDGE('',*,*,#2153,.F.);
#1068=ORIENTED_EDGE('',*,*,#2140,.F.);
#1069=ORIENTED_EDGE('',*,*,#2154,.F.);
#1070=ORIENTED_EDGE('',*,*,#2155,.T.);
#1071=ORIENTED_EDGE('',*,*,#2156,.F.);
#1072=ORIENTED_EDGE('',*,*,#2143,.F.);
#1073=ORIENTED_EDGE('',*,*,#2157,.F.);
#1074=ORIENTED_EDGE('',*,*,#2158,.T.);
#1075=ORIENTED_EDGE('',*,*,#2159,.F.);
#1076=ORIENTED_EDGE('',*,*,#2146,.F.);
#1077=ORIENTED_EDGE('',*,*,#2160,.F.);
#1078=ORIENTED_EDGE('',*,*,#2150,.F.);
#1079=ORIENTED_EDGE('',*,*,#2161,.T.);
#1080=ORIENTED_EDGE('',*,*,#2162,.T.);
#1081=ORIENTED_EDGE('',*,*,#2163,.F.);
#1082=ORIENTED_EDGE('',*,*,#2164,.T.);
#1083=ORIENTED_EDGE('',*,*,#2165,.F.);
#1084=ORIENTED_EDGE('',*,*,#2152,.F.);
#1085=ORIENTED_EDGE('',*,*,#2166,.F.);
#1086=ORIENTED_EDGE('',*,*,#2167,.T.);
#1087=ORIENTED_EDGE('',*,*,#2168,.F.);
#1088=ORIENTED_EDGE('',*,*,#2155,.F.);
#1089=ORIENTED_EDGE('',*,*,#2169,.F.);
#1090=ORIENTED_EDGE('',*,*,#2170,.T.);
#1091=ORIENTED_EDGE('',*,*,#2171,.F.);
#1092=ORIENTED_EDGE('',*,*,#2158,.F.);
#1093=ORIENTED_EDGE('',*,*,#2172,.F.);
#1094=ORIENTED_EDGE('',*,*,#2162,.F.);
#1095=ORIENTED_EDGE('',*,*,#2173,.T.);
#1096=ORIENTED_EDGE('',*,*,#2174,.T.);
#1097=ORIENTED_EDGE('',*,*,#2175,.F.);
#1098=ORIENTED_EDGE('',*,*,#2176,.T.);
#1099=ORIENTED_EDGE('',*,*,#2177,.F.);
#1100=ORIENTED_EDGE('',*,*,#2164,.F.);
#1101=ORIENTED_EDGE('',*,*,#2178,.F.);
#1102=ORIENTED_EDGE('',*,*,#2179,.T.);
#1103=ORIENTED_EDGE('',*,*,#2180,.F.);
#1104=ORIENTED_EDGE('',*,*,#2167,.F.);
#1105=ORIENTED_EDGE('',*,*,#2181,.F.);
#1106=ORIENTED_EDGE('',*,*,#2182,.T.);
#1107=ORIENTED_EDGE('',*,*,#2183,.F.);
#1108=ORIENTED_EDGE('',*,*,#2170,.F.);
#1109=ORIENTED_EDGE('',*,*,#2184,.F.);
#1110=ORIENTED_EDGE('',*,*,#2185,.F.);
#1111=ORIENTED_EDGE('',*,*,#2186,.T.);
#1112=ORIENTED_EDGE('',*,*,#2187,.T.);
#1113=ORIENTED_EDGE('',*,*,#2188,.F.);
#1114=ORIENTED_EDGE('',*,*,#2189,.T.);
#1115=ORIENTED_EDGE('',*,*,#2190,.F.);
#1116=ORIENTED_EDGE('',*,*,#2191,.F.);
#1117=ORIENTED_EDGE('',*,*,#2192,.F.);
#1118=ORIENTED_EDGE('',*,*,#2193,.T.);
#1119=ORIENTED_EDGE('',*,*,#2194,.F.);
#1120=ORIENTED_EDGE('',*,*,#2195,.F.);
#1121=ORIENTED_EDGE('',*,*,#2196,.F.);
#1122=ORIENTED_EDGE('',*,*,#2187,.F.);
#1123=ORIENTED_EDGE('',*,*,#2197,.T.);
#1124=ORIENTED_EDGE('',*,*,#2198,.T.);
#1125=ORIENTED_EDGE('',*,*,#2199,.F.);
#1126=ORIENTED_EDGE('',*,*,#2200,.T.);
#1127=ORIENTED_EDGE('',*,*,#2201,.F.);
#1128=ORIENTED_EDGE('',*,*,#2189,.F.);
#1129=ORIENTED_EDGE('',*,*,#2202,.F.);
#1130=ORIENTED_EDGE('',*,*,#2203,.T.);
#1131=ORIENTED_EDGE('',*,*,#2204,.F.);
#1132=ORIENTED_EDGE('',*,*,#2193,.F.);
#1133=ORIENTED_EDGE('',*,*,#2205,.F.);
#1134=ORIENTED_EDGE('',*,*,#2198,.F.);
#1135=ORIENTED_EDGE('',*,*,#2206,.T.);
#1136=ORIENTED_EDGE('',*,*,#2207,.T.);
#1137=ORIENTED_EDGE('',*,*,#2208,.F.);
#1138=ORIENTED_EDGE('',*,*,#2209,.T.);
#1139=ORIENTED_EDGE('',*,*,#2210,.F.);
#1140=ORIENTED_EDGE('',*,*,#2200,.F.);
#1141=ORIENTED_EDGE('',*,*,#2211,.F.);
#1142=ORIENTED_EDGE('',*,*,#2212,.T.);
#1143=ORIENTED_EDGE('',*,*,#2213,.F.);
#1144=ORIENTED_EDGE('',*,*,#2203,.F.);
#1145=ORIENTED_EDGE('',*,*,#2214,.F.);
#1146=ORIENTED_EDGE('',*,*,#2207,.F.);
#1147=ORIENTED_EDGE('',*,*,#2215,.T.);
#1148=ORIENTED_EDGE('',*,*,#2216,.T.);
#1149=ORIENTED_EDGE('',*,*,#2217,.F.);
#1150=ORIENTED_EDGE('',*,*,#2218,.T.);
#1151=ORIENTED_EDGE('',*,*,#2219,.F.);
#1152=ORIENTED_EDGE('',*,*,#2209,.F.);
#1153=ORIENTED_EDGE('',*,*,#2220,.F.);
#1154=ORIENTED_EDGE('',*,*,#2221,.T.);
#1155=ORIENTED_EDGE('',*,*,#2222,.F.);
#1156=ORIENTED_EDGE('',*,*,#2212,.F.);
#1157=ORIENTED_EDGE('',*,*,#2223,.F.);
#1158=ORIENTED_EDGE('',*,*,#2216,.F.);
#1159=ORIENTED_EDGE('',*,*,#2224,.T.);
#1160=ORIENTED_EDGE('',*,*,#2097,.T.);
#1161=ORIENTED_EDGE('',*,*,#2225,.F.);
#1162=ORIENTED_EDGE('',*,*,#2109,.T.);
#1163=ORIENTED_EDGE('',*,*,#2226,.F.);
#1164=ORIENTED_EDGE('',*,*,#2218,.F.);
#1165=ORIENTED_EDGE('',*,*,#2227,.F.);
#1166=ORIENTED_EDGE('',*,*,#2105,.T.);
#1167=ORIENTED_EDGE('',*,*,#2228,.F.);
#1168=ORIENTED_EDGE('',*,*,#2221,.F.);
#1169=ORIENTED_EDGE('',*,*,#2229,.F.);
#1170=ORIENTED_EDGE('',*,*,#2230,.T.);
#1171=ORIENTED_EDGE('',*,*,#2231,.F.);
#1172=ORIENTED_EDGE('',*,*,#2232,.F.);
#1173=ORIENTED_EDGE('',*,*,#2233,.F.);
#1174=ORIENTED_EDGE('',*,*,#2234,.T.);
#1175=ORIENTED_EDGE('',*,*,#2235,.F.);
#1176=ORIENTED_EDGE('',*,*,#2230,.F.);
#1177=ORIENTED_EDGE('',*,*,#2236,.F.);
#1178=ORIENTED_EDGE('',*,*,#2237,.T.);
#1179=ORIENTED_EDGE('',*,*,#2238,.F.);
#1180=ORIENTED_EDGE('',*,*,#2234,.F.);
#1181=ORIENTED_EDGE('',*,*,#2239,.F.);
#1182=ORIENTED_EDGE('',*,*,#2240,.T.);
#1183=ORIENTED_EDGE('',*,*,#2241,.F.);
#1184=ORIENTED_EDGE('',*,*,#2237,.F.);
#1185=ORIENTED_EDGE('',*,*,#2242,.F.);
#1186=ORIENTED_EDGE('',*,*,#2243,.T.);
#1187=ORIENTED_EDGE('',*,*,#2244,.F.);
#1188=ORIENTED_EDGE('',*,*,#2240,.F.);
#1189=ORIENTED_EDGE('',*,*,#2243,.F.);
#1190=ORIENTED_EDGE('',*,*,#2245,.T.);
#1191=ORIENTED_EDGE('',*,*,#2246,.T.);
#1192=ORIENTED_EDGE('',*,*,#2247,.F.);
#1193=ORIENTED_EDGE('',*,*,#2182,.F.);
#1194=ORIENTED_EDGE('',*,*,#2248,.T.);
#1195=ORIENTED_EDGE('',*,*,#2249,.T.);
#1196=ORIENTED_EDGE('',*,*,#2250,.F.);
#1197=ORIENTED_EDGE('',*,*,#2179,.F.);
#1198=ORIENTED_EDGE('',*,*,#2251,.T.);
#1199=ORIENTED_EDGE('',*,*,#2252,.T.);
#1200=ORIENTED_EDGE('',*,*,#2253,.F.);
#1201=ORIENTED_EDGE('',*,*,#2176,.F.);
#1202=ORIENTED_EDGE('',*,*,#2254,.T.);
#1203=ORIENTED_EDGE('',*,*,#2255,.T.);
#1204=ORIENTED_EDGE('',*,*,#2256,.F.);
#1205=ORIENTED_EDGE('',*,*,#2174,.F.);
#1206=ORIENTED_EDGE('',*,*,#2257,.T.);
#1207=ORIENTED_EDGE('',*,*,#2185,.T.);
#1208=ORIENTED_EDGE('',*,*,#2258,.F.);
#1209=ORIENTED_EDGE('',*,*,#2115,.T.);
#1210=ORIENTED_EDGE('',*,*,#2259,.T.);
#1211=ORIENTED_EDGE('',*,*,#2260,.T.);
#1212=ORIENTED_EDGE('',*,*,#2261,.T.);
#1213=ORIENTED_EDGE('',*,*,#2262,.F.);
#1214=ORIENTED_EDGE('',*,*,#2263,.F.);
#1215=ORIENTED_EDGE('',*,*,#2111,.T.);
#1216=ORIENTED_EDGE('',*,*,#2264,.T.);
#1217=ORIENTED_EDGE('',*,*,#2191,.T.);
#1218=ORIENTED_EDGE('',*,*,#2265,.F.);
#1219=ORIENTED_EDGE('',*,*,#2107,.T.);
#1220=ORIENTED_EDGE('',*,*,#2266,.T.);
#1221=ORIENTED_EDGE('',*,*,#2195,.T.);
#1222=ORIENTED_EDGE('',*,*,#2267,.F.);
#1223=ORIENTED_EDGE('',*,*,#2103,.T.);
#1224=ORIENTED_EDGE('',*,*,#2268,.T.);
#1225=ORIENTED_EDGE('',*,*,#2269,.T.);
#1226=ORIENTED_EDGE('',*,*,#2270,.F.);
#1227=ORIENTED_EDGE('',*,*,#2271,.F.);
#1228=ORIENTED_EDGE('',*,*,#2272,.T.);
#1229=ORIENTED_EDGE('',*,*,#2273,.F.);
#1230=ORIENTED_EDGE('',*,*,#2269,.F.);
#1231=ORIENTED_EDGE('',*,*,#2274,.F.);
#1232=ORIENTED_EDGE('',*,*,#2275,.T.);
#1233=ORIENTED_EDGE('',*,*,#2276,.F.);
#1234=ORIENTED_EDGE('',*,*,#2272,.F.);
#1235=ORIENTED_EDGE('',*,*,#2277,.F.);
#1236=ORIENTED_EDGE('',*,*,#2278,.T.);
#1237=ORIENTED_EDGE('',*,*,#2279,.F.);
#1238=ORIENTED_EDGE('',*,*,#2275,.F.);
#1239=ORIENTED_EDGE('',*,*,#2280,.F.);
#1240=ORIENTED_EDGE('',*,*,#2281,.T.);
#1241=ORIENTED_EDGE('',*,*,#2282,.F.);
#1242=ORIENTED_EDGE('',*,*,#2278,.F.);
#1243=ORIENTED_EDGE('',*,*,#2283,.F.);
#1244=ORIENTED_EDGE('',*,*,#2101,.T.);
#1245=ORIENTED_EDGE('',*,*,#2284,.F.);
#1246=ORIENTED_EDGE('',*,*,#2281,.F.);
#1247=ORIENTED_EDGE('',*,*,#2285,.F.);
#1248=ORIENTED_EDGE('',*,*,#2255,.F.);
#1249=ORIENTED_EDGE('',*,*,#2286,.F.);
#1250=ORIENTED_EDGE('',*,*,#2127,.T.);
#1251=ORIENTED_EDGE('',*,*,#2287,.F.);
#1252=ORIENTED_EDGE('',*,*,#2252,.F.);
#1253=ORIENTED_EDGE('',*,*,#2288,.F.);
#1254=ORIENTED_EDGE('',*,*,#2131,.T.);
#1255=ORIENTED_EDGE('',*,*,#2289,.F.);
#1256=ORIENTED_EDGE('',*,*,#2249,.F.);
#1257=ORIENTED_EDGE('',*,*,#2290,.F.);
#1258=ORIENTED_EDGE('',*,*,#2135,.T.);
#1259=ORIENTED_EDGE('',*,*,#2291,.F.);
#1260=ORIENTED_EDGE('',*,*,#2246,.F.);
#1261=ORIENTED_EDGE('',*,*,#2292,.F.);
#1262=ORIENTED_EDGE('',*,*,#2232,.T.);
#1263=ORIENTED_EDGE('',*,*,#2293,.F.);
#1264=ORIENTED_EDGE('',*,*,#2099,.F.);
#1265=ORIENTED_EDGE('',*,*,#2294,.T.);
#1266=ORIENTED_EDGE('',*,*,#2121,.T.);
#1267=ORIENTED_EDGE('',*,*,#2294,.F.);
#1268=ORIENTED_EDGE('',*,*,#2098,.F.);
#1269=ORIENTED_EDGE('',*,*,#2224,.F.);
#1270=ORIENTED_EDGE('',*,*,#2215,.F.);
#1271=ORIENTED_EDGE('',*,*,#2206,.F.);
#1272=ORIENTED_EDGE('',*,*,#2197,.F.);
#1273=ORIENTED_EDGE('',*,*,#2186,.F.);
#1274=ORIENTED_EDGE('',*,*,#2257,.F.);
#1275=ORIENTED_EDGE('',*,*,#2173,.F.);
#1276=ORIENTED_EDGE('',*,*,#2161,.F.);
#1277=ORIENTED_EDGE('',*,*,#2149,.F.);
#1278=ORIENTED_EDGE('',*,*,#2137,.F.);
#1279=ORIENTED_EDGE('',*,*,#2122,.F.);
#1280=ORIENTED_EDGE('',*,*,#2270,.T.);
#1281=ORIENTED_EDGE('',*,*,#2273,.T.);
#1282=ORIENTED_EDGE('',*,*,#2276,.T.);
#1283=ORIENTED_EDGE('',*,*,#2279,.T.);
#1284=ORIENTED_EDGE('',*,*,#2282,.T.);
#1285=ORIENTED_EDGE('',*,*,#2284,.T.);
#1286=ORIENTED_EDGE('',*,*,#2100,.T.);
#1287=ORIENTED_EDGE('',*,*,#2293,.T.);
#1288=ORIENTED_EDGE('',*,*,#2231,.T.);
#1289=ORIENTED_EDGE('',*,*,#2235,.T.);
#1290=ORIENTED_EDGE('',*,*,#2238,.T.);
#1291=ORIENTED_EDGE('',*,*,#2241,.T.);
#1292=ORIENTED_EDGE('',*,*,#2244,.T.);
#1293=ORIENTED_EDGE('',*,*,#2242,.T.);
#1294=ORIENTED_EDGE('',*,*,#2239,.T.);
#1295=ORIENTED_EDGE('',*,*,#2236,.T.);
#1296=ORIENTED_EDGE('',*,*,#2233,.T.);
#1297=ORIENTED_EDGE('',*,*,#2229,.T.);
#1298=ORIENTED_EDGE('',*,*,#2292,.T.);
#1299=ORIENTED_EDGE('',*,*,#2245,.F.);
#1300=ORIENTED_EDGE('',*,*,#2183,.T.);
#1301=ORIENTED_EDGE('',*,*,#2247,.T.);
#1302=ORIENTED_EDGE('',*,*,#2291,.T.);
#1303=ORIENTED_EDGE('',*,*,#2134,.T.);
#1304=ORIENTED_EDGE('',*,*,#2147,.T.);
#1305=ORIENTED_EDGE('',*,*,#2159,.T.);
#1306=ORIENTED_EDGE('',*,*,#2171,.T.);
#1307=ORIENTED_EDGE('',*,*,#2181,.T.);
#1308=ORIENTED_EDGE('',*,*,#2169,.T.);
#1309=ORIENTED_EDGE('',*,*,#2157,.T.);
#1310=ORIENTED_EDGE('',*,*,#2145,.T.);
#1311=ORIENTED_EDGE('',*,*,#2132,.T.);
#1312=ORIENTED_EDGE('',*,*,#2290,.T.);
#1313=ORIENTED_EDGE('',*,*,#2248,.F.);
#1314=ORIENTED_EDGE('',*,*,#2180,.T.);
#1315=ORIENTED_EDGE('',*,*,#2250,.T.);
#1316=ORIENTED_EDGE('',*,*,#2289,.T.);
#1317=ORIENTED_EDGE('',*,*,#2130,.T.);
#1318=ORIENTED_EDGE('',*,*,#2144,.T.);
#1319=ORIENTED_EDGE('',*,*,#2156,.T.);
#1320=ORIENTED_EDGE('',*,*,#2168,.T.);
#1321=ORIENTED_EDGE('',*,*,#2178,.T.);
#1322=ORIENTED_EDGE('',*,*,#2166,.T.);
#1323=ORIENTED_EDGE('',*,*,#2154,.T.);
#1324=ORIENTED_EDGE('',*,*,#2142,.T.);
#1325=ORIENTED_EDGE('',*,*,#2128,.T.);
#1326=ORIENTED_EDGE('',*,*,#2288,.T.);
#1327=ORIENTED_EDGE('',*,*,#2251,.F.);
#1328=ORIENTED_EDGE('',*,*,#2177,.T.);
#1329=ORIENTED_EDGE('',*,*,#2253,.T.);
#1330=ORIENTED_EDGE('',*,*,#2287,.T.);
#1331=ORIENTED_EDGE('',*,*,#2126,.T.);
#1332=ORIENTED_EDGE('',*,*,#2141,.T.);
#1333=ORIENTED_EDGE('',*,*,#2153,.T.);
#1334=ORIENTED_EDGE('',*,*,#2165,.T.);
#1335=ORIENTED_EDGE('',*,*,#2175,.T.);
#1336=ORIENTED_EDGE('',*,*,#2163,.T.);
#1337=ORIENTED_EDGE('',*,*,#2151,.T.);
#1338=ORIENTED_EDGE('',*,*,#2139,.T.);
#1339=ORIENTED_EDGE('',*,*,#2124,.T.);
#1340=ORIENTED_EDGE('',*,*,#2286,.T.);
#1341=ORIENTED_EDGE('',*,*,#2254,.F.);
#1342=ORIENTED_EDGE('',*,*,#2172,.T.);
#1343=ORIENTED_EDGE('',*,*,#2256,.T.);
#1344=ORIENTED_EDGE('',*,*,#2285,.T.);
#1345=ORIENTED_EDGE('',*,*,#2120,.T.);
#1346=ORIENTED_EDGE('',*,*,#2136,.T.);
#1347=ORIENTED_EDGE('',*,*,#2148,.T.);
#1348=ORIENTED_EDGE('',*,*,#2160,.T.);
#1349=ORIENTED_EDGE('',*,*,#2271,.T.);
#1350=ORIENTED_EDGE('',*,*,#2268,.F.);
#1351=ORIENTED_EDGE('',*,*,#2102,.T.);
#1352=ORIENTED_EDGE('',*,*,#2283,.T.);
#1353=ORIENTED_EDGE('',*,*,#2280,.T.);
#1354=ORIENTED_EDGE('',*,*,#2277,.T.);
#1355=ORIENTED_EDGE('',*,*,#2274,.T.);
#1356=ORIENTED_EDGE('',*,*,#2194,.T.);
#1357=ORIENTED_EDGE('',*,*,#2204,.T.);
#1358=ORIENTED_EDGE('',*,*,#2213,.T.);
#1359=ORIENTED_EDGE('',*,*,#2222,.T.);
#1360=ORIENTED_EDGE('',*,*,#2228,.T.);
#1361=ORIENTED_EDGE('',*,*,#2104,.T.);
#1362=ORIENTED_EDGE('',*,*,#2267,.T.);
#1363=ORIENTED_EDGE('',*,*,#2192,.T.);
#1364=ORIENTED_EDGE('',*,*,#2266,.F.);
#1365=ORIENTED_EDGE('',*,*,#2106,.T.);
#1366=ORIENTED_EDGE('',*,*,#2227,.T.);
#1367=ORIENTED_EDGE('',*,*,#2220,.T.);
#1368=ORIENTED_EDGE('',*,*,#2211,.T.);
#1369=ORIENTED_EDGE('',*,*,#2202,.T.);
#1370=ORIENTED_EDGE('',*,*,#2190,.T.);
#1371=ORIENTED_EDGE('',*,*,#2201,.T.);
#1372=ORIENTED_EDGE('',*,*,#2210,.T.);
#1373=ORIENTED_EDGE('',*,*,#2219,.T.);
#1374=ORIENTED_EDGE('',*,*,#2226,.T.);
#1375=ORIENTED_EDGE('',*,*,#2108,.T.);
#1376=ORIENTED_EDGE('',*,*,#2265,.T.);
#1377=ORIENTED_EDGE('',*,*,#2188,.T.);
#1378=ORIENTED_EDGE('',*,*,#2264,.F.);
#1379=ORIENTED_EDGE('',*,*,#2110,.T.);
#1380=ORIENTED_EDGE('',*,*,#2225,.T.);
#1381=ORIENTED_EDGE('',*,*,#2217,.T.);
#1382=ORIENTED_EDGE('',*,*,#2208,.T.);
#1383=ORIENTED_EDGE('',*,*,#2199,.T.);
#1384=ORIENTED_EDGE('',*,*,#2263,.T.);
#1385=ORIENTED_EDGE('',*,*,#2295,.T.);
#1386=ORIENTED_EDGE('',*,*,#2296,.T.);
#1387=ORIENTED_EDGE('',*,*,#2112,.T.);
#1388=ORIENTED_EDGE('',*,*,#2184,.T.);
#1389=ORIENTED_EDGE('',*,*,#2196,.T.);
#1390=ORIENTED_EDGE('',*,*,#2205,.T.);
#1391=ORIENTED_EDGE('',*,*,#2214,.T.);
#1392=ORIENTED_EDGE('',*,*,#2223,.T.);
#1393=ORIENTED_EDGE('',*,*,#2096,.T.);
#1394=ORIENTED_EDGE('',*,*,#2258,.T.);
#1395=ORIENTED_EDGE('',*,*,#2297,.F.);
#1396=ORIENTED_EDGE('',*,*,#2298,.T.);
#1397=ORIENTED_EDGE('',*,*,#2259,.F.);
#1398=ORIENTED_EDGE('',*,*,#2114,.T.);
#1399=ORIENTED_EDGE('',*,*,#2261,.F.);
#1400=ORIENTED_EDGE('',*,*,#2299,.T.);
#1401=ORIENTED_EDGE('',*,*,#2118,.T.);
#1402=ORIENTED_EDGE('',*,*,#2300,.F.);
#1403=ORIENTED_EDGE('',*,*,#2116,.T.);
#1404=ORIENTED_EDGE('',*,*,#2301,.T.);
#1405=ORIENTED_EDGE('',*,*,#2298,.F.);
#1406=ORIENTED_EDGE('',*,*,#2302,.F.);
#1407=ORIENTED_EDGE('',*,*,#2295,.F.);
#1408=ORIENTED_EDGE('',*,*,#2303,.F.);
#1409=ORIENTED_EDGE('',*,*,#2113,.T.);
#1410=ORIENTED_EDGE('',*,*,#2296,.F.);
#1411=ORIENTED_EDGE('',*,*,#2302,.T.);
#1412=ORIENTED_EDGE('',*,*,#2297,.T.);
#1413=ORIENTED_EDGE('',*,*,#2300,.T.);
#1414=ORIENTED_EDGE('',*,*,#2117,.F.);
#1415=ORIENTED_EDGE('',*,*,#2303,.T.);
#1416=ORIENTED_EDGE('',*,*,#2262,.T.);
#1417=ORIENTED_EDGE('',*,*,#2260,.F.);
#1418=ORIENTED_EDGE('',*,*,#2301,.F.);
#1419=ORIENTED_EDGE('',*,*,#2119,.T.);
#1420=ORIENTED_EDGE('',*,*,#2299,.F.);
#1421=ORIENTED_EDGE('',*,*,#2304,.T.);
#1422=ORIENTED_EDGE('',*,*,#2305,.F.);
#1423=ORIENTED_EDGE('',*,*,#2306,.F.);
#1424=ORIENTED_EDGE('',*,*,#2307,.T.);
#1425=ORIENTED_EDGE('',*,*,#2308,.F.);
#1426=ORIENTED_EDGE('',*,*,#2309,.F.);
#1427=ORIENTED_EDGE('',*,*,#2310,.F.);
#1428=ORIENTED_EDGE('',*,*,#2311,.F.);
#1429=ORIENTED_EDGE('',*,*,#2312,.F.);
#1430=ORIENTED_EDGE('',*,*,#2313,.F.);
#1431=ORIENTED_EDGE('',*,*,#2314,.T.);
#1432=ORIENTED_EDGE('',*,*,#2315,.F.);
#1433=ORIENTED_EDGE('',*,*,#2316,.F.);
#1434=ORIENTED_EDGE('',*,*,#2317,.T.);
#1435=ORIENTED_EDGE('',*,*,#2318,.T.);
#1436=ORIENTED_EDGE('',*,*,#2319,.F.);
#1437=ORIENTED_EDGE('',*,*,#2320,.F.);
#1438=ORIENTED_EDGE('',*,*,#2315,.T.);
#1439=ORIENTED_EDGE('',*,*,#2321,.T.);
#1440=ORIENTED_EDGE('',*,*,#2307,.F.);
#1441=ORIENTED_EDGE('',*,*,#2322,.F.);
#1442=ORIENTED_EDGE('',*,*,#2319,.T.);
#1443=ORIENTED_EDGE('',*,*,#2323,.T.);
#1444=ORIENTED_EDGE('',*,*,#2324,.F.);
#1445=ORIENTED_EDGE('',*,*,#2325,.F.);
#1446=ORIENTED_EDGE('',*,*,#2305,.T.);
#1447=ORIENTED_EDGE('',*,*,#2326,.T.);
#1448=ORIENTED_EDGE('',*,*,#2327,.F.);
#1449=ORIENTED_EDGE('',*,*,#2328,.F.);
#1450=ORIENTED_EDGE('',*,*,#2324,.T.);
#1451=ORIENTED_EDGE('',*,*,#2329,.T.);
#1452=ORIENTED_EDGE('',*,*,#2330,.F.);
#1453=ORIENTED_EDGE('',*,*,#2331,.F.);
#1454=ORIENTED_EDGE('',*,*,#2327,.T.);
#1455=ORIENTED_EDGE('',*,*,#2332,.T.);
#1456=ORIENTED_EDGE('',*,*,#2333,.F.);
#1457=ORIENTED_EDGE('',*,*,#2334,.F.);
#1458=ORIENTED_EDGE('',*,*,#2330,.T.);
#1459=ORIENTED_EDGE('',*,*,#2335,.T.);
#1460=ORIENTED_EDGE('',*,*,#2336,.F.);
#1461=ORIENTED_EDGE('',*,*,#2337,.F.);
#1462=ORIENTED_EDGE('',*,*,#2333,.T.);
#1463=ORIENTED_EDGE('',*,*,#2338,.T.);
#1464=ORIENTED_EDGE('',*,*,#2339,.F.);
#1465=ORIENTED_EDGE('',*,*,#2340,.F.);
#1466=ORIENTED_EDGE('',*,*,#2336,.T.);
#1467=ORIENTED_EDGE('',*,*,#2341,.T.);
#1468=ORIENTED_EDGE('',*,*,#2342,.F.);
#1469=ORIENTED_EDGE('',*,*,#2343,.F.);
#1470=ORIENTED_EDGE('',*,*,#2339,.T.);
#1471=ORIENTED_EDGE('',*,*,#2344,.T.);
#1472=ORIENTED_EDGE('',*,*,#2345,.F.);
#1473=ORIENTED_EDGE('',*,*,#2346,.F.);
#1474=ORIENTED_EDGE('',*,*,#2342,.T.);
#1475=ORIENTED_EDGE('',*,*,#2347,.T.);
#1476=ORIENTED_EDGE('',*,*,#2348,.F.);
#1477=ORIENTED_EDGE('',*,*,#2349,.F.);
#1478=ORIENTED_EDGE('',*,*,#2345,.T.);
#1479=ORIENTED_EDGE('',*,*,#2350,.T.);
#1480=ORIENTED_EDGE('',*,*,#2351,.F.);
#1481=ORIENTED_EDGE('',*,*,#2352,.F.);
#1482=ORIENTED_EDGE('',*,*,#2348,.T.);
#1483=ORIENTED_EDGE('',*,*,#2353,.T.);
#1484=ORIENTED_EDGE('',*,*,#2354,.F.);
#1485=ORIENTED_EDGE('',*,*,#2355,.F.);
#1486=ORIENTED_EDGE('',*,*,#2351,.T.);
#1487=ORIENTED_EDGE('',*,*,#2356,.T.);
#1488=ORIENTED_EDGE('',*,*,#2357,.F.);
#1489=ORIENTED_EDGE('',*,*,#2358,.F.);
#1490=ORIENTED_EDGE('',*,*,#2354,.T.);
#1491=ORIENTED_EDGE('',*,*,#2359,.T.);
#1492=ORIENTED_EDGE('',*,*,#2360,.F.);
#1493=ORIENTED_EDGE('',*,*,#2361,.F.);
#1494=ORIENTED_EDGE('',*,*,#2357,.T.);
#1495=ORIENTED_EDGE('',*,*,#2362,.T.);
#1496=ORIENTED_EDGE('',*,*,#2363,.F.);
#1497=ORIENTED_EDGE('',*,*,#2364,.F.);
#1498=ORIENTED_EDGE('',*,*,#2360,.T.);
#1499=ORIENTED_EDGE('',*,*,#2365,.T.);
#1500=ORIENTED_EDGE('',*,*,#2366,.F.);
#1501=ORIENTED_EDGE('',*,*,#2367,.F.);
#1502=ORIENTED_EDGE('',*,*,#2363,.T.);
#1503=ORIENTED_EDGE('',*,*,#2368,.T.);
#1504=ORIENTED_EDGE('',*,*,#2369,.F.);
#1505=ORIENTED_EDGE('',*,*,#2370,.F.);
#1506=ORIENTED_EDGE('',*,*,#2366,.T.);
#1507=ORIENTED_EDGE('',*,*,#2371,.T.);
#1508=ORIENTED_EDGE('',*,*,#2372,.F.);
#1509=ORIENTED_EDGE('',*,*,#2373,.F.);
#1510=ORIENTED_EDGE('',*,*,#2369,.T.);
#1511=ORIENTED_EDGE('',*,*,#2374,.T.);
#1512=ORIENTED_EDGE('',*,*,#2375,.F.);
#1513=ORIENTED_EDGE('',*,*,#2376,.F.);
#1514=ORIENTED_EDGE('',*,*,#2372,.T.);
#1515=ORIENTED_EDGE('',*,*,#2377,.T.);
#1516=ORIENTED_EDGE('',*,*,#2378,.F.);
#1517=ORIENTED_EDGE('',*,*,#2379,.F.);
#1518=ORIENTED_EDGE('',*,*,#2375,.T.);
#1519=ORIENTED_EDGE('',*,*,#2380,.T.);
#1520=ORIENTED_EDGE('',*,*,#2381,.F.);
#1521=ORIENTED_EDGE('',*,*,#2382,.F.);
#1522=ORIENTED_EDGE('',*,*,#2378,.T.);
#1523=ORIENTED_EDGE('',*,*,#2383,.T.);
#1524=ORIENTED_EDGE('',*,*,#2384,.F.);
#1525=ORIENTED_EDGE('',*,*,#2385,.F.);
#1526=ORIENTED_EDGE('',*,*,#2381,.T.);
#1527=ORIENTED_EDGE('',*,*,#2386,.T.);
#1528=ORIENTED_EDGE('',*,*,#2387,.F.);
#1529=ORIENTED_EDGE('',*,*,#2388,.F.);
#1530=ORIENTED_EDGE('',*,*,#2384,.T.);
#1531=ORIENTED_EDGE('',*,*,#2389,.T.);
#1532=ORIENTED_EDGE('',*,*,#2390,.F.);
#1533=ORIENTED_EDGE('',*,*,#2391,.F.);
#1534=ORIENTED_EDGE('',*,*,#2387,.T.);
#1535=ORIENTED_EDGE('',*,*,#2392,.T.);
#1536=ORIENTED_EDGE('',*,*,#2393,.F.);
#1537=ORIENTED_EDGE('',*,*,#2394,.F.);
#1538=ORIENTED_EDGE('',*,*,#2390,.T.);
#1539=ORIENTED_EDGE('',*,*,#2395,.T.);
#1540=ORIENTED_EDGE('',*,*,#2396,.F.);
#1541=ORIENTED_EDGE('',*,*,#2397,.F.);
#1542=ORIENTED_EDGE('',*,*,#2393,.T.);
#1543=ORIENTED_EDGE('',*,*,#2398,.T.);
#1544=ORIENTED_EDGE('',*,*,#2317,.F.);
#1545=ORIENTED_EDGE('',*,*,#2399,.F.);
#1546=ORIENTED_EDGE('',*,*,#2396,.T.);
#1547=ORIENTED_EDGE('',*,*,#2316,.T.);
#1548=ORIENTED_EDGE('',*,*,#2320,.T.);
#1549=ORIENTED_EDGE('',*,*,#2322,.T.);
#1550=ORIENTED_EDGE('',*,*,#2306,.T.);
#1551=ORIENTED_EDGE('',*,*,#2325,.T.);
#1552=ORIENTED_EDGE('',*,*,#2328,.T.);
#1553=ORIENTED_EDGE('',*,*,#2331,.T.);
#1554=ORIENTED_EDGE('',*,*,#2334,.T.);
#1555=ORIENTED_EDGE('',*,*,#2337,.T.);
#1556=ORIENTED_EDGE('',*,*,#2340,.T.);
#1557=ORIENTED_EDGE('',*,*,#2343,.T.);
#1558=ORIENTED_EDGE('',*,*,#2346,.T.);
#1559=ORIENTED_EDGE('',*,*,#2349,.T.);
#1560=ORIENTED_EDGE('',*,*,#2352,.T.);
#1561=ORIENTED_EDGE('',*,*,#2355,.T.);
#1562=ORIENTED_EDGE('',*,*,#2358,.T.);
#1563=ORIENTED_EDGE('',*,*,#2361,.T.);
#1564=ORIENTED_EDGE('',*,*,#2364,.T.);
#1565=ORIENTED_EDGE('',*,*,#2367,.T.);
#1566=ORIENTED_EDGE('',*,*,#2370,.T.);
#1567=ORIENTED_EDGE('',*,*,#2373,.T.);
#1568=ORIENTED_EDGE('',*,*,#2376,.T.);
#1569=ORIENTED_EDGE('',*,*,#2379,.T.);
#1570=ORIENTED_EDGE('',*,*,#2382,.T.);
#1571=ORIENTED_EDGE('',*,*,#2385,.T.);
#1572=ORIENTED_EDGE('',*,*,#2388,.T.);
#1573=ORIENTED_EDGE('',*,*,#2391,.T.);
#1574=ORIENTED_EDGE('',*,*,#2394,.T.);
#1575=ORIENTED_EDGE('',*,*,#2397,.T.);
#1576=ORIENTED_EDGE('',*,*,#2399,.T.);
#1577=ORIENTED_EDGE('',*,*,#2314,.F.);
#1578=ORIENTED_EDGE('',*,*,#2398,.F.);
#1579=ORIENTED_EDGE('',*,*,#2395,.F.);
#1580=ORIENTED_EDGE('',*,*,#2392,.F.);
#1581=ORIENTED_EDGE('',*,*,#2389,.F.);
#1582=ORIENTED_EDGE('',*,*,#2386,.F.);
#1583=ORIENTED_EDGE('',*,*,#2383,.F.);
#1584=ORIENTED_EDGE('',*,*,#2380,.F.);
#1585=ORIENTED_EDGE('',*,*,#2377,.F.);
#1586=ORIENTED_EDGE('',*,*,#2374,.F.);
#1587=ORIENTED_EDGE('',*,*,#2371,.F.);
#1588=ORIENTED_EDGE('',*,*,#2368,.F.);
#1589=ORIENTED_EDGE('',*,*,#2365,.F.);
#1590=ORIENTED_EDGE('',*,*,#2362,.F.);
#1591=ORIENTED_EDGE('',*,*,#2359,.F.);
#1592=ORIENTED_EDGE('',*,*,#2356,.F.);
#1593=ORIENTED_EDGE('',*,*,#2353,.F.);
#1594=ORIENTED_EDGE('',*,*,#2350,.F.);
#1595=ORIENTED_EDGE('',*,*,#2347,.F.);
#1596=ORIENTED_EDGE('',*,*,#2344,.F.);
#1597=ORIENTED_EDGE('',*,*,#2341,.F.);
#1598=ORIENTED_EDGE('',*,*,#2338,.F.);
#1599=ORIENTED_EDGE('',*,*,#2335,.F.);
#1600=ORIENTED_EDGE('',*,*,#2332,.F.);
#1601=ORIENTED_EDGE('',*,*,#2329,.F.);
#1602=ORIENTED_EDGE('',*,*,#2326,.F.);
#1603=ORIENTED_EDGE('',*,*,#2323,.F.);
#1604=ORIENTED_EDGE('',*,*,#2304,.F.);
#1605=ORIENTED_EDGE('',*,*,#2321,.F.);
#1606=ORIENTED_EDGE('',*,*,#2318,.F.);
#1607=ORIENTED_EDGE('',*,*,#2308,.T.);
#1608=ORIENTED_EDGE('',*,*,#2400,.F.);
#1609=ORIENTED_EDGE('',*,*,#2401,.F.);
#1610=ORIENTED_EDGE('',*,*,#2402,.T.);
#1611=ORIENTED_EDGE('',*,*,#2313,.T.);
#1612=ORIENTED_EDGE('',*,*,#2403,.F.);
#1613=ORIENTED_EDGE('',*,*,#2404,.F.);
#1614=ORIENTED_EDGE('',*,*,#2400,.T.);
#1615=ORIENTED_EDGE('',*,*,#2312,.T.);
#1616=ORIENTED_EDGE('',*,*,#2405,.F.);
#1617=ORIENTED_EDGE('',*,*,#2406,.F.);
#1618=ORIENTED_EDGE('',*,*,#2403,.T.);
#1619=ORIENTED_EDGE('',*,*,#2311,.T.);
#1620=ORIENTED_EDGE('',*,*,#2407,.F.);
#1621=ORIENTED_EDGE('',*,*,#2408,.F.);
#1622=ORIENTED_EDGE('',*,*,#2405,.T.);
#1623=ORIENTED_EDGE('',*,*,#2310,.T.);
#1624=ORIENTED_EDGE('',*,*,#2409,.F.);
#1625=ORIENTED_EDGE('',*,*,#2410,.F.);
#1626=ORIENTED_EDGE('',*,*,#2407,.T.);
#1627=ORIENTED_EDGE('',*,*,#2309,.T.);
#1628=ORIENTED_EDGE('',*,*,#2402,.F.);
#1629=ORIENTED_EDGE('',*,*,#2411,.F.);
#1630=ORIENTED_EDGE('',*,*,#2409,.T.);
#1631=ORIENTED_EDGE('',*,*,#2401,.T.);
#1632=ORIENTED_EDGE('',*,*,#2404,.T.);
#1633=ORIENTED_EDGE('',*,*,#2406,.T.);
#1634=ORIENTED_EDGE('',*,*,#2408,.T.);
#1635=ORIENTED_EDGE('',*,*,#2410,.T.);
#1636=ORIENTED_EDGE('',*,*,#2411,.T.);
#1637=EDGE_CURVE('',#2412,#2413,#2912,.T.);
#1638=EDGE_CURVE('',#2413,#2414,#2913,.T.);
#1639=EDGE_CURVE('',#2414,#2415,#2914,.T.);
#1640=EDGE_CURVE('',#2415,#2416,#2915,.T.);
#1641=EDGE_CURVE('',#2417,#2416,#2916,.T.);
#1642=EDGE_CURVE('',#2418,#2417,#2917,.T.);
#1643=EDGE_CURVE('',#2418,#2419,#2918,.T.);
#1644=EDGE_CURVE('',#2419,#2420,#2919,.T.);
#1645=EDGE_CURVE('',#2420,#2421,#2920,.T.);
#1646=EDGE_CURVE('',#2421,#2412,#2921,.T.);
#1647=EDGE_CURVE('',#2422,#2423,#2922,.T.);
#1648=EDGE_CURVE('',#2423,#2424,#2923,.T.);
#1649=EDGE_CURVE('',#2424,#2425,#2924,.T.);
#1650=EDGE_CURVE('',#2425,#2426,#2925,.T.);
#1651=EDGE_CURVE('',#2422,#2426,#2926,.T.);
#1652=EDGE_CURVE('',#2427,#2428,#2927,.T.);
#1653=EDGE_CURVE('',#2428,#2429,#2928,.T.);
#1654=EDGE_CURVE('',#2429,#2430,#2929,.T.);
#1655=EDGE_CURVE('',#2430,#2431,#2930,.T.);
#1656=EDGE_CURVE('',#2431,#2427,#2931,.T.);
#1657=EDGE_CURVE('',#2423,#2414,#2932,.T.);
#1658=EDGE_CURVE('',#2415,#2422,#2933,.T.);
#1659=EDGE_CURVE('',#2419,#2430,#2934,.T.);
#1660=EDGE_CURVE('',#2431,#2418,#2935,.T.);
#1661=EDGE_CURVE('',#2432,#2433,#2936,.T.);
#1662=EDGE_CURVE('',#2433,#2434,#2937,.T.);
#1663=EDGE_CURVE('',#2434,#2435,#2938,.T.);
#1664=EDGE_CURVE('',#2435,#2432,#2939,.T.);
#1665=EDGE_CURVE('',#2436,#2437,#2940,.T.);
#1666=EDGE_CURVE('',#2426,#2436,#2941,.T.);
#1667=EDGE_CURVE('',#2438,#2426,#2942,.T.);
#1668=EDGE_CURVE('',#2438,#2437,#2943,.T.);
#1669=EDGE_CURVE('',#2439,#2440,#2944,.T.);
#1670=EDGE_CURVE('',#2439,#2441,#2945,.T.);
#1671=EDGE_CURVE('',#2441,#2442,#2946,.T.);
#1672=EDGE_CURVE('',#2440,#2442,#2947,.T.);
#1673=EDGE_CURVE('',#2443,#2444,#2948,.T.);
#1674=EDGE_CURVE('',#2443,#2445,#2949,.T.);
#1675=EDGE_CURVE('',#2445,#2446,#2950,.T.);
#1676=EDGE_CURVE('',#2444,#2446,#2951,.T.);
#1677=EDGE_CURVE('',#2447,#2448,#2952,.T.);
#1678=EDGE_CURVE('',#2448,#2449,#2953,.T.);
#1679=EDGE_CURVE('',#2450,#2449,#2954,.T.);
#1680=EDGE_CURVE('',#2450,#2447,#2955,.T.);
#1681=EDGE_CURVE('',#2451,#2452,#2956,.T.);
#1682=EDGE_CURVE('',#2452,#2453,#2957,.T.);
#1683=EDGE_CURVE('',#2454,#2453,#2958,.T.);
#1684=EDGE_CURVE('',#2454,#2451,#2959,.T.);
#1685=EDGE_CURVE('',#2455,#2456,#2960,.T.);
#1686=EDGE_CURVE('',#2456,#2457,#2961,.T.);
#1687=EDGE_CURVE('',#2458,#2457,#2962,.T.);
#1688=EDGE_CURVE('',#2458,#2455,#2963,.T.);
#1689=EDGE_CURVE('',#2457,#2459,#2964,.T.);
#1690=EDGE_CURVE('',#2460,#2459,#2965,.T.);
#1691=EDGE_CURVE('',#2460,#2458,#2966,.T.);
#1692=EDGE_CURVE('',#2459,#2461,#2967,.T.);
#1693=EDGE_CURVE('',#2462,#2461,#2968,.T.);
#1694=EDGE_CURVE('',#2462,#2460,#2969,.T.);
#1695=EDGE_CURVE('',#2463,#2464,#2970,.T.);
#1696=EDGE_CURVE('',#2464,#2465,#2971,.T.);
#1697=EDGE_CURVE('',#2466,#2465,#2972,.T.);
#1698=EDGE_CURVE('',#2466,#2463,#2973,.T.);
#1699=EDGE_CURVE('',#2465,#2467,#2974,.T.);
#1700=EDGE_CURVE('',#2468,#2467,#2975,.T.);
#1701=EDGE_CURVE('',#2468,#2466,#2976,.T.);
#1702=EDGE_CURVE('',#2467,#2469,#2977,.T.);
#1703=EDGE_CURVE('',#2470,#2469,#2978,.T.);
#1704=EDGE_CURVE('',#2470,#2468,#2979,.T.);
#1705=EDGE_CURVE('',#2471,#2472,#2980,.T.);
#1706=EDGE_CURVE('',#2472,#2473,#2981,.T.);
#1707=EDGE_CURVE('',#2474,#2473,#2982,.T.);
#1708=EDGE_CURVE('',#2474,#2471,#2983,.T.);
#1709=EDGE_CURVE('',#2473,#2475,#2984,.T.);
#1710=EDGE_CURVE('',#2476,#2475,#2985,.T.);
#1711=EDGE_CURVE('',#2476,#2474,#2986,.T.);
#1712=EDGE_CURVE('',#2475,#2477,#2987,.T.);
#1713=EDGE_CURVE('',#2478,#2477,#2988,.T.);
#1714=EDGE_CURVE('',#2478,#2476,#2989,.T.);
#1715=EDGE_CURVE('',#2479,#2480,#2990,.T.);
#1716=EDGE_CURVE('',#2480,#2481,#2991,.T.);
#1717=EDGE_CURVE('',#2482,#2481,#2992,.T.);
#1718=EDGE_CURVE('',#2482,#2479,#2993,.T.);
#1719=EDGE_CURVE('',#2481,#2483,#2994,.T.);
#1720=EDGE_CURVE('',#2484,#2483,#2995,.T.);
#1721=EDGE_CURVE('',#2484,#2482,#2996,.T.);
#1722=EDGE_CURVE('',#2483,#2485,#2997,.T.);
#1723=EDGE_CURVE('',#2486,#2485,#2998,.T.);
#1724=EDGE_CURVE('',#2486,#2484,#2999,.T.);
#1725=EDGE_CURVE('',#2487,#2488,#3000,.T.);
#1726=EDGE_CURVE('',#2488,#2489,#3001,.T.);
#1727=EDGE_CURVE('',#2490,#2489,#3002,.T.);
#1728=EDGE_CURVE('',#2490,#2487,#3003,.T.);
#1729=EDGE_CURVE('',#2489,#2491,#3004,.T.);
#1730=EDGE_CURVE('',#2492,#2491,#3005,.T.);
#1731=EDGE_CURVE('',#2492,#2490,#3006,.T.);
#1732=EDGE_CURVE('',#2491,#2493,#3007,.T.);
#1733=EDGE_CURVE('',#2494,#2493,#3008,.T.);
#1734=EDGE_CURVE('',#2494,#2492,#3009,.T.);
#1735=EDGE_CURVE('',#2495,#2496,#3010,.T.);
#1736=EDGE_CURVE('',#2496,#2497,#3011,.T.);
#1737=EDGE_CURVE('',#2498,#2497,#3012,.T.);
#1738=EDGE_CURVE('',#2498,#2495,#3013,.T.);
#1739=EDGE_CURVE('',#2497,#2499,#3014,.T.);
#1740=EDGE_CURVE('',#2500,#2499,#3015,.T.);
#1741=EDGE_CURVE('',#2500,#2498,#3016,.T.);
#1742=EDGE_CURVE('',#2499,#2501,#3017,.T.);
#1743=EDGE_CURVE('',#2502,#2501,#3018,.T.);
#1744=EDGE_CURVE('',#2502,#2500,#3019,.T.);
#1745=EDGE_CURVE('',#2503,#2504,#3020,.T.);
#1746=EDGE_CURVE('',#2504,#2505,#3021,.T.);
#1747=EDGE_CURVE('',#2506,#2505,#3022,.T.);
#1748=EDGE_CURVE('',#2506,#2503,#3023,.T.);
#1749=EDGE_CURVE('',#2507,#2508,#3024,.T.);
#1750=EDGE_CURVE('',#2508,#2509,#3025,.T.);
#1751=EDGE_CURVE('',#2510,#2509,#3026,.T.);
#1752=EDGE_CURVE('',#2510,#2507,#3027,.T.);
#1753=EDGE_CURVE('',#2461,#2456,#3028,.T.);
#1754=EDGE_CURVE('',#2455,#2462,#3029,.T.);
#1755=EDGE_CURVE('',#2469,#2464,#3030,.T.);
#1756=EDGE_CURVE('',#2463,#2470,#3031,.T.);
#1757=EDGE_CURVE('',#2477,#2472,#3032,.T.);
#1758=EDGE_CURVE('',#2471,#2478,#3033,.T.);
#1759=EDGE_CURVE('',#2485,#2480,#3034,.T.);
#1760=EDGE_CURVE('',#2479,#2486,#3035,.T.);
#1761=EDGE_CURVE('',#2493,#2488,#3036,.T.);
#1762=EDGE_CURVE('',#2487,#2494,#3037,.T.);
#1763=EDGE_CURVE('',#2501,#2496,#3038,.T.);
#1764=EDGE_CURVE('',#2495,#2502,#3039,.T.);
#1765=EDGE_CURVE('',#2511,#2512,#3040,.T.);
#1766=EDGE_CURVE('',#2513,#2512,#3041,.T.);
#1767=EDGE_CURVE('',#2513,#2514,#3042,.T.);
#1768=EDGE_CURVE('',#2514,#2511,#3043,.T.);
#1769=EDGE_CURVE('',#2515,#2516,#3044,.T.);
#1770=EDGE_CURVE('',#2516,#2517,#3045,.T.);
#1771=EDGE_CURVE('',#2517,#2518,#3046,.T.);
#1772=EDGE_CURVE('',#2515,#2518,#3047,.T.);
#1773=EDGE_CURVE('',#2519,#2520,#3048,.T.);
#1774=EDGE_CURVE('',#2440,#2519,#3049,.T.);
#1775=EDGE_CURVE('',#2442,#2435,#3050,.T.);
#1776=EDGE_CURVE('',#2521,#2434,#3051,.T.);
#1777=EDGE_CURVE('',#2522,#2521,#3052,.T.);
#1778=EDGE_CURVE('',#2437,#2522,#3053,.T.);
#1779=EDGE_CURVE('',#2444,#2438,#3054,.T.);
#1780=EDGE_CURVE('',#2520,#2446,#3055,.T.);
#1781=EDGE_CURVE('',#2427,#2523,#3056,.T.);
#1782=EDGE_CURVE('',#2427,#2524,#3057,.T.);
#1783=EDGE_CURVE('',#2525,#2524,#3058,.T.);
#1784=EDGE_CURVE('',#2523,#2525,#3059,.T.);
#1785=EDGE_CURVE('',#2513,#2526,#3060,.T.);
#1786=EDGE_CURVE('',#2526,#2527,#3061,.T.);
#1787=EDGE_CURVE('',#2527,#2528,#3062,.T.);
#1788=EDGE_CURVE('',#2529,#2528,#3063,.T.);
#1789=EDGE_CURVE('',#2523,#2529,#3064,.T.);
#1790=EDGE_CURVE('',#2525,#2530,#3065,.T.);
#1791=EDGE_CURVE('',#2530,#2531,#3066,.T.);
#1792=EDGE_CURVE('',#2531,#2515,#3067,.T.);
#1793=EDGE_CURVE('',#2518,#2514,#3068,.T.);
#1794=EDGE_CURVE('',#2532,#2533,#3069,.T.);
#1795=EDGE_CURVE('',#2534,#2532,#3070,.T.);
#1796=EDGE_CURVE('',#2535,#2534,#3071,.T.);
#1797=EDGE_CURVE('',#2535,#2450,#3072,.T.);
#1798=EDGE_CURVE('',#2449,#2533,#3073,.T.);
#1799=EDGE_CURVE('',#2536,#2534,#3074,.T.);
#1800=EDGE_CURVE('',#2537,#2536,#3075,.T.);
#1801=EDGE_CURVE('',#2537,#2535,#3076,.T.);
#1802=EDGE_CURVE('',#2538,#2539,#3077,.T.);
#1803=EDGE_CURVE('',#2540,#2538,#3078,.T.);
#1804=EDGE_CURVE('',#2541,#2540,#3079,.T.);
#1805=EDGE_CURVE('',#2541,#2454,#3080,.T.);
#1806=EDGE_CURVE('',#2453,#2539,#3081,.T.);
#1807=EDGE_CURVE('',#2542,#2540,#3082,.T.);
#1808=EDGE_CURVE('',#2543,#2542,#3083,.T.);
#1809=EDGE_CURVE('',#2543,#2541,#3084,.T.);
#1810=EDGE_CURVE('',#2544,#2545,#3085,.T.);
#1811=EDGE_CURVE('',#2546,#2544,#3086,.T.);
#1812=EDGE_CURVE('',#2546,#2547,#3087,.T.);
#1813=EDGE_CURVE('',#2547,#2545,#3088,.T.);
#1814=EDGE_CURVE('',#2548,#2549,#3089,.T.);
#1815=EDGE_CURVE('',#2548,#2504,#3090,.T.);
#1816=EDGE_CURVE('',#2503,#2546,#3091,.T.);
#1817=EDGE_CURVE('',#2549,#2544,#3092,.T.);
#1818=EDGE_CURVE('',#2550,#2551,#3093,.T.);
#1819=EDGE_CURVE('',#2552,#2550,#3094,.T.);
#1820=EDGE_CURVE('',#2552,#2553,#3095,.T.);
#1821=EDGE_CURVE('',#2553,#2551,#3096,.T.);
#1822=EDGE_CURVE('',#2554,#2555,#3097,.T.);
#1823=EDGE_CURVE('',#2554,#2508,#3098,.T.);
#1824=EDGE_CURVE('',#2507,#2552,#3099,.T.);
#1825=EDGE_CURVE('',#2555,#2550,#3100,.T.);
#1826=EDGE_CURVE('',#2556,#2557,#3101,.T.);
#1827=EDGE_CURVE('',#2556,#2448,#3102,.T.);
#1828=EDGE_CURVE('',#2447,#2537,#3103,.T.);
#1829=EDGE_CURVE('',#2557,#2536,#3104,.T.);
#1830=EDGE_CURVE('',#2558,#2559,#3105,.T.);
#1831=EDGE_CURVE('',#2558,#2452,#3106,.T.);
#1832=EDGE_CURVE('',#2451,#2543,#3107,.T.);
#1833=EDGE_CURVE('',#2559,#2542,#3108,.T.);
#1834=EDGE_CURVE('',#2560,#2561,#3109,.T.);
#1835=EDGE_CURVE('',#2545,#2560,#3110,.T.);
#1836=EDGE_CURVE('',#2547,#2506,#3111,.T.);
#1837=EDGE_CURVE('',#2505,#2561,#3112,.T.);
#1838=EDGE_CURVE('',#2562,#2563,#3113,.T.);
#1839=EDGE_CURVE('',#2551,#2562,#3114,.T.);
#1840=EDGE_CURVE('',#2553,#2510,#3115,.T.);
#1841=EDGE_CURVE('',#2509,#2563,#3116,.T.);
#1842=EDGE_CURVE('',#2528,#2564,#3117,.T.);
#1843=EDGE_CURVE('',#2565,#2564,#3118,.T.);
#1844=EDGE_CURVE('',#2529,#2565,#3119,.T.);
#1845=EDGE_CURVE('',#2412,#2425,#3120,.T.);
#1846=EDGE_CURVE('',#2421,#2428,#3121,.T.);
#1847=EDGE_CURVE('',#2443,#2565,#3122,.T.);
#1848=EDGE_CURVE('',#2560,#2549,#3123,.T.);
#1849=EDGE_CURVE('',#2562,#2555,#3124,.T.);
#1850=EDGE_CURVE('',#2538,#2559,#3125,.T.);
#1851=EDGE_CURVE('',#2532,#2557,#3126,.T.);
#1852=EDGE_CURVE('',#2517,#2417,#3127,.T.);
#1853=EDGE_CURVE('',#2416,#2432,#3128,.T.);
#1854=EDGE_CURVE('',#2441,#2566,#3129,.T.);
#1855=EDGE_CURVE('',#2566,#2567,#3130,.T.);
#1856=EDGE_CURVE('',#2567,#2511,#3131,.T.);
#1857=EDGE_CURVE('',#2531,#2521,#3132,.T.);
#1858=EDGE_CURVE('',#2530,#2522,#3133,.T.);
#1859=EDGE_CURVE('',#2433,#2516,#3134,.T.);
#1860=EDGE_CURVE('',#2524,#2436,#3135,.T.);
#1861=EDGE_CURVE('',#2526,#2519,#3136,.T.);
#1862=EDGE_CURVE('',#2512,#2439,#3137,.T.);
#1863=EDGE_CURVE('',#2527,#2520,#3138,.T.);
#1864=EDGE_CURVE('',#2445,#2564,#3139,.T.);
#1865=EDGE_CURVE('',#2563,#2554,#3140,.T.);
#1866=EDGE_CURVE('',#2561,#2548,#3141,.T.);
#1867=EDGE_CURVE('',#2539,#2558,#3142,.T.);
#1868=EDGE_CURVE('',#2533,#2556,#3143,.T.);
#1869=EDGE_CURVE('',#2524,#2516,#3144,.T.);
#1870=EDGE_CURVE('',#2436,#2433,#3145,.T.);
#1871=EDGE_CURVE('',#2445,#2439,#3146,.T.);
#1872=EDGE_CURVE('',#2568,#2443,#3147,.T.);
#1873=EDGE_CURVE('',#2568,#2569,#3148,.T.);
#1874=EDGE_CURVE('',#2569,#2566,#3149,.T.);
#1875=EDGE_CURVE('',#2570,#2567,#3150,.T.);
#1876=EDGE_CURVE('',#2570,#2571,#3151,.T.);
#1877=EDGE_CURVE('',#2571,#2565,#3152,.T.);
#1878=EDGE_CURVE('',#2564,#2512,#3153,.T.);
#1879=EDGE_CURVE('',#2569,#2570,#3154,.T.);
#1880=EDGE_CURVE('',#2571,#2568,#3155,.T.);
#1881=EDGE_CURVE('',#2413,#2424,#3156,.T.);
#1882=EDGE_CURVE('',#2420,#2429,#3157,.T.);
#1883=EDGE_CURVE('',#2572,#2573,#3158,.T.);
#1884=EDGE_CURVE('',#2572,#2574,#3159,.T.);
#1885=EDGE_CURVE('',#2575,#2574,#3160,.T.);
#1886=EDGE_CURVE('',#2576,#2575,#3161,.T.);
#1887=EDGE_CURVE('',#2576,#2577,#3162,.T.);
#1888=EDGE_CURVE('',#2578,#2577,#3163,.T.);
#1889=EDGE_CURVE('',#2579,#2578,#3164,.T.);
#1890=EDGE_CURVE('',#2580,#2579,#3165,.T.);
#1891=EDGE_CURVE('',#2580,#2581,#3166,.T.);
#1892=EDGE_CURVE('',#2582,#2581,#3167,.T.);
#1893=EDGE_CURVE('',#2583,#2582,#3168,.T.);
#1894=EDGE_CURVE('',#2584,#2583,#3169,.T.);
#1895=EDGE_CURVE('',#2584,#2585,#3170,.T.);
#1896=EDGE_CURVE('',#2586,#2585,#3171,.T.);
#1897=EDGE_CURVE('',#2587,#2586,#3172,.T.);
#1898=EDGE_CURVE('',#2587,#2588,#3173,.T.);
#1899=EDGE_CURVE('',#2588,#2589,#3174,.T.);
#1900=EDGE_CURVE('',#2590,#2589,#3175,.T.);
#1901=EDGE_CURVE('',#2591,#2590,#3176,.T.);
#1902=EDGE_CURVE('',#2573,#2591,#3177,.T.);
#1903=EDGE_CURVE('',#2592,#2593,#3178,.T.);
#1904=EDGE_CURVE('',#2592,#2594,#3179,.T.);
#1905=EDGE_CURVE('',#2595,#2594,#3180,.T.);
#1906=EDGE_CURVE('',#2593,#2595,#3181,.T.);
#1907=EDGE_CURVE('',#2596,#2597,#3182,.T.);
#1908=EDGE_CURVE('',#2598,#2596,#3183,.T.);
#1909=EDGE_CURVE('',#2599,#2598,#3184,.T.);
#1910=EDGE_CURVE('',#2599,#2597,#3185,.T.);
#1911=EDGE_CURVE('',#2600,#2601,#3186,.T.);
#1912=EDGE_CURVE('',#2602,#2600,#3187,.T.);
#1913=EDGE_CURVE('',#2603,#2602,#3188,.T.);
#1914=EDGE_CURVE('',#2603,#2601,#3189,.T.);
#1915=EDGE_CURVE('',#2604,#2605,#3190,.T.);
#1916=EDGE_CURVE('',#2606,#2604,#3191,.T.);
#1917=EDGE_CURVE('',#2607,#2606,#3192,.T.);
#1918=EDGE_CURVE('',#2607,#2605,#3193,.T.);
#1919=EDGE_CURVE('',#2608,#2584,#3194,.T.);
#1920=EDGE_CURVE('',#2608,#2609,#3195,.T.);
#1921=EDGE_CURVE('',#2585,#2609,#3196,.T.);
#1922=EDGE_CURVE('',#2581,#2610,#3197,.T.);
#1923=EDGE_CURVE('',#2611,#2580,#3198,.T.);
#1924=EDGE_CURVE('',#2611,#2610,#3199,.T.);
#1925=EDGE_CURVE('',#2577,#2612,#3200,.T.);
#1926=EDGE_CURVE('',#2613,#2576,#3201,.T.);
#1927=EDGE_CURVE('',#2613,#2612,#3202,.T.);
#1928=EDGE_CURVE('',#2609,#2614,#3203,.T.);
#1929=EDGE_CURVE('',#2615,#2608,#3204,.T.);
#1930=EDGE_CURVE('',#2615,#2614,#3205,.T.);
#1931=EDGE_CURVE('',#2610,#2616,#3206,.T.);
#1932=EDGE_CURVE('',#2617,#2611,#3207,.T.);
#1933=EDGE_CURVE('',#2617,#2616,#3208,.T.);
#1934=EDGE_CURVE('',#2612,#2618,#3209,.T.);
#1935=EDGE_CURVE('',#2619,#2613,#3210,.T.);
#1936=EDGE_CURVE('',#2619,#2618,#3211,.T.);
#1937=EDGE_CURVE('',#2614,#2620,#3212,.T.);
#1938=EDGE_CURVE('',#2615,#2621,#3213,.T.);
#1939=EDGE_CURVE('',#2621,#2620,#3214,.T.);
#1940=EDGE_CURVE('',#2616,#2622,#3215,.T.);
#1941=EDGE_CURVE('',#2617,#2623,#3216,.T.);
#1942=EDGE_CURVE('',#2623,#2622,#3217,.T.);
#1943=EDGE_CURVE('',#2618,#2624,#3218,.T.);
#1944=EDGE_CURVE('',#2619,#2625,#3219,.T.);
#1945=EDGE_CURVE('',#2625,#2624,#3220,.T.);
#1946=EDGE_CURVE('',#2620,#2626,#3221,.T.);
#1947=EDGE_CURVE('',#2627,#2621,#3222,.T.);
#1948=EDGE_CURVE('',#2627,#2626,#3223,.T.);
#1949=EDGE_CURVE('',#2622,#2628,#3224,.T.);
#1950=EDGE_CURVE('',#2629,#2623,#3225,.T.);
#1951=EDGE_CURVE('',#2629,#2628,#3226,.T.);
#1952=EDGE_CURVE('',#2624,#2630,#3227,.T.);
#1953=EDGE_CURVE('',#2631,#2625,#3228,.T.);
#1954=EDGE_CURVE('',#2631,#2630,#3229,.T.);
#1955=EDGE_CURVE('',#2632,#2627,#3230,.T.);
#1956=EDGE_CURVE('',#2632,#2633,#3231,.T.);
#1957=EDGE_CURVE('',#2626,#2633,#3232,.T.);
#1958=EDGE_CURVE('',#2628,#2634,#3233,.T.);
#1959=EDGE_CURVE('',#2635,#2629,#3234,.T.);
#1960=EDGE_CURVE('',#2635,#2634,#3235,.T.);
#1961=EDGE_CURVE('',#2630,#2636,#3236,.T.);
#1962=EDGE_CURVE('',#2637,#2631,#3237,.T.);
#1963=EDGE_CURVE('',#2637,#2636,#3238,.T.);
#1964=EDGE_CURVE('',#2638,#2639,#3239,.T.);
#1965=EDGE_CURVE('',#2638,#2640,#3240,.T.);
#1966=EDGE_CURVE('',#2641,#2640,#3241,.T.);
#1967=EDGE_CURVE('',#2639,#2641,#3242,.T.);
#1968=EDGE_CURVE('',#2642,#2643,#3243,.T.);
#1969=EDGE_CURVE('',#2644,#2642,#3244,.T.);
#1970=EDGE_CURVE('',#2645,#2644,#3245,.T.);
#1971=EDGE_CURVE('',#2645,#2643,#3246,.T.);
#1972=EDGE_CURVE('',#2646,#2647,#3247,.T.);
#1973=EDGE_CURVE('',#2648,#2646,#3248,.T.);
#1974=EDGE_CURVE('',#2649,#2648,#3249,.T.);
#1975=EDGE_CURVE('',#2649,#2647,#3250,.T.);
#1976=EDGE_CURVE('',#2650,#2651,#3251,.T.);
#1977=EDGE_CURVE('',#2652,#2650,#3252,.T.);
#1978=EDGE_CURVE('',#2653,#2652,#3253,.T.);
#1979=EDGE_CURVE('',#2653,#2651,#3254,.T.);
#1980=EDGE_CURVE('',#2640,#2654,#3255,.T.);
#1981=EDGE_CURVE('',#2655,#2638,#3256,.T.);
#1982=EDGE_CURVE('',#2655,#2654,#3257,.T.);
#1983=EDGE_CURVE('',#2643,#2656,#3258,.T.);
#1984=EDGE_CURVE('',#2657,#2645,#3259,.T.);
#1985=EDGE_CURVE('',#2657,#2656,#3260,.T.);
#1986=EDGE_CURVE('',#2647,#2658,#3261,.T.);
#1987=EDGE_CURVE('',#2659,#2649,#3262,.T.);
#1988=EDGE_CURVE('',#2659,#2658,#3263,.T.);
#1989=EDGE_CURVE('',#2651,#2660,#3264,.T.);
#1990=EDGE_CURVE('',#2661,#2653,#3265,.T.);
#1991=EDGE_CURVE('',#2661,#2660,#3266,.T.);
#1992=EDGE_CURVE('',#2654,#2662,#3267,.T.);
#1993=EDGE_CURVE('',#2655,#2663,#3268,.T.);
#1994=EDGE_CURVE('',#2663,#2662,#3269,.T.);
#1995=EDGE_CURVE('',#2656,#2664,#3270,.T.);
#1996=EDGE_CURVE('',#2657,#2665,#3271,.T.);
#1997=EDGE_CURVE('',#2665,#2664,#3272,.T.);
#1998=EDGE_CURVE('',#2658,#2666,#3273,.T.);
#1999=EDGE_CURVE('',#2659,#2667,#3274,.T.);
#2000=EDGE_CURVE('',#2667,#2666,#3275,.T.);
#2001=EDGE_CURVE('',#2660,#2668,#3276,.T.);
#2002=EDGE_CURVE('',#2661,#2669,#3277,.T.);
#2003=EDGE_CURVE('',#2669,#2668,#3278,.T.);
#2004=EDGE_CURVE('',#2662,#2595,#3279,.T.);
#2005=EDGE_CURVE('',#2593,#2663,#3280,.T.);
#2006=EDGE_CURVE('',#2664,#2596,#3281,.T.);
#2007=EDGE_CURVE('',#2598,#2665,#3282,.T.);
#2008=EDGE_CURVE('',#2666,#2600,#3283,.T.);
#2009=EDGE_CURVE('',#2602,#2667,#3284,.T.);
#2010=EDGE_CURVE('',#2668,#2604,#3285,.T.);
#2011=EDGE_CURVE('',#2606,#2669,#3286,.T.);
#2012=EDGE_CURVE('',#2670,#2671,#3287,.T.);
#2013=EDGE_CURVE('',#2672,#2670,#3288,.T.);
#2014=EDGE_CURVE('',#2672,#2673,#3289,.T.);
#2015=EDGE_CURVE('',#2673,#2671,#3290,.T.);
#2016=EDGE_CURVE('',#2674,#2592,#3291,.T.);
#2017=EDGE_CURVE('',#2675,#2674,#3292,.T.);
#2018=EDGE_CURVE('',#2597,#2675,#3293,.T.);
#2019=EDGE_CURVE('',#2676,#2599,#3294,.T.);
#2020=EDGE_CURVE('',#2677,#2676,#3295,.T.);
#2021=EDGE_CURVE('',#2601,#2677,#3296,.T.);
#2022=EDGE_CURVE('',#2678,#2603,#3297,.T.);
#2023=EDGE_CURVE('',#2679,#2678,#3298,.T.);
#2024=EDGE_CURVE('',#2605,#2679,#3299,.T.);
#2025=EDGE_CURVE('',#2680,#2607,#3300,.T.);
#2026=EDGE_CURVE('',#2681,#2680,#3301,.T.);
#2027=EDGE_CURVE('',#2671,#2681,#3302,.T.);
#2028=EDGE_CURVE('',#2673,#2587,#3303,.T.);
#2029=EDGE_CURVE('',#2594,#2586,#3304,.T.);
#2030=EDGE_CURVE('',#2589,#2682,#3305,.T.);
#2031=EDGE_CURVE('',#2588,#2683,#3306,.T.);
#2032=EDGE_CURVE('',#2683,#2682,#3307,.T.);
#2033=EDGE_CURVE('',#2682,#2684,#3308,.T.);
#2034=EDGE_CURVE('',#2685,#2683,#3309,.T.);
#2035=EDGE_CURVE('',#2685,#2684,#3310,.T.);
#2036=EDGE_CURVE('',#2684,#2686,#3311,.T.);
#2037=EDGE_CURVE('',#2685,#2687,#3312,.T.);
#2038=EDGE_CURVE('',#2687,#2686,#3313,.T.);
#2039=EDGE_CURVE('',#2686,#2688,#3314,.T.);
#2040=EDGE_CURVE('',#2689,#2687,#3315,.T.);
#2041=EDGE_CURVE('',#2689,#2688,#3316,.T.);
#2042=EDGE_CURVE('',#2688,#2690,#3317,.T.);
#2043=EDGE_CURVE('',#2689,#2691,#3318,.T.);
#2044=EDGE_CURVE('',#2691,#2690,#3319,.T.);
#2045=EDGE_CURVE('',#2692,#2693,#3320,.T.);
#2046=EDGE_CURVE('',#2693,#2681,#3321,.T.);
#2047=EDGE_CURVE('',#2652,#2680,#3322,.T.);
#2048=EDGE_CURVE('',#2650,#2679,#3323,.T.);
#2049=EDGE_CURVE('',#2648,#2678,#3324,.T.);
#2050=EDGE_CURVE('',#2646,#2677,#3325,.T.);
#2051=EDGE_CURVE('',#2644,#2676,#3326,.T.);
#2052=EDGE_CURVE('',#2642,#2675,#3327,.T.);
#2053=EDGE_CURVE('',#2639,#2674,#3328,.T.);
#2054=EDGE_CURVE('',#2633,#2641,#3329,.T.);
#2055=EDGE_CURVE('',#2583,#2632,#3330,.T.);
#2056=EDGE_CURVE('',#2582,#2634,#3331,.T.);
#2057=EDGE_CURVE('',#2579,#2635,#3332,.T.);
#2058=EDGE_CURVE('',#2578,#2636,#3333,.T.);
#2059=EDGE_CURVE('',#2575,#2637,#3334,.T.);
#2060=EDGE_CURVE('',#2574,#2694,#3335,.T.);
#2061=EDGE_CURVE('',#2695,#2694,#3336,.T.);
#2062=EDGE_CURVE('',#2591,#2695,#3337,.T.);
#2063=EDGE_CURVE('',#2590,#2690,#3338,.T.);
#2064=EDGE_CURVE('',#2691,#2692,#3339,.T.);
#2065=EDGE_CURVE('',#2693,#2696,#3340,.T.);
#2066=EDGE_CURVE('',#2692,#2697,#3341,.T.);
#2067=EDGE_CURVE('',#2697,#2696,#3342,.T.);
#2068=EDGE_CURVE('',#2696,#2698,#3343,.T.);
#2069=EDGE_CURVE('',#2699,#2697,#3344,.T.);
#2070=EDGE_CURVE('',#2699,#2698,#3345,.T.);
#2071=EDGE_CURVE('',#2698,#2700,#3346,.T.);
#2072=EDGE_CURVE('',#2699,#2701,#3347,.T.);
#2073=EDGE_CURVE('',#2701,#2700,#3348,.T.);
#2074=EDGE_CURVE('',#2700,#2670,#3349,.T.);
#2075=EDGE_CURVE('',#2672,#2701,#3350,.T.);
#2076=EDGE_CURVE('',#2683,#2689,#3351,.T.);
#2077=EDGE_CURVE('',#2697,#2672,#3352,.T.);
#2078=EDGE_CURVE('',#2609,#2626,#3353,.T.);
#2079=EDGE_CURVE('',#2640,#2595,#3354,.T.);
#2080=EDGE_CURVE('',#2653,#2606,#3355,.T.);
#2081=EDGE_CURVE('',#2696,#2670,#3356,.T.);
#2082=EDGE_CURVE('',#2649,#2602,#3357,.T.);
#2083=EDGE_CURVE('',#2651,#2604,#3358,.T.);
#2084=EDGE_CURVE('',#2645,#2598,#3359,.T.);
#2085=EDGE_CURVE('',#2647,#2600,#3360,.T.);
#2086=EDGE_CURVE('',#2638,#2593,#3361,.T.);
#2087=EDGE_CURVE('',#2643,#2596,#3362,.T.);
#2088=EDGE_CURVE('',#2682,#2688,#3363,.T.);
#2089=EDGE_CURVE('',#2613,#2631,#3364,.T.);
#2090=EDGE_CURVE('',#2612,#2630,#3365,.T.);
#2091=EDGE_CURVE('',#2611,#2629,#3366,.T.);
#2092=EDGE_CURVE('',#2608,#2627,#3367,.T.);
#2093=EDGE_CURVE('',#2610,#2628,#3368,.T.);
#2094=EDGE_CURVE('',#2573,#2695,#3369,.T.);
#2095=EDGE_CURVE('',#2572,#2694,#3370,.T.);
#2096=EDGE_CURVE('',#2702,#2703,#3371,.T.);
#2097=EDGE_CURVE('',#2704,#2702,#3372,.T.);
#2098=EDGE_CURVE('',#2704,#2705,#3373,.T.);
#2099=EDGE_CURVE('',#2705,#2706,#3374,.T.);
#2100=EDGE_CURVE('',#2707,#2706,#3375,.T.);
#2101=EDGE_CURVE('',#2708,#2707,#3376,.T.);
#2102=EDGE_CURVE('',#2709,#2708,#3377,.T.);
#2103=EDGE_CURVE('',#2710,#2709,#3378,.T.);
#2104=EDGE_CURVE('',#2711,#2710,#3379,.T.);
#2105=EDGE_CURVE('',#2712,#2711,#3380,.T.);
#2106=EDGE_CURVE('',#2713,#2712,#3381,.T.);
#2107=EDGE_CURVE('',#2714,#2713,#3382,.T.);
#2108=EDGE_CURVE('',#2715,#2714,#3383,.T.);
#2109=EDGE_CURVE('',#2716,#2715,#3384,.T.);
#2110=EDGE_CURVE('',#2717,#2716,#3385,.T.);
#2111=EDGE_CURVE('',#2718,#2717,#3386,.T.);
#2112=EDGE_CURVE('',#2719,#2718,#3387,.T.);
#2113=EDGE_CURVE('',#2720,#2719,#3388,.T.);
#2114=EDGE_CURVE('',#2721,#2720,#3389,.T.);
#2115=EDGE_CURVE('',#2703,#2721,#3390,.T.);
#2116=EDGE_CURVE('',#2722,#2723,#3391,.T.);
#2117=EDGE_CURVE('',#2722,#2724,#3392,.T.);
#2118=EDGE_CURVE('',#2725,#2724,#3393,.T.);
#2119=EDGE_CURVE('',#2723,#2725,#3394,.T.);
#2120=EDGE_CURVE('',#2726,#2727,#3395,.T.);
#2121=EDGE_CURVE('',#2728,#2726,#3396,.T.);
#2122=EDGE_CURVE('',#2728,#2729,#3397,.T.);
#2123=EDGE_CURVE('',#2729,#2727,#3398,.T.);
#2124=EDGE_CURVE('',#2730,#2731,#3399,.T.);
#2125=EDGE_CURVE('',#2730,#2732,#3400,.T.);
#2126=EDGE_CURVE('',#2733,#2732,#3401,.T.);
#2127=EDGE_CURVE('',#2731,#2733,#3402,.T.);
#2128=EDGE_CURVE('',#2734,#2735,#3403,.T.);
#2129=EDGE_CURVE('',#2734,#2736,#3404,.T.);
#2130=EDGE_CURVE('',#2737,#2736,#3405,.T.);
#2131=EDGE_CURVE('',#2735,#2737,#3406,.T.);
#2132=EDGE_CURVE('',#2738,#2739,#3407,.T.);
#2133=EDGE_CURVE('',#2738,#2740,#3408,.T.);
#2134=EDGE_CURVE('',#2741,#2740,#3409,.T.);
#2135=EDGE_CURVE('',#2739,#2741,#3410,.T.);
#2136=EDGE_CURVE('',#2727,#2742,#3411,.T.);
#2137=EDGE_CURVE('',#2729,#2743,#3412,.T.);
#2138=EDGE_CURVE('',#2743,#2742,#3413,.T.);
#2139=EDGE_CURVE('',#2744,#2730,#3414,.T.);
#2140=EDGE_CURVE('',#2744,#2745,#3415,.T.);
#2141=EDGE_CURVE('',#2732,#2745,#3416,.T.);
#2142=EDGE_CURVE('',#2746,#2734,#3417,.T.);
#2143=EDGE_CURVE('',#2746,#2747,#3418,.T.);
#2144=EDGE_CURVE('',#2736,#2747,#3419,.T.);
#2145=EDGE_CURVE('',#2748,#2738,#3420,.T.);
#2146=EDGE_CURVE('',#2748,#2749,#3421,.T.);
#2147=EDGE_CURVE('',#2740,#2749,#3422,.T.);
#2148=EDGE_CURVE('',#2742,#2750,#3423,.T.);
#2149=EDGE_CURVE('',#2743,#2751,#3424,.T.);
#2150=EDGE_CURVE('',#2751,#2750,#3425,.T.);
#2151=EDGE_CURVE('',#2752,#2744,#3426,.T.);
#2152=EDGE_CURVE('',#2752,#2753,#3427,.T.);
#2153=EDGE_CURVE('',#2745,#2753,#3428,.T.);
#2154=EDGE_CURVE('',#2754,#2746,#3429,.T.);
#2155=EDGE_CURVE('',#2754,#2755,#3430,.T.);
#2156=EDGE_CURVE('',#2747,#2755,#3431,.T.);
#2157=EDGE_CURVE('',#2756,#2748,#3432,.T.);
#2158=EDGE_CURVE('',#2756,#2757,#3433,.T.);
#2159=EDGE_CURVE('',#2749,#2757,#3434,.T.);
#2160=EDGE_CURVE('',#2750,#2758,#18,.F.);
#2161=EDGE_CURVE('',#2751,#2759,#19,.T.);
#2162=EDGE_CURVE('',#2759,#2758,#3435,.T.);
#2163=EDGE_CURVE('',#2760,#2752,#20,.F.);
#2164=EDGE_CURVE('',#2760,#2761,#3436,.T.);
#2165=EDGE_CURVE('',#2753,#2761,#21,.F.);
#2166=EDGE_CURVE('',#2762,#2754,#22,.F.);
#2167=EDGE_CURVE('',#2762,#2763,#3437,.T.);
#2168=EDGE_CURVE('',#2755,#2763,#23,.F.);
#2169=EDGE_CURVE('',#2764,#2756,#24,.F.);
#2170=EDGE_CURVE('',#2764,#2765,#3438,.T.);
#2171=EDGE_CURVE('',#2757,#2765,#25,.F.);
#2172=EDGE_CURVE('',#2758,#2766,#3439,.T.);
#2173=EDGE_CURVE('',#2759,#2767,#3440,.T.);
#2174=EDGE_CURVE('',#2767,#2766,#3441,.T.);
#2175=EDGE_CURVE('',#2768,#2760,#3442,.T.);
#2176=EDGE_CURVE('',#2768,#2769,#3443,.T.);
#2177=EDGE_CURVE('',#2761,#2769,#3444,.T.);
#2178=EDGE_CURVE('',#2770,#2762,#3445,.T.);
#2179=EDGE_CURVE('',#2770,#2771,#3446,.T.);
#2180=EDGE_CURVE('',#2763,#2771,#3447,.T.);
#2181=EDGE_CURVE('',#2772,#2764,#3448,.T.);
#2182=EDGE_CURVE('',#2772,#2773,#3449,.T.);
#2183=EDGE_CURVE('',#2765,#2773,#3450,.T.);
#2184=EDGE_CURVE('',#2774,#2775,#3451,.T.);
#2185=EDGE_CURVE('',#2776,#2774,#3452,.T.);
#2186=EDGE_CURVE('',#2776,#2777,#3453,.T.);
#2187=EDGE_CURVE('',#2777,#2775,#3454,.T.);
#2188=EDGE_CURVE('',#2778,#2779,#3455,.T.);
#2189=EDGE_CURVE('',#2778,#2780,#3456,.T.);
#2190=EDGE_CURVE('',#2781,#2780,#3457,.T.);
#2191=EDGE_CURVE('',#2779,#2781,#3458,.T.);
#2192=EDGE_CURVE('',#2782,#2783,#3459,.T.);
#2193=EDGE_CURVE('',#2782,#2784,#3460,.T.);
#2194=EDGE_CURVE('',#2785,#2784,#3461,.T.);
#2195=EDGE_CURVE('',#2783,#2785,#3462,.T.);
#2196=EDGE_CURVE('',#2775,#2786,#26,.F.);
#2197=EDGE_CURVE('',#2777,#2787,#27,.T.);
#2198=EDGE_CURVE('',#2787,#2786,#3463,.T.);
#2199=EDGE_CURVE('',#2788,#2778,#28,.F.);
#2200=EDGE_CURVE('',#2788,#2789,#3464,.T.);
#2201=EDGE_CURVE('',#2780,#2789,#29,.F.);
#2202=EDGE_CURVE('',#2790,#2782,#30,.F.);
#2203=EDGE_CURVE('',#2790,#2791,#3465,.T.);
#2204=EDGE_CURVE('',#2784,#2791,#31,.F.);
#2205=EDGE_CURVE('',#2786,#2792,#3466,.T.);
#2206=EDGE_CURVE('',#2787,#2793,#3467,.T.);
#2207=EDGE_CURVE('',#2793,#2792,#3468,.T.);
#2208=EDGE_CURVE('',#2794,#2788,#3469,.T.);
#2209=EDGE_CURVE('',#2794,#2795,#3470,.T.);
#2210=EDGE_CURVE('',#2789,#2795,#3471,.T.);
#2211=EDGE_CURVE('',#2796,#2790,#3472,.T.);
#2212=EDGE_CURVE('',#2796,#2797,#3473,.T.);
#2213=EDGE_CURVE('',#2791,#2797,#3474,.T.);
#2214=EDGE_CURVE('',#2792,#2798,#3475,.T.);
#2215=EDGE_CURVE('',#2793,#2799,#3476,.T.);
#2216=EDGE_CURVE('',#2799,#2798,#3477,.T.);
#2217=EDGE_CURVE('',#2800,#2794,#3478,.T.);
#2218=EDGE_CURVE('',#2800,#2801,#3479,.T.);
#2219=EDGE_CURVE('',#2795,#2801,#3480,.T.);
#2220=EDGE_CURVE('',#2802,#2796,#3481,.T.);
#2221=EDGE_CURVE('',#2802,#2803,#3482,.T.);
#2222=EDGE_CURVE('',#2797,#2803,#3483,.T.);
#2223=EDGE_CURVE('',#2798,#2702,#3484,.T.);
#2224=EDGE_CURVE('',#2799,#2704,#3485,.T.);
#2225=EDGE_CURVE('',#2716,#2800,#3486,.T.);
#2226=EDGE_CURVE('',#2801,#2715,#3487,.T.);
#2227=EDGE_CURVE('',#2712,#2802,#3488,.T.);
#2228=EDGE_CURVE('',#2803,#2711,#3489,.T.);
#2229=EDGE_CURVE('',#2804,#2805,#3490,.T.);
#2230=EDGE_CURVE('',#2804,#2806,#3491,.T.);
#2231=EDGE_CURVE('',#2807,#2806,#3492,.T.);
#2232=EDGE_CURVE('',#2805,#2807,#3493,.T.);
#2233=EDGE_CURVE('',#2808,#2804,#3494,.T.);
#2234=EDGE_CURVE('',#2808,#2809,#3495,.T.);
#2235=EDGE_CURVE('',#2806,#2809,#3496,.T.);
#2236=EDGE_CURVE('',#2810,#2808,#3497,.T.);
#2237=EDGE_CURVE('',#2810,#2811,#3498,.T.);
#2238=EDGE_CURVE('',#2809,#2811,#3499,.T.);
#2239=EDGE_CURVE('',#2812,#2810,#32,.F.);
#2240=EDGE_CURVE('',#2812,#2813,#3500,.T.);
#2241=EDGE_CURVE('',#2811,#2813,#33,.T.);
#2242=EDGE_CURVE('',#2814,#2812,#3501,.T.);
#2243=EDGE_CURVE('',#2814,#2815,#3502,.T.);
#2244=EDGE_CURVE('',#2813,#2815,#3503,.T.);
#2245=EDGE_CURVE('',#2814,#2816,#3504,.T.);
#2246=EDGE_CURVE('',#2816,#2817,#3505,.T.);
#2247=EDGE_CURVE('',#2773,#2817,#3506,.T.);
#2248=EDGE_CURVE('',#2772,#2818,#3507,.T.);
#2249=EDGE_CURVE('',#2818,#2819,#3508,.T.);
#2250=EDGE_CURVE('',#2771,#2819,#3509,.T.);
#2251=EDGE_CURVE('',#2770,#2820,#3510,.T.);
#2252=EDGE_CURVE('',#2820,#2821,#3511,.T.);
#2253=EDGE_CURVE('',#2769,#2821,#3512,.T.);
#2254=EDGE_CURVE('',#2768,#2822,#3513,.T.);
#2255=EDGE_CURVE('',#2822,#2823,#3514,.T.);
#2256=EDGE_CURVE('',#2766,#2823,#3515,.T.);
#2257=EDGE_CURVE('',#2767,#2776,#3516,.T.);
#2258=EDGE_CURVE('',#2703,#2774,#3517,.T.);
#2259=EDGE_CURVE('',#2721,#2824,#3518,.T.);
#2260=EDGE_CURVE('',#2824,#2825,#3519,.T.);
#2261=EDGE_CURVE('',#2825,#2826,#3520,.T.);
#2262=EDGE_CURVE('',#2827,#2826,#3521,.T.);
#2263=EDGE_CURVE('',#2718,#2827,#3522,.T.);
#2264=EDGE_CURVE('',#2717,#2779,#3523,.T.);
#2265=EDGE_CURVE('',#2714,#2781,#3524,.T.);
#2266=EDGE_CURVE('',#2713,#2783,#3525,.T.);
#2267=EDGE_CURVE('',#2710,#2785,#3526,.T.);
#2268=EDGE_CURVE('',#2709,#2828,#3527,.T.);
#2269=EDGE_CURVE('',#2828,#2829,#3528,.T.);
#2270=EDGE_CURVE('',#2815,#2829,#3529,.T.);
#2271=EDGE_CURVE('',#2830,#2828,#3530,.T.);
#2272=EDGE_CURVE('',#2830,#2831,#3531,.T.);
#2273=EDGE_CURVE('',#2829,#2831,#3532,.T.);
#2274=EDGE_CURVE('',#2832,#2830,#34,.F.);
#2275=EDGE_CURVE('',#2832,#2833,#3533,.T.);
#2276=EDGE_CURVE('',#2831,#2833,#35,.T.);
#2277=EDGE_CURVE('',#2834,#2832,#3534,.T.);
#2278=EDGE_CURVE('',#2834,#2835,#3535,.T.);
#2279=EDGE_CURVE('',#2833,#2835,#3536,.T.);
#2280=EDGE_CURVE('',#2836,#2834,#3537,.T.);
#2281=EDGE_CURVE('',#2836,#2837,#3538,.T.);
#2282=EDGE_CURVE('',#2835,#2837,#3539,.T.);
#2283=EDGE_CURVE('',#2708,#2836,#3540,.T.);
#2284=EDGE_CURVE('',#2837,#2707,#3541,.T.);
#2285=EDGE_CURVE('',#2823,#2726,#3542,.T.);
#2286=EDGE_CURVE('',#2731,#2822,#3543,.T.);
#2287=EDGE_CURVE('',#2821,#2733,#3544,.T.);
#2288=EDGE_CURVE('',#2735,#2820,#3545,.T.);
#2289=EDGE_CURVE('',#2819,#2737,#3546,.T.);
#2290=EDGE_CURVE('',#2739,#2818,#3547,.T.);
#2291=EDGE_CURVE('',#2817,#2741,#3548,.T.);
#2292=EDGE_CURVE('',#2805,#2816,#3549,.T.);
#2293=EDGE_CURVE('',#2706,#2807,#3550,.T.);
#2294=EDGE_CURVE('',#2705,#2728,#3551,.T.);
#2295=EDGE_CURVE('',#2827,#2838,#3552,.T.);
#2296=EDGE_CURVE('',#2838,#2719,#3553,.T.);
#2297=EDGE_CURVE('',#2839,#2720,#3554,.T.);
#2298=EDGE_CURVE('',#2839,#2824,#3555,.T.);
#2299=EDGE_CURVE('',#2825,#2725,#3556,.T.);
#2300=EDGE_CURVE('',#2826,#2724,#3557,.T.);
#2301=EDGE_CURVE('',#2723,#2824,#3558,.T.);
#2302=EDGE_CURVE('',#2838,#2839,#3559,.T.);
#2303=EDGE_CURVE('',#2722,#2827,#3560,.T.);
#2304=EDGE_CURVE('',#2840,#2841,#3561,.T.);
#2305=EDGE_CURVE('',#2842,#2841,#3562,.T.);
#2306=EDGE_CURVE('',#2843,#2842,#3563,.T.);
#2307=EDGE_CURVE('',#2843,#2840,#3564,.T.);
#2308=EDGE_CURVE('',#2844,#2845,#3565,.T.);
#2309=EDGE_CURVE('',#2846,#2844,#3566,.T.);
#2310=EDGE_CURVE('',#2847,#2846,#3567,.T.);
#2311=EDGE_CURVE('',#2848,#2847,#3568,.T.);
#2312=EDGE_CURVE('',#2849,#2848,#3569,.T.);
#2313=EDGE_CURVE('',#2845,#2849,#3570,.T.);
#2314=EDGE_CURVE('',#2850,#2851,#3571,.T.);
#2315=EDGE_CURVE('',#2852,#2851,#3572,.T.);
#2316=EDGE_CURVE('',#2853,#2852,#3573,.T.);
#2317=EDGE_CURVE('',#2853,#2850,#3574,.T.);
#2318=EDGE_CURVE('',#2851,#2854,#3575,.T.);
#2319=EDGE_CURVE('',#2855,#2854,#3576,.T.);
#2320=EDGE_CURVE('',#2852,#2855,#3577,.T.);
#2321=EDGE_CURVE('',#2854,#2840,#3578,.T.);
#2322=EDGE_CURVE('',#2855,#2843,#3579,.T.);
#2323=EDGE_CURVE('',#2841,#2856,#36,.T.);
#2324=EDGE_CURVE('',#2857,#2856,#3580,.T.);
#2325=EDGE_CURVE('',#2842,#2857,#37,.T.);
#2326=EDGE_CURVE('',#2856,#2858,#3581,.T.);
#2327=EDGE_CURVE('',#2859,#2858,#3582,.T.);
#2328=EDGE_CURVE('',#2857,#2859,#3583,.T.);
#2329=EDGE_CURVE('',#2858,#2860,#38,.T.);
#2330=EDGE_CURVE('',#2861,#2860,#3584,.T.);
#2331=EDGE_CURVE('',#2859,#2861,#39,.T.);
#2332=EDGE_CURVE('',#2860,#2862,#3585,.T.);
#2333=EDGE_CURVE('',#2863,#2862,#3586,.T.);
#2334=EDGE_CURVE('',#2861,#2863,#3587,.T.);
#2335=EDGE_CURVE('',#2862,#2864,#3588,.T.);
#2336=EDGE_CURVE('',#2865,#2864,#3589,.T.);
#2337=EDGE_CURVE('',#2863,#2865,#3590,.T.);
#2338=EDGE_CURVE('',#2864,#2866,#3591,.T.);
#2339=EDGE_CURVE('',#2867,#2866,#3592,.T.);
#2340=EDGE_CURVE('',#2865,#2867,#3593,.T.);
#2341=EDGE_CURVE('',#2866,#2868,#3594,.T.);
#2342=EDGE_CURVE('',#2869,#2868,#3595,.T.);
#2343=EDGE_CURVE('',#2867,#2869,#3596,.T.);
#2344=EDGE_CURVE('',#2868,#2870,#3597,.T.);
#2345=EDGE_CURVE('',#2871,#2870,#3598,.T.);
#2346=EDGE_CURVE('',#2869,#2871,#3599,.T.);
#2347=EDGE_CURVE('',#2870,#2872,#3600,.T.);
#2348=EDGE_CURVE('',#2873,#2872,#3601,.T.);
#2349=EDGE_CURVE('',#2871,#2873,#3602,.T.);
#2350=EDGE_CURVE('',#2872,#2874,#3603,.T.);
#2351=EDGE_CURVE('',#2875,#2874,#3604,.T.);
#2352=EDGE_CURVE('',#2873,#2875,#3605,.T.);
#2353=EDGE_CURVE('',#2874,#2876,#40,.T.);
#2354=EDGE_CURVE('',#2877,#2876,#3606,.T.);
#2355=EDGE_CURVE('',#2875,#2877,#41,.T.);
#2356=EDGE_CURVE('',#2876,#2878,#3607,.T.);
#2357=EDGE_CURVE('',#2879,#2878,#3608,.T.);
#2358=EDGE_CURVE('',#2877,#2879,#3609,.T.);
#2359=EDGE_CURVE('',#2878,#2880,#42,.T.);
#2360=EDGE_CURVE('',#2881,#2880,#3610,.T.);
#2361=EDGE_CURVE('',#2879,#2881,#43,.T.);
#2362=EDGE_CURVE('',#2880,#2882,#3611,.T.);
#2363=EDGE_CURVE('',#2883,#2882,#3612,.T.);
#2364=EDGE_CURVE('',#2881,#2883,#3613,.T.);
#2365=EDGE_CURVE('',#2882,#2884,#3614,.T.);
#2366=EDGE_CURVE('',#2885,#2884,#3615,.T.);
#2367=EDGE_CURVE('',#2883,#2885,#3616,.T.);
#2368=EDGE_CURVE('',#2884,#2886,#3617,.T.);
#2369=EDGE_CURVE('',#2887,#2886,#3618,.T.);
#2370=EDGE_CURVE('',#2885,#2887,#3619,.T.);
#2371=EDGE_CURVE('',#2886,#2888,#3620,.T.);
#2372=EDGE_CURVE('',#2889,#2888,#3621,.T.);
#2373=EDGE_CURVE('',#2887,#2889,#3622,.T.);
#2374=EDGE_CURVE('',#2888,#2890,#3623,.T.);
#2375=EDGE_CURVE('',#2891,#2890,#3624,.T.);
#2376=EDGE_CURVE('',#2889,#2891,#3625,.T.);
#2377=EDGE_CURVE('',#2890,#2892,#3626,.T.);
#2378=EDGE_CURVE('',#2893,#2892,#3627,.T.);
#2379=EDGE_CURVE('',#2891,#2893,#3628,.T.);
#2380=EDGE_CURVE('',#2892,#2894,#3629,.T.);
#2381=EDGE_CURVE('',#2895,#2894,#3630,.T.);
#2382=EDGE_CURVE('',#2893,#2895,#3631,.T.);
#2383=EDGE_CURVE('',#2894,#2896,#44,.T.);
#2384=EDGE_CURVE('',#2897,#2896,#3632,.T.);
#2385=EDGE_CURVE('',#2895,#2897,#45,.T.);
#2386=EDGE_CURVE('',#2896,#2898,#3633,.T.);
#2387=EDGE_CURVE('',#2899,#2898,#3634,.T.);
#2388=EDGE_CURVE('',#2897,#2899,#3635,.T.);
#2389=EDGE_CURVE('',#2898,#2900,#46,.T.);
#2390=EDGE_CURVE('',#2901,#2900,#3636,.T.);
#2391=EDGE_CURVE('',#2899,#2901,#47,.T.);
#2392=EDGE_CURVE('',#2900,#2902,#3637,.T.);
#2393=EDGE_CURVE('',#2903,#2902,#3638,.T.);
#2394=EDGE_CURVE('',#2901,#2903,#3639,.T.);
#2395=EDGE_CURVE('',#2902,#2904,#3640,.T.);
#2396=EDGE_CURVE('',#2905,#2904,#3641,.T.);
#2397=EDGE_CURVE('',#2903,#2905,#3642,.T.);
#2398=EDGE_CURVE('',#2904,#2850,#3643,.T.);
#2399=EDGE_CURVE('',#2905,#2853,#3644,.T.);
#2400=EDGE_CURVE('',#2906,#2845,#3645,.T.);
#2401=EDGE_CURVE('',#2907,#2906,#3646,.T.);
#2402=EDGE_CURVE('',#2907,#2844,#3647,.T.);
#2403=EDGE_CURVE('',#2908,#2849,#3648,.T.);
#2404=EDGE_CURVE('',#2906,#2908,#3649,.T.);
#2405=EDGE_CURVE('',#2909,#2848,#3650,.T.);
#2406=EDGE_CURVE('',#2908,#2909,#3651,.T.);
#2407=EDGE_CURVE('',#2910,#2847,#3652,.T.);
#2408=EDGE_CURVE('',#2909,#2910,#3653,.T.);
#2409=EDGE_CURVE('',#2911,#2846,#3654,.T.);
#2410=EDGE_CURVE('',#2910,#2911,#3655,.T.);
#2411=EDGE_CURVE('',#2911,#2907,#3656,.T.);
#2412=VERTEX_POINT('',#7316);
#2413=VERTEX_POINT('',#7317);
#2414=VERTEX_POINT('',#7319);
#2415=VERTEX_POINT('',#7321);
#2416=VERTEX_POINT('',#7323);
#2417=VERTEX_POINT('',#7325);
#2418=VERTEX_POINT('',#7327);
#2419=VERTEX_POINT('',#7329);
#2420=VERTEX_POINT('',#7331);
#2421=VERTEX_POINT('',#7333);
#2422=VERTEX_POINT('',#7337);
#2423=VERTEX_POINT('',#7338);
#2424=VERTEX_POINT('',#7340);
#2425=VERTEX_POINT('',#7342);
#2426=VERTEX_POINT('',#7344);
#2427=VERTEX_POINT('',#7348);
#2428=VERTEX_POINT('',#7349);
#2429=VERTEX_POINT('',#7351);
#2430=VERTEX_POINT('',#7353);
#2431=VERTEX_POINT('',#7355);
#2432=VERTEX_POINT('',#7365);
#2433=VERTEX_POINT('',#7366);
#2434=VERTEX_POINT('',#7368);
#2435=VERTEX_POINT('',#7370);
#2436=VERTEX_POINT('',#7374);
#2437=VERTEX_POINT('',#7375);
#2438=VERTEX_POINT('',#7378);
#2439=VERTEX_POINT('',#7382);
#2440=VERTEX_POINT('',#7383);
#2441=VERTEX_POINT('',#7385);
#2442=VERTEX_POINT('',#7387);
#2443=VERTEX_POINT('',#7391);
#2444=VERTEX_POINT('',#7392);
#2445=VERTEX_POINT('',#7394);
#2446=VERTEX_POINT('',#7396);
#2447=VERTEX_POINT('',#7400);
#2448=VERTEX_POINT('',#7401);
#2449=VERTEX_POINT('',#7403);
#2450=VERTEX_POINT('',#7405);
#2451=VERTEX_POINT('',#7409);
#2452=VERTEX_POINT('',#7410);
#2453=VERTEX_POINT('',#7412);
#2454=VERTEX_POINT('',#7414);
#2455=VERTEX_POINT('',#7418);
#2456=VERTEX_POINT('',#7419);
#2457=VERTEX_POINT('',#7421);
#2458=VERTEX_POINT('',#7423);
#2459=VERTEX_POINT('',#7427);
#2460=VERTEX_POINT('',#7429);
#2461=VERTEX_POINT('',#7433);
#2462=VERTEX_POINT('',#7435);
#2463=VERTEX_POINT('',#7439);
#2464=VERTEX_POINT('',#7440);
#2465=VERTEX_POINT('',#7442);
#2466=VERTEX_POINT('',#7444);
#2467=VERTEX_POINT('',#7448);
#2468=VERTEX_POINT('',#7450);
#2469=VERTEX_POINT('',#7454);
#2470=VERTEX_POINT('',#7456);
#2471=VERTEX_POINT('',#7460);
#2472=VERTEX_POINT('',#7461);
#2473=VERTEX_POINT('',#7463);
#2474=VERTEX_POINT('',#7465);
#2475=VERTEX_POINT('',#7469);
#2476=VERTEX_POINT('',#7471);
#2477=VERTEX_POINT('',#7475);
#2478=VERTEX_POINT('',#7477);
#2479=VERTEX_POINT('',#7481);
#2480=VERTEX_POINT('',#7482);
#2481=VERTEX_POINT('',#7484);
#2482=VERTEX_POINT('',#7486);
#2483=VERTEX_POINT('',#7490);
#2484=VERTEX_POINT('',#7492);
#2485=VERTEX_POINT('',#7496);
#2486=VERTEX_POINT('',#7498);
#2487=VERTEX_POINT('',#7502);
#2488=VERTEX_POINT('',#7503);
#2489=VERTEX_POINT('',#7505);
#2490=VERTEX_POINT('',#7507);
#2491=VERTEX_POINT('',#7511);
#2492=VERTEX_POINT('',#7513);
#2493=VERTEX_POINT('',#7517);
#2494=VERTEX_POINT('',#7519);
#2495=VERTEX_POINT('',#7523);
#2496=VERTEX_POINT('',#7524);
#2497=VERTEX_POINT('',#7526);
#2498=VERTEX_POINT('',#7528);
#2499=VERTEX_POINT('',#7532);
#2500=VERTEX_POINT('',#7534);
#2501=VERTEX_POINT('',#7538);
#2502=VERTEX_POINT('',#7540);
#2503=VERTEX_POINT('',#7544);
#2504=VERTEX_POINT('',#7545);
#2505=VERTEX_POINT('',#7547);
#2506=VERTEX_POINT('',#7549);
#2507=VERTEX_POINT('',#7553);
#2508=VERTEX_POINT('',#7554);
#2509=VERTEX_POINT('',#7556);
#2510=VERTEX_POINT('',#7558);
#2511=VERTEX_POINT('',#7580);
#2512=VERTEX_POINT('',#7581);
#2513=VERTEX_POINT('',#7583);
#2514=VERTEX_POINT('',#7585);
#2515=VERTEX_POINT('',#7589);
#2516=VERTEX_POINT('',#7590);
#2517=VERTEX_POINT('',#7592);
#2518=VERTEX_POINT('',#7594);
#2519=VERTEX_POINT('',#7598);
#2520=VERTEX_POINT('',#7599);
#2521=VERTEX_POINT('',#7603);
#2522=VERTEX_POINT('',#7605);
#2523=VERTEX_POINT('',#7611);
#2524=VERTEX_POINT('',#7613);
#2525=VERTEX_POINT('',#7615);
#2526=VERTEX_POINT('',#7619);
#2527=VERTEX_POINT('',#7621);
#2528=VERTEX_POINT('',#7623);
#2529=VERTEX_POINT('',#7625);
#2530=VERTEX_POINT('',#7628);
#2531=VERTEX_POINT('',#7630);
#2532=VERTEX_POINT('',#7635);
#2533=VERTEX_POINT('',#7636);
#2534=VERTEX_POINT('',#7638);
#2535=VERTEX_POINT('',#7640);
#2536=VERTEX_POINT('',#7645);
#2537=VERTEX_POINT('',#7647);
#2538=VERTEX_POINT('',#7651);
#2539=VERTEX_POINT('',#7652);
#2540=VERTEX_POINT('',#7654);
#2541=VERTEX_POINT('',#7656);
#2542=VERTEX_POINT('',#7661);
#2543=VERTEX_POINT('',#7663);
#2544=VERTEX_POINT('',#7667);
#2545=VERTEX_POINT('',#7668);
#2546=VERTEX_POINT('',#7670);
#2547=VERTEX_POINT('',#7672);
#2548=VERTEX_POINT('',#7676);
#2549=VERTEX_POINT('',#7677);
#2550=VERTEX_POINT('',#7683);
#2551=VERTEX_POINT('',#7684);
#2552=VERTEX_POINT('',#7686);
#2553=VERTEX_POINT('',#7688);
#2554=VERTEX_POINT('',#7692);
#2555=VERTEX_POINT('',#7693);
#2556=VERTEX_POINT('',#7699);
#2557=VERTEX_POINT('',#7700);
#2558=VERTEX_POINT('',#7706);
#2559=VERTEX_POINT('',#7707);
#2560=VERTEX_POINT('',#7713);
#2561=VERTEX_POINT('',#7714);
#2562=VERTEX_POINT('',#7720);
#2563=VERTEX_POINT('',#7721);
#2564=VERTEX_POINT('',#7727);
#2565=VERTEX_POINT('',#7729);
#2566=VERTEX_POINT('',#7743);
#2567=VERTEX_POINT('',#7745);
#2568=VERTEX_POINT('',#7786);
#2569=VERTEX_POINT('',#7788);
#2570=VERTEX_POINT('',#7792);
#2571=VERTEX_POINT('',#7794);
#2572=VERTEX_POINT('',#7813);
#2573=VERTEX_POINT('',#7814);
#2574=VERTEX_POINT('',#7816);
#2575=VERTEX_POINT('',#7818);
#2576=VERTEX_POINT('',#7820);
#2577=VERTEX_POINT('',#7822);
#2578=VERTEX_POINT('',#7824);
#2579=VERTEX_POINT('',#7826);
#2580=VERTEX_POINT('',#7828);
#2581=VERTEX_POINT('',#7830);
#2582=VERTEX_POINT('',#7832);
#2583=VERTEX_POINT('',#7834);
#2584=VERTEX_POINT('',#7836);
#2585=VERTEX_POINT('',#7838);
#2586=VERTEX_POINT('',#7840);
#2587=VERTEX_POINT('',#7842);
#2588=VERTEX_POINT('',#7844);
#2589=VERTEX_POINT('',#7846);
#2590=VERTEX_POINT('',#7848);
#2591=VERTEX_POINT('',#7850);
#2592=VERTEX_POINT('',#7854);
#2593=VERTEX_POINT('',#7855);
#2594=VERTEX_POINT('',#7857);
#2595=VERTEX_POINT('',#7859);
#2596=VERTEX_POINT('',#7863);
#2597=VERTEX_POINT('',#7864);
#2598=VERTEX_POINT('',#7866);
#2599=VERTEX_POINT('',#7868);
#2600=VERTEX_POINT('',#7872);
#2601=VERTEX_POINT('',#7873);
#2602=VERTEX_POINT('',#7875);
#2603=VERTEX_POINT('',#7877);
#2604=VERTEX_POINT('',#7881);
#2605=VERTEX_POINT('',#7882);
#2606=VERTEX_POINT('',#7884);
#2607=VERTEX_POINT('',#7886);
#2608=VERTEX_POINT('',#7890);
#2609=VERTEX_POINT('',#7892);
#2610=VERTEX_POINT('',#7896);
#2611=VERTEX_POINT('',#7898);
#2612=VERTEX_POINT('',#7902);
#2613=VERTEX_POINT('',#7904);
#2614=VERTEX_POINT('',#7908);
#2615=VERTEX_POINT('',#7910);
#2616=VERTEX_POINT('',#7914);
#2617=VERTEX_POINT('',#7916);
#2618=VERTEX_POINT('',#7920);
#2619=VERTEX_POINT('',#7922);
#2620=VERTEX_POINT('',#7926);
#2621=VERTEX_POINT('',#7928);
#2622=VERTEX_POINT('',#7932);
#2623=VERTEX_POINT('',#7934);
#2624=VERTEX_POINT('',#7938);
#2625=VERTEX_POINT('',#7940);
#2626=VERTEX_POINT('',#7944);
#2627=VERTEX_POINT('',#7946);
#2628=VERTEX_POINT('',#7950);
#2629=VERTEX_POINT('',#7952);
#2630=VERTEX_POINT('',#7956);
#2631=VERTEX_POINT('',#7958);
#2632=VERTEX_POINT('',#7962);
#2633=VERTEX_POINT('',#7964);
#2634=VERTEX_POINT('',#7968);
#2635=VERTEX_POINT('',#7970);
#2636=VERTEX_POINT('',#7974);
#2637=VERTEX_POINT('',#7976);
#2638=VERTEX_POINT('',#7980);
#2639=VERTEX_POINT('',#7981);
#2640=VERTEX_POINT('',#7983);
#2641=VERTEX_POINT('',#7985);
#2642=VERTEX_POINT('',#7989);
#2643=VERTEX_POINT('',#7990);
#2644=VERTEX_POINT('',#7992);
#2645=VERTEX_POINT('',#7994);
#2646=VERTEX_POINT('',#7998);
#2647=VERTEX_POINT('',#7999);
#2648=VERTEX_POINT('',#8001);
#2649=VERTEX_POINT('',#8003);
#2650=VERTEX_POINT('',#8007);
#2651=VERTEX_POINT('',#8008);
#2652=VERTEX_POINT('',#8010);
#2653=VERTEX_POINT('',#8012);
#2654=VERTEX_POINT('',#8016);
#2655=VERTEX_POINT('',#8018);
#2656=VERTEX_POINT('',#8022);
#2657=VERTEX_POINT('',#8024);
#2658=VERTEX_POINT('',#8028);
#2659=VERTEX_POINT('',#8030);
#2660=VERTEX_POINT('',#8034);
#2661=VERTEX_POINT('',#8036);
#2662=VERTEX_POINT('',#8040);
#2663=VERTEX_POINT('',#8042);
#2664=VERTEX_POINT('',#8046);
#2665=VERTEX_POINT('',#8048);
#2666=VERTEX_POINT('',#8052);
#2667=VERTEX_POINT('',#8054);
#2668=VERTEX_POINT('',#8058);
#2669=VERTEX_POINT('',#8060);
#2670=VERTEX_POINT('',#8076);
#2671=VERTEX_POINT('',#8077);
#2672=VERTEX_POINT('',#8079);
#2673=VERTEX_POINT('',#8081);
#2674=VERTEX_POINT('',#8085);
#2675=VERTEX_POINT('',#8087);
#2676=VERTEX_POINT('',#8090);
#2677=VERTEX_POINT('',#8092);
#2678=VERTEX_POINT('',#8095);
#2679=VERTEX_POINT('',#8097);
#2680=VERTEX_POINT('',#8100);
#2681=VERTEX_POINT('',#8102);
#2682=VERTEX_POINT('',#8108);
#2683=VERTEX_POINT('',#8110);
#2684=VERTEX_POINT('',#8114);
#2685=VERTEX_POINT('',#8116);
#2686=VERTEX_POINT('',#8120);
#2687=VERTEX_POINT('',#8122);
#2688=VERTEX_POINT('',#8126);
#2689=VERTEX_POINT('',#8128);
#2690=VERTEX_POINT('',#8132);
#2691=VERTEX_POINT('',#8134);
#2692=VERTEX_POINT('',#8138);
#2693=VERTEX_POINT('',#8139);
#2694=VERTEX_POINT('',#8155);
#2695=VERTEX_POINT('',#8157);
#2696=VERTEX_POINT('',#8163);
#2697=VERTEX_POINT('',#8165);
#2698=VERTEX_POINT('',#8169);
#2699=VERTEX_POINT('',#8171);
#2700=VERTEX_POINT('',#8175);
#2701=VERTEX_POINT('',#8177);
#2702=VERTEX_POINT('',#8242);
#2703=VERTEX_POINT('',#8243);
#2704=VERTEX_POINT('',#8245);
#2705=VERTEX_POINT('',#8247);
#2706=VERTEX_POINT('',#8249);
#2707=VERTEX_POINT('',#8251);
#2708=VERTEX_POINT('',#8253);
#2709=VERTEX_POINT('',#8255);
#2710=VERTEX_POINT('',#8257);
#2711=VERTEX_POINT('',#8259);
#2712=VERTEX_POINT('',#8261);
#2713=VERTEX_POINT('',#8263);
#2714=VERTEX_POINT('',#8265);
#2715=VERTEX_POINT('',#8267);
#2716=VERTEX_POINT('',#8269);
#2717=VERTEX_POINT('',#8271);
#2718=VERTEX_POINT('',#8273);
#2719=VERTEX_POINT('',#8275);
#2720=VERTEX_POINT('',#8277);
#2721=VERTEX_POINT('',#8279);
#2722=VERTEX_POINT('',#8282);
#2723=VERTEX_POINT('',#8283);
#2724=VERTEX_POINT('',#8285);
#2725=VERTEX_POINT('',#8287);
#2726=VERTEX_POINT('',#8291);
#2727=VERTEX_POINT('',#8292);
#2728=VERTEX_POINT('',#8294);
#2729=VERTEX_POINT('',#8296);
#2730=VERTEX_POINT('',#8300);
#2731=VERTEX_POINT('',#8301);
#2732=VERTEX_POINT('',#8303);
#2733=VERTEX_POINT('',#8305);
#2734=VERTEX_POINT('',#8309);
#2735=VERTEX_POINT('',#8310);
#2736=VERTEX_POINT('',#8312);
#2737=VERTEX_POINT('',#8314);
#2738=VERTEX_POINT('',#8318);
#2739=VERTEX_POINT('',#8319);
#2740=VERTEX_POINT('',#8321);
#2741=VERTEX_POINT('',#8323);
#2742=VERTEX_POINT('',#8327);
#2743=VERTEX_POINT('',#8329);
#2744=VERTEX_POINT('',#8333);
#2745=VERTEX_POINT('',#8335);
#2746=VERTEX_POINT('',#8339);
#2747=VERTEX_POINT('',#8341);
#2748=VERTEX_POINT('',#8345);
#2749=VERTEX_POINT('',#8347);
#2750=VERTEX_POINT('',#8351);
#2751=VERTEX_POINT('',#8353);
#2752=VERTEX_POINT('',#8357);
#2753=VERTEX_POINT('',#8359);
#2754=VERTEX_POINT('',#8363);
#2755=VERTEX_POINT('',#8365);
#2756=VERTEX_POINT('',#8369);
#2757=VERTEX_POINT('',#8371);
#2758=VERTEX_POINT('',#8375);
#2759=VERTEX_POINT('',#8377);
#2760=VERTEX_POINT('',#8381);
#2761=VERTEX_POINT('',#8383);
#2762=VERTEX_POINT('',#8387);
#2763=VERTEX_POINT('',#8389);
#2764=VERTEX_POINT('',#8393);
#2765=VERTEX_POINT('',#8395);
#2766=VERTEX_POINT('',#8399);
#2767=VERTEX_POINT('',#8401);
#2768=VERTEX_POINT('',#8405);
#2769=VERTEX_POINT('',#8407);
#2770=VERTEX_POINT('',#8411);
#2771=VERTEX_POINT('',#8413);
#2772=VERTEX_POINT('',#8417);
#2773=VERTEX_POINT('',#8419);
#2774=VERTEX_POINT('',#8423);
#2775=VERTEX_POINT('',#8424);
#2776=VERTEX_POINT('',#8426);
#2777=VERTEX_POINT('',#8428);
#2778=VERTEX_POINT('',#8432);
#2779=VERTEX_POINT('',#8433);
#2780=VERTEX_POINT('',#8435);
#2781=VERTEX_POINT('',#8437);
#2782=VERTEX_POINT('',#8441);
#2783=VERTEX_POINT('',#8442);
#2784=VERTEX_POINT('',#8444);
#2785=VERTEX_POINT('',#8446);
#2786=VERTEX_POINT('',#8450);
#2787=VERTEX_POINT('',#8452);
#2788=VERTEX_POINT('',#8456);
#2789=VERTEX_POINT('',#8458);
#2790=VERTEX_POINT('',#8462);
#2791=VERTEX_POINT('',#8464);
#2792=VERTEX_POINT('',#8468);
#2793=VERTEX_POINT('',#8470);
#2794=VERTEX_POINT('',#8474);
#2795=VERTEX_POINT('',#8476);
#2796=VERTEX_POINT('',#8480);
#2797=VERTEX_POINT('',#8482);
#2798=VERTEX_POINT('',#8486);
#2799=VERTEX_POINT('',#8488);
#2800=VERTEX_POINT('',#8492);
#2801=VERTEX_POINT('',#8494);
#2802=VERTEX_POINT('',#8498);
#2803=VERTEX_POINT('',#8500);
#2804=VERTEX_POINT('',#8513);
#2805=VERTEX_POINT('',#8514);
#2806=VERTEX_POINT('',#8516);
#2807=VERTEX_POINT('',#8518);
#2808=VERTEX_POINT('',#8522);
#2809=VERTEX_POINT('',#8524);
#2810=VERTEX_POINT('',#8528);
#2811=VERTEX_POINT('',#8530);
#2812=VERTEX_POINT('',#8534);
#2813=VERTEX_POINT('',#8536);
#2814=VERTEX_POINT('',#8540);
#2815=VERTEX_POINT('',#8542);
#2816=VERTEX_POINT('',#8546);
#2817=VERTEX_POINT('',#8548);
#2818=VERTEX_POINT('',#8551);
#2819=VERTEX_POINT('',#8553);
#2820=VERTEX_POINT('',#8556);
#2821=VERTEX_POINT('',#8558);
#2822=VERTEX_POINT('',#8561);
#2823=VERTEX_POINT('',#8563);
#2824=VERTEX_POINT('',#8568);
#2825=VERTEX_POINT('',#8570);
#2826=VERTEX_POINT('',#8572);
#2827=VERTEX_POINT('',#8574);
#2828=VERTEX_POINT('',#8581);
#2829=VERTEX_POINT('',#8583);
#2830=VERTEX_POINT('',#8587);
#2831=VERTEX_POINT('',#8589);
#2832=VERTEX_POINT('',#8593);
#2833=VERTEX_POINT('',#8595);
#2834=VERTEX_POINT('',#8599);
#2835=VERTEX_POINT('',#8601);
#2836=VERTEX_POINT('',#8605);
#2837=VERTEX_POINT('',#8607);
#2838=VERTEX_POINT('',#8640);
#2839=VERTEX_POINT('',#8645);
#2840=VERTEX_POINT('',#8660);
#2841=VERTEX_POINT('',#8661);
#2842=VERTEX_POINT('',#8663);
#2843=VERTEX_POINT('',#8665);
#2844=VERTEX_POINT('',#8668);
#2845=VERTEX_POINT('',#8669);
#2846=VERTEX_POINT('',#8671);
#2847=VERTEX_POINT('',#8673);
#2848=VERTEX_POINT('',#8675);
#2849=VERTEX_POINT('',#8677);
#2850=VERTEX_POINT('',#8681);
#2851=VERTEX_POINT('',#8682);
#2852=VERTEX_POINT('',#8684);
#2853=VERTEX_POINT('',#8686);
#2854=VERTEX_POINT('',#8690);
#2855=VERTEX_POINT('',#8692);
#2856=VERTEX_POINT('',#8699);
#2857=VERTEX_POINT('',#8701);
#2858=VERTEX_POINT('',#8705);
#2859=VERTEX_POINT('',#8707);
#2860=VERTEX_POINT('',#8711);
#2861=VERTEX_POINT('',#8713);
#2862=VERTEX_POINT('',#8717);
#2863=VERTEX_POINT('',#8719);
#2864=VERTEX_POINT('',#8723);
#2865=VERTEX_POINT('',#8725);
#2866=VERTEX_POINT('',#8729);
#2867=VERTEX_POINT('',#8731);
#2868=VERTEX_POINT('',#8735);
#2869=VERTEX_POINT('',#8737);
#2870=VERTEX_POINT('',#8741);
#2871=VERTEX_POINT('',#8743);
#2872=VERTEX_POINT('',#8747);
#2873=VERTEX_POINT('',#8749);
#2874=VERTEX_POINT('',#8753);
#2875=VERTEX_POINT('',#8755);
#2876=VERTEX_POINT('',#8759);
#2877=VERTEX_POINT('',#8761);
#2878=VERTEX_POINT('',#8765);
#2879=VERTEX_POINT('',#8767);
#2880=VERTEX_POINT('',#8771);
#2881=VERTEX_POINT('',#8773);
#2882=VERTEX_POINT('',#8777);
#2883=VERTEX_POINT('',#8779);
#2884=VERTEX_POINT('',#8783);
#2885=VERTEX_POINT('',#8785);
#2886=VERTEX_POINT('',#8789);
#2887=VERTEX_POINT('',#8791);
#2888=VERTEX_POINT('',#8795);
#2889=VERTEX_POINT('',#8797);
#2890=VERTEX_POINT('',#8801);
#2891=VERTEX_POINT('',#8803);
#2892=VERTEX_POINT('',#8807);
#2893=VERTEX_POINT('',#8809);
#2894=VERTEX_POINT('',#8813);
#2895=VERTEX_POINT('',#8815);
#2896=VERTEX_POINT('',#8819);
#2897=VERTEX_POINT('',#8821);
#2898=VERTEX_POINT('',#8825);
#2899=VERTEX_POINT('',#8827);
#2900=VERTEX_POINT('',#8831);
#2901=VERTEX_POINT('',#8833);
#2902=VERTEX_POINT('',#8837);
#2903=VERTEX_POINT('',#8839);
#2904=VERTEX_POINT('',#8843);
#2905=VERTEX_POINT('',#8845);
#2906=VERTEX_POINT('',#8854);
#2907=VERTEX_POINT('',#8856);
#2908=VERTEX_POINT('',#8860);
#2909=VERTEX_POINT('',#8864);
#2910=VERTEX_POINT('',#8868);
#2911=VERTEX_POINT('',#8872);
#2912=LINE('',#7315,#3657);
#2913=LINE('',#7318,#3658);
#2914=LINE('',#7320,#3659);
#2915=LINE('',#7322,#3660);
#2916=LINE('',#7324,#3661);
#2917=LINE('',#7326,#3662);
#2918=LINE('',#7328,#3663);
#2919=LINE('',#7330,#3664);
#2920=LINE('',#7332,#3665);
#2921=LINE('',#7334,#3666);
#2922=LINE('',#7336,#3667);
#2923=LINE('',#7339,#3668);
#2924=LINE('',#7341,#3669);
#2925=LINE('',#7343,#3670);
#2926=LINE('',#7345,#3671);
#2927=LINE('',#7347,#3672);
#2928=LINE('',#7350,#3673);
#2929=LINE('',#7352,#3674);
#2930=LINE('',#7354,#3675);
#2931=LINE('',#7356,#3676);
#2932=LINE('',#7358,#3677);
#2933=LINE('',#7359,#3678);
#2934=LINE('',#7361,#3679);
#2935=LINE('',#7362,#3680);
#2936=LINE('',#7364,#3681);
#2937=LINE('',#7367,#3682);
#2938=LINE('',#7369,#3683);
#2939=LINE('',#7371,#3684);
#2940=LINE('',#7373,#3685);
#2941=LINE('',#7376,#3686);
#2942=LINE('',#7377,#3687);
#2943=LINE('',#7379,#3688);
#2944=LINE('',#7381,#3689);
#2945=LINE('',#7384,#3690);
#2946=LINE('',#7386,#3691);
#2947=LINE('',#7388,#3692);
#2948=LINE('',#7390,#3693);
#2949=LINE('',#7393,#3694);
#2950=LINE('',#7395,#3695);
#2951=LINE('',#7397,#3696);
#2952=LINE('',#7399,#3697);
#2953=LINE('',#7402,#3698);
#2954=LINE('',#7404,#3699);
#2955=LINE('',#7406,#3700);
#2956=LINE('',#7408,#3701);
#2957=LINE('',#7411,#3702);
#2958=LINE('',#7413,#3703);
#2959=LINE('',#7415,#3704);
#2960=LINE('',#7417,#3705);
#2961=LINE('',#7420,#3706);
#2962=LINE('',#7422,#3707);
#2963=LINE('',#7424,#3708);
#2964=LINE('',#7426,#3709);
#2965=LINE('',#7428,#3710);
#2966=LINE('',#7430,#3711);
#2967=LINE('',#7432,#3712);
#2968=LINE('',#7434,#3713);
#2969=LINE('',#7436,#3714);
#2970=LINE('',#7438,#3715);
#2971=LINE('',#7441,#3716);
#2972=LINE('',#7443,#3717);
#2973=LINE('',#7445,#3718);
#2974=LINE('',#7447,#3719);
#2975=LINE('',#7449,#3720);
#2976=LINE('',#7451,#3721);
#2977=LINE('',#7453,#3722);
#2978=LINE('',#7455,#3723);
#2979=LINE('',#7457,#3724);
#2980=LINE('',#7459,#3725);
#2981=LINE('',#7462,#3726);
#2982=LINE('',#7464,#3727);
#2983=LINE('',#7466,#3728);
#2984=LINE('',#7468,#3729);
#2985=LINE('',#7470,#3730);
#2986=LINE('',#7472,#3731);
#2987=LINE('',#7474,#3732);
#2988=LINE('',#7476,#3733);
#2989=LINE('',#7478,#3734);
#2990=LINE('',#7480,#3735);
#2991=LINE('',#7483,#3736);
#2992=LINE('',#7485,#3737);
#2993=LINE('',#7487,#3738);
#2994=LINE('',#7489,#3739);
#2995=LINE('',#7491,#3740);
#2996=LINE('',#7493,#3741);
#2997=LINE('',#7495,#3742);
#2998=LINE('',#7497,#3743);
#2999=LINE('',#7499,#3744);
#3000=LINE('',#7501,#3745);
#3001=LINE('',#7504,#3746);
#3002=LINE('',#7506,#3747);
#3003=LINE('',#7508,#3748);
#3004=LINE('',#7510,#3749);
#3005=LINE('',#7512,#3750);
#3006=LINE('',#7514,#3751);
#3007=LINE('',#7516,#3752);
#3008=LINE('',#7518,#3753);
#3009=LINE('',#7520,#3754);
#3010=LINE('',#7522,#3755);
#3011=LINE('',#7525,#3756);
#3012=LINE('',#7527,#3757);
#3013=LINE('',#7529,#3758);
#3014=LINE('',#7531,#3759);
#3015=LINE('',#7533,#3760);
#3016=LINE('',#7535,#3761);
#3017=LINE('',#7537,#3762);
#3018=LINE('',#7539,#3763);
#3019=LINE('',#7541,#3764);
#3020=LINE('',#7543,#3765);
#3021=LINE('',#7546,#3766);
#3022=LINE('',#7548,#3767);
#3023=LINE('',#7550,#3768);
#3024=LINE('',#7552,#3769);
#3025=LINE('',#7555,#3770);
#3026=LINE('',#7557,#3771);
#3027=LINE('',#7559,#3772);
#3028=LINE('',#7561,#3773);
#3029=LINE('',#7562,#3774);
#3030=LINE('',#7564,#3775);
#3031=LINE('',#7565,#3776);
#3032=LINE('',#7567,#3777);
#3033=LINE('',#7568,#3778);
#3034=LINE('',#7570,#3779);
#3035=LINE('',#7571,#3780);
#3036=LINE('',#7573,#3781);
#3037=LINE('',#7574,#3782);
#3038=LINE('',#7576,#3783);
#3039=LINE('',#7577,#3784);
#3040=LINE('',#7579,#3785);
#3041=LINE('',#7582,#3786);
#3042=LINE('',#7584,#3787);
#3043=LINE('',#7586,#3788);
#3044=LINE('',#7588,#3789);
#3045=LINE('',#7591,#3790);
#3046=LINE('',#7593,#3791);
#3047=LINE('',#7595,#3792);
#3048=LINE('',#7597,#3793);
#3049=LINE('',#7600,#3794);
#3050=LINE('',#7601,#3795);
#3051=LINE('',#7602,#3796);
#3052=LINE('',#7604,#3797);
#3053=LINE('',#7606,#3798);
#3054=LINE('',#7607,#3799);
#3055=LINE('',#7608,#3800);
#3056=LINE('',#7610,#3801);
#3057=LINE('',#7612,#3802);
#3058=LINE('',#7614,#3803);
#3059=LINE('',#7616,#3804);
#3060=LINE('',#7618,#3805);
#3061=LINE('',#7620,#3806);
#3062=LINE('',#7622,#3807);
#3063=LINE('',#7624,#3808);
#3064=LINE('',#7626,#3809);
#3065=LINE('',#7627,#3810);
#3066=LINE('',#7629,#3811);
#3067=LINE('',#7631,#3812);
#3068=LINE('',#7632,#3813);
#3069=LINE('',#7634,#3814);
#3070=LINE('',#7637,#3815);
#3071=LINE('',#7639,#3816);
#3072=LINE('',#7641,#3817);
#3073=LINE('',#7642,#3818);
#3074=LINE('',#7644,#3819);
#3075=LINE('',#7646,#3820);
#3076=LINE('',#7648,#3821);
#3077=LINE('',#7650,#3822);
#3078=LINE('',#7653,#3823);
#3079=LINE('',#7655,#3824);
#3080=LINE('',#7657,#3825);
#3081=LINE('',#7658,#3826);
#3082=LINE('',#7660,#3827);
#3083=LINE('',#7662,#3828);
#3084=LINE('',#7664,#3829);
#3085=LINE('',#7666,#3830);
#3086=LINE('',#7669,#3831);
#3087=LINE('',#7671,#3832);
#3088=LINE('',#7673,#3833);
#3089=LINE('',#7675,#3834);
#3090=LINE('',#7678,#3835);
#3091=LINE('',#7679,#3836);
#3092=LINE('',#7680,#3837);
#3093=LINE('',#7682,#3838);
#3094=LINE('',#7685,#3839);
#3095=LINE('',#7687,#3840);
#3096=LINE('',#7689,#3841);
#3097=LINE('',#7691,#3842);
#3098=LINE('',#7694,#3843);
#3099=LINE('',#7695,#3844);
#3100=LINE('',#7696,#3845);
#3101=LINE('',#7698,#3846);
#3102=LINE('',#7701,#3847);
#3103=LINE('',#7702,#3848);
#3104=LINE('',#7703,#3849);
#3105=LINE('',#7705,#3850);
#3106=LINE('',#7708,#3851);
#3107=LINE('',#7709,#3852);
#3108=LINE('',#7710,#3853);
#3109=LINE('',#7712,#3854);
#3110=LINE('',#7715,#3855);
#3111=LINE('',#7716,#3856);
#3112=LINE('',#7717,#3857);
#3113=LINE('',#7719,#3858);
#3114=LINE('',#7722,#3859);
#3115=LINE('',#7723,#3860);
#3116=LINE('',#7724,#3861);
#3117=LINE('',#7726,#3862);
#3118=LINE('',#7728,#3863);
#3119=LINE('',#7730,#3864);
#3120=LINE('',#7732,#3865);
#3121=LINE('',#7733,#3866);
#3122=LINE('',#7734,#3867);
#3123=LINE('',#7736,#3868);
#3124=LINE('',#7737,#3869);
#3125=LINE('',#7738,#3870);
#3126=LINE('',#7739,#3871);
#3127=LINE('',#7740,#3872);
#3128=LINE('',#7741,#3873);
#3129=LINE('',#7742,#3874);
#3130=LINE('',#7744,#3875);
#3131=LINE('',#7746,#3876);
#3132=LINE('',#7748,#3877);
#3133=LINE('',#7749,#3878);
#3134=LINE('',#7751,#3879);
#3135=LINE('',#7753,#3880);
#3136=LINE('',#7755,#3881);
#3137=LINE('',#7756,#3882);
#3138=LINE('',#7758,#3883);
#3139=LINE('',#7760,#3884);
#3140=LINE('',#7762,#3885);
#3141=LINE('',#7765,#3886);
#3142=LINE('',#7774,#3887);
#3143=LINE('',#7777,#3888);
#3144=LINE('',#7780,#3889);
#3145=LINE('',#7782,#3890);
#3146=LINE('',#7784,#3891);
#3147=LINE('',#7785,#3892);
#3148=LINE('',#7787,#3893);
#3149=LINE('',#7789,#3894);
#3150=LINE('',#7791,#3895);
#3151=LINE('',#7793,#3896);
#3152=LINE('',#7795,#3897);
#3153=LINE('',#7796,#3898);
#3154=LINE('',#7798,#3899);
#3155=LINE('',#7801,#3900);
#3156=LINE('',#7805,#3901);
#3157=LINE('',#7808,#3902);
#3158=LINE('',#7812,#3903);
#3159=LINE('',#7815,#3904);
#3160=LINE('',#7817,#3905);
#3161=LINE('',#7819,#3906);
#3162=LINE('',#7821,#3907);
#3163=LINE('',#7823,#3908);
#3164=LINE('',#7825,#3909);
#3165=LINE('',#7827,#3910);
#3166=LINE('',#7829,#3911);
#3167=LINE('',#7831,#3912);
#3168=LINE('',#7833,#3913);
#3169=LINE('',#7835,#3914);
#3170=LINE('',#7837,#3915);
#3171=LINE('',#7839,#3916);
#3172=LINE('',#7841,#3917);
#3173=LINE('',#7843,#3918);
#3174=LINE('',#7845,#3919);
#3175=LINE('',#7847,#3920);
#3176=LINE('',#7849,#3921);
#3177=LINE('',#7851,#3922);
#3178=LINE('',#7853,#3923);
#3179=LINE('',#7856,#3924);
#3180=LINE('',#7858,#3925);
#3181=LINE('',#7860,#3926);
#3182=LINE('',#7862,#3927);
#3183=LINE('',#7865,#3928);
#3184=LINE('',#7867,#3929);
#3185=LINE('',#7869,#3930);
#3186=LINE('',#7871,#3931);
#3187=LINE('',#7874,#3932);
#3188=LINE('',#7876,#3933);
#3189=LINE('',#7878,#3934);
#3190=LINE('',#7880,#3935);
#3191=LINE('',#7883,#3936);
#3192=LINE('',#7885,#3937);
#3193=LINE('',#7887,#3938);
#3194=LINE('',#7889,#3939);
#3195=LINE('',#7891,#3940);
#3196=LINE('',#7893,#3941);
#3197=LINE('',#7895,#3942);
#3198=LINE('',#7897,#3943);
#3199=LINE('',#7899,#3944);
#3200=LINE('',#7901,#3945);
#3201=LINE('',#7903,#3946);
#3202=LINE('',#7905,#3947);
#3203=LINE('',#7907,#3948);
#3204=LINE('',#7909,#3949);
#3205=LINE('',#7911,#3950);
#3206=LINE('',#7913,#3951);
#3207=LINE('',#7915,#3952);
#3208=LINE('',#7917,#3953);
#3209=LINE('',#7919,#3954);
#3210=LINE('',#7921,#3955);
#3211=LINE('',#7923,#3956);
#3212=LINE('',#7925,#3957);
#3213=LINE('',#7927,#3958);
#3214=LINE('',#7929,#3959);
#3215=LINE('',#7931,#3960);
#3216=LINE('',#7933,#3961);
#3217=LINE('',#7935,#3962);
#3218=LINE('',#7937,#3963);
#3219=LINE('',#7939,#3964);
#3220=LINE('',#7941,#3965);
#3221=LINE('',#7943,#3966);
#3222=LINE('',#7945,#3967);
#3223=LINE('',#7947,#3968);
#3224=LINE('',#7949,#3969);
#3225=LINE('',#7951,#3970);
#3226=LINE('',#7953,#3971);
#3227=LINE('',#7955,#3972);
#3228=LINE('',#7957,#3973);
#3229=LINE('',#7959,#3974);
#3230=LINE('',#7961,#3975);
#3231=LINE('',#7963,#3976);
#3232=LINE('',#7965,#3977);
#3233=LINE('',#7967,#3978);
#3234=LINE('',#7969,#3979);
#3235=LINE('',#7971,#3980);
#3236=LINE('',#7973,#3981);
#3237=LINE('',#7975,#3982);
#3238=LINE('',#7977,#3983);
#3239=LINE('',#7979,#3984);
#3240=LINE('',#7982,#3985);
#3241=LINE('',#7984,#3986);
#3242=LINE('',#7986,#3987);
#3243=LINE('',#7988,#3988);
#3244=LINE('',#7991,#3989);
#3245=LINE('',#7993,#3990);
#3246=LINE('',#7995,#3991);
#3247=LINE('',#7997,#3992);
#3248=LINE('',#8000,#3993);
#3249=LINE('',#8002,#3994);
#3250=LINE('',#8004,#3995);
#3251=LINE('',#8006,#3996);
#3252=LINE('',#8009,#3997);
#3253=LINE('',#8011,#3998);
#3254=LINE('',#8013,#3999);
#3255=LINE('',#8015,#4000);
#3256=LINE('',#8017,#4001);
#3257=LINE('',#8019,#4002);
#3258=LINE('',#8021,#4003);
#3259=LINE('',#8023,#4004);
#3260=LINE('',#8025,#4005);
#3261=LINE('',#8027,#4006);
#3262=LINE('',#8029,#4007);
#3263=LINE('',#8031,#4008);
#3264=LINE('',#8033,#4009);
#3265=LINE('',#8035,#4010);
#3266=LINE('',#8037,#4011);
#3267=LINE('',#8039,#4012);
#3268=LINE('',#8041,#4013);
#3269=LINE('',#8043,#4014);
#3270=LINE('',#8045,#4015);
#3271=LINE('',#8047,#4016);
#3272=LINE('',#8049,#4017);
#3273=LINE('',#8051,#4018);
#3274=LINE('',#8053,#4019);
#3275=LINE('',#8055,#4020);
#3276=LINE('',#8057,#4021);
#3277=LINE('',#8059,#4022);
#3278=LINE('',#8061,#4023);
#3279=LINE('',#8063,#4024);
#3280=LINE('',#8064,#4025);
#3281=LINE('',#8066,#4026);
#3282=LINE('',#8067,#4027);
#3283=LINE('',#8069,#4028);
#3284=LINE('',#8070,#4029);
#3285=LINE('',#8072,#4030);
#3286=LINE('',#8073,#4031);
#3287=LINE('',#8075,#4032);
#3288=LINE('',#8078,#4033);
#3289=LINE('',#8080,#4034);
#3290=LINE('',#8082,#4035);
#3291=LINE('',#8084,#4036);
#3292=LINE('',#8086,#4037);
#3293=LINE('',#8088,#4038);
#3294=LINE('',#8089,#4039);
#3295=LINE('',#8091,#4040);
#3296=LINE('',#8093,#4041);
#3297=LINE('',#8094,#4042);
#3298=LINE('',#8096,#4043);
#3299=LINE('',#8098,#4044);
#3300=LINE('',#8099,#4045);
#3301=LINE('',#8101,#4046);
#3302=LINE('',#8103,#4047);
#3303=LINE('',#8104,#4048);
#3304=LINE('',#8105,#4049);
#3305=LINE('',#8107,#4050);
#3306=LINE('',#8109,#4051);
#3307=LINE('',#8111,#4052);
#3308=LINE('',#8113,#4053);
#3309=LINE('',#8115,#4054);
#3310=LINE('',#8117,#4055);
#3311=LINE('',#8119,#4056);
#3312=LINE('',#8121,#4057);
#3313=LINE('',#8123,#4058);
#3314=LINE('',#8125,#4059);
#3315=LINE('',#8127,#4060);
#3316=LINE('',#8129,#4061);
#3317=LINE('',#8131,#4062);
#3318=LINE('',#8133,#4063);
#3319=LINE('',#8135,#4064);
#3320=LINE('',#8137,#4065);
#3321=LINE('',#8140,#4066);
#3322=LINE('',#8141,#4067);
#3323=LINE('',#8142,#4068);
#3324=LINE('',#8143,#4069);
#3325=LINE('',#8144,#4070);
#3326=LINE('',#8145,#4071);
#3327=LINE('',#8146,#4072);
#3328=LINE('',#8147,#4073);
#3329=LINE('',#8148,#4074);
#3330=LINE('',#8149,#4075);
#3331=LINE('',#8150,#4076);
#3332=LINE('',#8151,#4077);
#3333=LINE('',#8152,#4078);
#3334=LINE('',#8153,#4079);
#3335=LINE('',#8154,#4080);
#3336=LINE('',#8156,#4081);
#3337=LINE('',#8158,#4082);
#3338=LINE('',#8159,#4083);
#3339=LINE('',#8160,#4084);
#3340=LINE('',#8162,#4085);
#3341=LINE('',#8164,#4086);
#3342=LINE('',#8166,#4087);
#3343=LINE('',#8168,#4088);
#3344=LINE('',#8170,#4089);
#3345=LINE('',#8172,#4090);
#3346=LINE('',#8174,#4091);
#3347=LINE('',#8176,#4092);
#3348=LINE('',#8178,#4093);
#3349=LINE('',#8180,#4094);
#3350=LINE('',#8181,#4095);
#3351=LINE('',#8183,#4096);
#3352=LINE('',#8184,#4097);
#3353=LINE('',#8186,#4098);
#3354=LINE('',#8187,#4099);
#3355=LINE('',#8193,#4100);
#3356=LINE('',#8195,#4101);
#3357=LINE('',#8199,#4102);
#3358=LINE('',#8201,#4103);
#3359=LINE('',#8205,#4104);
#3360=LINE('',#8207,#4105);
#3361=LINE('',#8211,#4106);
#3362=LINE('',#8213,#4107);
#3363=LINE('',#8217,#4108);
#3364=LINE('',#8220,#4109);
#3365=LINE('',#8223,#4110);
#3366=LINE('',#8225,#4111);
#3367=LINE('',#8229,#4112);
#3368=LINE('',#8231,#4113);
#3369=LINE('',#8235,#4114);
#3370=LINE('',#8237,#4115);
#3371=LINE('',#8241,#4116);
#3372=LINE('',#8244,#4117);
#3373=LINE('',#8246,#4118);
#3374=LINE('',#8248,#4119);
#3375=LINE('',#8250,#4120);
#3376=LINE('',#8252,#4121);
#3377=LINE('',#8254,#4122);
#3378=LINE('',#8256,#4123);
#3379=LINE('',#8258,#4124);
#3380=LINE('',#8260,#4125);
#3381=LINE('',#8262,#4126);
#3382=LINE('',#8264,#4127);
#3383=LINE('',#8266,#4128);
#3384=LINE('',#8268,#4129);
#3385=LINE('',#8270,#4130);
#3386=LINE('',#8272,#4131);
#3387=LINE('',#8274,#4132);
#3388=LINE('',#8276,#4133);
#3389=LINE('',#8278,#4134);
#3390=LINE('',#8280,#4135);
#3391=LINE('',#8281,#4136);
#3392=LINE('',#8284,#4137);
#3393=LINE('',#8286,#4138);
#3394=LINE('',#8288,#4139);
#3395=LINE('',#8290,#4140);
#3396=LINE('',#8293,#4141);
#3397=LINE('',#8295,#4142);
#3398=LINE('',#8297,#4143);
#3399=LINE('',#8299,#4144);
#3400=LINE('',#8302,#4145);
#3401=LINE('',#8304,#4146);
#3402=LINE('',#8306,#4147);
#3403=LINE('',#8308,#4148);
#3404=LINE('',#8311,#4149);
#3405=LINE('',#8313,#4150);
#3406=LINE('',#8315,#4151);
#3407=LINE('',#8317,#4152);
#3408=LINE('',#8320,#4153);
#3409=LINE('',#8322,#4154);
#3410=LINE('',#8324,#4155);
#3411=LINE('',#8326,#4156);
#3412=LINE('',#8328,#4157);
#3413=LINE('',#8330,#4158);
#3414=LINE('',#8332,#4159);
#3415=LINE('',#8334,#4160);
#3416=LINE('',#8336,#4161);
#3417=LINE('',#8338,#4162);
#3418=LINE('',#8340,#4163);
#3419=LINE('',#8342,#4164);
#3420=LINE('',#8344,#4165);
#3421=LINE('',#8346,#4166);
#3422=LINE('',#8348,#4167);
#3423=LINE('',#8350,#4168);
#3424=LINE('',#8352,#4169);
#3425=LINE('',#8354,#4170);
#3426=LINE('',#8356,#4171);
#3427=LINE('',#8358,#4172);
#3428=LINE('',#8360,#4173);
#3429=LINE('',#8362,#4174);
#3430=LINE('',#8364,#4175);
#3431=LINE('',#8366,#4176);
#3432=LINE('',#8368,#4177);
#3433=LINE('',#8370,#4178);
#3434=LINE('',#8372,#4179);
#3435=LINE('',#8378,#4180);
#3436=LINE('',#8382,#4181);
#3437=LINE('',#8388,#4182);
#3438=LINE('',#8394,#4183);
#3439=LINE('',#8398,#4184);
#3440=LINE('',#8400,#4185);
#3441=LINE('',#8402,#4186);
#3442=LINE('',#8404,#4187);
#3443=LINE('',#8406,#4188);
#3444=LINE('',#8408,#4189);
#3445=LINE('',#8410,#4190);
#3446=LINE('',#8412,#4191);
#3447=LINE('',#8414,#4192);
#3448=LINE('',#8416,#4193);
#3449=LINE('',#8418,#4194);
#3450=LINE('',#8420,#4195);
#3451=LINE('',#8422,#4196);
#3452=LINE('',#8425,#4197);
#3453=LINE('',#8427,#4198);
#3454=LINE('',#8429,#4199);
#3455=LINE('',#8431,#4200);
#3456=LINE('',#8434,#4201);
#3457=LINE('',#8436,#4202);
#3458=LINE('',#8438,#4203);
#3459=LINE('',#8440,#4204);
#3460=LINE('',#8443,#4205);
#3461=LINE('',#8445,#4206);
#3462=LINE('',#8447,#4207);
#3463=LINE('',#8453,#4208);
#3464=LINE('',#8457,#4209);
#3465=LINE('',#8463,#4210);
#3466=LINE('',#8467,#4211);
#3467=LINE('',#8469,#4212);
#3468=LINE('',#8471,#4213);
#3469=LINE('',#8473,#4214);
#3470=LINE('',#8475,#4215);
#3471=LINE('',#8477,#4216);
#3472=LINE('',#8479,#4217);
#3473=LINE('',#8481,#4218);
#3474=LINE('',#8483,#4219);
#3475=LINE('',#8485,#4220);
#3476=LINE('',#8487,#4221);
#3477=LINE('',#8489,#4222);
#3478=LINE('',#8491,#4223);
#3479=LINE('',#8493,#4224);
#3480=LINE('',#8495,#4225);
#3481=LINE('',#8497,#4226);
#3482=LINE('',#8499,#4227);
#3483=LINE('',#8501,#4228);
#3484=LINE('',#8503,#4229);
#3485=LINE('',#8504,#4230);
#3486=LINE('',#8506,#4231);
#3487=LINE('',#8507,#4232);
#3488=LINE('',#8509,#4233);
#3489=LINE('',#8510,#4234);
#3490=LINE('',#8512,#4235);
#3491=LINE('',#8515,#4236);
#3492=LINE('',#8517,#4237);
#3493=LINE('',#8519,#4238);
#3494=LINE('',#8521,#4239);
#3495=LINE('',#8523,#4240);
#3496=LINE('',#8525,#4241);
#3497=LINE('',#8527,#4242);
#3498=LINE('',#8529,#4243);
#3499=LINE('',#8531,#4244);
#3500=LINE('',#8535,#4245);
#3501=LINE('',#8539,#4246);
#3502=LINE('',#8541,#4247);
#3503=LINE('',#8543,#4248);
#3504=LINE('',#8545,#4249);
#3505=LINE('',#8547,#4250);
#3506=LINE('',#8549,#4251);
#3507=LINE('',#8550,#4252);
#3508=LINE('',#8552,#4253);
#3509=LINE('',#8554,#4254);
#3510=LINE('',#8555,#4255);
#3511=LINE('',#8557,#4256);
#3512=LINE('',#8559,#4257);
#3513=LINE('',#8560,#4258);
#3514=LINE('',#8562,#4259);
#3515=LINE('',#8564,#4260);
#3516=LINE('',#8565,#4261);
#3517=LINE('',#8566,#4262);
#3518=LINE('',#8567,#4263);
#3519=LINE('',#8569,#4264);
#3520=LINE('',#8571,#4265);
#3521=LINE('',#8573,#4266);
#3522=LINE('',#8575,#4267);
#3523=LINE('',#8576,#4268);
#3524=LINE('',#8577,#4269);
#3525=LINE('',#8578,#4270);
#3526=LINE('',#8579,#4271);
#3527=LINE('',#8580,#4272);
#3528=LINE('',#8582,#4273);
#3529=LINE('',#8584,#4274);
#3530=LINE('',#8586,#4275);
#3531=LINE('',#8588,#4276);
#3532=LINE('',#8590,#4277);
#3533=LINE('',#8594,#4278);
#3534=LINE('',#8598,#4279);
#3535=LINE('',#8600,#4280);
#3536=LINE('',#8602,#4281);
#3537=LINE('',#8604,#4282);
#3538=LINE('',#8606,#4283);
#3539=LINE('',#8608,#4284);
#3540=LINE('',#8610,#4285);
#3541=LINE('',#8611,#4286);
#3542=LINE('',#8613,#4287);
#3543=LINE('',#8614,#4288);
#3544=LINE('',#8615,#4289);
#3545=LINE('',#8616,#4290);
#3546=LINE('',#8617,#4291);
#3547=LINE('',#8618,#4292);
#3548=LINE('',#8619,#4293);
#3549=LINE('',#8620,#4294);
#3550=LINE('',#8621,#4295);
#3551=LINE('',#8622,#4296);
#3552=LINE('',#8639,#4297);
#3553=LINE('',#8641,#4298);
#3554=LINE('',#8644,#4299);
#3555=LINE('',#8646,#4300);
#3556=LINE('',#8648,#4301);
#3557=LINE('',#8649,#4302);
#3558=LINE('',#8651,#4303);
#3559=LINE('',#8652,#4304);
#3560=LINE('',#8653,#4305);
#3561=LINE('',#8659,#4306);
#3562=LINE('',#8662,#4307);
#3563=LINE('',#8664,#4308);
#3564=LINE('',#8666,#4309);
#3565=LINE('',#8667,#4310);
#3566=LINE('',#8670,#4311);
#3567=LINE('',#8672,#4312);
#3568=LINE('',#8674,#4313);
#3569=LINE('',#8676,#4314);
#3570=LINE('',#8678,#4315);
#3571=LINE('',#8680,#4316);
#3572=LINE('',#8683,#4317);
#3573=LINE('',#8685,#4318);
#3574=LINE('',#8687,#4319);
#3575=LINE('',#8689,#4320);
#3576=LINE('',#8691,#4321);
#3577=LINE('',#8693,#4322);
#3578=LINE('',#8695,#4323);
#3579=LINE('',#8696,#4324);
#3580=LINE('',#8700,#4325);
#3581=LINE('',#8704,#4326);
#3582=LINE('',#8706,#4327);
#3583=LINE('',#8708,#4328);
#3584=LINE('',#8712,#4329);
#3585=LINE('',#8716,#4330);
#3586=LINE('',#8718,#4331);
#3587=LINE('',#8720,#4332);
#3588=LINE('',#8722,#4333);
#3589=LINE('',#8724,#4334);
#3590=LINE('',#8726,#4335);
#3591=LINE('',#8728,#4336);
#3592=LINE('',#8730,#4337);
#3593=LINE('',#8732,#4338);
#3594=LINE('',#8734,#4339);
#3595=LINE('',#8736,#4340);
#3596=LINE('',#8738,#4341);
#3597=LINE('',#8740,#4342);
#3598=LINE('',#8742,#4343);
#3599=LINE('',#8744,#4344);
#3600=LINE('',#8746,#4345);
#3601=LINE('',#8748,#4346);
#3602=LINE('',#8750,#4347);
#3603=LINE('',#8752,#4348);
#3604=LINE('',#8754,#4349);
#3605=LINE('',#8756,#4350);
#3606=LINE('',#8760,#4351);
#3607=LINE('',#8764,#4352);
#3608=LINE('',#8766,#4353);
#3609=LINE('',#8768,#4354);
#3610=LINE('',#8772,#4355);
#3611=LINE('',#8776,#4356);
#3612=LINE('',#8778,#4357);
#3613=LINE('',#8780,#4358);
#3614=LINE('',#8782,#4359);
#3615=LINE('',#8784,#4360);
#3616=LINE('',#8786,#4361);
#3617=LINE('',#8788,#4362);
#3618=LINE('',#8790,#4363);
#3619=LINE('',#8792,#4364);
#3620=LINE('',#8794,#4365);
#3621=LINE('',#8796,#4366);
#3622=LINE('',#8798,#4367);
#3623=LINE('',#8800,#4368);
#3624=LINE('',#8802,#4369);
#3625=LINE('',#8804,#4370);
#3626=LINE('',#8806,#4371);
#3627=LINE('',#8808,#4372);
#3628=LINE('',#8810,#4373);
#3629=LINE('',#8812,#4374);
#3630=LINE('',#8814,#4375);
#3631=LINE('',#8816,#4376);
#3632=LINE('',#8820,#4377);
#3633=LINE('',#8824,#4378);
#3634=LINE('',#8826,#4379);
#3635=LINE('',#8828,#4380);
#3636=LINE('',#8832,#4381);
#3637=LINE('',#8836,#4382);
#3638=LINE('',#8838,#4383);
#3639=LINE('',#8840,#4384);
#3640=LINE('',#8842,#4385);
#3641=LINE('',#8844,#4386);
#3642=LINE('',#8846,#4387);
#3643=LINE('',#8848,#4388);
#3644=LINE('',#8849,#4389);
#3645=LINE('',#8853,#4390);
#3646=LINE('',#8855,#4391);
#3647=LINE('',#8857,#4392);
#3648=LINE('',#8859,#4393);
#3649=LINE('',#8861,#4394);
#3650=LINE('',#8863,#4395);
#3651=LINE('',#8865,#4396);
#3652=LINE('',#8867,#4397);
#3653=LINE('',#8869,#4398);
#3654=LINE('',#8871,#4399);
#3655=LINE('',#8873,#4400);
#3656=LINE('',#8875,#4401);
#3657=VECTOR('',#5932,39.3700787401575);
#3658=VECTOR('',#5933,39.3700787401575);
#3659=VECTOR('',#5934,39.3700787401575);
#3660=VECTOR('',#5935,39.3700787401575);
#3661=VECTOR('',#5936,39.3700787401575);
#3662=VECTOR('',#5937,39.3700787401575);
#3663=VECTOR('',#5938,39.3700787401575);
#3664=VECTOR('',#5939,39.3700787401575);
#3665=VECTOR('',#5940,39.3700787401575);
#3666=VECTOR('',#5941,39.3700787401575);
#3667=VECTOR('',#5944,39.3700787401575);
#3668=VECTOR('',#5945,39.3700787401575);
#3669=VECTOR('',#5946,39.3700787401575);
#3670=VECTOR('',#5947,39.3700787401575);
#3671=VECTOR('',#5948,39.3700787401575);
#3672=VECTOR('',#5951,39.3700787401575);
#3673=VECTOR('',#5952,39.3700787401575);
#3674=VECTOR('',#5953,39.3700787401575);
#3675=VECTOR('',#5954,39.3700787401575);
#3676=VECTOR('',#5955,39.3700787401575);
#3677=VECTOR('',#5958,39.3700787401575);
#3678=VECTOR('',#5959,39.3700787401575);
#3679=VECTOR('',#5962,39.3700787401575);
#3680=VECTOR('',#5963,39.3700787401575);
#3681=VECTOR('',#5966,39.3700787401575);
#3682=VECTOR('',#5967,39.3700787401575);
#3683=VECTOR('',#5968,39.3700787401575);
#3684=VECTOR('',#5969,39.3700787401575);
#3685=VECTOR('',#5972,39.3700787401575);
#3686=VECTOR('',#5973,39.3700787401575);
#3687=VECTOR('',#5974,39.3700787401575);
#3688=VECTOR('',#5975,39.3700787401575);
#3689=VECTOR('',#5978,39.3700787401575);
#3690=VECTOR('',#5979,39.3700787401575);
#3691=VECTOR('',#5980,39.3700787401575);
#3692=VECTOR('',#5981,39.3700787401575);
#3693=VECTOR('',#5984,39.3700787401575);
#3694=VECTOR('',#5985,39.3700787401575);
#3695=VECTOR('',#5986,39.3700787401575);
#3696=VECTOR('',#5987,39.3700787401575);
#3697=VECTOR('',#5990,39.3700787401575);
#3698=VECTOR('',#5991,39.3700787401575);
#3699=VECTOR('',#5992,39.3700787401575);
#3700=VECTOR('',#5993,39.3700787401575);
#3701=VECTOR('',#5996,39.3700787401575);
#3702=VECTOR('',#5997,39.3700787401575);
#3703=VECTOR('',#5998,39.3700787401575);
#3704=VECTOR('',#5999,39.3700787401575);
#3705=VECTOR('',#6002,39.3700787401575);
#3706=VECTOR('',#6003,39.3700787401575);
#3707=VECTOR('',#6004,39.3700787401575);
#3708=VECTOR('',#6005,39.3700787401575);
#3709=VECTOR('',#6008,39.3700787401575);
#3710=VECTOR('',#6009,39.3700787401575);
#3711=VECTOR('',#6010,39.3700787401575);
#3712=VECTOR('',#6013,39.3700787401575);
#3713=VECTOR('',#6014,39.3700787401575);
#3714=VECTOR('',#6015,39.3700787401575);
#3715=VECTOR('',#6018,39.3700787401575);
#3716=VECTOR('',#6019,39.3700787401575);
#3717=VECTOR('',#6020,39.3700787401575);
#3718=VECTOR('',#6021,39.3700787401575);
#3719=VECTOR('',#6024,39.3700787401575);
#3720=VECTOR('',#6025,39.3700787401575);
#3721=VECTOR('',#6026,39.3700787401575);
#3722=VECTOR('',#6029,39.3700787401575);
#3723=VECTOR('',#6030,39.3700787401575);
#3724=VECTOR('',#6031,39.3700787401575);
#3725=VECTOR('',#6034,39.3700787401575);
#3726=VECTOR('',#6035,39.3700787401575);
#3727=VECTOR('',#6036,39.3700787401575);
#3728=VECTOR('',#6037,39.3700787401575);
#3729=VECTOR('',#6040,39.3700787401575);
#3730=VECTOR('',#6041,39.3700787401575);
#3731=VECTOR('',#6042,39.3700787401575);
#3732=VECTOR('',#6045,39.3700787401575);
#3733=VECTOR('',#6046,39.3700787401575);
#3734=VECTOR('',#6047,39.3700787401575);
#3735=VECTOR('',#6050,39.3700787401575);
#3736=VECTOR('',#6051,39.3700787401575);
#3737=VECTOR('',#6052,39.3700787401575);
#3738=VECTOR('',#6053,39.3700787401575);
#3739=VECTOR('',#6056,39.3700787401575);
#3740=VECTOR('',#6057,39.3700787401575);
#3741=VECTOR('',#6058,39.3700787401575);
#3742=VECTOR('',#6061,39.3700787401575);
#3743=VECTOR('',#6062,39.3700787401575);
#3744=VECTOR('',#6063,39.3700787401575);
#3745=VECTOR('',#6066,39.3700787401575);
#3746=VECTOR('',#6067,39.3700787401575);
#3747=VECTOR('',#6068,39.3700787401575);
#3748=VECTOR('',#6069,39.3700787401575);
#3749=VECTOR('',#6072,39.3700787401575);
#3750=VECTOR('',#6073,39.3700787401575);
#3751=VECTOR('',#6074,39.3700787401575);
#3752=VECTOR('',#6077,39.3700787401575);
#3753=VECTOR('',#6078,39.3700787401575);
#3754=VECTOR('',#6079,39.3700787401575);
#3755=VECTOR('',#6082,39.3700787401575);
#3756=VECTOR('',#6083,39.3700787401575);
#3757=VECTOR('',#6084,39.3700787401575);
#3758=VECTOR('',#6085,39.3700787401575);
#3759=VECTOR('',#6088,39.3700787401575);
#3760=VECTOR('',#6089,39.3700787401575);
#3761=VECTOR('',#6090,39.3700787401575);
#3762=VECTOR('',#6093,39.3700787401575);
#3763=VECTOR('',#6094,39.3700787401575);
#3764=VECTOR('',#6095,39.3700787401575);
#3765=VECTOR('',#6098,39.3700787401575);
#3766=VECTOR('',#6099,39.3700787401575);
#3767=VECTOR('',#6100,39.3700787401575);
#3768=VECTOR('',#6101,39.3700787401575);
#3769=VECTOR('',#6104,39.3700787401575);
#3770=VECTOR('',#6105,39.3700787401575);
#3771=VECTOR('',#6106,39.3700787401575);
#3772=VECTOR('',#6107,39.3700787401575);
#3773=VECTOR('',#6110,39.3700787401575);
#3774=VECTOR('',#6111,39.3700787401575);
#3775=VECTOR('',#6114,39.3700787401575);
#3776=VECTOR('',#6115,39.3700787401575);
#3777=VECTOR('',#6118,39.3700787401575);
#3778=VECTOR('',#6119,39.3700787401575);
#3779=VECTOR('',#6122,39.3700787401575);
#3780=VECTOR('',#6123,39.3700787401575);
#3781=VECTOR('',#6126,39.3700787401575);
#3782=VECTOR('',#6127,39.3700787401575);
#3783=VECTOR('',#6130,39.3700787401575);
#3784=VECTOR('',#6131,39.3700787401575);
#3785=VECTOR('',#6134,39.3700787401575);
#3786=VECTOR('',#6135,39.3700787401575);
#3787=VECTOR('',#6136,39.3700787401575);
#3788=VECTOR('',#6137,39.3700787401575);
#3789=VECTOR('',#6140,39.3700787401575);
#3790=VECTOR('',#6141,39.3700787401575);
#3791=VECTOR('',#6142,39.3700787401575);
#3792=VECTOR('',#6143,39.3700787401575);
#3793=VECTOR('',#6146,39.3700787401575);
#3794=VECTOR('',#6147,39.3700787401575);
#3795=VECTOR('',#6148,39.3700787401575);
#3796=VECTOR('',#6149,39.3700787401575);
#3797=VECTOR('',#6150,39.3700787401575);
#3798=VECTOR('',#6151,39.3700787401575);
#3799=VECTOR('',#6152,39.3700787401575);
#3800=VECTOR('',#6153,39.3700787401575);
#3801=VECTOR('',#6156,39.3700787401575);
#3802=VECTOR('',#6157,39.3700787401575);
#3803=VECTOR('',#6158,39.3700787401575);
#3804=VECTOR('',#6159,39.3700787401575);
#3805=VECTOR('',#6162,39.3700787401575);
#3806=VECTOR('',#6163,39.3700787401575);
#3807=VECTOR('',#6164,39.3700787401575);
#3808=VECTOR('',#6165,39.3700787401575);
#3809=VECTOR('',#6166,39.3700787401575);
#3810=VECTOR('',#6167,39.3700787401575);
#3811=VECTOR('',#6168,39.3700787401575);
#3812=VECTOR('',#6169,39.3700787401575);
#3813=VECTOR('',#6170,39.3700787401575);
#3814=VECTOR('',#6173,39.3700787401575);
#3815=VECTOR('',#6174,39.3700787401575);
#3816=VECTOR('',#6175,39.3700787401575);
#3817=VECTOR('',#6176,39.3700787401575);
#3818=VECTOR('',#6177,39.3700787401575);
#3819=VECTOR('',#6180,39.3700787401575);
#3820=VECTOR('',#6181,39.3700787401575);
#3821=VECTOR('',#6182,39.3700787401575);
#3822=VECTOR('',#6185,39.3700787401575);
#3823=VECTOR('',#6186,39.3700787401575);
#3824=VECTOR('',#6187,39.3700787401575);
#3825=VECTOR('',#6188,39.3700787401575);
#3826=VECTOR('',#6189,39.3700787401575);
#3827=VECTOR('',#6192,39.3700787401575);
#3828=VECTOR('',#6193,39.3700787401575);
#3829=VECTOR('',#6194,39.3700787401575);
#3830=VECTOR('',#6197,39.3700787401575);
#3831=VECTOR('',#6198,39.3700787401575);
#3832=VECTOR('',#6199,39.3700787401575);
#3833=VECTOR('',#6200,39.3700787401575);
#3834=VECTOR('',#6203,39.3700787401575);
#3835=VECTOR('',#6204,39.3700787401575);
#3836=VECTOR('',#6205,39.3700787401575);
#3837=VECTOR('',#6206,39.3700787401575);
#3838=VECTOR('',#6209,39.3700787401575);
#3839=VECTOR('',#6210,39.3700787401575);
#3840=VECTOR('',#6211,39.3700787401575);
#3841=VECTOR('',#6212,39.3700787401575);
#3842=VECTOR('',#6215,39.3700787401575);
#3843=VECTOR('',#6216,39.3700787401575);
#3844=VECTOR('',#6217,39.3700787401575);
#3845=VECTOR('',#6218,39.3700787401575);
#3846=VECTOR('',#6221,39.3700787401575);
#3847=VECTOR('',#6222,39.3700787401575);
#3848=VECTOR('',#6223,39.3700787401575);
#3849=VECTOR('',#6224,39.3700787401575);
#3850=VECTOR('',#6227,39.3700787401575);
#3851=VECTOR('',#6228,39.3700787401575);
#3852=VECTOR('',#6229,39.3700787401575);
#3853=VECTOR('',#6230,39.3700787401575);
#3854=VECTOR('',#6233,39.3700787401575);
#3855=VECTOR('',#6234,39.3700787401575);
#3856=VECTOR('',#6235,39.3700787401575);
#3857=VECTOR('',#6236,39.3700787401575);
#3858=VECTOR('',#6239,39.3700787401575);
#3859=VECTOR('',#6240,39.3700787401575);
#3860=VECTOR('',#6241,39.3700787401575);
#3861=VECTOR('',#6242,39.3700787401575);
#3862=VECTOR('',#6245,39.3700787401575);
#3863=VECTOR('',#6246,39.3700787401575);
#3864=VECTOR('',#6247,39.3700787401575);
#3865=VECTOR('',#6250,39.3700787401575);
#3866=VECTOR('',#6251,39.3700787401575);
#3867=VECTOR('',#6252,39.3700787401575);
#3868=VECTOR('',#6255,39.3700787401575);
#3869=VECTOR('',#6256,39.3700787401575);
#3870=VECTOR('',#6257,39.3700787401575);
#3871=VECTOR('',#6258,39.3700787401575);
#3872=VECTOR('',#6259,39.3700787401575);
#3873=VECTOR('',#6260,39.3700787401575);
#3874=VECTOR('',#6261,39.3700787401575);
#3875=VECTOR('',#6262,39.3700787401575);
#3876=VECTOR('',#6263,39.3700787401575);
#3877=VECTOR('',#6266,39.3700787401575);
#3878=VECTOR('',#6267,39.3700787401575);
#3879=VECTOR('',#6270,39.3700787401575);
#3880=VECTOR('',#6273,39.3700787401575);
#3881=VECTOR('',#6276,39.3700787401575);
#3882=VECTOR('',#6277,39.3700787401575);
#3883=VECTOR('',#6280,39.3700787401575);
#3884=VECTOR('',#6283,39.3700787401575);
#3885=VECTOR('',#6286,39.3700787401575);
#3886=VECTOR('',#6291,39.3700787401575);
#3887=VECTOR('',#6308,39.3700787401575);
#3888=VECTOR('',#6313,39.3700787401575);
#3889=VECTOR('',#6318,39.3700787401575);
#3890=VECTOR('',#6321,39.3700787401575);
#3891=VECTOR('',#6324,39.3700787401575);
#3892=VECTOR('',#6325,39.3700787401575);
#3893=VECTOR('',#6326,39.3700787401575);
#3894=VECTOR('',#6327,39.3700787401575);
#3895=VECTOR('',#6330,39.3700787401575);
#3896=VECTOR('',#6331,39.3700787401575);
#3897=VECTOR('',#6332,39.3700787401575);
#3898=VECTOR('',#6333,39.3700787401575);
#3899=VECTOR('',#6336,39.3700787401575);
#3900=VECTOR('',#6341,39.3700787401575);
#3901=VECTOR('',#6348,39.3700787401575);
#3902=VECTOR('',#6353,39.3700787401575);
#3903=VECTOR('',#6360,39.3700787401575);
#3904=VECTOR('',#6361,39.3700787401575);
#3905=VECTOR('',#6362,39.3700787401575);
#3906=VECTOR('',#6363,39.3700787401575);
#3907=VECTOR('',#6364,39.3700787401575);
#3908=VECTOR('',#6365,39.3700787401575);
#3909=VECTOR('',#6366,39.3700787401575);
#3910=VECTOR('',#6367,39.3700787401575);
#3911=VECTOR('',#6368,39.3700787401575);
#3912=VECTOR('',#6369,39.3700787401575);
#3913=VECTOR('',#6370,39.3700787401575);
#3914=VECTOR('',#6371,39.3700787401575);
#3915=VECTOR('',#6372,39.3700787401575);
#3916=VECTOR('',#6373,39.3700787401575);
#3917=VECTOR('',#6374,39.3700787401575);
#3918=VECTOR('',#6375,39.3700787401575);
#3919=VECTOR('',#6376,39.3700787401575);
#3920=VECTOR('',#6377,39.3700787401575);
#3921=VECTOR('',#6378,39.3700787401575);
#3922=VECTOR('',#6379,39.3700787401575);
#3923=VECTOR('',#6382,39.3700787401575);
#3924=VECTOR('',#6383,39.3700787401575);
#3925=VECTOR('',#6384,39.3700787401575);
#3926=VECTOR('',#6385,39.3700787401575);
#3927=VECTOR('',#6388,39.3700787401575);
#3928=VECTOR('',#6389,39.3700787401575);
#3929=VECTOR('',#6390,39.3700787401575);
#3930=VECTOR('',#6391,39.3700787401575);
#3931=VECTOR('',#6394,39.3700787401575);
#3932=VECTOR('',#6395,39.3700787401575);
#3933=VECTOR('',#6396,39.3700787401575);
#3934=VECTOR('',#6397,39.3700787401575);
#3935=VECTOR('',#6400,39.3700787401575);
#3936=VECTOR('',#6401,39.3700787401575);
#3937=VECTOR('',#6402,39.3700787401575);
#3938=VECTOR('',#6403,39.3700787401575);
#3939=VECTOR('',#6406,39.3700787401575);
#3940=VECTOR('',#6407,39.3700787401575);
#3941=VECTOR('',#6408,39.3700787401575);
#3942=VECTOR('',#6411,39.3700787401575);
#3943=VECTOR('',#6412,39.3700787401575);
#3944=VECTOR('',#6413,39.3700787401575);
#3945=VECTOR('',#6416,39.3700787401575);
#3946=VECTOR('',#6417,39.3700787401575);
#3947=VECTOR('',#6418,39.3700787401575);
#3948=VECTOR('',#6421,39.3700787401575);
#3949=VECTOR('',#6422,39.3700787401575);
#3950=VECTOR('',#6423,39.3700787401575);
#3951=VECTOR('',#6426,39.3700787401575);
#3952=VECTOR('',#6427,39.3700787401575);
#3953=VECTOR('',#6428,39.3700787401575);
#3954=VECTOR('',#6431,39.3700787401575);
#3955=VECTOR('',#6432,39.3700787401575);
#3956=VECTOR('',#6433,39.3700787401575);
#3957=VECTOR('',#6436,39.3700787401575);
#3958=VECTOR('',#6437,39.3700787401575);
#3959=VECTOR('',#6438,39.3700787401575);
#3960=VECTOR('',#6441,39.3700787401575);
#3961=VECTOR('',#6442,39.3700787401575);
#3962=VECTOR('',#6443,39.3700787401575);
#3963=VECTOR('',#6446,39.3700787401575);
#3964=VECTOR('',#6447,39.3700787401575);
#3965=VECTOR('',#6448,39.3700787401575);
#3966=VECTOR('',#6451,39.3700787401575);
#3967=VECTOR('',#6452,39.3700787401575);
#3968=VECTOR('',#6453,39.3700787401575);
#3969=VECTOR('',#6456,39.3700787401575);
#3970=VECTOR('',#6457,39.3700787401575);
#3971=VECTOR('',#6458,39.3700787401575);
#3972=VECTOR('',#6461,39.3700787401575);
#3973=VECTOR('',#6462,39.3700787401575);
#3974=VECTOR('',#6463,39.3700787401575);
#3975=VECTOR('',#6466,39.3700787401575);
#3976=VECTOR('',#6467,39.3700787401575);
#3977=VECTOR('',#6468,39.3700787401575);
#3978=VECTOR('',#6471,39.3700787401575);
#3979=VECTOR('',#6472,39.3700787401575);
#3980=VECTOR('',#6473,39.3700787401575);
#3981=VECTOR('',#6476,39.3700787401575);
#3982=VECTOR('',#6477,39.3700787401575);
#3983=VECTOR('',#6478,39.3700787401575);
#3984=VECTOR('',#6481,39.3700787401575);
#3985=VECTOR('',#6482,39.3700787401575);
#3986=VECTOR('',#6483,39.3700787401575);
#3987=VECTOR('',#6484,39.3700787401575);
#3988=VECTOR('',#6487,39.3700787401575);
#3989=VECTOR('',#6488,39.3700787401575);
#3990=VECTOR('',#6489,39.3700787401575);
#3991=VECTOR('',#6490,39.3700787401575);
#3992=VECTOR('',#6493,39.3700787401575);
#3993=VECTOR('',#6494,39.3700787401575);
#3994=VECTOR('',#6495,39.3700787401575);
#3995=VECTOR('',#6496,39.3700787401575);
#3996=VECTOR('',#6499,39.3700787401575);
#3997=VECTOR('',#6500,39.3700787401575);
#3998=VECTOR('',#6501,39.3700787401575);
#3999=VECTOR('',#6502,39.3700787401575);
#4000=VECTOR('',#6505,39.3700787401575);
#4001=VECTOR('',#6506,39.3700787401575);
#4002=VECTOR('',#6507,39.3700787401575);
#4003=VECTOR('',#6510,39.3700787401575);
#4004=VECTOR('',#6511,39.3700787401575);
#4005=VECTOR('',#6512,39.3700787401575);
#4006=VECTOR('',#6515,39.3700787401575);
#4007=VECTOR('',#6516,39.3700787401575);
#4008=VECTOR('',#6517,39.3700787401575);
#4009=VECTOR('',#6520,39.3700787401575);
#4010=VECTOR('',#6521,39.3700787401575);
#4011=VECTOR('',#6522,39.3700787401575);
#4012=VECTOR('',#6525,39.3700787401575);
#4013=VECTOR('',#6526,39.3700787401575);
#4014=VECTOR('',#6527,39.3700787401575);
#4015=VECTOR('',#6530,39.3700787401575);
#4016=VECTOR('',#6531,39.3700787401575);
#4017=VECTOR('',#6532,39.3700787401575);
#4018=VECTOR('',#6535,39.3700787401575);
#4019=VECTOR('',#6536,39.3700787401575);
#4020=VECTOR('',#6537,39.3700787401575);
#4021=VECTOR('',#6540,39.3700787401575);
#4022=VECTOR('',#6541,39.3700787401575);
#4023=VECTOR('',#6542,39.3700787401575);
#4024=VECTOR('',#6545,39.3700787401575);
#4025=VECTOR('',#6546,39.3700787401575);
#4026=VECTOR('',#6549,39.3700787401575);
#4027=VECTOR('',#6550,39.3700787401575);
#4028=VECTOR('',#6553,39.3700787401575);
#4029=VECTOR('',#6554,39.3700787401575);
#4030=VECTOR('',#6557,39.3700787401575);
#4031=VECTOR('',#6558,39.3700787401575);
#4032=VECTOR('',#6561,39.3700787401575);
#4033=VECTOR('',#6562,39.3700787401575);
#4034=VECTOR('',#6563,39.3700787401575);
#4035=VECTOR('',#6564,39.3700787401575);
#4036=VECTOR('',#6567,39.3700787401575);
#4037=VECTOR('',#6568,39.3700787401575);
#4038=VECTOR('',#6569,39.3700787401575);
#4039=VECTOR('',#6570,39.3700787401575);
#4040=VECTOR('',#6571,39.3700787401575);
#4041=VECTOR('',#6572,39.3700787401575);
#4042=VECTOR('',#6573,39.3700787401575);
#4043=VECTOR('',#6574,39.3700787401575);
#4044=VECTOR('',#6575,39.3700787401575);
#4045=VECTOR('',#6576,39.3700787401575);
#4046=VECTOR('',#6577,39.3700787401575);
#4047=VECTOR('',#6578,39.3700787401575);
#4048=VECTOR('',#6579,39.3700787401575);
#4049=VECTOR('',#6580,39.3700787401575);
#4050=VECTOR('',#6583,39.3700787401575);
#4051=VECTOR('',#6584,39.3700787401575);
#4052=VECTOR('',#6585,39.3700787401575);
#4053=VECTOR('',#6588,39.3700787401575);
#4054=VECTOR('',#6589,39.3700787401575);
#4055=VECTOR('',#6590,39.3700787401575);
#4056=VECTOR('',#6593,39.3700787401575);
#4057=VECTOR('',#6594,39.3700787401575);
#4058=VECTOR('',#6595,39.3700787401575);
#4059=VECTOR('',#6598,39.3700787401575);
#4060=VECTOR('',#6599,39.3700787401575);
#4061=VECTOR('',#6600,39.3700787401575);
#4062=VECTOR('',#6603,39.3700787401575);
#4063=VECTOR('',#6604,39.3700787401575);
#4064=VECTOR('',#6605,39.3700787401575);
#4065=VECTOR('',#6608,39.3700787401575);
#4066=VECTOR('',#6609,39.3700787401575);
#4067=VECTOR('',#6610,39.3700787401575);
#4068=VECTOR('',#6611,39.3700787401575);
#4069=VECTOR('',#6612,39.3700787401575);
#4070=VECTOR('',#6613,39.3700787401575);
#4071=VECTOR('',#6614,39.3700787401575);
#4072=VECTOR('',#6615,39.3700787401575);
#4073=VECTOR('',#6616,39.3700787401575);
#4074=VECTOR('',#6617,39.3700787401575);
#4075=VECTOR('',#6618,39.3700787401575);
#4076=VECTOR('',#6619,39.3700787401575);
#4077=VECTOR('',#6620,39.3700787401575);
#4078=VECTOR('',#6621,39.3700787401575);
#4079=VECTOR('',#6622,39.3700787401575);
#4080=VECTOR('',#6623,39.3700787401575);
#4081=VECTOR('',#6624,39.3700787401575);
#4082=VECTOR('',#6625,39.3700787401575);
#4083=VECTOR('',#6626,39.3700787401575);
#4084=VECTOR('',#6627,39.3700787401575);
#4085=VECTOR('',#6630,39.3700787401575);
#4086=VECTOR('',#6631,39.3700787401575);
#4087=VECTOR('',#6632,39.3700787401575);
#4088=VECTOR('',#6635,39.3700787401575);
#4089=VECTOR('',#6636,39.3700787401575);
#4090=VECTOR('',#6637,39.3700787401575);
#4091=VECTOR('',#6640,39.3700787401575);
#4092=VECTOR('',#6641,39.3700787401575);
#4093=VECTOR('',#6642,39.3700787401575);
#4094=VECTOR('',#6645,39.3700787401575);
#4095=VECTOR('',#6646,39.3700787401575);
#4096=VECTOR('',#6649,39.3700787401575);
#4097=VECTOR('',#6650,39.3700787401575);
#4098=VECTOR('',#6653,39.3700787401575);
#4099=VECTOR('',#6654,39.3700787401575);
#4100=VECTOR('',#6665,39.3700787401575);
#4101=VECTOR('',#6668,39.3700787401575);
#4102=VECTOR('',#6675,39.3700787401575);
#4103=VECTOR('',#6678,39.3700787401575);
#4104=VECTOR('',#6685,39.3700787401575);
#4105=VECTOR('',#6688,39.3700787401575);
#4106=VECTOR('',#6695,39.3700787401575);
#4107=VECTOR('',#6698,39.3700787401575);
#4108=VECTOR('',#6705,39.3700787401575);
#4109=VECTOR('',#6710,39.3700787401575);
#4110=VECTOR('',#6715,39.3700787401575);
#4111=VECTOR('',#6718,39.3700787401575);
#4112=VECTOR('',#6725,39.3700787401575);
#4113=VECTOR('',#6728,39.3700787401575);
#4114=VECTOR('',#6735,39.3700787401575);
#4115=VECTOR('',#6738,39.3700787401575);
#4116=VECTOR('',#6745,39.3700787401575);
#4117=VECTOR('',#6746,39.3700787401575);
#4118=VECTOR('',#6747,39.3700787401575);
#4119=VECTOR('',#6748,39.3700787401575);
#4120=VECTOR('',#6749,39.3700787401575);
#4121=VECTOR('',#6750,39.3700787401575);
#4122=VECTOR('',#6751,39.3700787401575);
#4123=VECTOR('',#6752,39.3700787401575);
#4124=VECTOR('',#6753,39.3700787401575);
#4125=VECTOR('',#6754,39.3700787401575);
#4126=VECTOR('',#6755,39.3700787401575);
#4127=VECTOR('',#6756,39.3700787401575);
#4128=VECTOR('',#6757,39.3700787401575);
#4129=VECTOR('',#6758,39.3700787401575);
#4130=VECTOR('',#6759,39.3700787401575);
#4131=VECTOR('',#6760,39.3700787401575);
#4132=VECTOR('',#6761,39.3700787401575);
#4133=VECTOR('',#6762,39.3700787401575);
#4134=VECTOR('',#6763,39.3700787401575);
#4135=VECTOR('',#6764,39.3700787401575);
#4136=VECTOR('',#6765,39.3700787401575);
#4137=VECTOR('',#6766,39.3700787401575);
#4138=VECTOR('',#6767,39.3700787401575);
#4139=VECTOR('',#6768,39.3700787401575);
#4140=VECTOR('',#6771,39.3700787401575);
#4141=VECTOR('',#6772,39.3700787401575);
#4142=VECTOR('',#6773,39.3700787401575);
#4143=VECTOR('',#6774,39.3700787401575);
#4144=VECTOR('',#6777,39.3700787401575);
#4145=VECTOR('',#6778,39.3700787401575);
#4146=VECTOR('',#6779,39.3700787401575);
#4147=VECTOR('',#6780,39.3700787401575);
#4148=VECTOR('',#6783,39.3700787401575);
#4149=VECTOR('',#6784,39.3700787401575);
#4150=VECTOR('',#6785,39.3700787401575);
#4151=VECTOR('',#6786,39.3700787401575);
#4152=VECTOR('',#6789,39.3700787401575);
#4153=VECTOR('',#6790,39.3700787401575);
#4154=VECTOR('',#6791,39.3700787401575);
#4155=VECTOR('',#6792,39.3700787401575);
#4156=VECTOR('',#6795,39.3700787401575);
#4157=VECTOR('',#6796,39.3700787401575);
#4158=VECTOR('',#6797,39.3700787401575);
#4159=VECTOR('',#6800,39.3700787401575);
#4160=VECTOR('',#6801,39.3700787401575);
#4161=VECTOR('',#6802,39.3700787401575);
#4162=VECTOR('',#6805,39.3700787401575);
#4163=VECTOR('',#6806,39.3700787401575);
#4164=VECTOR('',#6807,39.3700787401575);
#4165=VECTOR('',#6810,39.3700787401575);
#4166=VECTOR('',#6811,39.3700787401575);
#4167=VECTOR('',#6812,39.3700787401575);
#4168=VECTOR('',#6815,39.3700787401575);
#4169=VECTOR('',#6816,39.3700787401575);
#4170=VECTOR('',#6817,39.3700787401575);
#4171=VECTOR('',#6820,39.3700787401575);
#4172=VECTOR('',#6821,39.3700787401575);
#4173=VECTOR('',#6822,39.3700787401575);
#4174=VECTOR('',#6825,39.3700787401575);
#4175=VECTOR('',#6826,39.3700787401575);
#4176=VECTOR('',#6827,39.3700787401575);
#4177=VECTOR('',#6830,39.3700787401575);
#4178=VECTOR('',#6831,39.3700787401575);
#4179=VECTOR('',#6832,39.3700787401575);
#4180=VECTOR('',#6839,39.3700787401575);
#4181=VECTOR('',#6844,39.3700787401575);
#4182=VECTOR('',#6851,39.3700787401575);
#4183=VECTOR('',#6858,39.3700787401575);
#4184=VECTOR('',#6863,39.3700787401575);
#4185=VECTOR('',#6864,39.3700787401575);
#4186=VECTOR('',#6865,39.3700787401575);
#4187=VECTOR('',#6868,39.3700787401575);
#4188=VECTOR('',#6869,39.3700787401575);
#4189=VECTOR('',#6870,39.3700787401575);
#4190=VECTOR('',#6873,39.3700787401575);
#4191=VECTOR('',#6874,39.3700787401575);
#4192=VECTOR('',#6875,39.3700787401575);
#4193=VECTOR('',#6878,39.3700787401575);
#4194=VECTOR('',#6879,39.3700787401575);
#4195=VECTOR('',#6880,39.3700787401575);
#4196=VECTOR('',#6883,39.3700787401575);
#4197=VECTOR('',#6884,39.3700787401575);
#4198=VECTOR('',#6885,39.3700787401575);
#4199=VECTOR('',#6886,39.3700787401575);
#4200=VECTOR('',#6889,39.3700787401575);
#4201=VECTOR('',#6890,39.3700787401575);
#4202=VECTOR('',#6891,39.3700787401575);
#4203=VECTOR('',#6892,39.3700787401575);
#4204=VECTOR('',#6895,39.3700787401575);
#4205=VECTOR('',#6896,39.3700787401575);
#4206=VECTOR('',#6897,39.3700787401575);
#4207=VECTOR('',#6898,39.3700787401575);
#4208=VECTOR('',#6905,39.3700787401575);
#4209=VECTOR('',#6910,39.3700787401575);
#4210=VECTOR('',#6917,39.3700787401575);
#4211=VECTOR('',#6922,39.3700787401575);
#4212=VECTOR('',#6923,39.3700787401575);
#4213=VECTOR('',#6924,39.3700787401575);
#4214=VECTOR('',#6927,39.3700787401575);
#4215=VECTOR('',#6928,39.3700787401575);
#4216=VECTOR('',#6929,39.3700787401575);
#4217=VECTOR('',#6932,39.3700787401575);
#4218=VECTOR('',#6933,39.3700787401575);
#4219=VECTOR('',#6934,39.3700787401575);
#4220=VECTOR('',#6937,39.3700787401575);
#4221=VECTOR('',#6938,39.3700787401575);
#4222=VECTOR('',#6939,39.3700787401575);
#4223=VECTOR('',#6942,39.3700787401575);
#4224=VECTOR('',#6943,39.3700787401575);
#4225=VECTOR('',#6944,39.3700787401575);
#4226=VECTOR('',#6947,39.3700787401575);
#4227=VECTOR('',#6948,39.3700787401575);
#4228=VECTOR('',#6949,39.3700787401575);
#4229=VECTOR('',#6952,39.3700787401575);
#4230=VECTOR('',#6953,39.3700787401575);
#4231=VECTOR('',#6956,39.3700787401575);
#4232=VECTOR('',#6957,39.3700787401575);
#4233=VECTOR('',#6960,39.3700787401575);
#4234=VECTOR('',#6961,39.3700787401575);
#4235=VECTOR('',#6964,39.3700787401575);
#4236=VECTOR('',#6965,39.3700787401575);
#4237=VECTOR('',#6966,39.3700787401575);
#4238=VECTOR('',#6967,39.3700787401575);
#4239=VECTOR('',#6970,39.3700787401575);
#4240=VECTOR('',#6971,39.3700787401575);
#4241=VECTOR('',#6972,39.3700787401575);
#4242=VECTOR('',#6975,39.3700787401575);
#4243=VECTOR('',#6976,39.3700787401575);
#4244=VECTOR('',#6977,39.3700787401575);
#4245=VECTOR('',#6982,39.3700787401575);
#4246=VECTOR('',#6987,39.3700787401575);
#4247=VECTOR('',#6988,39.3700787401575);
#4248=VECTOR('',#6989,39.3700787401575);
#4249=VECTOR('',#6992,39.3700787401575);
#4250=VECTOR('',#6993,39.3700787401575);
#4251=VECTOR('',#6994,39.3700787401575);
#4252=VECTOR('',#6995,39.3700787401575);
#4253=VECTOR('',#6996,39.3700787401575);
#4254=VECTOR('',#6997,39.3700787401575);
#4255=VECTOR('',#6998,39.3700787401575);
#4256=VECTOR('',#6999,39.3700787401575);
#4257=VECTOR('',#7000,39.3700787401575);
#4258=VECTOR('',#7001,39.3700787401575);
#4259=VECTOR('',#7002,39.3700787401575);
#4260=VECTOR('',#7003,39.3700787401575);
#4261=VECTOR('',#7004,39.3700787401575);
#4262=VECTOR('',#7005,39.3700787401575);
#4263=VECTOR('',#7006,39.3700787401575);
#4264=VECTOR('',#7007,39.3700787401575);
#4265=VECTOR('',#7008,39.3700787401575);
#4266=VECTOR('',#7009,39.3700787401575);
#4267=VECTOR('',#7010,39.3700787401575);
#4268=VECTOR('',#7011,39.3700787401575);
#4269=VECTOR('',#7012,39.3700787401575);
#4270=VECTOR('',#7013,39.3700787401575);
#4271=VECTOR('',#7014,39.3700787401575);
#4272=VECTOR('',#7015,39.3700787401575);
#4273=VECTOR('',#7016,39.3700787401575);
#4274=VECTOR('',#7017,39.3700787401575);
#4275=VECTOR('',#7020,39.3700787401575);
#4276=VECTOR('',#7021,39.3700787401575);
#4277=VECTOR('',#7022,39.3700787401575);
#4278=VECTOR('',#7027,39.3700787401575);
#4279=VECTOR('',#7032,39.3700787401575);
#4280=VECTOR('',#7033,39.3700787401575);
#4281=VECTOR('',#7034,39.3700787401575);
#4282=VECTOR('',#7037,39.3700787401575);
#4283=VECTOR('',#7038,39.3700787401575);
#4284=VECTOR('',#7039,39.3700787401575);
#4285=VECTOR('',#7042,39.3700787401575);
#4286=VECTOR('',#7043,39.3700787401575);
#4287=VECTOR('',#7046,39.3700787401575);
#4288=VECTOR('',#7047,39.3700787401575);
#4289=VECTOR('',#7048,39.3700787401575);
#4290=VECTOR('',#7049,39.3700787401575);
#4291=VECTOR('',#7050,39.3700787401575);
#4292=VECTOR('',#7051,39.3700787401575);
#4293=VECTOR('',#7052,39.3700787401575);
#4294=VECTOR('',#7053,39.3700787401575);
#4295=VECTOR('',#7054,39.3700787401575);
#4296=VECTOR('',#7055,39.3700787401575);
#4297=VECTOR('',#7088,39.3700787401575);
#4298=VECTOR('',#7089,39.3700787401575);
#4299=VECTOR('',#7094,39.3700787401575);
#4300=VECTOR('',#7095,39.3700787401575);
#4301=VECTOR('',#7098,39.3700787401575);
#4302=VECTOR('',#7099,39.3700787401575);
#4303=VECTOR('',#7102,39.3700787401575);
#4304=VECTOR('',#7103,39.3700787401575);
#4305=VECTOR('',#7104,39.3700787401575);
#4306=VECTOR('',#7115,39.3700787401575);
#4307=VECTOR('',#7116,39.3700787401575);
#4308=VECTOR('',#7117,39.3700787401575);
#4309=VECTOR('',#7118,39.3700787401575);
#4310=VECTOR('',#7119,39.3700787401575);
#4311=VECTOR('',#7120,39.3700787401575);
#4312=VECTOR('',#7121,39.3700787401575);
#4313=VECTOR('',#7122,39.3700787401575);
#4314=VECTOR('',#7123,39.3700787401575);
#4315=VECTOR('',#7124,39.3700787401575);
#4316=VECTOR('',#7127,39.3700787401575);
#4317=VECTOR('',#7128,39.3700787401575);
#4318=VECTOR('',#7129,39.3700787401575);
#4319=VECTOR('',#7130,39.3700787401575);
#4320=VECTOR('',#7133,39.3700787401575);
#4321=VECTOR('',#7134,39.3700787401575);
#4322=VECTOR('',#7135,39.3700787401575);
#4323=VECTOR('',#7138,39.3700787401575);
#4324=VECTOR('',#7139,39.3700787401575);
#4325=VECTOR('',#7144,39.3700787401575);
#4326=VECTOR('',#7149,39.3700787401575);
#4327=VECTOR('',#7150,39.3700787401575);
#4328=VECTOR('',#7151,39.3700787401575);
#4329=VECTOR('',#7156,39.3700787401575);
#4330=VECTOR('',#7161,39.3700787401575);
#4331=VECTOR('',#7162,39.3700787401575);
#4332=VECTOR('',#7163,39.3700787401575);
#4333=VECTOR('',#7166,39.3700787401575);
#4334=VECTOR('',#7167,39.3700787401575);
#4335=VECTOR('',#7168,39.3700787401575);
#4336=VECTOR('',#7171,39.3700787401575);
#4337=VECTOR('',#7172,39.3700787401575);
#4338=VECTOR('',#7173,39.3700787401575);
#4339=VECTOR('',#7176,39.3700787401575);
#4340=VECTOR('',#7177,39.3700787401575);
#4341=VECTOR('',#7178,39.3700787401575);
#4342=VECTOR('',#7181,39.3700787401575);
#4343=VECTOR('',#7182,39.3700787401575);
#4344=VECTOR('',#7183,39.3700787401575);
#4345=VECTOR('',#7186,39.3700787401575);
#4346=VECTOR('',#7187,39.3700787401575);
#4347=VECTOR('',#7188,39.3700787401575);
#4348=VECTOR('',#7191,39.3700787401575);
#4349=VECTOR('',#7192,39.3700787401575);
#4350=VECTOR('',#7193,39.3700787401575);
#4351=VECTOR('',#7198,39.3700787401575);
#4352=VECTOR('',#7203,39.3700787401575);
#4353=VECTOR('',#7204,39.3700787401575);
#4354=VECTOR('',#7205,39.3700787401575);
#4355=VECTOR('',#7210,39.3700787401575);
#4356=VECTOR('',#7215,39.3700787401575);
#4357=VECTOR('',#7216,39.3700787401575);
#4358=VECTOR('',#7217,39.3700787401575);
#4359=VECTOR('',#7220,39.3700787401575);
#4360=VECTOR('',#7221,39.3700787401575);
#4361=VECTOR('',#7222,39.3700787401575);
#4362=VECTOR('',#7225,39.3700787401575);
#4363=VECTOR('',#7226,39.3700787401575);
#4364=VECTOR('',#7227,39.3700787401575);
#4365=VECTOR('',#7230,39.3700787401575);
#4366=VECTOR('',#7231,39.3700787401575);
#4367=VECTOR('',#7232,39.3700787401575);
#4368=VECTOR('',#7235,39.3700787401575);
#4369=VECTOR('',#7236,39.3700787401575);
#4370=VECTOR('',#7237,39.3700787401575);
#4371=VECTOR('',#7240,39.3700787401575);
#4372=VECTOR('',#7241,39.3700787401575);
#4373=VECTOR('',#7242,39.3700787401575);
#4374=VECTOR('',#7245,39.3700787401575);
#4375=VECTOR('',#7246,39.3700787401575);
#4376=VECTOR('',#7247,39.3700787401575);
#4377=VECTOR('',#7252,39.3700787401575);
#4378=VECTOR('',#7257,39.3700787401575);
#4379=VECTOR('',#7258,39.3700787401575);
#4380=VECTOR('',#7259,39.3700787401575);
#4381=VECTOR('',#7264,39.3700787401575);
#4382=VECTOR('',#7269,39.3700787401575);
#4383=VECTOR('',#7270,39.3700787401575);
#4384=VECTOR('',#7271,39.3700787401575);
#4385=VECTOR('',#7274,39.3700787401575);
#4386=VECTOR('',#7275,39.3700787401575);
#4387=VECTOR('',#7276,39.3700787401575);
#4388=VECTOR('',#7279,39.3700787401575);
#4389=VECTOR('',#7280,39.3700787401575);
#4390=VECTOR('',#7287,39.3700787401575);
#4391=VECTOR('',#7288,39.3700787401575);
#4392=VECTOR('',#7289,39.3700787401575);
#4393=VECTOR('',#7292,39.3700787401575);
#4394=VECTOR('',#7293,39.3700787401575);
#4395=VECTOR('',#7296,39.3700787401575);
#4396=VECTOR('',#7297,39.3700787401575);
#4397=VECTOR('',#7300,39.3700787401575);
#4398=VECTOR('',#7301,39.3700787401575);
#4399=VECTOR('',#7304,39.3700787401575);
#4400=VECTOR('',#7305,39.3700787401575);
#4401=VECTOR('',#7308,39.3700787401575);
#4402=EDGE_LOOP('',(#87,#88,#89,#90,#91,#92,#93,#94,#95,#96));
#4403=EDGE_LOOP('',(#97,#98,#99,#100,#101));
#4404=EDGE_LOOP('',(#102,#103,#104,#105,#106));
#4405=EDGE_LOOP('',(#107,#108,#109,#110));
#4406=EDGE_LOOP('',(#111,#112,#113,#114));
#4407=EDGE_LOOP('',(#115,#116,#117,#118));
#4408=EDGE_LOOP('',(#119,#120,#121,#122));
#4409=EDGE_LOOP('',(#123,#124,#125,#126));
#4410=EDGE_LOOP('',(#127,#128,#129,#130));
#4411=EDGE_LOOP('',(#131,#132,#133,#134));
#4412=EDGE_LOOP('',(#135,#136,#137,#138));
#4413=EDGE_LOOP('',(#139,#140,#141,#142));
#4414=EDGE_LOOP('',(#143,#144,#145,#146));
#4415=EDGE_LOOP('',(#147,#148,#149,#150));
#4416=EDGE_LOOP('',(#151,#152,#153,#154));
#4417=EDGE_LOOP('',(#155,#156,#157,#158));
#4418=EDGE_LOOP('',(#159,#160,#161,#162));
#4419=EDGE_LOOP('',(#163,#164,#165,#166));
#4420=EDGE_LOOP('',(#167,#168,#169,#170));
#4421=EDGE_LOOP('',(#171,#172,#173,#174));
#4422=EDGE_LOOP('',(#175,#176,#177,#178));
#4423=EDGE_LOOP('',(#179,#180,#181,#182));
#4424=EDGE_LOOP('',(#183,#184,#185,#186));
#4425=EDGE_LOOP('',(#187,#188,#189,#190));
#4426=EDGE_LOOP('',(#191,#192,#193,#194));
#4427=EDGE_LOOP('',(#195,#196,#197,#198));
#4428=EDGE_LOOP('',(#199,#200,#201,#202));
#4429=EDGE_LOOP('',(#203,#204,#205,#206));
#4430=EDGE_LOOP('',(#207,#208,#209,#210));
#4431=EDGE_LOOP('',(#211,#212,#213,#214));
#4432=EDGE_LOOP('',(#215,#216,#217,#218));
#4433=EDGE_LOOP('',(#219,#220,#221,#222));
#4434=EDGE_LOOP('',(#223,#224,#225,#226));
#4435=EDGE_LOOP('',(#227,#228,#229,#230));
#4436=EDGE_LOOP('',(#231,#232,#233,#234));
#4437=EDGE_LOOP('',(#235,#236,#237,#238));
#4438=EDGE_LOOP('',(#239,#240,#241,#242));
#4439=EDGE_LOOP('',(#243,#244,#245,#246));
#4440=EDGE_LOOP('',(#247,#248,#249,#250));
#4441=EDGE_LOOP('',(#251,#252,#253,#254,#255,#256,#257,#258,#259,#260,#261,
#262));
#4442=EDGE_LOOP('',(#263,#264,#265,#266));
#4443=EDGE_LOOP('',(#267,#268,#269,#270,#271,#272,#273,#274,#275,#276,#277,
#278));
#4444=EDGE_LOOP('',(#279,#280,#281,#282,#283,#284));
#4445=EDGE_LOOP('',(#285,#286,#287,#288));
#4446=EDGE_LOOP('',(#289,#290,#291,#292,#293,#294));
#4447=EDGE_LOOP('',(#295,#296,#297,#298));
#4448=EDGE_LOOP('',(#299,#300,#301,#302));
#4449=EDGE_LOOP('',(#303,#304,#305,#306,#307,#308));
#4450=EDGE_LOOP('',(#309,#310,#311,#312));
#4451=EDGE_LOOP('',(#313,#314,#315,#316,#317,#318));
#4452=EDGE_LOOP('',(#319,#320,#321,#322,#323,#324));
#4453=EDGE_LOOP('',(#325,#326,#327,#328,#329,#330));
#4454=EDGE_LOOP('',(#331,#332,#333,#334,#335,#336));
#4455=EDGE_LOOP('',(#337,#338,#339,#340,#341,#342));
#4456=EDGE_LOOP('',(#343,#344,#345,#346));
#4457=EDGE_LOOP('',(#347,#348,#349,#350));
#4458=EDGE_LOOP('',(#351,#352,#353,#354));
#4459=EDGE_LOOP('',(#355,#356,#357,#358));
#4460=EDGE_LOOP('',(#359,#360,#361,#362));
#4461=EDGE_LOOP('',(#363,#364,#365,#366));
#4462=EDGE_LOOP('',(#367,#368,#369,#370));
#4463=EDGE_LOOP('',(#371,#372,#373,#374));
#4464=EDGE_LOOP('',(#375,#376,#377,#378));
#4465=EDGE_LOOP('',(#379,#380,#381,#382));
#4466=EDGE_LOOP('',(#383,#384,#385,#386));
#4467=EDGE_LOOP('',(#387,#388,#389,#390,#391,#392,#393,#394,#395,#396,#397,
#398));
#4468=EDGE_LOOP('',(#399,#400,#401,#402));
#4469=EDGE_LOOP('',(#403,#404,#405,#406));
#4470=EDGE_LOOP('',(#407,#408,#409,#410));
#4471=EDGE_LOOP('',(#411,#412,#413,#414));
#4472=EDGE_LOOP('',(#415,#416,#417,#418,#419,#420,#421,#422,#423,#424,#425,
#426));
#4473=EDGE_LOOP('',(#427,#428,#429,#430));
#4474=EDGE_LOOP('',(#431,#432,#433,#434,#435,#436));
#4475=EDGE_LOOP('',(#437,#438,#439,#440,#441,#442));
#4476=EDGE_LOOP('',(#443,#444,#445,#446,#447,#448));
#4477=EDGE_LOOP('',(#449,#450,#451,#452));
#4478=EDGE_LOOP('',(#453,#454,#455,#456,#457,#458));
#4479=EDGE_LOOP('',(#459,#460,#461,#462));
#4480=EDGE_LOOP('',(#463,#464,#465,#466));
#4481=EDGE_LOOP('',(#467,#468,#469,#470));
#4482=EDGE_LOOP('',(#471,#472,#473,#474));
#4483=EDGE_LOOP('',(#475,#476,#477,#478));
#4484=EDGE_LOOP('',(#479,#480,#481,#482));
#4485=EDGE_LOOP('',(#483,#484,#485,#486));
#4486=EDGE_LOOP('',(#487,#488,#489,#490));
#4487=EDGE_LOOP('',(#491,#492,#493,#494));
#4488=EDGE_LOOP('',(#495,#496,#497,#498));
#4489=EDGE_LOOP('',(#499,#500,#501,#502));
#4490=EDGE_LOOP('',(#503,#504,#505,#506));
#4491=EDGE_LOOP('',(#507,#508,#509,#510));
#4492=EDGE_LOOP('',(#511,#512,#513,#514));
#4493=EDGE_LOOP('',(#515,#516,#517,#518,#519,#520,#521));
#4494=EDGE_LOOP('',(#522,#523,#524,#525,#526,#527,#528));
#4495=EDGE_LOOP('',(#529,#530,#531,#532,#533,#534,#535));
#4496=EDGE_LOOP('',(#536,#537,#538,#539,#540,#541,#542));
#4497=EDGE_LOOP('',(#543,#544,#545,#546));
#4498=EDGE_LOOP('',(#547,#548,#549,#550));
#4499=EDGE_LOOP('',(#551,#552,#553,#554));
#4500=EDGE_LOOP('',(#555,#556,#557,#558));
#4501=EDGE_LOOP('',(#559,#560,#561,#562));
#4502=EDGE_LOOP('',(#563,#564,#565,#566));
#4503=EDGE_LOOP('',(#567,#568,#569,#570));
#4504=EDGE_LOOP('',(#571,#572,#573,#574));
#4505=EDGE_LOOP('',(#575,#576,#577,#578));
#4506=EDGE_LOOP('',(#579,#580,#581,#582,#583,#584,#585,#586,#587,#588,#589,
#590,#591,#592,#593,#594,#595,#596,#597,#598));
#4507=EDGE_LOOP('',(#599,#600,#601,#602));
#4508=EDGE_LOOP('',(#603,#604,#605,#606));
#4509=EDGE_LOOP('',(#607,#608,#609,#610));
#4510=EDGE_LOOP('',(#611,#612,#613,#614));
#4511=EDGE_LOOP('',(#615,#616,#617,#618));
#4512=EDGE_LOOP('',(#619,#620,#621,#622));
#4513=EDGE_LOOP('',(#623,#624,#625,#626));
#4514=EDGE_LOOP('',(#627,#628,#629,#630));
#4515=EDGE_LOOP('',(#631,#632,#633,#634));
#4516=EDGE_LOOP('',(#635,#636,#637,#638));
#4517=EDGE_LOOP('',(#639,#640,#641,#642));
#4518=EDGE_LOOP('',(#643,#644,#645,#646));
#4519=EDGE_LOOP('',(#647,#648,#649,#650));
#4520=EDGE_LOOP('',(#651,#652,#653,#654));
#4521=EDGE_LOOP('',(#655,#656,#657,#658));
#4522=EDGE_LOOP('',(#659,#660,#661,#662));
#4523=EDGE_LOOP('',(#663,#664,#665,#666));
#4524=EDGE_LOOP('',(#667,#668,#669,#670));
#4525=EDGE_LOOP('',(#671,#672,#673,#674));
#4526=EDGE_LOOP('',(#675,#676,#677,#678));
#4527=EDGE_LOOP('',(#679,#680,#681,#682));
#4528=EDGE_LOOP('',(#683,#684,#685,#686));
#4529=EDGE_LOOP('',(#687,#688,#689,#690));
#4530=EDGE_LOOP('',(#691,#692,#693,#694));
#4531=EDGE_LOOP('',(#695,#696,#697,#698));
#4532=EDGE_LOOP('',(#699,#700,#701,#702));
#4533=EDGE_LOOP('',(#703,#704,#705,#706));
#4534=EDGE_LOOP('',(#707,#708,#709,#710));
#4535=EDGE_LOOP('',(#711,#712,#713,#714));
#4536=EDGE_LOOP('',(#715,#716,#717,#718));
#4537=EDGE_LOOP('',(#719,#720,#721,#722));
#4538=EDGE_LOOP('',(#723,#724,#725,#726));
#4539=EDGE_LOOP('',(#727,#728,#729,#730));
#4540=EDGE_LOOP('',(#731,#732,#733,#734));
#4541=EDGE_LOOP('',(#735,#736,#737,#738));
#4542=EDGE_LOOP('',(#739,#740,#741,#742));
#4543=EDGE_LOOP('',(#743,#744,#745,#746,#747,#748,#749,#750,#751,#752,#753,
#754,#755,#756,#757,#758,#759,#760,#761,#762));
#4544=EDGE_LOOP('',(#763,#764,#765,#766));
#4545=EDGE_LOOP('',(#767,#768,#769,#770));
#4546=EDGE_LOOP('',(#771,#772,#773,#774));
#4547=EDGE_LOOP('',(#775,#776,#777,#778));
#4548=EDGE_LOOP('',(#779,#780,#781,#782));
#4549=EDGE_LOOP('',(#783,#784,#785,#786,#787,#788,#789,#790,#791,#792,#793,
#794,#795,#796,#797,#798,#799,#800,#801,#802,#803,#804,#805,#806,#807,#808,
#809,#810,#811,#812,#813,#814,#815,#816,#817,#818));
#4550=EDGE_LOOP('',(#819,#820,#821,#822));
#4551=EDGE_LOOP('',(#823,#824,#825,#826));
#4552=EDGE_LOOP('',(#827,#828,#829,#830));
#4553=EDGE_LOOP('',(#831,#832,#833,#834));
#4554=EDGE_LOOP('',(#835,#836,#837,#838,#839,#840,#841,#842,#843));
#4555=EDGE_LOOP('',(#844,#845,#846,#847,#848,#849,#850,#851,#852));
#4556=EDGE_LOOP('',(#853,#854,#855,#856));
#4557=EDGE_LOOP('',(#857,#858,#859,#860));
#4558=EDGE_LOOP('',(#861,#862,#863,#864));
#4559=EDGE_LOOP('',(#865,#866,#867,#868));
#4560=EDGE_LOOP('',(#869,#870,#871,#872));
#4561=EDGE_LOOP('',(#873,#874,#875,#876));
#4562=EDGE_LOOP('',(#877,#878,#879,#880,#881));
#4563=EDGE_LOOP('',(#882,#883,#884,#885,#886));
#4564=EDGE_LOOP('',(#887,#888,#889,#890));
#4565=EDGE_LOOP('',(#891,#892,#893,#894));
#4566=EDGE_LOOP('',(#895,#896,#897,#898,#899));
#4567=EDGE_LOOP('',(#900,#901,#902,#903,#904));
#4568=EDGE_LOOP('',(#905,#906,#907,#908));
#4569=EDGE_LOOP('',(#909,#910,#911,#912));
#4570=EDGE_LOOP('',(#913,#914,#915,#916,#917));
#4571=EDGE_LOOP('',(#918,#919,#920,#921,#922));
#4572=EDGE_LOOP('',(#923,#924,#925,#926));
#4573=EDGE_LOOP('',(#927,#928,#929,#930));
#4574=EDGE_LOOP('',(#931,#932,#933,#934,#935));
#4575=EDGE_LOOP('',(#936,#937,#938,#939,#940));
#4576=EDGE_LOOP('',(#941,#942,#943,#944,#945));
#4577=EDGE_LOOP('',(#946,#947,#948,#949));
#4578=EDGE_LOOP('',(#950,#951,#952,#953,#954));
#4579=EDGE_LOOP('',(#955,#956,#957,#958));
#4580=EDGE_LOOP('',(#959,#960,#961,#962,#963));
#4581=EDGE_LOOP('',(#964,#965,#966,#967,#968));
#4582=EDGE_LOOP('',(#969,#970,#971,#972));
#4583=EDGE_LOOP('',(#973,#974,#975,#976));
#4584=EDGE_LOOP('',(#977,#978,#979,#980,#981));
#4585=EDGE_LOOP('',(#982,#983,#984,#985,#986));
#4586=EDGE_LOOP('',(#987,#988,#989,#990));
#4587=EDGE_LOOP('',(#991,#992,#993,#994));
#4588=EDGE_LOOP('',(#995,#996,#997));
#4589=EDGE_LOOP('',(#998,#999,#1000));
#4590=EDGE_LOOP('',(#1001,#1002,#1003,#1004));
#4591=EDGE_LOOP('',(#1005,#1006,#1007,#1008,#1009,#1010,#1011,#1012,#1013,
#1014,#1015,#1016,#1017,#1018,#1019,#1020,#1021,#1022,#1023,#1024));
#4592=EDGE_LOOP('',(#1025,#1026,#1027,#1028));
#4593=EDGE_LOOP('',(#1029,#1030,#1031,#1032));
#4594=EDGE_LOOP('',(#1033,#1034,#1035,#1036));
#4595=EDGE_LOOP('',(#1037,#1038,#1039,#1040));
#4596=EDGE_LOOP('',(#1041,#1042,#1043,#1044));
#4597=EDGE_LOOP('',(#1045,#1046,#1047,#1048));
#4598=EDGE_LOOP('',(#1049,#1050,#1051,#1052));
#4599=EDGE_LOOP('',(#1053,#1054,#1055,#1056));
#4600=EDGE_LOOP('',(#1057,#1058,#1059,#1060));
#4601=EDGE_LOOP('',(#1061,#1062,#1063,#1064));
#4602=EDGE_LOOP('',(#1065,#1066,#1067,#1068));
#4603=EDGE_LOOP('',(#1069,#1070,#1071,#1072));
#4604=EDGE_LOOP('',(#1073,#1074,#1075,#1076));
#4605=EDGE_LOOP('',(#1077,#1078,#1079,#1080));
#4606=EDGE_LOOP('',(#1081,#1082,#1083,#1084));
#4607=EDGE_LOOP('',(#1085,#1086,#1087,#1088));
#4608=EDGE_LOOP('',(#1089,#1090,#1091,#1092));
#4609=EDGE_LOOP('',(#1093,#1094,#1095,#1096));
#4610=EDGE_LOOP('',(#1097,#1098,#1099,#1100));
#4611=EDGE_LOOP('',(#1101,#1102,#1103,#1104));
#4612=EDGE_LOOP('',(#1105,#1106,#1107,#1108));
#4613=EDGE_LOOP('',(#1109,#1110,#1111,#1112));
#4614=EDGE_LOOP('',(#1113,#1114,#1115,#1116));
#4615=EDGE_LOOP('',(#1117,#1118,#1119,#1120));
#4616=EDGE_LOOP('',(#1121,#1122,#1123,#1124));
#4617=EDGE_LOOP('',(#1125,#1126,#1127,#1128));
#4618=EDGE_LOOP('',(#1129,#1130,#1131,#1132));
#4619=EDGE_LOOP('',(#1133,#1134,#1135,#1136));
#4620=EDGE_LOOP('',(#1137,#1138,#1139,#1140));
#4621=EDGE_LOOP('',(#1141,#1142,#1143,#1144));
#4622=EDGE_LOOP('',(#1145,#1146,#1147,#1148));
#4623=EDGE_LOOP('',(#1149,#1150,#1151,#1152));
#4624=EDGE_LOOP('',(#1153,#1154,#1155,#1156));
#4625=EDGE_LOOP('',(#1157,#1158,#1159,#1160));
#4626=EDGE_LOOP('',(#1161,#1162,#1163,#1164));
#4627=EDGE_LOOP('',(#1165,#1166,#1167,#1168));
#4628=EDGE_LOOP('',(#1169,#1170,#1171,#1172));
#4629=EDGE_LOOP('',(#1173,#1174,#1175,#1176));
#4630=EDGE_LOOP('',(#1177,#1178,#1179,#1180));
#4631=EDGE_LOOP('',(#1181,#1182,#1183,#1184));
#4632=EDGE_LOOP('',(#1185,#1186,#1187,#1188));
#4633=EDGE_LOOP('',(#1189,#1190,#1191,#1192,#1193,#1194,#1195,#1196,#1197,
#1198,#1199,#1200,#1201,#1202,#1203,#1204,#1205,#1206,#1207,#1208,#1209,
#1210,#1211,#1212,#1213,#1214,#1215,#1216,#1217,#1218,#1219,#1220,#1221,
#1222,#1223,#1224,#1225,#1226));
#4634=EDGE_LOOP('',(#1227,#1228,#1229,#1230));
#4635=EDGE_LOOP('',(#1231,#1232,#1233,#1234));
#4636=EDGE_LOOP('',(#1235,#1236,#1237,#1238));
#4637=EDGE_LOOP('',(#1239,#1240,#1241,#1242));
#4638=EDGE_LOOP('',(#1243,#1244,#1245,#1246));
#4639=EDGE_LOOP('',(#1247,#1248,#1249,#1250,#1251,#1252,#1253,#1254,#1255,
#1256,#1257,#1258,#1259,#1260,#1261,#1262,#1263,#1264,#1265,#1266));
#4640=EDGE_LOOP('',(#1267,#1268,#1269,#1270,#1271,#1272,#1273,#1274,#1275,
#1276,#1277,#1278,#1279));
#4641=EDGE_LOOP('',(#1280,#1281,#1282,#1283,#1284,#1285,#1286,#1287,#1288,
#1289,#1290,#1291,#1292));
#4642=EDGE_LOOP('',(#1293,#1294,#1295,#1296,#1297,#1298,#1299));
#4643=EDGE_LOOP('',(#1300,#1301,#1302,#1303,#1304,#1305,#1306));
#4644=EDGE_LOOP('',(#1307,#1308,#1309,#1310,#1311,#1312,#1313));
#4645=EDGE_LOOP('',(#1314,#1315,#1316,#1317,#1318,#1319,#1320));
#4646=EDGE_LOOP('',(#1321,#1322,#1323,#1324,#1325,#1326,#1327));
#4647=EDGE_LOOP('',(#1328,#1329,#1330,#1331,#1332,#1333,#1334));
#4648=EDGE_LOOP('',(#1335,#1336,#1337,#1338,#1339,#1340,#1341));
#4649=EDGE_LOOP('',(#1342,#1343,#1344,#1345,#1346,#1347,#1348));
#4650=EDGE_LOOP('',(#1349,#1350,#1351,#1352,#1353,#1354,#1355));
#4651=EDGE_LOOP('',(#1356,#1357,#1358,#1359,#1360,#1361,#1362));
#4652=EDGE_LOOP('',(#1363,#1364,#1365,#1366,#1367,#1368,#1369));
#4653=EDGE_LOOP('',(#1370,#1371,#1372,#1373,#1374,#1375,#1376));
#4654=EDGE_LOOP('',(#1377,#1378,#1379,#1380,#1381,#1382,#1383));
#4655=EDGE_LOOP('',(#1384,#1385,#1386,#1387));
#4656=EDGE_LOOP('',(#1388,#1389,#1390,#1391,#1392,#1393,#1394));
#4657=EDGE_LOOP('',(#1395,#1396,#1397,#1398));
#4658=EDGE_LOOP('',(#1399,#1400,#1401,#1402));
#4659=EDGE_LOOP('',(#1403,#1404,#1405,#1406,#1407,#1408));
#4660=EDGE_LOOP('',(#1409,#1410,#1411,#1412));
#4661=EDGE_LOOP('',(#1413,#1414,#1415,#1416));
#4662=EDGE_LOOP('',(#1417,#1418,#1419,#1420));
#4663=EDGE_LOOP('',(#1421,#1422,#1423,#1424));
#4664=EDGE_LOOP('',(#1425,#1426,#1427,#1428,#1429,#1430));
#4665=EDGE_LOOP('',(#1431,#1432,#1433,#1434));
#4666=EDGE_LOOP('',(#1435,#1436,#1437,#1438));
#4667=EDGE_LOOP('',(#1439,#1440,#1441,#1442));
#4668=EDGE_LOOP('',(#1443,#1444,#1445,#1446));
#4669=EDGE_LOOP('',(#1447,#1448,#1449,#1450));
#4670=EDGE_LOOP('',(#1451,#1452,#1453,#1454));
#4671=EDGE_LOOP('',(#1455,#1456,#1457,#1458));
#4672=EDGE_LOOP('',(#1459,#1460,#1461,#1462));
#4673=EDGE_LOOP('',(#1463,#1464,#1465,#1466));
#4674=EDGE_LOOP('',(#1467,#1468,#1469,#1470));
#4675=EDGE_LOOP('',(#1471,#1472,#1473,#1474));
#4676=EDGE_LOOP('',(#1475,#1476,#1477,#1478));
#4677=EDGE_LOOP('',(#1479,#1480,#1481,#1482));
#4678=EDGE_LOOP('',(#1483,#1484,#1485,#1486));
#4679=EDGE_LOOP('',(#1487,#1488,#1489,#1490));
#4680=EDGE_LOOP('',(#1491,#1492,#1493,#1494));
#4681=EDGE_LOOP('',(#1495,#1496,#1497,#1498));
#4682=EDGE_LOOP('',(#1499,#1500,#1501,#1502));
#4683=EDGE_LOOP('',(#1503,#1504,#1505,#1506));
#4684=EDGE_LOOP('',(#1507,#1508,#1509,#1510));
#4685=EDGE_LOOP('',(#1511,#1512,#1513,#1514));
#4686=EDGE_LOOP('',(#1515,#1516,#1517,#1518));
#4687=EDGE_LOOP('',(#1519,#1520,#1521,#1522));
#4688=EDGE_LOOP('',(#1523,#1524,#1525,#1526));
#4689=EDGE_LOOP('',(#1527,#1528,#1529,#1530));
#4690=EDGE_LOOP('',(#1531,#1532,#1533,#1534));
#4691=EDGE_LOOP('',(#1535,#1536,#1537,#1538));
#4692=EDGE_LOOP('',(#1539,#1540,#1541,#1542));
#4693=EDGE_LOOP('',(#1543,#1544,#1545,#1546));
#4694=EDGE_LOOP('',(#1547,#1548,#1549,#1550,#1551,#1552,#1553,#1554,#1555,
#1556,#1557,#1558,#1559,#1560,#1561,#1562,#1563,#1564,#1565,#1566,#1567,
#1568,#1569,#1570,#1571,#1572,#1573,#1574,#1575,#1576));
#4695=EDGE_LOOP('',(#1577,#1578,#1579,#1580,#1581,#1582,#1583,#1584,#1585,
#1586,#1587,#1588,#1589,#1590,#1591,#1592,#1593,#1594,#1595,#1596,#1597,
#1598,#1599,#1600,#1601,#1602,#1603,#1604,#1605,#1606));
#4696=EDGE_LOOP('',(#1607,#1608,#1609,#1610));
#4697=EDGE_LOOP('',(#1611,#1612,#1613,#1614));
#4698=EDGE_LOOP('',(#1615,#1616,#1617,#1618));
#4699=EDGE_LOOP('',(#1619,#1620,#1621,#1622));
#4700=EDGE_LOOP('',(#1623,#1624,#1625,#1626));
#4701=EDGE_LOOP('',(#1627,#1628,#1629,#1630));
#4702=EDGE_LOOP('',(#1631,#1632,#1633,#1634,#1635,#1636));
#4703=FACE_BOUND('',#4402,.T.);
#4704=FACE_BOUND('',#4403,.T.);
#4705=FACE_BOUND('',#4404,.T.);
#4706=FACE_BOUND('',#4405,.T.);
#4707=FACE_BOUND('',#4406,.T.);
#4708=FACE_BOUND('',#4407,.T.);
#4709=FACE_BOUND('',#4408,.T.);
#4710=FACE_BOUND('',#4409,.T.);
#4711=FACE_BOUND('',#4410,.T.);
#4712=FACE_BOUND('',#4411,.T.);
#4713=FACE_BOUND('',#4412,.T.);
#4714=FACE_BOUND('',#4413,.T.);
#4715=FACE_BOUND('',#4414,.T.);
#4716=FACE_BOUND('',#4415,.T.);
#4717=FACE_BOUND('',#4416,.T.);
#4718=FACE_BOUND('',#4417,.T.);
#4719=FACE_BOUND('',#4418,.T.);
#4720=FACE_BOUND('',#4419,.T.);
#4721=FACE_BOUND('',#4420,.T.);
#4722=FACE_BOUND('',#4421,.T.);
#4723=FACE_BOUND('',#4422,.T.);
#4724=FACE_BOUND('',#4423,.T.);
#4725=FACE_BOUND('',#4424,.T.);
#4726=FACE_BOUND('',#4425,.T.);
#4727=FACE_BOUND('',#4426,.T.);
#4728=FACE_BOUND('',#4427,.T.);
#4729=FACE_BOUND('',#4428,.T.);
#4730=FACE_BOUND('',#4429,.T.);
#4731=FACE_BOUND('',#4430,.T.);
#4732=FACE_BOUND('',#4431,.T.);
#4733=FACE_BOUND('',#4432,.T.);
#4734=FACE_BOUND('',#4433,.T.);
#4735=FACE_BOUND('',#4434,.T.);
#4736=FACE_BOUND('',#4435,.T.);
#4737=FACE_BOUND('',#4436,.T.);
#4738=FACE_BOUND('',#4437,.T.);
#4739=FACE_BOUND('',#4438,.T.);
#4740=FACE_BOUND('',#4439,.T.);
#4741=FACE_BOUND('',#4440,.T.);
#4742=FACE_BOUND('',#4441,.T.);
#4743=FACE_BOUND('',#4442,.T.);
#4744=FACE_BOUND('',#4443,.T.);
#4745=FACE_BOUND('',#4444,.T.);
#4746=FACE_BOUND('',#4445,.T.);
#4747=FACE_BOUND('',#4446,.T.);
#4748=FACE_BOUND('',#4447,.T.);
#4749=FACE_BOUND('',#4448,.T.);
#4750=FACE_BOUND('',#4449,.T.);
#4751=FACE_BOUND('',#4450,.T.);
#4752=FACE_BOUND('',#4451,.T.);
#4753=FACE_BOUND('',#4452,.T.);
#4754=FACE_BOUND('',#4453,.T.);
#4755=FACE_BOUND('',#4454,.T.);
#4756=FACE_BOUND('',#4455,.T.);
#4757=FACE_BOUND('',#4456,.T.);
#4758=FACE_BOUND('',#4457,.T.);
#4759=FACE_BOUND('',#4458,.T.);
#4760=FACE_BOUND('',#4459,.T.);
#4761=FACE_BOUND('',#4460,.T.);
#4762=FACE_BOUND('',#4461,.T.);
#4763=FACE_BOUND('',#4462,.T.);
#4764=FACE_BOUND('',#4463,.T.);
#4765=FACE_BOUND('',#4464,.T.);
#4766=FACE_BOUND('',#4465,.T.);
#4767=FACE_BOUND('',#4466,.T.);
#4768=FACE_BOUND('',#4467,.T.);
#4769=FACE_BOUND('',#4468,.T.);
#4770=FACE_BOUND('',#4469,.T.);
#4771=FACE_BOUND('',#4470,.T.);
#4772=FACE_BOUND('',#4471,.T.);
#4773=FACE_BOUND('',#4472,.T.);
#4774=FACE_BOUND('',#4473,.T.);
#4775=FACE_BOUND('',#4474,.T.);
#4776=FACE_BOUND('',#4475,.T.);
#4777=FACE_BOUND('',#4476,.T.);
#4778=FACE_BOUND('',#4477,.T.);
#4779=FACE_BOUND('',#4478,.T.);
#4780=FACE_BOUND('',#4479,.T.);
#4781=FACE_BOUND('',#4480,.T.);
#4782=FACE_BOUND('',#4481,.T.);
#4783=FACE_BOUND('',#4482,.T.);
#4784=FACE_BOUND('',#4483,.T.);
#4785=FACE_BOUND('',#4484,.T.);
#4786=FACE_BOUND('',#4485,.T.);
#4787=FACE_BOUND('',#4486,.T.);
#4788=FACE_BOUND('',#4487,.T.);
#4789=FACE_BOUND('',#4488,.T.);
#4790=FACE_BOUND('',#4489,.T.);
#4791=FACE_BOUND('',#4490,.T.);
#4792=FACE_BOUND('',#4491,.T.);
#4793=FACE_BOUND('',#4492,.T.);
#4794=FACE_BOUND('',#4493,.T.);
#4795=FACE_BOUND('',#4494,.T.);
#4796=FACE_BOUND('',#4495,.T.);
#4797=FACE_BOUND('',#4496,.T.);
#4798=FACE_BOUND('',#4497,.T.);
#4799=FACE_BOUND('',#4498,.T.);
#4800=FACE_BOUND('',#4499,.T.);
#4801=FACE_BOUND('',#4500,.T.);
#4802=FACE_BOUND('',#4501,.T.);
#4803=FACE_BOUND('',#4502,.T.);
#4804=FACE_BOUND('',#4503,.T.);
#4805=FACE_BOUND('',#4504,.T.);
#4806=FACE_BOUND('',#4505,.T.);
#4807=FACE_BOUND('',#4506,.T.);
#4808=FACE_BOUND('',#4507,.T.);
#4809=FACE_BOUND('',#4508,.T.);
#4810=FACE_BOUND('',#4509,.T.);
#4811=FACE_BOUND('',#4510,.T.);
#4812=FACE_BOUND('',#4511,.T.);
#4813=FACE_BOUND('',#4512,.T.);
#4814=FACE_BOUND('',#4513,.T.);
#4815=FACE_BOUND('',#4514,.T.);
#4816=FACE_BOUND('',#4515,.T.);
#4817=FACE_BOUND('',#4516,.T.);
#4818=FACE_BOUND('',#4517,.T.);
#4819=FACE_BOUND('',#4518,.T.);
#4820=FACE_BOUND('',#4519,.T.);
#4821=FACE_BOUND('',#4520,.T.);
#4822=FACE_BOUND('',#4521,.T.);
#4823=FACE_BOUND('',#4522,.T.);
#4824=FACE_BOUND('',#4523,.T.);
#4825=FACE_BOUND('',#4524,.T.);
#4826=FACE_BOUND('',#4525,.T.);
#4827=FACE_BOUND('',#4526,.T.);
#4828=FACE_BOUND('',#4527,.T.);
#4829=FACE_BOUND('',#4528,.T.);
#4830=FACE_BOUND('',#4529,.T.);
#4831=FACE_BOUND('',#4530,.T.);
#4832=FACE_BOUND('',#4531,.T.);
#4833=FACE_BOUND('',#4532,.T.);
#4834=FACE_BOUND('',#4533,.T.);
#4835=FACE_BOUND('',#4534,.T.);
#4836=FACE_BOUND('',#4535,.T.);
#4837=FACE_BOUND('',#4536,.T.);
#4838=FACE_BOUND('',#4537,.T.);
#4839=FACE_BOUND('',#4538,.T.);
#4840=FACE_BOUND('',#4539,.T.);
#4841=FACE_BOUND('',#4540,.T.);
#4842=FACE_BOUND('',#4541,.T.);
#4843=FACE_BOUND('',#4542,.T.);
#4844=FACE_BOUND('',#4543,.T.);
#4845=FACE_BOUND('',#4544,.T.);
#4846=FACE_BOUND('',#4545,.T.);
#4847=FACE_BOUND('',#4546,.T.);
#4848=FACE_BOUND('',#4547,.T.);
#4849=FACE_BOUND('',#4548,.T.);
#4850=FACE_BOUND('',#4549,.T.);
#4851=FACE_BOUND('',#4550,.T.);
#4852=FACE_BOUND('',#4551,.T.);
#4853=FACE_BOUND('',#4552,.T.);
#4854=FACE_BOUND('',#4553,.T.);
#4855=FACE_BOUND('',#4554,.T.);
#4856=FACE_BOUND('',#4555,.T.);
#4857=FACE_BOUND('',#4556,.T.);
#4858=FACE_BOUND('',#4557,.T.);
#4859=FACE_BOUND('',#4558,.T.);
#4860=FACE_BOUND('',#4559,.T.);
#4861=FACE_BOUND('',#4560,.T.);
#4862=FACE_BOUND('',#4561,.T.);
#4863=FACE_BOUND('',#4562,.T.);
#4864=FACE_BOUND('',#4563,.T.);
#4865=FACE_BOUND('',#4564,.T.);
#4866=FACE_BOUND('',#4565,.T.);
#4867=FACE_BOUND('',#4566,.T.);
#4868=FACE_BOUND('',#4567,.T.);
#4869=FACE_BOUND('',#4568,.T.);
#4870=FACE_BOUND('',#4569,.T.);
#4871=FACE_BOUND('',#4570,.T.);
#4872=FACE_BOUND('',#4571,.T.);
#4873=FACE_BOUND('',#4572,.T.);
#4874=FACE_BOUND('',#4573,.T.);
#4875=FACE_BOUND('',#4574,.T.);
#4876=FACE_BOUND('',#4575,.T.);
#4877=FACE_BOUND('',#4576,.T.);
#4878=FACE_BOUND('',#4577,.T.);
#4879=FACE_BOUND('',#4578,.T.);
#4880=FACE_BOUND('',#4579,.T.);
#4881=FACE_BOUND('',#4580,.T.);
#4882=FACE_BOUND('',#4581,.T.);
#4883=FACE_BOUND('',#4582,.T.);
#4884=FACE_BOUND('',#4583,.T.);
#4885=FACE_BOUND('',#4584,.T.);
#4886=FACE_BOUND('',#4585,.T.);
#4887=FACE_BOUND('',#4586,.T.);
#4888=FACE_BOUND('',#4587,.T.);
#4889=FACE_BOUND('',#4588,.T.);
#4890=FACE_BOUND('',#4589,.T.);
#4891=FACE_BOUND('',#4590,.T.);
#4892=FACE_BOUND('',#4591,.T.);
#4893=FACE_BOUND('',#4592,.T.);
#4894=FACE_BOUND('',#4593,.T.);
#4895=FACE_BOUND('',#4594,.T.);
#4896=FACE_BOUND('',#4595,.T.);
#4897=FACE_BOUND('',#4596,.T.);
#4898=FACE_BOUND('',#4597,.T.);
#4899=FACE_BOUND('',#4598,.T.);
#4900=FACE_BOUND('',#4599,.T.);
#4901=FACE_BOUND('',#4600,.T.);
#4902=FACE_BOUND('',#4601,.T.);
#4903=FACE_BOUND('',#4602,.T.);
#4904=FACE_BOUND('',#4603,.T.);
#4905=FACE_BOUND('',#4604,.T.);
#4906=FACE_BOUND('',#4605,.T.);
#4907=FACE_BOUND('',#4606,.T.);
#4908=FACE_BOUND('',#4607,.T.);
#4909=FACE_BOUND('',#4608,.T.);
#4910=FACE_BOUND('',#4609,.T.);
#4911=FACE_BOUND('',#4610,.T.);
#4912=FACE_BOUND('',#4611,.T.);
#4913=FACE_BOUND('',#4612,.T.);
#4914=FACE_BOUND('',#4613,.T.);
#4915=FACE_BOUND('',#4614,.T.);
#4916=FACE_BOUND('',#4615,.T.);
#4917=FACE_BOUND('',#4616,.T.);
#4918=FACE_BOUND('',#4617,.T.);
#4919=FACE_BOUND('',#4618,.T.);
#4920=FACE_BOUND('',#4619,.T.);
#4921=FACE_BOUND('',#4620,.T.);
#4922=FACE_BOUND('',#4621,.T.);
#4923=FACE_BOUND('',#4622,.T.);
#4924=FACE_BOUND('',#4623,.T.);
#4925=FACE_BOUND('',#4624,.T.);
#4926=FACE_BOUND('',#4625,.T.);
#4927=FACE_BOUND('',#4626,.T.);
#4928=FACE_BOUND('',#4627,.T.);
#4929=FACE_BOUND('',#4628,.T.);
#4930=FACE_BOUND('',#4629,.T.);
#4931=FACE_BOUND('',#4630,.T.);
#4932=FACE_BOUND('',#4631,.T.);
#4933=FACE_BOUND('',#4632,.T.);
#4934=FACE_BOUND('',#4633,.T.);
#4935=FACE_BOUND('',#4634,.T.);
#4936=FACE_BOUND('',#4635,.T.);
#4937=FACE_BOUND('',#4636,.T.);
#4938=FACE_BOUND('',#4637,.T.);
#4939=FACE_BOUND('',#4638,.T.);
#4940=FACE_BOUND('',#4639,.T.);
#4941=FACE_BOUND('',#4640,.T.);
#4942=FACE_BOUND('',#4641,.T.);
#4943=FACE_BOUND('',#4642,.T.);
#4944=FACE_BOUND('',#4643,.T.);
#4945=FACE_BOUND('',#4644,.T.);
#4946=FACE_BOUND('',#4645,.T.);
#4947=FACE_BOUND('',#4646,.T.);
#4948=FACE_BOUND('',#4647,.T.);
#4949=FACE_BOUND('',#4648,.T.);
#4950=FACE_BOUND('',#4649,.T.);
#4951=FACE_BOUND('',#4650,.T.);
#4952=FACE_BOUND('',#4651,.T.);
#4953=FACE_BOUND('',#4652,.T.);
#4954=FACE_BOUND('',#4653,.T.);
#4955=FACE_BOUND('',#4654,.T.);
#4956=FACE_BOUND('',#4655,.T.);
#4957=FACE_BOUND('',#4656,.T.);
#4958=FACE_BOUND('',#4657,.T.);
#4959=FACE_BOUND('',#4658,.T.);
#4960=FACE_BOUND('',#4659,.T.);
#4961=FACE_BOUND('',#4660,.T.);
#4962=FACE_BOUND('',#4661,.T.);
#4963=FACE_BOUND('',#4662,.T.);
#4964=FACE_BOUND('',#4663,.T.);
#4965=FACE_BOUND('',#4664,.T.);
#4966=FACE_BOUND('',#4665,.T.);
#4967=FACE_BOUND('',#4666,.T.);
#4968=FACE_BOUND('',#4667,.T.);
#4969=FACE_BOUND('',#4668,.T.);
#4970=FACE_BOUND('',#4669,.T.);
#4971=FACE_BOUND('',#4670,.T.);
#4972=FACE_BOUND('',#4671,.T.);
#4973=FACE_BOUND('',#4672,.T.);
#4974=FACE_BOUND('',#4673,.T.);
#4975=FACE_BOUND('',#4674,.T.);
#4976=FACE_BOUND('',#4675,.T.);
#4977=FACE_BOUND('',#4676,.T.);
#4978=FACE_BOUND('',#4677,.T.);
#4979=FACE_BOUND('',#4678,.T.);
#4980=FACE_BOUND('',#4679,.T.);
#4981=FACE_BOUND('',#4680,.T.);
#4982=FACE_BOUND('',#4681,.T.);
#4983=FACE_BOUND('',#4682,.T.);
#4984=FACE_BOUND('',#4683,.T.);
#4985=FACE_BOUND('',#4684,.T.);
#4986=FACE_BOUND('',#4685,.T.);
#4987=FACE_BOUND('',#4686,.T.);
#4988=FACE_BOUND('',#4687,.T.);
#4989=FACE_BOUND('',#4688,.T.);
#4990=FACE_BOUND('',#4689,.T.);
#4991=FACE_BOUND('',#4690,.T.);
#4992=FACE_BOUND('',#4691,.T.);
#4993=FACE_BOUND('',#4692,.T.);
#4994=FACE_BOUND('',#4693,.T.);
#4995=FACE_BOUND('',#4694,.T.);
#4996=FACE_BOUND('',#4695,.T.);
#4997=FACE_BOUND('',#4696,.T.);
#4998=FACE_BOUND('',#4697,.T.);
#4999=FACE_BOUND('',#4698,.T.);
#5000=FACE_BOUND('',#4699,.T.);
#5001=FACE_BOUND('',#4700,.T.);
#5002=FACE_BOUND('',#4701,.T.);
#5003=FACE_BOUND('',#4702,.T.);
#5004=PLANE('',#5609);
#5005=PLANE('',#5610);
#5006=PLANE('',#5611);
#5007=PLANE('',#5612);
#5008=PLANE('',#5613);
#5009=PLANE('',#5614);
#5010=PLANE('',#5615);
#5011=PLANE('',#5616);
#5012=PLANE('',#5617);
#5013=PLANE('',#5618);
#5014=PLANE('',#5619);
#5015=PLANE('',#5620);
#5016=PLANE('',#5621);
#5017=PLANE('',#5622);
#5018=PLANE('',#5623);
#5019=PLANE('',#5624);
#5020=PLANE('',#5625);
#5021=PLANE('',#5626);
#5022=PLANE('',#5627);
#5023=PLANE('',#5628);
#5024=PLANE('',#5629);
#5025=PLANE('',#5630);
#5026=PLANE('',#5631);
#5027=PLANE('',#5632);
#5028=PLANE('',#5633);
#5029=PLANE('',#5634);
#5030=PLANE('',#5635);
#5031=PLANE('',#5636);
#5032=PLANE('',#5637);
#5033=PLANE('',#5638);
#5034=PLANE('',#5639);
#5035=PLANE('',#5640);
#5036=PLANE('',#5641);
#5037=PLANE('',#5642);
#5038=PLANE('',#5643);
#5039=PLANE('',#5644);
#5040=PLANE('',#5645);
#5041=PLANE('',#5646);
#5042=PLANE('',#5647);
#5043=PLANE('',#5648);
#5044=PLANE('',#5649);
#5045=PLANE('',#5650);
#5046=PLANE('',#5651);
#5047=PLANE('',#5652);
#5048=PLANE('',#5653);
#5049=PLANE('',#5654);
#5050=PLANE('',#5655);
#5051=PLANE('',#5656);
#5052=PLANE('',#5657);
#5053=PLANE('',#5658);
#5054=PLANE('',#5659);
#5055=PLANE('',#5660);
#5056=PLANE('',#5661);
#5057=PLANE('',#5662);
#5058=PLANE('',#5663);
#5059=PLANE('',#5664);
#5060=PLANE('',#5665);
#5061=PLANE('',#5666);
#5062=PLANE('',#5667);
#5063=PLANE('',#5668);
#5064=PLANE('',#5669);
#5065=PLANE('',#5670);
#5066=PLANE('',#5671);
#5067=PLANE('',#5672);
#5068=PLANE('',#5673);
#5069=PLANE('',#5674);
#5070=PLANE('',#5675);
#5071=PLANE('',#5676);
#5072=PLANE('',#5677);
#5073=PLANE('',#5678);
#5074=PLANE('',#5679);
#5075=PLANE('',#5680);
#5076=PLANE('',#5681);
#5077=PLANE('',#5682);
#5078=PLANE('',#5683);
#5079=PLANE('',#5684);
#5080=PLANE('',#5685);
#5081=PLANE('',#5686);
#5082=PLANE('',#5687);
#5083=PLANE('',#5688);
#5084=PLANE('',#5689);
#5085=PLANE('',#5690);
#5086=PLANE('',#5691);
#5087=PLANE('',#5692);
#5088=PLANE('',#5693);
#5089=PLANE('',#5694);
#5090=PLANE('',#5695);
#5091=PLANE('',#5696);
#5092=PLANE('',#5697);
#5093=PLANE('',#5698);
#5094=PLANE('',#5700);
#5095=PLANE('',#5701);
#5096=PLANE('',#5702);
#5097=PLANE('',#5703);
#5098=PLANE('',#5704);
#5099=PLANE('',#5705);
#5100=PLANE('',#5706);
#5101=PLANE('',#5707);
#5102=PLANE('',#5708);
#5103=PLANE('',#5709);
#5104=PLANE('',#5710);
#5105=PLANE('',#5711);
#5106=PLANE('',#5712);
#5107=PLANE('',#5713);
#5108=PLANE('',#5714);
#5109=PLANE('',#5715);
#5110=PLANE('',#5716);
#5111=PLANE('',#5717);
#5112=PLANE('',#5718);
#5113=PLANE('',#5719);
#5114=PLANE('',#5720);
#5115=PLANE('',#5721);
#5116=PLANE('',#5722);
#5117=PLANE('',#5723);
#5118=PLANE('',#5724);
#5119=PLANE('',#5725);
#5120=PLANE('',#5726);
#5121=PLANE('',#5727);
#5122=PLANE('',#5728);
#5123=PLANE('',#5729);
#5124=PLANE('',#5730);
#5125=PLANE('',#5731);
#5126=PLANE('',#5732);
#5127=PLANE('',#5733);
#5128=PLANE('',#5734);
#5129=PLANE('',#5735);
#5130=PLANE('',#5736);
#5131=PLANE('',#5737);
#5132=PLANE('',#5738);
#5133=PLANE('',#5739);
#5134=PLANE('',#5740);
#5135=PLANE('',#5741);
#5136=PLANE('',#5742);
#5137=PLANE('',#5743);
#5138=PLANE('',#5744);
#5139=PLANE('',#5745);
#5140=PLANE('',#5746);
#5141=PLANE('',#5747);
#5142=PLANE('',#5748);
#5143=PLANE('',#5749);
#5144=PLANE('',#5750);
#5145=PLANE('',#5751);
#5146=PLANE('',#5752);
#5147=PLANE('',#5753);
#5148=PLANE('',#5754);
#5149=PLANE('',#5755);
#5150=PLANE('',#5756);
#5151=PLANE('',#5757);
#5152=PLANE('',#5758);
#5153=PLANE('',#5759);
#5154=PLANE('',#5760);
#5155=PLANE('',#5761);
#5156=PLANE('',#5762);
#5157=PLANE('',#5763);
#5158=PLANE('',#5764);
#5159=PLANE('',#5765);
#5160=PLANE('',#5766);
#5161=PLANE('',#5767);
#5162=PLANE('',#5768);
#5163=PLANE('',#5769);
#5164=PLANE('',#5770);
#5165=PLANE('',#5771);
#5166=PLANE('',#5772);
#5167=PLANE('',#5773);
#5168=PLANE('',#5774);
#5169=PLANE('',#5775);
#5170=PLANE('',#5776);
#5171=PLANE('',#5777);
#5172=PLANE('',#5778);
#5173=PLANE('',#5779);
#5174=PLANE('',#5780);
#5175=PLANE('',#5781);
#5176=PLANE('',#5782);
#5177=PLANE('',#5783);
#5178=PLANE('',#5784);
#5179=PLANE('',#5786);
#5180=PLANE('',#5787);
#5181=PLANE('',#5788);
#5182=PLANE('',#5789);
#5183=PLANE('',#5790);
#5184=PLANE('',#5791);
#5185=PLANE('',#5792);
#5186=PLANE('',#5793);
#5187=PLANE('',#5794);
#5188=PLANE('',#5795);
#5189=PLANE('',#5796);
#5190=PLANE('',#5797);
#5191=PLANE('',#5798);
#5192=PLANE('',#5811);
#5193=PLANE('',#5812);
#5194=PLANE('',#5813);
#5195=PLANE('',#5814);
#5196=PLANE('',#5815);
#5197=PLANE('',#5816);
#5198=PLANE('',#5817);
#5199=PLANE('',#5827);
#5200=PLANE('',#5828);
#5201=PLANE('',#5829);
#5202=PLANE('',#5830);
#5203=PLANE('',#5831);
#5204=PLANE('',#5832);
#5205=PLANE('',#5833);
#5206=PLANE('',#5834);
#5207=PLANE('',#5835);
#5208=PLANE('',#5836);
#5209=PLANE('',#5837);
#5210=PLANE('',#5838);
#5211=PLANE('',#5842);
#5212=PLANE('',#5843);
#5213=PLANE('',#5844);
#5214=PLANE('',#5848);
#5215=PLANE('',#5849);
#5216=PLANE('',#5850);
#5217=PLANE('',#5851);
#5218=PLANE('',#5852);
#5219=PLANE('',#5853);
#5220=PLANE('',#5854);
#5221=PLANE('',#5855);
#5222=PLANE('',#5856);
#5223=PLANE('',#5857);
#5224=PLANE('',#5858);
#5225=PLANE('',#5859);
#5226=PLANE('',#5860);
#5227=PLANE('',#5861);
#5228=PLANE('',#5862);
#5229=PLANE('',#5863);
#5230=PLANE('',#5864);
#5231=PLANE('',#5865);
#5232=PLANE('',#5866);
#5233=PLANE('',#5867);
#5234=PLANE('',#5868);
#5235=PLANE('',#5869);
#5236=PLANE('',#5870);
#5237=PLANE('',#5871);
#5238=PLANE('',#5872);
#5239=PLANE('',#5873);
#5240=PLANE('',#5874);
#5241=PLANE('',#5876);
#5242=PLANE('',#5877);
#5243=PLANE('',#5878);
#5244=PLANE('',#5879);
#5245=PLANE('',#5883);
#5246=PLANE('',#5887);
#5247=PLANE('',#5888);
#5248=PLANE('',#5889);
#5249=PLANE('',#5890);
#5250=PLANE('',#5891);
#5251=PLANE('',#5892);
#5252=PLANE('',#5893);
#5253=PLANE('',#5897);
#5254=PLANE('',#5901);
#5255=PLANE('',#5902);
#5256=PLANE('',#5903);
#5257=PLANE('',#5904);
#5258=PLANE('',#5905);
#5259=PLANE('',#5906);
#5260=PLANE('',#5907);
#5261=PLANE('',#5911);
#5262=PLANE('',#5915);
#5263=PLANE('',#5916);
#5264=PLANE('',#5917);
#5265=PLANE('',#5918);
#5266=PLANE('',#5919);
#5267=PLANE('',#5920);
#5268=PLANE('',#5921);
#5269=PLANE('',#5922);
#5270=PLANE('',#5923);
#5271=PLANE('',#5924);
#5272=PLANE('',#5925);
#5273=PLANE('',#5926);
#5274=ADVANCED_FACE('',(#4703),#5004,.T.);
#5275=ADVANCED_FACE('',(#4704),#5005,.T.);
#5276=ADVANCED_FACE('',(#4705),#5006,.T.);
#5277=ADVANCED_FACE('',(#4706),#5007,.F.);
#5278=ADVANCED_FACE('',(#4707),#5008,.F.);
#5279=ADVANCED_FACE('',(#4708),#5009,.F.);
#5280=ADVANCED_FACE('',(#4709),#5010,.F.);
#5281=ADVANCED_FACE('',(#4710),#5011,.F.);
#5282=ADVANCED_FACE('',(#4711),#5012,.F.);
#5283=ADVANCED_FACE('',(#4712),#5013,.T.);
#5284=ADVANCED_FACE('',(#4713),#5014,.T.);
#5285=ADVANCED_FACE('',(#4714),#5015,.T.);
#5286=ADVANCED_FACE('',(#4715),#5016,.T.);
#5287=ADVANCED_FACE('',(#4716),#5017,.T.);
#5288=ADVANCED_FACE('',(#4717),#5018,.T.);
#5289=ADVANCED_FACE('',(#4718),#5019,.T.);
#5290=ADVANCED_FACE('',(#4719),#5020,.T.);
#5291=ADVANCED_FACE('',(#4720),#5021,.T.);
#5292=ADVANCED_FACE('',(#4721),#5022,.T.);
#5293=ADVANCED_FACE('',(#4722),#5023,.T.);
#5294=ADVANCED_FACE('',(#4723),#5024,.T.);
#5295=ADVANCED_FACE('',(#4724),#5025,.T.);
#5296=ADVANCED_FACE('',(#4725),#5026,.T.);
#5297=ADVANCED_FACE('',(#4726),#5027,.T.);
#5298=ADVANCED_FACE('',(#4727),#5028,.T.);
#5299=ADVANCED_FACE('',(#4728),#5029,.T.);
#5300=ADVANCED_FACE('',(#4729),#5030,.T.);
#5301=ADVANCED_FACE('',(#4730),#5031,.T.);
#5302=ADVANCED_FACE('',(#4731),#5032,.T.);
#5303=ADVANCED_FACE('',(#4732),#5033,.T.);
#5304=ADVANCED_FACE('',(#4733),#5034,.T.);
#5305=ADVANCED_FACE('',(#4734),#5035,.T.);
#5306=ADVANCED_FACE('',(#4735),#5036,.T.);
#5307=ADVANCED_FACE('',(#4736),#5037,.T.);
#5308=ADVANCED_FACE('',(#4737),#5038,.T.);
#5309=ADVANCED_FACE('',(#4738),#5039,.T.);
#5310=ADVANCED_FACE('',(#4739),#5040,.T.);
#5311=ADVANCED_FACE('',(#4740),#5041,.F.);
#5312=ADVANCED_FACE('',(#4741),#5042,.F.);
#5313=ADVANCED_FACE('',(#4742),#5043,.F.);
#5314=ADVANCED_FACE('',(#4743),#5044,.F.);
#5315=ADVANCED_FACE('',(#4744),#5045,.F.);
#5316=ADVANCED_FACE('',(#4745),#5046,.T.);
#5317=ADVANCED_FACE('',(#4746),#5047,.T.);
#5318=ADVANCED_FACE('',(#4747),#5048,.T.);
#5319=ADVANCED_FACE('',(#4748),#5049,.T.);
#5320=ADVANCED_FACE('',(#4749),#5050,.T.);
#5321=ADVANCED_FACE('',(#4750),#5051,.T.);
#5322=ADVANCED_FACE('',(#4751),#5052,.T.);
#5323=ADVANCED_FACE('',(#4752),#5053,.T.);
#5324=ADVANCED_FACE('',(#4753),#5054,.T.);
#5325=ADVANCED_FACE('',(#4754),#5055,.T.);
#5326=ADVANCED_FACE('',(#4755),#5056,.T.);
#5327=ADVANCED_FACE('',(#4756),#5057,.T.);
#5328=ADVANCED_FACE('',(#4757),#5058,.F.);
#5329=ADVANCED_FACE('',(#4758,#4759,#4760,#4761,#4762,#4763,#4764,#4765,
#4766,#4767,#4768),#5059,.T.);
#5330=ADVANCED_FACE('',(#4769,#4770,#4771,#4772,#4773),#5060,.F.);
#5331=ADVANCED_FACE('',(#4774),#5061,.F.);
#5332=ADVANCED_FACE('',(#4775),#5062,.F.);
#5333=ADVANCED_FACE('',(#4776),#5063,.F.);
#5334=ADVANCED_FACE('',(#4777),#5064,.F.);
#5335=ADVANCED_FACE('',(#4778),#5065,.F.);
#5336=ADVANCED_FACE('',(#4779),#5066,.F.);
#5337=ADVANCED_FACE('',(#4780),#5067,.F.);
#5338=ADVANCED_FACE('',(#4781),#5068,.T.);
#5339=ADVANCED_FACE('',(#4782),#5069,.F.);
#5340=ADVANCED_FACE('',(#4783),#5070,.T.);
#5341=ADVANCED_FACE('',(#4784),#5071,.F.);
#5342=ADVANCED_FACE('',(#4785),#5072,.F.);
#5343=ADVANCED_FACE('',(#4786),#5073,.F.);
#5344=ADVANCED_FACE('',(#4787),#5074,.F.);
#5345=ADVANCED_FACE('',(#4788),#5075,.F.);
#5346=ADVANCED_FACE('',(#4789),#5076,.F.);
#5347=ADVANCED_FACE('',(#4790),#5077,.F.);
#5348=ADVANCED_FACE('',(#4791),#5078,.T.);
#5349=ADVANCED_FACE('',(#4792),#5079,.F.);
#5350=ADVANCED_FACE('',(#4793),#5080,.T.);
#5351=ADVANCED_FACE('',(#4794),#5081,.T.);
#5352=ADVANCED_FACE('',(#4795),#5082,.T.);
#5353=ADVANCED_FACE('',(#4796),#5083,.T.);
#5354=ADVANCED_FACE('',(#4797),#5084,.T.);
#5355=ADVANCED_FACE('',(#4798),#5085,.T.);
#5356=ADVANCED_FACE('',(#4799),#5086,.T.);
#5357=ADVANCED_FACE('',(#4800),#5087,.T.);
#5358=ADVANCED_FACE('',(#4801),#5088,.F.);
#5359=ADVANCED_FACE('',(#4802),#5089,.T.);
#5360=ADVANCED_FACE('',(#4803),#5090,.T.);
#5361=ADVANCED_FACE('',(#4804),#5091,.T.);
#5362=ADVANCED_FACE('',(#4805),#5092,.T.);
#5363=ADVANCED_FACE('',(#4806),#5093,.T.);
#5364=ADVANCED_FACE('',(#4807),#5094,.T.);
#5365=ADVANCED_FACE('',(#4808),#5095,.T.);
#5366=ADVANCED_FACE('',(#4809),#5096,.T.);
#5367=ADVANCED_FACE('',(#4810),#5097,.T.);
#5368=ADVANCED_FACE('',(#4811),#5098,.T.);
#5369=ADVANCED_FACE('',(#4812),#5099,.T.);
#5370=ADVANCED_FACE('',(#4813),#5100,.T.);
#5371=ADVANCED_FACE('',(#4814),#5101,.T.);
#5372=ADVANCED_FACE('',(#4815),#5102,.T.);
#5373=ADVANCED_FACE('',(#4816),#5103,.T.);
#5374=ADVANCED_FACE('',(#4817),#5104,.T.);
#5375=ADVANCED_FACE('',(#4818),#5105,.T.);
#5376=ADVANCED_FACE('',(#4819),#5106,.T.);
#5377=ADVANCED_FACE('',(#4820),#5107,.T.);
#5378=ADVANCED_FACE('',(#4821),#5108,.T.);
#5379=ADVANCED_FACE('',(#4822),#5109,.T.);
#5380=ADVANCED_FACE('',(#4823),#5110,.T.);
#5381=ADVANCED_FACE('',(#4824),#5111,.T.);
#5382=ADVANCED_FACE('',(#4825),#5112,.T.);
#5383=ADVANCED_FACE('',(#4826),#5113,.T.);
#5384=ADVANCED_FACE('',(#4827),#5114,.T.);
#5385=ADVANCED_FACE('',(#4828),#5115,.T.);
#5386=ADVANCED_FACE('',(#4829),#5116,.T.);
#5387=ADVANCED_FACE('',(#4830),#5117,.T.);
#5388=ADVANCED_FACE('',(#4831),#5118,.T.);
#5389=ADVANCED_FACE('',(#4832),#5119,.T.);
#5390=ADVANCED_FACE('',(#4833),#5120,.T.);
#5391=ADVANCED_FACE('',(#4834),#5121,.T.);
#5392=ADVANCED_FACE('',(#4835),#5122,.T.);
#5393=ADVANCED_FACE('',(#4836),#5123,.T.);
#5394=ADVANCED_FACE('',(#4837),#5124,.T.);
#5395=ADVANCED_FACE('',(#4838),#5125,.T.);
#5396=ADVANCED_FACE('',(#4839),#5126,.T.);
#5397=ADVANCED_FACE('',(#4840),#5127,.T.);
#5398=ADVANCED_FACE('',(#4841),#5128,.T.);
#5399=ADVANCED_FACE('',(#4842),#5129,.T.);
#5400=ADVANCED_FACE('',(#4843),#5130,.T.);
#5401=ADVANCED_FACE('',(#4844),#5131,.T.);
#5402=ADVANCED_FACE('',(#4845),#5132,.T.);
#5403=ADVANCED_FACE('',(#4846),#5133,.T.);
#5404=ADVANCED_FACE('',(#4847),#5134,.T.);
#5405=ADVANCED_FACE('',(#4848),#5135,.T.);
#5406=ADVANCED_FACE('',(#4849),#5136,.T.);
#5407=ADVANCED_FACE('',(#4850),#5137,.T.);
#5408=ADVANCED_FACE('',(#4851),#5138,.T.);
#5409=ADVANCED_FACE('',(#4852),#5139,.T.);
#5410=ADVANCED_FACE('',(#4853),#5140,.T.);
#5411=ADVANCED_FACE('',(#4854),#5141,.T.);
#5412=ADVANCED_FACE('',(#4855),#5142,.T.);
#5413=ADVANCED_FACE('',(#4856),#5143,.F.);
#5414=ADVANCED_FACE('',(#4857),#5144,.F.);
#5415=ADVANCED_FACE('',(#4858),#5145,.F.);
#5416=ADVANCED_FACE('',(#4859),#5146,.F.);
#5417=ADVANCED_FACE('',(#4860),#5147,.F.);
#5418=ADVANCED_FACE('',(#4861),#5148,.F.);
#5419=ADVANCED_FACE('',(#4862),#5149,.F.);
#5420=ADVANCED_FACE('',(#4863),#5150,.F.);
#5421=ADVANCED_FACE('',(#4864),#5151,.F.);
#5422=ADVANCED_FACE('',(#4865),#5152,.F.);
#5423=ADVANCED_FACE('',(#4866),#5153,.F.);
#5424=ADVANCED_FACE('',(#4867),#5154,.F.);
#5425=ADVANCED_FACE('',(#4868),#5155,.F.);
#5426=ADVANCED_FACE('',(#4869),#5156,.F.);
#5427=ADVANCED_FACE('',(#4870),#5157,.F.);
#5428=ADVANCED_FACE('',(#4871),#5158,.F.);
#5429=ADVANCED_FACE('',(#4872),#5159,.F.);
#5430=ADVANCED_FACE('',(#4873),#5160,.F.);
#5431=ADVANCED_FACE('',(#4874),#5161,.F.);
#5432=ADVANCED_FACE('',(#4875),#5162,.F.);
#5433=ADVANCED_FACE('',(#4876),#5163,.F.);
#5434=ADVANCED_FACE('',(#4877),#5164,.F.);
#5435=ADVANCED_FACE('',(#4878),#5165,.F.);
#5436=ADVANCED_FACE('',(#4879),#5166,.F.);
#5437=ADVANCED_FACE('',(#4880),#5167,.F.);
#5438=ADVANCED_FACE('',(#4881),#5168,.F.);
#5439=ADVANCED_FACE('',(#4882),#5169,.F.);
#5440=ADVANCED_FACE('',(#4883),#5170,.F.);
#5441=ADVANCED_FACE('',(#4884),#5171,.F.);
#5442=ADVANCED_FACE('',(#4885),#5172,.F.);
#5443=ADVANCED_FACE('',(#4886),#5173,.F.);
#5444=ADVANCED_FACE('',(#4887),#5174,.F.);
#5445=ADVANCED_FACE('',(#4888),#5175,.F.);
#5446=ADVANCED_FACE('',(#4889),#5176,.F.);
#5447=ADVANCED_FACE('',(#4890),#5177,.T.);
#5448=ADVANCED_FACE('',(#4891),#5178,.F.);
#5449=ADVANCED_FACE('',(#4892,#4893),#5179,.T.);
#5450=ADVANCED_FACE('',(#4894),#5180,.T.);
#5451=ADVANCED_FACE('',(#4895),#5181,.T.);
#5452=ADVANCED_FACE('',(#4896),#5182,.T.);
#5453=ADVANCED_FACE('',(#4897),#5183,.T.);
#5454=ADVANCED_FACE('',(#4898),#5184,.T.);
#5455=ADVANCED_FACE('',(#4899),#5185,.T.);
#5456=ADVANCED_FACE('',(#4900),#5186,.T.);
#5457=ADVANCED_FACE('',(#4901),#5187,.T.);
#5458=ADVANCED_FACE('',(#4902),#5188,.T.);
#5459=ADVANCED_FACE('',(#4903),#5189,.T.);
#5460=ADVANCED_FACE('',(#4904),#5190,.T.);
#5461=ADVANCED_FACE('',(#4905),#5191,.T.);
#5462=ADVANCED_FACE('',(#4906),#48,.T.);
#5463=ADVANCED_FACE('',(#4907),#49,.T.);
#5464=ADVANCED_FACE('',(#4908),#50,.T.);
#5465=ADVANCED_FACE('',(#4909),#51,.T.);
#5466=ADVANCED_FACE('',(#4910),#5192,.T.);
#5467=ADVANCED_FACE('',(#4911),#5193,.T.);
#5468=ADVANCED_FACE('',(#4912),#5194,.T.);
#5469=ADVANCED_FACE('',(#4913),#5195,.T.);
#5470=ADVANCED_FACE('',(#4914),#5196,.T.);
#5471=ADVANCED_FACE('',(#4915),#5197,.T.);
#5472=ADVANCED_FACE('',(#4916),#5198,.T.);
#5473=ADVANCED_FACE('',(#4917),#52,.T.);
#5474=ADVANCED_FACE('',(#4918),#53,.T.);
#5475=ADVANCED_FACE('',(#4919),#54,.T.);
#5476=ADVANCED_FACE('',(#4920),#5199,.T.);
#5477=ADVANCED_FACE('',(#4921),#5200,.T.);
#5478=ADVANCED_FACE('',(#4922),#5201,.T.);
#5479=ADVANCED_FACE('',(#4923),#5202,.T.);
#5480=ADVANCED_FACE('',(#4924),#5203,.T.);
#5481=ADVANCED_FACE('',(#4925),#5204,.T.);
#5482=ADVANCED_FACE('',(#4926),#5205,.T.);
#5483=ADVANCED_FACE('',(#4927),#5206,.T.);
#5484=ADVANCED_FACE('',(#4928),#5207,.T.);
#5485=ADVANCED_FACE('',(#4929),#5208,.T.);
#5486=ADVANCED_FACE('',(#4930),#5209,.T.);
#5487=ADVANCED_FACE('',(#4931),#5210,.T.);
#5488=ADVANCED_FACE('',(#4932),#55,.T.);
#5489=ADVANCED_FACE('',(#4933),#5211,.T.);
#5490=ADVANCED_FACE('',(#4934),#5212,.T.);
#5491=ADVANCED_FACE('',(#4935),#5213,.T.);
#5492=ADVANCED_FACE('',(#4936),#56,.T.);
#5493=ADVANCED_FACE('',(#4937),#5214,.T.);
#5494=ADVANCED_FACE('',(#4938),#5215,.T.);
#5495=ADVANCED_FACE('',(#4939),#5216,.T.);
#5496=ADVANCED_FACE('',(#4940),#5217,.T.);
#5497=ADVANCED_FACE('',(#4941),#5218,.F.);
#5498=ADVANCED_FACE('',(#4942),#5219,.T.);
#5499=ADVANCED_FACE('',(#4943),#5220,.F.);
#5500=ADVANCED_FACE('',(#4944),#5221,.F.);
#5501=ADVANCED_FACE('',(#4945),#5222,.F.);
#5502=ADVANCED_FACE('',(#4946),#5223,.F.);
#5503=ADVANCED_FACE('',(#4947),#5224,.F.);
#5504=ADVANCED_FACE('',(#4948),#5225,.F.);
#5505=ADVANCED_FACE('',(#4949),#5226,.F.);
#5506=ADVANCED_FACE('',(#4950),#5227,.F.);
#5507=ADVANCED_FACE('',(#4951),#5228,.F.);
#5508=ADVANCED_FACE('',(#4952),#5229,.F.);
#5509=ADVANCED_FACE('',(#4953),#5230,.F.);
#5510=ADVANCED_FACE('',(#4954),#5231,.F.);
#5511=ADVANCED_FACE('',(#4955),#5232,.F.);
#5512=ADVANCED_FACE('',(#4956),#5233,.F.);
#5513=ADVANCED_FACE('',(#4957),#5234,.F.);
#5514=ADVANCED_FACE('',(#4958),#5235,.F.);
#5515=ADVANCED_FACE('',(#4959),#5236,.F.);
#5516=ADVANCED_FACE('',(#4960),#5237,.F.);
#5517=ADVANCED_FACE('',(#4961),#5238,.F.);
#5518=ADVANCED_FACE('',(#4962),#5239,.T.);
#5519=ADVANCED_FACE('',(#4963),#5240,.F.);
#5520=ADVANCED_FACE('',(#4964,#4965),#5241,.F.);
#5521=ADVANCED_FACE('',(#4966),#5242,.F.);
#5522=ADVANCED_FACE('',(#4967),#5243,.F.);
#5523=ADVANCED_FACE('',(#4968),#5244,.F.);
#5524=ADVANCED_FACE('',(#4969),#57,.T.);
#5525=ADVANCED_FACE('',(#4970),#5245,.F.);
#5526=ADVANCED_FACE('',(#4971),#58,.T.);
#5527=ADVANCED_FACE('',(#4972),#5246,.F.);
#5528=ADVANCED_FACE('',(#4973),#5247,.F.);
#5529=ADVANCED_FACE('',(#4974),#5248,.F.);
#5530=ADVANCED_FACE('',(#4975),#5249,.F.);
#5531=ADVANCED_FACE('',(#4976),#5250,.F.);
#5532=ADVANCED_FACE('',(#4977),#5251,.F.);
#5533=ADVANCED_FACE('',(#4978),#5252,.F.);
#5534=ADVANCED_FACE('',(#4979),#59,.T.);
#5535=ADVANCED_FACE('',(#4980),#5253,.F.);
#5536=ADVANCED_FACE('',(#4981),#60,.T.);
#5537=ADVANCED_FACE('',(#4982),#5254,.F.);
#5538=ADVANCED_FACE('',(#4983),#5255,.F.);
#5539=ADVANCED_FACE('',(#4984),#5256,.F.);
#5540=ADVANCED_FACE('',(#4985),#5257,.F.);
#5541=ADVANCED_FACE('',(#4986),#5258,.F.);
#5542=ADVANCED_FACE('',(#4987),#5259,.F.);
#5543=ADVANCED_FACE('',(#4988),#5260,.F.);
#5544=ADVANCED_FACE('',(#4989),#61,.T.);
#5545=ADVANCED_FACE('',(#4990),#5261,.F.);
#5546=ADVANCED_FACE('',(#4991),#62,.T.);
#5547=ADVANCED_FACE('',(#4992),#5262,.F.);
#5548=ADVANCED_FACE('',(#4993),#5263,.F.);
#5549=ADVANCED_FACE('',(#4994),#5264,.F.);
#5550=ADVANCED_FACE('',(#4995),#5265,.T.);
#5551=ADVANCED_FACE('',(#4996),#5266,.F.);
#5552=ADVANCED_FACE('',(#4997),#5267,.F.);
#5553=ADVANCED_FACE('',(#4998),#5268,.F.);
#5554=ADVANCED_FACE('',(#4999),#5269,.F.);
#5555=ADVANCED_FACE('',(#5000),#5270,.F.);
#5556=ADVANCED_FACE('',(#5001),#5271,.F.);
#5557=ADVANCED_FACE('',(#5002),#5272,.F.);
#5558=ADVANCED_FACE('',(#5003),#5273,.T.);
#5559=CLOSED_SHELL('',(#5274,#5275,#5276,#5277,#5278,#5279,#5280,#5281,
#5282,#5283,#5284,#5285,#5286,#5287,#5288,#5289,#5290,#5291,#5292,#5293,
#5294,#5295,#5296,#5297,#5298,#5299,#5300,#5301,#5302,#5303,#5304,#5305,
#5306,#5307,#5308,#5309,#5310,#5311,#5312,#5313,#5314,#5315,#5316,#5317,
#5318,#5319,#5320,#5321,#5322,#5323,#5324,#5325,#5326,#5327,#5328,#5329,
#5330,#5331,#5332,#5333,#5334,#5335,#5336,#5337,#5338,#5339,#5340,#5341,
#5342,#5343,#5344,#5345,#5346,#5347,#5348,#5349,#5350,#5351,#5352,#5353,
#5354,#5355,#5356,#5357,#5358,#5359,#5360,#5361,#5362,#5363));
#5560=CLOSED_SHELL('',(#5364,#5365,#5366,#5367,#5368,#5369,#5370,#5371,
#5372,#5373,#5374,#5375,#5376,#5377,#5378,#5379,#5380,#5381,#5382,#5383,
#5384,#5385,#5386,#5387,#5388,#5389,#5390,#5391,#5392,#5393,#5394,#5395,
#5396,#5397,#5398,#5399,#5400,#5401,#5402,#5403,#5404,#5405,#5406,#5407,
#5408,#5409,#5410,#5411,#5412,#5413,#5414,#5415,#5416,#5417,#5418,#5419,
#5420,#5421,#5422,#5423,#5424,#5425,#5426,#5427,#5428,#5429,#5430,#5431,
#5432,#5433,#5434,#5435,#5436,#5437,#5438,#5439,#5440,#5441,#5442,#5443,
#5444,#5445,#5446,#5447,#5448));
#5561=CLOSED_SHELL('',(#5449,#5450,#5451,#5452,#5453,#5454,#5455,#5456,
#5457,#5458,#5459,#5460,#5461,#5462,#5463,#5464,#5465,#5466,#5467,#5468,
#5469,#5470,#5471,#5472,#5473,#5474,#5475,#5476,#5477,#5478,#5479,#5480,
#5481,#5482,#5483,#5484,#5485,#5486,#5487,#5488,#5489,#5490,#5491,#5492,
#5493,#5494,#5495,#5496,#5497,#5498,#5499,#5500,#5501,#5502,#5503,#5504,
#5505,#5506,#5507,#5508,#5509,#5510,#5511,#5512,#5513,#5514,#5515,#5516,
#5517,#5518,#5519));
#5562=CLOSED_SHELL('',(#5520,#5521,#5522,#5523,#5524,#5525,#5526,#5527,
#5528,#5529,#5530,#5531,#5532,#5533,#5534,#5535,#5536,#5537,#5538,#5539,
#5540,#5541,#5542,#5543,#5544,#5545,#5546,#5547,#5548,#5549,#5550,#5551,
#5552,#5553,#5554,#5555,#5556,#5557,#5558));
#5563=STYLED_ITEM('',(#5567),#5594);
#5564=STYLED_ITEM('',(#5568),#5595);
#5565=STYLED_ITEM('',(#5569),#5596);
#5566=STYLED_ITEM('',(#5570),#5597);
#5567=PRESENTATION_STYLE_ASSIGNMENT((#5571));
#5568=PRESENTATION_STYLE_ASSIGNMENT((#5572));
#5569=PRESENTATION_STYLE_ASSIGNMENT((#5573));
#5570=PRESENTATION_STYLE_ASSIGNMENT((#5574));
#5571=SURFACE_STYLE_USAGE(.BOTH.,#5575);
#5572=SURFACE_STYLE_USAGE(.BOTH.,#5576);
#5573=SURFACE_STYLE_USAGE(.BOTH.,#5577);
#5574=SURFACE_STYLE_USAGE(.BOTH.,#5578);
#5575=SURFACE_SIDE_STYLE('',(#5579));
#5576=SURFACE_SIDE_STYLE('',(#5580));
#5577=SURFACE_SIDE_STYLE('',(#5581));
#5578=SURFACE_SIDE_STYLE('',(#5582));
#5579=SURFACE_STYLE_FILL_AREA(#5583);
#5580=SURFACE_STYLE_FILL_AREA(#5584);
#5581=SURFACE_STYLE_FILL_AREA(#5585);
#5582=SURFACE_STYLE_FILL_AREA(#5586);
#5583=FILL_AREA_STYLE('',(#5587));
#5584=FILL_AREA_STYLE('',(#5588));
#5585=FILL_AREA_STYLE('',(#5589));
#5586=FILL_AREA_STYLE('',(#5590));
#5587=FILL_AREA_STYLE_COLOUR('',#5591);
#5588=FILL_AREA_STYLE_COLOUR('',#5592);
#5589=FILL_AREA_STYLE_COLOUR('',#5593);
#5590=FILL_AREA_STYLE_COLOUR('',#5591);
#5591=COLOUR_RGB('',0.0549019612371922,0.0549019612371922,0.0549019612371922);
#5592=COLOUR_RGB('',0.831372559070587,0.701960802078247,0.176470592617989);
#5593=COLOUR_RGB('',0.670588254928589,0.670588254928589,0.670588254928589);
#5594=MANIFOLD_SOLID_BREP('FTSH-105-01-F-DV-007-K-P-TR_body',#5559);
#5595=MANIFOLD_SOLID_BREP('FTSH-105-01-F-DV-007-K-P-TR_pins1',#5560);
#5596=MANIFOLD_SOLID_BREP('FTSH-105-01-F-DV-007-K-P-TR_pins2',#5561);
#5597=MANIFOLD_SOLID_BREP('FTSH-105-01-F-DV-007-K-P-TR_pp_pad',#5562);
#5598=SHAPE_DEFINITION_REPRESENTATION(#8895,#5603);
#5599=SHAPE_DEFINITION_REPRESENTATION(#8896,#5604);
#5600=SHAPE_DEFINITION_REPRESENTATION(#8898,#5605);
#5601=SHAPE_DEFINITION_REPRESENTATION(#8900,#5606);
#5602=SHAPE_DEFINITION_REPRESENTATION(#8902,#5607);
#5603=SHAPE_REPRESENTATION('FTSH-105-01-F-DV-007-K-P-TR',(#5608,#5699,#5785,
#5875,#5927),#8879);
#5604=SHAPE_REPRESENTATION('FTSH-105-01-F-DV-007-K-P-TR_body',(#5608),#8880);
#5605=SHAPE_REPRESENTATION('FTSH-105-01-F-DV-007-K-P-TR_pins1',(#5608),
#8881);
#5606=SHAPE_REPRESENTATION('FTSH-105-01-F-DV-007-K-P-TR_pins2',(#5608),
#8882);
#5607=SHAPE_REPRESENTATION('FTSH-105-01-F-DV-007-K-P-TR_pp_pad',(#5608),
#8883);
#5608=AXIS2_PLACEMENT_3D('',#7313,#5928,#5929);
#5609=AXIS2_PLACEMENT_3D('',#7314,#5930,#5931);
#5610=AXIS2_PLACEMENT_3D('',#7335,#5942,#5943);
#5611=AXIS2_PLACEMENT_3D('',#7346,#5949,#5950);
#5612=AXIS2_PLACEMENT_3D('',#7357,#5956,#5957);
#5613=AXIS2_PLACEMENT_3D('',#7360,#5960,#5961);
#5614=AXIS2_PLACEMENT_3D('',#7363,#5964,#5965);
#5615=AXIS2_PLACEMENT_3D('',#7372,#5970,#5971);
#5616=AXIS2_PLACEMENT_3D('',#7380,#5976,#5977);
#5617=AXIS2_PLACEMENT_3D('',#7389,#5982,#5983);
#5618=AXIS2_PLACEMENT_3D('',#7398,#5988,#5989);
#5619=AXIS2_PLACEMENT_3D('',#7407,#5994,#5995);
#5620=AXIS2_PLACEMENT_3D('',#7416,#6000,#6001);
#5621=AXIS2_PLACEMENT_3D('',#7425,#6006,#6007);
#5622=AXIS2_PLACEMENT_3D('',#7431,#6011,#6012);
#5623=AXIS2_PLACEMENT_3D('',#7437,#6016,#6017);
#5624=AXIS2_PLACEMENT_3D('',#7446,#6022,#6023);
#5625=AXIS2_PLACEMENT_3D('',#7452,#6027,#6028);
#5626=AXIS2_PLACEMENT_3D('',#7458,#6032,#6033);
#5627=AXIS2_PLACEMENT_3D('',#7467,#6038,#6039);
#5628=AXIS2_PLACEMENT_3D('',#7473,#6043,#6044);
#5629=AXIS2_PLACEMENT_3D('',#7479,#6048,#6049);
#5630=AXIS2_PLACEMENT_3D('',#7488,#6054,#6055);
#5631=AXIS2_PLACEMENT_3D('',#7494,#6059,#6060);
#5632=AXIS2_PLACEMENT_3D('',#7500,#6064,#6065);
#5633=AXIS2_PLACEMENT_3D('',#7509,#6070,#6071);
#5634=AXIS2_PLACEMENT_3D('',#7515,#6075,#6076);
#5635=AXIS2_PLACEMENT_3D('',#7521,#6080,#6081);
#5636=AXIS2_PLACEMENT_3D('',#7530,#6086,#6087);
#5637=AXIS2_PLACEMENT_3D('',#7536,#6091,#6092);
#5638=AXIS2_PLACEMENT_3D('',#7542,#6096,#6097);
#5639=AXIS2_PLACEMENT_3D('',#7551,#6102,#6103);
#5640=AXIS2_PLACEMENT_3D('',#7560,#6108,#6109);
#5641=AXIS2_PLACEMENT_3D('',#7563,#6112,#6113);
#5642=AXIS2_PLACEMENT_3D('',#7566,#6116,#6117);
#5643=AXIS2_PLACEMENT_3D('',#7569,#6120,#6121);
#5644=AXIS2_PLACEMENT_3D('',#7572,#6124,#6125);
#5645=AXIS2_PLACEMENT_3D('',#7575,#6128,#6129);
#5646=AXIS2_PLACEMENT_3D('',#7578,#6132,#6133);
#5647=AXIS2_PLACEMENT_3D('',#7587,#6138,#6139);
#5648=AXIS2_PLACEMENT_3D('',#7596,#6144,#6145);
#5649=AXIS2_PLACEMENT_3D('',#7609,#6154,#6155);
#5650=AXIS2_PLACEMENT_3D('',#7617,#6160,#6161);
#5651=AXIS2_PLACEMENT_3D('',#7633,#6171,#6172);
#5652=AXIS2_PLACEMENT_3D('',#7643,#6178,#6179);
#5653=AXIS2_PLACEMENT_3D('',#7649,#6183,#6184);
#5654=AXIS2_PLACEMENT_3D('',#7659,#6190,#6191);
#5655=AXIS2_PLACEMENT_3D('',#7665,#6195,#6196);
#5656=AXIS2_PLACEMENT_3D('',#7674,#6201,#6202);
#5657=AXIS2_PLACEMENT_3D('',#7681,#6207,#6208);
#5658=AXIS2_PLACEMENT_3D('',#7690,#6213,#6214);
#5659=AXIS2_PLACEMENT_3D('',#7697,#6219,#6220);
#5660=AXIS2_PLACEMENT_3D('',#7704,#6225,#6226);
#5661=AXIS2_PLACEMENT_3D('',#7711,#6231,#6232);
#5662=AXIS2_PLACEMENT_3D('',#7718,#6237,#6238);
#5663=AXIS2_PLACEMENT_3D('',#7725,#6243,#6244);
#5664=AXIS2_PLACEMENT_3D('',#7731,#6248,#6249);
#5665=AXIS2_PLACEMENT_3D('',#7735,#6253,#6254);
#5666=AXIS2_PLACEMENT_3D('',#7747,#6264,#6265);
#5667=AXIS2_PLACEMENT_3D('',#7750,#6268,#6269);
#5668=AXIS2_PLACEMENT_3D('',#7752,#6271,#6272);
#5669=AXIS2_PLACEMENT_3D('',#7754,#6274,#6275);
#5670=AXIS2_PLACEMENT_3D('',#7757,#6278,#6279);
#5671=AXIS2_PLACEMENT_3D('',#7759,#6281,#6282);
#5672=AXIS2_PLACEMENT_3D('',#7761,#6284,#6285);
#5673=AXIS2_PLACEMENT_3D('',#7763,#6287,#6288);
#5674=AXIS2_PLACEMENT_3D('',#7764,#6289,#6290);
#5675=AXIS2_PLACEMENT_3D('',#7766,#6292,#6293);
#5676=AXIS2_PLACEMENT_3D('',#7767,#6294,#6295);
#5677=AXIS2_PLACEMENT_3D('',#7768,#6296,#6297);
#5678=AXIS2_PLACEMENT_3D('',#7769,#6298,#6299);
#5679=AXIS2_PLACEMENT_3D('',#7770,#6300,#6301);
#5680=AXIS2_PLACEMENT_3D('',#7771,#6302,#6303);
#5681=AXIS2_PLACEMENT_3D('',#7772,#6304,#6305);
#5682=AXIS2_PLACEMENT_3D('',#7773,#6306,#6307);
#5683=AXIS2_PLACEMENT_3D('',#7775,#6309,#6310);
#5684=AXIS2_PLACEMENT_3D('',#7776,#6311,#6312);
#5685=AXIS2_PLACEMENT_3D('',#7778,#6314,#6315);
#5686=AXIS2_PLACEMENT_3D('',#7779,#6316,#6317);
#5687=AXIS2_PLACEMENT_3D('',#7781,#6319,#6320);
#5688=AXIS2_PLACEMENT_3D('',#7783,#6322,#6323);
#5689=AXIS2_PLACEMENT_3D('',#7790,#6328,#6329);
#5690=AXIS2_PLACEMENT_3D('',#7797,#6334,#6335);
#5691=AXIS2_PLACEMENT_3D('',#7799,#6337,#6338);
#5692=AXIS2_PLACEMENT_3D('',#7800,#6339,#6340);
#5693=AXIS2_PLACEMENT_3D('',#7802,#6342,#6343);
#5694=AXIS2_PLACEMENT_3D('',#7803,#6344,#6345);
#5695=AXIS2_PLACEMENT_3D('',#7804,#6346,#6347);
#5696=AXIS2_PLACEMENT_3D('',#7806,#6349,#6350);
#5697=AXIS2_PLACEMENT_3D('',#7807,#6351,#6352);
#5698=AXIS2_PLACEMENT_3D('',#7809,#6354,#6355);
#5699=AXIS2_PLACEMENT_3D('',#7810,#6356,#6357);
#5700=AXIS2_PLACEMENT_3D('',#7811,#6358,#6359);
#5701=AXIS2_PLACEMENT_3D('',#7852,#6380,#6381);
#5702=AXIS2_PLACEMENT_3D('',#7861,#6386,#6387);
#5703=AXIS2_PLACEMENT_3D('',#7870,#6392,#6393);
#5704=AXIS2_PLACEMENT_3D('',#7879,#6398,#6399);
#5705=AXIS2_PLACEMENT_3D('',#7888,#6404,#6405);
#5706=AXIS2_PLACEMENT_3D('',#7894,#6409,#6410);
#5707=AXIS2_PLACEMENT_3D('',#7900,#6414,#6415);
#5708=AXIS2_PLACEMENT_3D('',#7906,#6419,#6420);
#5709=AXIS2_PLACEMENT_3D('',#7912,#6424,#6425);
#5710=AXIS2_PLACEMENT_3D('',#7918,#6429,#6430);
#5711=AXIS2_PLACEMENT_3D('',#7924,#6434,#6435);
#5712=AXIS2_PLACEMENT_3D('',#7930,#6439,#6440);
#5713=AXIS2_PLACEMENT_3D('',#7936,#6444,#6445);
#5714=AXIS2_PLACEMENT_3D('',#7942,#6449,#6450);
#5715=AXIS2_PLACEMENT_3D('',#7948,#6454,#6455);
#5716=AXIS2_PLACEMENT_3D('',#7954,#6459,#6460);
#5717=AXIS2_PLACEMENT_3D('',#7960,#6464,#6465);
#5718=AXIS2_PLACEMENT_3D('',#7966,#6469,#6470);
#5719=AXIS2_PLACEMENT_3D('',#7972,#6474,#6475);
#5720=AXIS2_PLACEMENT_3D('',#7978,#6479,#6480);
#5721=AXIS2_PLACEMENT_3D('',#7987,#6485,#6486);
#5722=AXIS2_PLACEMENT_3D('',#7996,#6491,#6492);
#5723=AXIS2_PLACEMENT_3D('',#8005,#6497,#6498);
#5724=AXIS2_PLACEMENT_3D('',#8014,#6503,#6504);
#5725=AXIS2_PLACEMENT_3D('',#8020,#6508,#6509);
#5726=AXIS2_PLACEMENT_3D('',#8026,#6513,#6514);
#5727=AXIS2_PLACEMENT_3D('',#8032,#6518,#6519);
#5728=AXIS2_PLACEMENT_3D('',#8038,#6523,#6524);
#5729=AXIS2_PLACEMENT_3D('',#8044,#6528,#6529);
#5730=AXIS2_PLACEMENT_3D('',#8050,#6533,#6534);
#5731=AXIS2_PLACEMENT_3D('',#8056,#6538,#6539);
#5732=AXIS2_PLACEMENT_3D('',#8062,#6543,#6544);
#5733=AXIS2_PLACEMENT_3D('',#8065,#6547,#6548);
#5734=AXIS2_PLACEMENT_3D('',#8068,#6551,#6552);
#5735=AXIS2_PLACEMENT_3D('',#8071,#6555,#6556);
#5736=AXIS2_PLACEMENT_3D('',#8074,#6559,#6560);
#5737=AXIS2_PLACEMENT_3D('',#8083,#6565,#6566);
#5738=AXIS2_PLACEMENT_3D('',#8106,#6581,#6582);
#5739=AXIS2_PLACEMENT_3D('',#8112,#6586,#6587);
#5740=AXIS2_PLACEMENT_3D('',#8118,#6591,#6592);
#5741=AXIS2_PLACEMENT_3D('',#8124,#6596,#6597);
#5742=AXIS2_PLACEMENT_3D('',#8130,#6601,#6602);
#5743=AXIS2_PLACEMENT_3D('',#8136,#6606,#6607);
#5744=AXIS2_PLACEMENT_3D('',#8161,#6628,#6629);
#5745=AXIS2_PLACEMENT_3D('',#8167,#6633,#6634);
#5746=AXIS2_PLACEMENT_3D('',#8173,#6638,#6639);
#5747=AXIS2_PLACEMENT_3D('',#8179,#6643,#6644);
#5748=AXIS2_PLACEMENT_3D('',#8182,#6647,#6648);
#5749=AXIS2_PLACEMENT_3D('',#8185,#6651,#6652);
#5750=AXIS2_PLACEMENT_3D('',#8188,#6655,#6656);
#5751=AXIS2_PLACEMENT_3D('',#8189,#6657,#6658);
#5752=AXIS2_PLACEMENT_3D('',#8190,#6659,#6660);
#5753=AXIS2_PLACEMENT_3D('',#8191,#6661,#6662);
#5754=AXIS2_PLACEMENT_3D('',#8192,#6663,#6664);
#5755=AXIS2_PLACEMENT_3D('',#8194,#6666,#6667);
#5756=AXIS2_PLACEMENT_3D('',#8196,#6669,#6670);
#5757=AXIS2_PLACEMENT_3D('',#8197,#6671,#6672);
#5758=AXIS2_PLACEMENT_3D('',#8198,#6673,#6674);
#5759=AXIS2_PLACEMENT_3D('',#8200,#6676,#6677);
#5760=AXIS2_PLACEMENT_3D('',#8202,#6679,#6680);
#5761=AXIS2_PLACEMENT_3D('',#8203,#6681,#6682);
#5762=AXIS2_PLACEMENT_3D('',#8204,#6683,#6684);
#5763=AXIS2_PLACEMENT_3D('',#8206,#6686,#6687);
#5764=AXIS2_PLACEMENT_3D('',#8208,#6689,#6690);
#5765=AXIS2_PLACEMENT_3D('',#8209,#6691,#6692);
#5766=AXIS2_PLACEMENT_3D('',#8210,#6693,#6694);
#5767=AXIS2_PLACEMENT_3D('',#8212,#6696,#6697);
#5768=AXIS2_PLACEMENT_3D('',#8214,#6699,#6700);
#5769=AXIS2_PLACEMENT_3D('',#8215,#6701,#6702);
#5770=AXIS2_PLACEMENT_3D('',#8216,#6703,#6704);
#5771=AXIS2_PLACEMENT_3D('',#8218,#6706,#6707);
#5772=AXIS2_PLACEMENT_3D('',#8219,#6708,#6709);
#5773=AXIS2_PLACEMENT_3D('',#8221,#6711,#6712);
#5774=AXIS2_PLACEMENT_3D('',#8222,#6713,#6714);
#5775=AXIS2_PLACEMENT_3D('',#8224,#6716,#6717);
#5776=AXIS2_PLACEMENT_3D('',#8226,#6719,#6720);
#5777=AXIS2_PLACEMENT_3D('',#8227,#6721,#6722);
#5778=AXIS2_PLACEMENT_3D('',#8228,#6723,#6724);
#5779=AXIS2_PLACEMENT_3D('',#8230,#6726,#6727);
#5780=AXIS2_PLACEMENT_3D('',#8232,#6729,#6730);
#5781=AXIS2_PLACEMENT_3D('',#8233,#6731,#6732);
#5782=AXIS2_PLACEMENT_3D('',#8234,#6733,#6734);
#5783=AXIS2_PLACEMENT_3D('',#8236,#6736,#6737);
#5784=AXIS2_PLACEMENT_3D('',#8238,#6739,#6740);
#5785=AXIS2_PLACEMENT_3D('',#8239,#6741,#6742);
#5786=AXIS2_PLACEMENT_3D('',#8240,#6743,#6744);
#5787=AXIS2_PLACEMENT_3D('',#8289,#6769,#6770);
#5788=AXIS2_PLACEMENT_3D('',#8298,#6775,#6776);
#5789=AXIS2_PLACEMENT_3D('',#8307,#6781,#6782);
#5790=AXIS2_PLACEMENT_3D('',#8316,#6787,#6788);
#5791=AXIS2_PLACEMENT_3D('',#8325,#6793,#6794);
#5792=AXIS2_PLACEMENT_3D('',#8331,#6798,#6799);
#5793=AXIS2_PLACEMENT_3D('',#8337,#6803,#6804);
#5794=AXIS2_PLACEMENT_3D('',#8343,#6808,#6809);
#5795=AXIS2_PLACEMENT_3D('',#8349,#6813,#6814);
#5796=AXIS2_PLACEMENT_3D('',#8355,#6818,#6819);
#5797=AXIS2_PLACEMENT_3D('',#8361,#6823,#6824);
#5798=AXIS2_PLACEMENT_3D('',#8367,#6828,#6829);
#5799=AXIS2_PLACEMENT_3D('',#8373,#6833,#6834);
#5800=AXIS2_PLACEMENT_3D('',#8374,#6835,#6836);
#5801=AXIS2_PLACEMENT_3D('',#8376,#6837,#6838);
#5802=AXIS2_PLACEMENT_3D('',#8379,#6840,#6841);
#5803=AXIS2_PLACEMENT_3D('',#8380,#6842,#6843);
#5804=AXIS2_PLACEMENT_3D('',#8384,#6845,#6846);
#5805=AXIS2_PLACEMENT_3D('',#8385,#6847,#6848);
#5806=AXIS2_PLACEMENT_3D('',#8386,#6849,#6850);
#5807=AXIS2_PLACEMENT_3D('',#8390,#6852,#6853);
#5808=AXIS2_PLACEMENT_3D('',#8391,#6854,#6855);
#5809=AXIS2_PLACEMENT_3D('',#8392,#6856,#6857);
#5810=AXIS2_PLACEMENT_3D('',#8396,#6859,#6860);
#5811=AXIS2_PLACEMENT_3D('',#8397,#6861,#6862);
#5812=AXIS2_PLACEMENT_3D('',#8403,#6866,#6867);
#5813=AXIS2_PLACEMENT_3D('',#8409,#6871,#6872);
#5814=AXIS2_PLACEMENT_3D('',#8415,#6876,#6877);
#5815=AXIS2_PLACEMENT_3D('',#8421,#6881,#6882);
#5816=AXIS2_PLACEMENT_3D('',#8430,#6887,#6888);
#5817=AXIS2_PLACEMENT_3D('',#8439,#6893,#6894);
#5818=AXIS2_PLACEMENT_3D('',#8448,#6899,#6900);
#5819=AXIS2_PLACEMENT_3D('',#8449,#6901,#6902);
#5820=AXIS2_PLACEMENT_3D('',#8451,#6903,#6904);
#5821=AXIS2_PLACEMENT_3D('',#8454,#6906,#6907);
#5822=AXIS2_PLACEMENT_3D('',#8455,#6908,#6909);
#5823=AXIS2_PLACEMENT_3D('',#8459,#6911,#6912);
#5824=AXIS2_PLACEMENT_3D('',#8460,#6913,#6914);
#5825=AXIS2_PLACEMENT_3D('',#8461,#6915,#6916);
#5826=AXIS2_PLACEMENT_3D('',#8465,#6918,#6919);
#5827=AXIS2_PLACEMENT_3D('',#8466,#6920,#6921);
#5828=AXIS2_PLACEMENT_3D('',#8472,#6925,#6926);
#5829=AXIS2_PLACEMENT_3D('',#8478,#6930,#6931);
#5830=AXIS2_PLACEMENT_3D('',#8484,#6935,#6936);
#5831=AXIS2_PLACEMENT_3D('',#8490,#6940,#6941);
#5832=AXIS2_PLACEMENT_3D('',#8496,#6945,#6946);
#5833=AXIS2_PLACEMENT_3D('',#8502,#6950,#6951);
#5834=AXIS2_PLACEMENT_3D('',#8505,#6954,#6955);
#5835=AXIS2_PLACEMENT_3D('',#8508,#6958,#6959);
#5836=AXIS2_PLACEMENT_3D('',#8511,#6962,#6963);
#5837=AXIS2_PLACEMENT_3D('',#8520,#6968,#6969);
#5838=AXIS2_PLACEMENT_3D('',#8526,#6973,#6974);
#5839=AXIS2_PLACEMENT_3D('',#8532,#6978,#6979);
#5840=AXIS2_PLACEMENT_3D('',#8533,#6980,#6981);
#5841=AXIS2_PLACEMENT_3D('',#8537,#6983,#6984);
#5842=AXIS2_PLACEMENT_3D('',#8538,#6985,#6986);
#5843=AXIS2_PLACEMENT_3D('',#8544,#6990,#6991);
#5844=AXIS2_PLACEMENT_3D('',#8585,#7018,#7019);
#5845=AXIS2_PLACEMENT_3D('',#8591,#7023,#7024);
#5846=AXIS2_PLACEMENT_3D('',#8592,#7025,#7026);
#5847=AXIS2_PLACEMENT_3D('',#8596,#7028,#7029);
#5848=AXIS2_PLACEMENT_3D('',#8597,#7030,#7031);
#5849=AXIS2_PLACEMENT_3D('',#8603,#7035,#7036);
#5850=AXIS2_PLACEMENT_3D('',#8609,#7040,#7041);
#5851=AXIS2_PLACEMENT_3D('',#8612,#7044,#7045);
#5852=AXIS2_PLACEMENT_3D('',#8623,#7056,#7057);
#5853=AXIS2_PLACEMENT_3D('',#8624,#7058,#7059);
#5854=AXIS2_PLACEMENT_3D('',#8625,#7060,#7061);
#5855=AXIS2_PLACEMENT_3D('',#8626,#7062,#7063);
#5856=AXIS2_PLACEMENT_3D('',#8627,#7064,#7065);
#5857=AXIS2_PLACEMENT_3D('',#8628,#7066,#7067);
#5858=AXIS2_PLACEMENT_3D('',#8629,#7068,#7069);
#5859=AXIS2_PLACEMENT_3D('',#8630,#7070,#7071);
#5860=AXIS2_PLACEMENT_3D('',#8631,#7072,#7073);
#5861=AXIS2_PLACEMENT_3D('',#8632,#7074,#7075);
#5862=AXIS2_PLACEMENT_3D('',#8633,#7076,#7077);
#5863=AXIS2_PLACEMENT_3D('',#8634,#7078,#7079);
#5864=AXIS2_PLACEMENT_3D('',#8635,#7080,#7081);
#5865=AXIS2_PLACEMENT_3D('',#8636,#7082,#7083);
#5866=AXIS2_PLACEMENT_3D('',#8637,#7084,#7085);
#5867=AXIS2_PLACEMENT_3D('',#8638,#7086,#7087);
#5868=AXIS2_PLACEMENT_3D('',#8642,#7090,#7091);
#5869=AXIS2_PLACEMENT_3D('',#8643,#7092,#7093);
#5870=AXIS2_PLACEMENT_3D('',#8647,#7096,#7097);
#5871=AXIS2_PLACEMENT_3D('',#8650,#7100,#7101);
#5872=AXIS2_PLACEMENT_3D('',#8654,#7105,#7106);
#5873=AXIS2_PLACEMENT_3D('',#8655,#7107,#7108);
#5874=AXIS2_PLACEMENT_3D('',#8656,#7109,#7110);
#5875=AXIS2_PLACEMENT_3D('',#8657,#7111,#7112);
#5876=AXIS2_PLACEMENT_3D('',#8658,#7113,#7114);
#5877=AXIS2_PLACEMENT_3D('',#8679,#7125,#7126);
#5878=AXIS2_PLACEMENT_3D('',#8688,#7131,#7132);
#5879=AXIS2_PLACEMENT_3D('',#8694,#7136,#7137);
#5880=AXIS2_PLACEMENT_3D('',#8697,#7140,#7141);
#5881=AXIS2_PLACEMENT_3D('',#8698,#7142,#7143);
#5882=AXIS2_PLACEMENT_3D('',#8702,#7145,#7146);
#5883=AXIS2_PLACEMENT_3D('',#8703,#7147,#7148);
#5884=AXIS2_PLACEMENT_3D('',#8709,#7152,#7153);
#5885=AXIS2_PLACEMENT_3D('',#8710,#7154,#7155);
#5886=AXIS2_PLACEMENT_3D('',#8714,#7157,#7158);
#5887=AXIS2_PLACEMENT_3D('',#8715,#7159,#7160);
#5888=AXIS2_PLACEMENT_3D('',#8721,#7164,#7165);
#5889=AXIS2_PLACEMENT_3D('',#8727,#7169,#7170);
#5890=AXIS2_PLACEMENT_3D('',#8733,#7174,#7175);
#5891=AXIS2_PLACEMENT_3D('',#8739,#7179,#7180);
#5892=AXIS2_PLACEMENT_3D('',#8745,#7184,#7185);
#5893=AXIS2_PLACEMENT_3D('',#8751,#7189,#7190);
#5894=AXIS2_PLACEMENT_3D('',#8757,#7194,#7195);
#5895=AXIS2_PLACEMENT_3D('',#8758,#7196,#7197);
#5896=AXIS2_PLACEMENT_3D('',#8762,#7199,#7200);
#5897=AXIS2_PLACEMENT_3D('',#8763,#7201,#7202);
#5898=AXIS2_PLACEMENT_3D('',#8769,#7206,#7207);
#5899=AXIS2_PLACEMENT_3D('',#8770,#7208,#7209);
#5900=AXIS2_PLACEMENT_3D('',#8774,#7211,#7212);
#5901=AXIS2_PLACEMENT_3D('',#8775,#7213,#7214);
#5902=AXIS2_PLACEMENT_3D('',#8781,#7218,#7219);
#5903=AXIS2_PLACEMENT_3D('',#8787,#7223,#7224);
#5904=AXIS2_PLACEMENT_3D('',#8793,#7228,#7229);
#5905=AXIS2_PLACEMENT_3D('',#8799,#7233,#7234);
#5906=AXIS2_PLACEMENT_3D('',#8805,#7238,#7239);
#5907=AXIS2_PLACEMENT_3D('',#8811,#7243,#7244);
#5908=AXIS2_PLACEMENT_3D('',#8817,#7248,#7249);
#5909=AXIS2_PLACEMENT_3D('',#8818,#7250,#7251);
#5910=AXIS2_PLACEMENT_3D('',#8822,#7253,#7254);
#5911=AXIS2_PLACEMENT_3D('',#8823,#7255,#7256);
#5912=AXIS2_PLACEMENT_3D('',#8829,#7260,#7261);
#5913=AXIS2_PLACEMENT_3D('',#8830,#7262,#7263);
#5914=AXIS2_PLACEMENT_3D('',#8834,#7265,#7266);
#5915=AXIS2_PLACEMENT_3D('',#8835,#7267,#7268);
#5916=AXIS2_PLACEMENT_3D('',#8841,#7272,#7273);
#5917=AXIS2_PLACEMENT_3D('',#8847,#7277,#7278);
#5918=AXIS2_PLACEMENT_3D('',#8850,#7281,#7282);
#5919=AXIS2_PLACEMENT_3D('',#8851,#7283,#7284);
#5920=AXIS2_PLACEMENT_3D('',#8852,#7285,#7286);
#5921=AXIS2_PLACEMENT_3D('',#8858,#7290,#7291);
#5922=AXIS2_PLACEMENT_3D('',#8862,#7294,#7295);
#5923=AXIS2_PLACEMENT_3D('',#8866,#7298,#7299);
#5924=AXIS2_PLACEMENT_3D('',#8870,#7302,#7303);
#5925=AXIS2_PLACEMENT_3D('',#8874,#7306,#7307);
#5926=AXIS2_PLACEMENT_3D('',#8876,#7309,#7310);
#5927=AXIS2_PLACEMENT_3D('',#8877,#7311,#7312);
#5928=DIRECTION('',(0.,0.,1.));
#5929=DIRECTION('',(1.,0.,0.));
#5930=DIRECTION('',(0.,0.,1.));
#5931=DIRECTION('',(1.,0.,0.));
#5932=DIRECTION('',(0.,1.,0.));
#5933=DIRECTION('',(-0.447213595499958,0.894427190999916,0.));
#5934=DIRECTION('',(-1.,0.,0.));
#5935=DIRECTION('',(0.,-1.,0.));
#5936=DIRECTION('',(-1.,0.,0.));
#5937=DIRECTION('',(0.,-1.,0.));
#5938=DIRECTION('',(-1.,0.,0.));
#5939=DIRECTION('',(-0.447213595499958,-0.894427190999916,0.));
#5940=DIRECTION('',(0.,-1.,0.));
#5941=DIRECTION('',(-1.,0.,0.));
#5942=DIRECTION('',(0.,0.,-1.));
#5943=DIRECTION('',(-1.,0.,0.));
#5944=DIRECTION('',(1.,0.,0.));
#5945=DIRECTION('',(0.447213595499958,-0.894427190999916,0.));
#5946=DIRECTION('',(0.,-1.,0.));
#5947=DIRECTION('',(-1.,0.,0.));
#5948=DIRECTION('',(0.,-1.,0.));
#5949=DIRECTION('',(0.,0.,-1.));
#5950=DIRECTION('',(-1.,0.,0.));
#5951=DIRECTION('',(-1.,0.,0.));
#5952=DIRECTION('',(0.,1.,0.));
#5953=DIRECTION('',(0.447213595499958,0.894427190999916,0.));
#5954=DIRECTION('',(1.,0.,0.));
#5955=DIRECTION('',(0.,-1.,0.));
#5956=DIRECTION('',(0.,-1.,0.));
#5957=DIRECTION('',(0.,0.,-1.));
#5958=DIRECTION('',(0.,0.,1.));
#5959=DIRECTION('',(0.,0.,-1.));
#5960=DIRECTION('',(0.,-1.,0.));
#5961=DIRECTION('',(0.,0.,-1.));
#5962=DIRECTION('',(0.,0.,-1.));
#5963=DIRECTION('',(-3.09959676204214E-14,0.,1.));
#5964=DIRECTION('',(0.,0.,-1.));
#5965=DIRECTION('',(-1.,0.,0.));
#5966=DIRECTION('',(0.,1.,0.));
#5967=DIRECTION('',(-1.,0.,0.));
#5968=DIRECTION('',(0.,-1.,0.));
#5969=DIRECTION('',(1.,0.,0.));
#5970=DIRECTION('',(0.,0.,-1.));
#5971=DIRECTION('',(-1.,0.,0.));
#5972=DIRECTION('',(-1.,0.,0.));
#5973=DIRECTION('',(0.,-1.,0.));
#5974=DIRECTION('',(1.,0.,0.));
#5975=DIRECTION('',(0.,-1.,0.));
#5976=DIRECTION('',(0.,0.,1.));
#5977=DIRECTION('',(1.,0.,0.));
#5978=DIRECTION('',(-1.,0.,0.));
#5979=DIRECTION('',(0.,-1.,0.));
#5980=DIRECTION('',(-1.,0.,0.));
#5981=DIRECTION('',(0.,-1.,0.));
#5982=DIRECTION('',(0.,0.,1.));
#5983=DIRECTION('',(1.,0.,0.));
#5984=DIRECTION('',(-1.,0.,0.));
#5985=DIRECTION('',(0.,-1.,0.));
#5986=DIRECTION('',(-1.,0.,0.));
#5987=DIRECTION('',(0.,-1.,0.));
#5988=DIRECTION('',(1.,0.,0.));
#5989=DIRECTION('',(0.,0.,-1.));
#5990=DIRECTION('',(0.,-1.,0.));
#5991=DIRECTION('',(0.,0.,-1.));
#5992=DIRECTION('',(0.,-1.,0.));
#5993=DIRECTION('',(0.,0.,1.));
#5994=DIRECTION('',(1.,0.,0.));
#5995=DIRECTION('',(0.,0.,-1.));
#5996=DIRECTION('',(0.,-1.,0.));
#5997=DIRECTION('',(0.,0.,-1.));
#5998=DIRECTION('',(0.,-1.,0.));
#5999=DIRECTION('',(0.,0.,1.));
#6000=DIRECTION('',(1.,0.,0.));
#6001=DIRECTION('',(0.,0.,-1.));
#6002=DIRECTION('',(0.,-1.,0.));
#6003=DIRECTION('',(0.,0.,-1.));
#6004=DIRECTION('',(0.,-1.,0.));
#6005=DIRECTION('',(0.,0.,1.));
#6006=DIRECTION('',(0.,0.,1.));
#6007=DIRECTION('',(1.,0.,0.));
#6008=DIRECTION('',(1.,0.,0.));
#6009=DIRECTION('',(0.,-1.,0.));
#6010=DIRECTION('',(-1.,0.,0.));
#6011=DIRECTION('',(-1.,0.,0.));
#6012=DIRECTION('',(0.,0.,1.));
#6013=DIRECTION('',(0.,0.,1.));
#6014=DIRECTION('',(0.,-1.,0.));
#6015=DIRECTION('',(0.,0.,-1.));
#6016=DIRECTION('',(1.,0.,0.));
#6017=DIRECTION('',(0.,0.,-1.));
#6018=DIRECTION('',(0.,-1.,0.));
#6019=DIRECTION('',(0.,0.,-1.));
#6020=DIRECTION('',(0.,-1.,0.));
#6021=DIRECTION('',(0.,0.,1.));
#6022=DIRECTION('',(0.,0.,1.));
#6023=DIRECTION('',(1.,0.,0.));
#6024=DIRECTION('',(1.,0.,0.));
#6025=DIRECTION('',(0.,-1.,0.));
#6026=DIRECTION('',(-1.,0.,0.));
#6027=DIRECTION('',(-1.,0.,0.));
#6028=DIRECTION('',(0.,0.,1.));
#6029=DIRECTION('',(0.,0.,1.));
#6030=DIRECTION('',(0.,-1.,0.));
#6031=DIRECTION('',(0.,0.,-1.));
#6032=DIRECTION('',(1.,0.,0.));
#6033=DIRECTION('',(0.,0.,-1.));
#6034=DIRECTION('',(0.,-1.,0.));
#6035=DIRECTION('',(0.,0.,-1.));
#6036=DIRECTION('',(0.,-1.,0.));
#6037=DIRECTION('',(0.,0.,1.));
#6038=DIRECTION('',(0.,0.,1.));
#6039=DIRECTION('',(1.,0.,0.));
#6040=DIRECTION('',(1.,0.,0.));
#6041=DIRECTION('',(0.,-1.,0.));
#6042=DIRECTION('',(-1.,0.,0.));
#6043=DIRECTION('',(-1.,0.,0.));
#6044=DIRECTION('',(0.,0.,1.));
#6045=DIRECTION('',(0.,0.,1.));
#6046=DIRECTION('',(0.,-1.,0.));
#6047=DIRECTION('',(0.,0.,-1.));
#6048=DIRECTION('',(1.,0.,0.));
#6049=DIRECTION('',(0.,0.,-1.));
#6050=DIRECTION('',(0.,-1.,0.));
#6051=DIRECTION('',(0.,0.,-1.));
#6052=DIRECTION('',(0.,-1.,0.));
#6053=DIRECTION('',(0.,0.,1.));
#6054=DIRECTION('',(0.,0.,1.));
#6055=DIRECTION('',(1.,0.,0.));
#6056=DIRECTION('',(1.,0.,0.));
#6057=DIRECTION('',(0.,-1.,0.));
#6058=DIRECTION('',(-1.,0.,0.));
#6059=DIRECTION('',(-1.,0.,0.));
#6060=DIRECTION('',(0.,0.,1.));
#6061=DIRECTION('',(0.,0.,1.));
#6062=DIRECTION('',(0.,-1.,0.));
#6063=DIRECTION('',(0.,0.,-1.));
#6064=DIRECTION('',(1.,0.,0.));
#6065=DIRECTION('',(0.,0.,-1.));
#6066=DIRECTION('',(0.,-1.,0.));
#6067=DIRECTION('',(0.,0.,-1.));
#6068=DIRECTION('',(0.,-1.,0.));
#6069=DIRECTION('',(0.,0.,1.));
#6070=DIRECTION('',(0.,0.,1.));
#6071=DIRECTION('',(1.,0.,0.));
#6072=DIRECTION('',(1.,0.,0.));
#6073=DIRECTION('',(0.,-1.,0.));
#6074=DIRECTION('',(-1.,0.,0.));
#6075=DIRECTION('',(-1.,0.,0.));
#6076=DIRECTION('',(0.,0.,1.));
#6077=DIRECTION('',(0.,0.,1.));
#6078=DIRECTION('',(0.,-1.,0.));
#6079=DIRECTION('',(0.,0.,-1.));
#6080=DIRECTION('',(1.,0.,0.));
#6081=DIRECTION('',(0.,0.,-1.));
#6082=DIRECTION('',(0.,-1.,0.));
#6083=DIRECTION('',(0.,0.,-1.));
#6084=DIRECTION('',(0.,-1.,0.));
#6085=DIRECTION('',(0.,0.,1.));
#6086=DIRECTION('',(0.,0.,1.));
#6087=DIRECTION('',(1.,0.,0.));
#6088=DIRECTION('',(1.,0.,0.));
#6089=DIRECTION('',(0.,-1.,0.));
#6090=DIRECTION('',(-1.,0.,0.));
#6091=DIRECTION('',(-1.,0.,0.));
#6092=DIRECTION('',(0.,0.,1.));
#6093=DIRECTION('',(0.,0.,1.));
#6094=DIRECTION('',(0.,-1.,0.));
#6095=DIRECTION('',(0.,0.,-1.));
#6096=DIRECTION('',(-1.,0.,0.));
#6097=DIRECTION('',(0.,0.,1.));
#6098=DIRECTION('',(0.,-1.,0.));
#6099=DIRECTION('',(0.,0.,1.));
#6100=DIRECTION('',(0.,-1.,0.));
#6101=DIRECTION('',(0.,0.,-1.));
#6102=DIRECTION('',(-1.,0.,0.));
#6103=DIRECTION('',(0.,0.,1.));
#6104=DIRECTION('',(0.,-1.,0.));
#6105=DIRECTION('',(0.,0.,1.));
#6106=DIRECTION('',(0.,-1.,0.));
#6107=DIRECTION('',(0.,0.,-1.));
#6108=DIRECTION('',(0.,0.,-1.));
#6109=DIRECTION('',(-1.,0.,0.));
#6110=DIRECTION('',(-1.,0.,0.));
#6111=DIRECTION('',(1.,0.,0.));
#6112=DIRECTION('',(0.,0.,-1.));
#6113=DIRECTION('',(-1.,0.,0.));
#6114=DIRECTION('',(-1.,0.,0.));
#6115=DIRECTION('',(1.,0.,0.));
#6116=DIRECTION('',(0.,0.,-1.));
#6117=DIRECTION('',(-1.,0.,0.));
#6118=DIRECTION('',(-1.,0.,0.));
#6119=DIRECTION('',(1.,0.,0.));
#6120=DIRECTION('',(0.,0.,-1.));
#6121=DIRECTION('',(-1.,0.,0.));
#6122=DIRECTION('',(-1.,0.,0.));
#6123=DIRECTION('',(1.,0.,0.));
#6124=DIRECTION('',(0.,0.,-1.));
#6125=DIRECTION('',(-1.,0.,0.));
#6126=DIRECTION('',(-1.,0.,0.));
#6127=DIRECTION('',(1.,0.,0.));
#6128=DIRECTION('',(0.,0.,-1.));
#6129=DIRECTION('',(-1.,0.,0.));
#6130=DIRECTION('',(-1.,0.,0.));
#6131=DIRECTION('',(1.,0.,0.));
#6132=DIRECTION('',(0.,0.,1.));
#6133=DIRECTION('',(1.,0.,0.));
#6134=DIRECTION('',(0.,1.,0.));
#6135=DIRECTION('',(-1.,0.,0.));
#6136=DIRECTION('',(0.,-1.,0.));
#6137=DIRECTION('',(-1.,0.,0.));
#6138=DIRECTION('',(0.,0.,-1.));
#6139=DIRECTION('',(-1.,0.,0.));
#6140=DIRECTION('',(-1.,0.,0.));
#6141=DIRECTION('',(0.,-1.,0.));
#6142=DIRECTION('',(1.,0.,0.));
#6143=DIRECTION('',(0.,-1.,0.));
#6144=DIRECTION('',(1.,0.,0.));
#6145=DIRECTION('',(0.,0.,-1.));
#6146=DIRECTION('',(0.,1.,0.));
#6147=DIRECTION('',(0.,0.,1.));
#6148=DIRECTION('',(0.,0.,1.));
#6149=DIRECTION('',(0.,0.,1.));
#6150=DIRECTION('',(0.,-1.,0.));
#6151=DIRECTION('',(0.,0.,-1.));
#6152=DIRECTION('',(0.,0.,1.));
#6153=DIRECTION('',(0.,0.,-1.));
#6154=DIRECTION('',(0.,0.,-1.));
#6155=DIRECTION('',(-1.,0.,0.));
#6156=DIRECTION('',(1.,0.,0.));
#6157=DIRECTION('',(0.,-1.,0.));
#6158=DIRECTION('',(-1.,0.,0.));
#6159=DIRECTION('',(0.,-1.,0.));
#6160=DIRECTION('',(-1.,0.,0.));
#6161=DIRECTION('',(0.,0.,1.));
#6162=DIRECTION('',(0.,0.,1.));
#6163=DIRECTION('',(0.,1.,0.));
#6164=DIRECTION('',(0.,0.,-1.));
#6165=DIRECTION('',(0.,-1.,0.));
#6166=DIRECTION('',(0.,0.,-1.));
#6167=DIRECTION('',(0.,0.,-1.));
#6168=DIRECTION('',(0.,-1.,0.));
#6169=DIRECTION('',(0.,0.,1.));
#6170=DIRECTION('',(0.,0.,-1.));
#6171=DIRECTION('',(0.,0.,1.));
#6172=DIRECTION('',(1.,0.,0.));
#6173=DIRECTION('',(0.,1.,0.));
#6174=DIRECTION('',(-1.,0.,0.));
#6175=DIRECTION('',(0.,-1.,0.));
#6176=DIRECTION('',(-1.,0.,0.));
#6177=DIRECTION('',(1.,0.,0.));
#6178=DIRECTION('',(-1.,0.,0.));
#6179=DIRECTION('',(0.,0.,1.));
#6180=DIRECTION('',(0.,0.,-1.));
#6181=DIRECTION('',(0.,-1.,0.));
#6182=DIRECTION('',(0.,0.,-1.));
#6183=DIRECTION('',(0.,0.,1.));
#6184=DIRECTION('',(1.,0.,0.));
#6185=DIRECTION('',(0.,1.,0.));
#6186=DIRECTION('',(-1.,0.,0.));
#6187=DIRECTION('',(0.,-1.,0.));
#6188=DIRECTION('',(-1.,0.,0.));
#6189=DIRECTION('',(1.,0.,0.));
#6190=DIRECTION('',(-1.,0.,0.));
#6191=DIRECTION('',(0.,0.,1.));
#6192=DIRECTION('',(0.,0.,-1.));
#6193=DIRECTION('',(0.,-1.,0.));
#6194=DIRECTION('',(0.,0.,-1.));
#6195=DIRECTION('',(1.,0.,0.));
#6196=DIRECTION('',(0.,0.,-1.));
#6197=DIRECTION('',(0.,0.,1.));
#6198=DIRECTION('',(0.,-1.,0.));
#6199=DIRECTION('',(0.,0.,1.));
#6200=DIRECTION('',(0.,-1.,0.));
#6201=DIRECTION('',(0.,0.,1.));
#6202=DIRECTION('',(1.,0.,0.));
#6203=DIRECTION('',(0.,-1.,0.));
#6204=DIRECTION('',(1.,0.,0.));
#6205=DIRECTION('',(-1.,0.,0.));
#6206=DIRECTION('',(-1.,0.,0.));
#6207=DIRECTION('',(1.,0.,0.));
#6208=DIRECTION('',(0.,0.,-1.));
#6209=DIRECTION('',(0.,0.,1.));
#6210=DIRECTION('',(0.,-1.,0.));
#6211=DIRECTION('',(0.,0.,1.));
#6212=DIRECTION('',(0.,-1.,0.));
#6213=DIRECTION('',(0.,0.,1.));
#6214=DIRECTION('',(1.,0.,0.));
#6215=DIRECTION('',(0.,-1.,0.));
#6216=DIRECTION('',(1.,0.,0.));
#6217=DIRECTION('',(-1.,0.,0.));
#6218=DIRECTION('',(-1.,0.,0.));
#6219=DIRECTION('',(0.,0.,-1.));
#6220=DIRECTION('',(-1.,0.,0.));
#6221=DIRECTION('',(0.,-1.,0.));
#6222=DIRECTION('',(-1.,0.,0.));
#6223=DIRECTION('',(1.,0.,0.));
#6224=DIRECTION('',(1.,0.,0.));
#6225=DIRECTION('',(0.,0.,-1.));
#6226=DIRECTION('',(-1.,0.,0.));
#6227=DIRECTION('',(0.,-1.,0.));
#6228=DIRECTION('',(-1.,0.,0.));
#6229=DIRECTION('',(1.,0.,0.));
#6230=DIRECTION('',(1.,0.,0.));
#6231=DIRECTION('',(0.,0.,-1.));
#6232=DIRECTION('',(-1.,0.,0.));
#6233=DIRECTION('',(0.,1.,0.));
#6234=DIRECTION('',(1.,0.,0.));
#6235=DIRECTION('',(1.,0.,0.));
#6236=DIRECTION('',(-1.,0.,0.));
#6237=DIRECTION('',(0.,0.,-1.));
#6238=DIRECTION('',(-1.,0.,0.));
#6239=DIRECTION('',(0.,1.,0.));
#6240=DIRECTION('',(1.,0.,0.));
#6241=DIRECTION('',(1.,0.,0.));
#6242=DIRECTION('',(-1.,0.,0.));
#6243=DIRECTION('',(0.,0.,1.));
#6244=DIRECTION('',(1.,0.,0.));
#6245=DIRECTION('',(-1.,0.,0.));
#6246=DIRECTION('',(0.,-1.,0.));
#6247=DIRECTION('',(-1.,0.,0.));
#6248=DIRECTION('',(0.,1.,0.));
#6249=DIRECTION('',(0.,0.,1.));
#6250=DIRECTION('',(0.,0.,-1.));
#6251=DIRECTION('',(0.,0.,-1.));
#6252=DIRECTION('',(1.,0.,0.));
#6253=DIRECTION('',(0.,1.,0.));
#6254=DIRECTION('',(0.,0.,1.));
#6255=DIRECTION('',(0.,0.,-1.));
#6256=DIRECTION('',(0.,0.,-1.));
#6257=DIRECTION('',(-3.0818660178525E-14,0.,1.));
#6258=DIRECTION('',(-3.0818660178525E-14,0.,1.));
#6259=DIRECTION('',(-3.0818660178525E-14,0.,1.));
#6260=DIRECTION('',(0.,0.,-1.));
#6261=DIRECTION('',(0.,0.,-1.));
#6262=DIRECTION('',(1.,0.,0.));
#6263=DIRECTION('',(-3.0818660178525E-14,0.,1.));
#6264=DIRECTION('',(0.,0.,-1.));
#6265=DIRECTION('',(-1.,0.,0.));
#6266=DIRECTION('',(-1.,0.,0.));
#6267=DIRECTION('',(-1.,0.,0.));
#6268=DIRECTION('',(0.,-1.,0.));
#6269=DIRECTION('',(0.,0.,-1.));
#6270=DIRECTION('',(1.,0.,0.));
#6271=DIRECTION('',(0.,1.,0.));
#6272=DIRECTION('',(0.,0.,1.));
#6273=DIRECTION('',(-1.,0.,0.));
#6274=DIRECTION('',(0.,-1.,0.));
#6275=DIRECTION('',(0.,0.,-1.));
#6276=DIRECTION('',(-1.,0.,0.));
#6277=DIRECTION('',(-1.,0.,0.));
#6278=DIRECTION('',(0.,0.,1.));
#6279=DIRECTION('',(1.,0.,0.));
#6280=DIRECTION('',(-1.,0.,0.));
#6281=DIRECTION('',(0.,1.,0.));
#6282=DIRECTION('',(0.,0.,1.));
#6283=DIRECTION('',(1.,0.,0.));
#6284=DIRECTION('',(0.,-1.,0.));
#6285=DIRECTION('',(0.,0.,-1.));
#6286=DIRECTION('',(0.,0.,-1.));
#6287=DIRECTION('',(-1.,0.,0.));
#6288=DIRECTION('',(0.,0.,1.));
#6289=DIRECTION('',(0.,-1.,0.));
#6290=DIRECTION('',(0.,0.,-1.));
#6291=DIRECTION('',(0.,0.,-1.));
#6292=DIRECTION('',(-1.,0.,0.));
#6293=DIRECTION('',(0.,0.,1.));
#6294=DIRECTION('',(0.,-1.,0.));
#6295=DIRECTION('',(0.,0.,-1.));
#6296=DIRECTION('',(0.,-1.,0.));
#6297=DIRECTION('',(0.,0.,-1.));
#6298=DIRECTION('',(0.,-1.,0.));
#6299=DIRECTION('',(0.,0.,-1.));
#6300=DIRECTION('',(0.,-1.,0.));
#6301=DIRECTION('',(0.,0.,-1.));
#6302=DIRECTION('',(0.,-1.,0.));
#6303=DIRECTION('',(0.,0.,-1.));
#6304=DIRECTION('',(0.,-1.,0.));
#6305=DIRECTION('',(0.,0.,-1.));
#6306=DIRECTION('',(0.,-1.,0.));
#6307=DIRECTION('',(0.,0.,-1.));
#6308=DIRECTION('',(-3.0818660178525E-14,0.,1.));
#6309=DIRECTION('',(1.,0.,3.0818660178525E-14));
#6310=DIRECTION('',(3.0818660178525E-14,0.,-1.));
#6311=DIRECTION('',(0.,-1.,0.));
#6312=DIRECTION('',(0.,0.,-1.));
#6313=DIRECTION('',(-3.0818660178525E-14,0.,1.));
#6314=DIRECTION('',(1.,0.,3.0818660178525E-14));
#6315=DIRECTION('',(3.0818660178525E-14,0.,-1.));
#6316=DIRECTION('',(1.,0.,3.0818660178525E-14));
#6317=DIRECTION('',(3.0818660178525E-14,0.,-1.));
#6318=DIRECTION('',(0.,-1.,0.));
#6319=DIRECTION('',(-1.,0.,0.));
#6320=DIRECTION('',(0.,0.,1.));
#6321=DIRECTION('',(0.,-1.,0.));
#6322=DIRECTION('',(-1.,0.,0.));
#6323=DIRECTION('',(0.,0.,1.));
#6324=DIRECTION('',(0.,-1.,0.));
#6325=DIRECTION('',(0.,-1.,0.));
#6326=DIRECTION('',(0.,0.,-1.));
#6327=DIRECTION('',(0.,-1.,0.));
#6328=DIRECTION('',(1.,0.,3.0818660178525E-14));
#6329=DIRECTION('',(3.0818660178525E-14,0.,-1.));
#6330=DIRECTION('',(0.,-1.,0.));
#6331=DIRECTION('',(0.,0.,1.));
#6332=DIRECTION('',(0.,-1.,0.));
#6333=DIRECTION('',(0.,-1.,0.));
#6334=DIRECTION('',(0.,0.,-1.));
#6335=DIRECTION('',(-1.,0.,0.));
#6336=DIRECTION('',(1.,0.,0.));
#6337=DIRECTION('',(0.,0.,1.));
#6338=DIRECTION('',(1.,0.,0.));
#6339=DIRECTION('',(0.,0.,1.));
#6340=DIRECTION('',(1.,0.,0.));
#6341=DIRECTION('',(-1.,0.,0.));
#6342=DIRECTION('',(0.,-1.,0.));
#6343=DIRECTION('',(0.,0.,-1.));
#6344=DIRECTION('',(0.,0.,-1.));
#6345=DIRECTION('',(-1.,0.,0.));
#6346=DIRECTION('',(0.894427190999916,0.447213595499958,0.));
#6347=DIRECTION('',(-0.447213595499958,0.894427190999916,0.));
#6348=DIRECTION('',(0.,0.,-1.));
#6349=DIRECTION('',(1.,0.,0.));
#6350=DIRECTION('',(0.,0.,-1.));
#6351=DIRECTION('',(-1.,0.,0.));
#6352=DIRECTION('',(0.,0.,1.));
#6353=DIRECTION('',(0.,0.,-1.));
#6354=DIRECTION('',(-0.894427190999916,0.447213595499958,0.));
#6355=DIRECTION('',(-0.447213595499958,-0.894427190999916,0.));
#6356=DIRECTION('',(0.,0.,1.));
#6357=DIRECTION('',(1.,0.,0.));
#6358=DIRECTION('',(0.,-0.558600379479076,0.82943692710527));
#6359=DIRECTION('',(0.,-0.82943692710527,-0.558600379479076));
#6360=DIRECTION('',(1.,0.,0.));
#6361=DIRECTION('',(0.,0.82943692710527,0.558600379479076));
#6362=DIRECTION('',(1.,0.,0.));
#6363=DIRECTION('',(0.,-0.82943692710527,-0.558600379479076));
#6364=DIRECTION('',(-1.,0.,0.));
#6365=DIRECTION('',(0.,0.82943692710527,0.558600379479076));
#6366=DIRECTION('',(1.,0.,0.));
#6367=DIRECTION('',(0.,-0.82943692710527,-0.558600379479076));
#6368=DIRECTION('',(-1.,0.,0.));
#6369=DIRECTION('',(0.,0.82943692710527,0.558600379479076));
#6370=DIRECTION('',(1.,0.,0.));
#6371=DIRECTION('',(0.,-0.82943692710527,-0.558600379479076));
#6372=DIRECTION('',(-1.,0.,0.));
#6373=DIRECTION('',(0.,0.82943692710527,0.558600379479076));
#6374=DIRECTION('',(-1.,0.,0.));
#6375=DIRECTION('',(0.,0.82943692710527,0.558600379479076));
#6376=DIRECTION('',(-1.,0.,0.));
#6377=DIRECTION('',(0.,0.82943692710527,0.558600379479076));
#6378=DIRECTION('',(1.,0.,0.));
#6379=DIRECTION('',(0.,0.82943692710527,0.558600379479076));
#6380=DIRECTION('',(0.,0.,-1.));
#6381=DIRECTION('',(-1.,0.,0.));
#6382=DIRECTION('',(0.,1.,0.));
#6383=DIRECTION('',(-1.,0.,0.));
#6384=DIRECTION('',(0.,-1.,0.));
#6385=DIRECTION('',(-1.,0.,0.));
#6386=DIRECTION('',(0.,0.,-1.));
#6387=DIRECTION('',(-1.,0.,0.));
#6388=DIRECTION('',(0.,-1.,0.));
#6389=DIRECTION('',(-1.,0.,0.));
#6390=DIRECTION('',(0.,1.,0.));
#6391=DIRECTION('',(-1.,0.,0.));
#6392=DIRECTION('',(0.,0.,-1.));
#6393=DIRECTION('',(-1.,0.,0.));
#6394=DIRECTION('',(0.,-1.,0.));
#6395=DIRECTION('',(-1.,0.,0.));
#6396=DIRECTION('',(0.,1.,0.));
#6397=DIRECTION('',(-1.,0.,0.));
#6398=DIRECTION('',(0.,0.,-1.));
#6399=DIRECTION('',(-1.,0.,0.));
#6400=DIRECTION('',(0.,-1.,0.));
#6401=DIRECTION('',(-1.,0.,0.));
#6402=DIRECTION('',(0.,1.,0.));
#6403=DIRECTION('',(-1.,0.,0.));
#6404=DIRECTION('',(0.,0.,1.));
#6405=DIRECTION('',(1.,0.,0.));
#6406=DIRECTION('',(0.,-1.,0.));
#6407=DIRECTION('',(-1.,0.,0.));
#6408=DIRECTION('',(0.,1.,0.));
#6409=DIRECTION('',(0.,0.,1.));
#6410=DIRECTION('',(1.,0.,0.));
#6411=DIRECTION('',(0.,1.,0.));
#6412=DIRECTION('',(0.,-1.,0.));
#6413=DIRECTION('',(-1.,0.,0.));
#6414=DIRECTION('',(0.,0.,1.));
#6415=DIRECTION('',(1.,0.,0.));
#6416=DIRECTION('',(0.,1.,0.));
#6417=DIRECTION('',(0.,-1.,0.));
#6418=DIRECTION('',(-1.,0.,0.));
#6419=DIRECTION('',(0.,0.499999999999953,0.866025403784465));
#6420=DIRECTION('',(0.,-0.866025403784466,0.499999999999953));
#6421=DIRECTION('',(0.447213595500202,0.774596669241402,-0.447213595499855));
#6422=DIRECTION('',(0.4472135955002,-0.774596669241403,0.447213595499856));
#6423=DIRECTION('',(-1.,0.,0.));
#6424=DIRECTION('',(0.,0.499999999999953,0.866025403784465));
#6425=DIRECTION('',(0.,-0.866025403784466,0.499999999999953));
#6426=DIRECTION('',(0.4472135955002,0.774596669241403,-0.447213595499856));
#6427=DIRECTION('',(0.447213595500197,-0.774596669241404,0.447213595499856));
#6428=DIRECTION('',(-1.,0.,0.));
#6429=DIRECTION('',(0.,0.499999999999953,0.866025403784465));
#6430=DIRECTION('',(0.,-0.866025403784466,0.499999999999953));
#6431=DIRECTION('',(0.447213595500199,0.774596669241403,-0.447213595499856));
#6432=DIRECTION('',(0.447213595500199,-0.774596669241403,0.447213595499856));
#6433=DIRECTION('',(-1.,0.,0.));
#6434=DIRECTION('',(0.,1.,0.));
#6435=DIRECTION('',(0.,0.,1.));
#6436=DIRECTION('',(0.,0.,-1.));
#6437=DIRECTION('',(0.,0.,-1.));
#6438=DIRECTION('',(-1.,0.,0.));
#6439=DIRECTION('',(0.,1.,0.));
#6440=DIRECTION('',(0.,0.,1.));
#6441=DIRECTION('',(0.,0.,-1.));
#6442=DIRECTION('',(0.,0.,-1.));
#6443=DIRECTION('',(-1.,0.,0.));
#6444=DIRECTION('',(0.,1.,0.));
#6445=DIRECTION('',(0.,0.,1.));
#6446=DIRECTION('',(0.,0.,-1.));
#6447=DIRECTION('',(0.,0.,-1.));
#6448=DIRECTION('',(-1.,0.,0.));
#6449=DIRECTION('',(0.,0.500000000000025,-0.866025403784424));
#6450=DIRECTION('',(0.,0.866025403784424,0.500000000000025));
#6451=DIRECTION('',(-0.447213595500185,-0.774596669241372,-0.447213595499924));
#6452=DIRECTION('',(-0.447213595500183,0.774596669241373,0.447213595499924));
#6453=DIRECTION('',(-1.,0.,0.));
#6454=DIRECTION('',(0.,0.500000000000025,-0.866025403784424));
#6455=DIRECTION('',(0.,0.866025403784424,0.500000000000025));
#6456=DIRECTION('',(-0.447213595500183,-0.774596669241373,-0.447213595499924));
#6457=DIRECTION('',(-0.44721359550018,0.774596669241374,0.447213595499925));
#6458=DIRECTION('',(-1.,0.,0.));
#6459=DIRECTION('',(0.,0.500000000000025,-0.866025403784424));
#6460=DIRECTION('',(0.,0.866025403784424,0.500000000000025));
#6461=DIRECTION('',(-0.447213595500181,-0.774596669241373,-0.447213595499925));
#6462=DIRECTION('',(-0.447213595500181,0.774596669241373,0.447213595499925));
#6463=DIRECTION('',(-1.,0.,0.));
#6464=DIRECTION('',(0.,0.,-1.));
#6465=DIRECTION('',(-1.,0.,0.));
#6466=DIRECTION('',(0.,1.,0.));
#6467=DIRECTION('',(-1.,0.,0.));
#6468=DIRECTION('',(0.,-1.,0.));
#6469=DIRECTION('',(0.,0.,-1.));
#6470=DIRECTION('',(-1.,0.,0.));
#6471=DIRECTION('',(0.,-1.,0.));
#6472=DIRECTION('',(0.,1.,0.));
#6473=DIRECTION('',(-1.,0.,0.));
#6474=DIRECTION('',(0.,0.,-1.));
#6475=DIRECTION('',(-1.,0.,0.));
#6476=DIRECTION('',(0.,-1.,0.));
#6477=DIRECTION('',(0.,1.,0.));
#6478=DIRECTION('',(-1.,0.,0.));
#6479=DIRECTION('',(0.,-1.76384813640513E-17,1.));
#6480=DIRECTION('',(0.,-1.,-1.76384813640513E-17));
#6481=DIRECTION('',(0.,-1.,-1.76384813640513E-17));
#6482=DIRECTION('',(-1.,0.,0.));
#6483=DIRECTION('',(0.,1.,1.76384813640513E-17));
#6484=DIRECTION('',(-1.,0.,0.));
#6485=DIRECTION('',(0.,-1.76384813640513E-17,1.));
#6486=DIRECTION('',(0.,-1.,-1.76384813640513E-17));
#6487=DIRECTION('',(0.,1.,1.76384813640513E-17));
#6488=DIRECTION('',(-1.,0.,0.));
#6489=DIRECTION('',(0.,-1.,-1.76384813640513E-17));
#6490=DIRECTION('',(-1.,0.,0.));
#6491=DIRECTION('',(0.,-1.76384813640513E-17,1.));
#6492=DIRECTION('',(0.,-1.,-1.76384813640513E-17));
#6493=DIRECTION('',(0.,1.,1.76384813640513E-17));
#6494=DIRECTION('',(-1.,0.,0.));
#6495=DIRECTION('',(0.,-1.,-1.76384813640513E-17));
#6496=DIRECTION('',(-1.,0.,0.));
#6497=DIRECTION('',(0.,-1.76384813640513E-17,1.));
#6498=DIRECTION('',(0.,-1.,-1.76384813640513E-17));
#6499=DIRECTION('',(0.,1.,1.76384813640513E-17));
#6500=DIRECTION('',(-1.,0.,0.));
#6501=DIRECTION('',(0.,-1.,-1.76384813640513E-17));
#6502=DIRECTION('',(-1.,0.,0.));
#6503=DIRECTION('',(0.,0.499999999999953,0.866025403784466));
#6504=DIRECTION('',(0.,-0.866025403784466,0.499999999999953));
#6505=DIRECTION('',(0.447213595500202,0.774596669241402,-0.447213595499855));
#6506=DIRECTION('',(0.4472135955002,-0.774596669241403,0.447213595499856));
#6507=DIRECTION('',(-1.,0.,0.));
#6508=DIRECTION('',(0.,0.499999999999953,0.866025403784466));
#6509=DIRECTION('',(0.,-0.866025403784466,0.499999999999953));
#6510=DIRECTION('',(0.4472135955002,0.774596669241403,-0.447213595499856));
#6511=DIRECTION('',(0.447213595500197,-0.774596669241404,0.447213595499856));
#6512=DIRECTION('',(-1.,0.,0.));
#6513=DIRECTION('',(0.,0.499999999999953,0.866025403784466));
#6514=DIRECTION('',(0.,-0.866025403784466,0.499999999999953));
#6515=DIRECTION('',(0.447213595500199,0.774596669241403,-0.447213595499856));
#6516=DIRECTION('',(0.447213595500199,-0.774596669241403,0.447213595499856));
#6517=DIRECTION('',(-1.,0.,0.));
#6518=DIRECTION('',(0.,0.499999999999953,0.866025403784466));
#6519=DIRECTION('',(0.,-0.866025403784466,0.499999999999953));
#6520=DIRECTION('',(0.447213595500199,0.774596669241403,-0.447213595499856));
#6521=DIRECTION('',(0.447213595500199,-0.774596669241403,0.447213595499856));
#6522=DIRECTION('',(-1.,0.,0.));
#6523=DIRECTION('',(0.,1.,0.));
#6524=DIRECTION('',(0.,0.,1.));
#6525=DIRECTION('',(0.,0.,-1.));
#6526=DIRECTION('',(0.,0.,-1.));
#6527=DIRECTION('',(-1.,0.,0.));
#6528=DIRECTION('',(0.,1.,0.));
#6529=DIRECTION('',(0.,0.,1.));
#6530=DIRECTION('',(0.,0.,-1.));
#6531=DIRECTION('',(0.,0.,-1.));
#6532=DIRECTION('',(-1.,0.,0.));
#6533=DIRECTION('',(0.,1.,0.));
#6534=DIRECTION('',(0.,0.,1.));
#6535=DIRECTION('',(0.,0.,-1.));
#6536=DIRECTION('',(0.,0.,-1.));
#6537=DIRECTION('',(-1.,0.,0.));
#6538=DIRECTION('',(0.,1.,0.));
#6539=DIRECTION('',(0.,0.,1.));
#6540=DIRECTION('',(0.,0.,-1.));
#6541=DIRECTION('',(0.,0.,-1.));
#6542=DIRECTION('',(-1.,0.,0.));
#6543=DIRECTION('',(0.,0.499999999999954,-0.866025403784465));
#6544=DIRECTION('',(0.,0.866025403784465,0.499999999999954));
#6545=DIRECTION('',(-0.447213595500202,-0.774596669241402,-0.447213595499856));
#6546=DIRECTION('',(-0.4472135955002,0.774596669241403,0.447213595499856));
#6547=DIRECTION('',(0.,0.499999999999954,-0.866025403784465));
#6548=DIRECTION('',(0.,0.866025403784465,0.499999999999954));
#6549=DIRECTION('',(-0.4472135955002,-0.774596669241403,-0.447213595499856));
#6550=DIRECTION('',(-0.447213595500197,0.774596669241404,0.447213595499857));
#6551=DIRECTION('',(0.,0.499999999999954,-0.866025403784465));
#6552=DIRECTION('',(0.,0.866025403784465,0.499999999999954));
#6553=DIRECTION('',(-0.447213595500198,-0.774596669241403,-0.447213595499856));
#6554=DIRECTION('',(-0.447213595500198,0.774596669241403,0.447213595499856));
#6555=DIRECTION('',(0.,0.499999999999954,-0.866025403784465));
#6556=DIRECTION('',(0.,0.866025403784465,0.499999999999954));
#6557=DIRECTION('',(-0.447213595500198,-0.774596669241403,-0.447213595499856));
#6558=DIRECTION('',(-0.447213595500199,0.774596669241403,0.447213595499856));
#6559=DIRECTION('',(0.,0.,-1.));
#6560=DIRECTION('',(-1.,0.,0.));
#6561=DIRECTION('',(0.,-1.,0.));
#6562=DIRECTION('',(-1.,0.,0.));
#6563=DIRECTION('',(0.,-1.,0.));
#6564=DIRECTION('',(-1.,0.,0.));
#6565=DIRECTION('',(0.,-0.558600379479041,-0.829436927105293));
#6566=DIRECTION('',(0.,0.829436927105293,-0.558600379479041));
#6567=DIRECTION('',(0.,0.829436927105293,-0.558600379479041));
#6568=DIRECTION('',(-1.,0.,0.));
#6569=DIRECTION('',(0.,-0.829436927105293,0.558600379479041));
#6570=DIRECTION('',(0.,0.829436927105293,-0.558600379479041));
#6571=DIRECTION('',(-1.,0.,0.));
#6572=DIRECTION('',(0.,-0.829436927105293,0.558600379479041));
#6573=DIRECTION('',(0.,0.829436927105293,-0.558600379479041));
#6574=DIRECTION('',(-1.,0.,0.));
#6575=DIRECTION('',(0.,-0.829436927105293,0.558600379479041));
#6576=DIRECTION('',(0.,0.829436927105293,-0.558600379479041));
#6577=DIRECTION('',(-1.,0.,0.));
#6578=DIRECTION('',(0.,-0.829436927105293,0.558600379479041));
#6579=DIRECTION('',(0.,-0.829436927105293,0.558600379479041));
#6580=DIRECTION('',(0.,-0.829436927105293,0.558600379479041));
#6581=DIRECTION('',(0.,0.,1.));
#6582=DIRECTION('',(1.,0.,0.));
#6583=DIRECTION('',(0.,1.,0.));
#6584=DIRECTION('',(0.,1.,0.));
#6585=DIRECTION('',(-1.,0.,0.));
#6586=DIRECTION('',(0.,0.499999999999953,0.866025403784465));
#6587=DIRECTION('',(0.,-0.866025403784466,0.499999999999953));
#6588=DIRECTION('',(0.4472135955002,0.774596669241403,-0.447213595499856));
#6589=DIRECTION('',(0.447213595500199,-0.774596669241403,0.447213595499856));
#6590=DIRECTION('',(-1.,0.,0.));
#6591=DIRECTION('',(0.,1.,0.));
#6592=DIRECTION('',(0.,0.,1.));
#6593=DIRECTION('',(0.,0.,-1.));
#6594=DIRECTION('',(0.,0.,-1.));
#6595=DIRECTION('',(-1.,0.,0.));
#6596=DIRECTION('',(0.,0.500000000000025,-0.866025403784424));
#6597=DIRECTION('',(0.,0.866025403784424,0.500000000000025));
#6598=DIRECTION('',(-0.447213595500183,-0.774596669241373,-0.447213595499924));
#6599=DIRECTION('',(-0.447213595500181,0.774596669241373,0.447213595499925));
#6600=DIRECTION('',(-1.,0.,0.));
#6601=DIRECTION('',(0.,0.,-1.));
#6602=DIRECTION('',(-1.,0.,0.));
#6603=DIRECTION('',(0.,-1.,0.));
#6604=DIRECTION('',(0.,-1.,0.));
#6605=DIRECTION('',(-1.,0.,0.));
#6606=DIRECTION('',(0.,1.,0.));
#6607=DIRECTION('',(0.,0.,1.));
#6608=DIRECTION('',(-1.,0.,0.));
#6609=DIRECTION('',(0.,0.,-1.));
#6610=DIRECTION('',(0.,0.,-1.));
#6611=DIRECTION('',(0.,0.,-1.));
#6612=DIRECTION('',(0.,0.,-1.));
#6613=DIRECTION('',(0.,0.,-1.));
#6614=DIRECTION('',(0.,0.,-1.));
#6615=DIRECTION('',(0.,0.,-1.));
#6616=DIRECTION('',(0.,0.,-1.));
#6617=DIRECTION('',(0.,0.,-1.));
#6618=DIRECTION('',(0.,0.,-1.));
#6619=DIRECTION('',(0.,0.,-1.));
#6620=DIRECTION('',(0.,0.,-1.));
#6621=DIRECTION('',(0.,0.,-1.));
#6622=DIRECTION('',(0.,0.,-1.));
#6623=DIRECTION('',(0.,0.,-1.));
#6624=DIRECTION('',(-1.,0.,0.));
#6625=DIRECTION('',(0.,0.,-1.));
#6626=DIRECTION('',(0.,0.,-1.));
#6627=DIRECTION('',(0.,0.,-1.));
#6628=DIRECTION('',(0.,-1.76384813640513E-17,1.));
#6629=DIRECTION('',(0.,-1.,-1.76384813640513E-17));
#6630=DIRECTION('',(0.,1.,1.76384813640513E-17));
#6631=DIRECTION('',(0.,1.,1.76384813640513E-17));
#6632=DIRECTION('',(-1.,0.,0.));
#6633=DIRECTION('',(0.,0.499999999999953,0.866025403784466));
#6634=DIRECTION('',(0.,-0.866025403784466,0.499999999999953));
#6635=DIRECTION('',(0.4472135955002,0.774596669241403,-0.447213595499856));
#6636=DIRECTION('',(0.447213595500199,-0.774596669241403,0.447213595499856));
#6637=DIRECTION('',(-1.,0.,0.));
#6638=DIRECTION('',(0.,1.,0.));
#6639=DIRECTION('',(0.,0.,1.));
#6640=DIRECTION('',(0.,0.,-1.));
#6641=DIRECTION('',(0.,0.,-1.));
#6642=DIRECTION('',(-1.,0.,0.));
#6643=DIRECTION('',(0.,0.499999999999954,-0.866025403784465));
#6644=DIRECTION('',(0.,0.866025403784465,0.499999999999954));
#6645=DIRECTION('',(-0.4472135955002,-0.774596669241403,-0.447213595499856));
#6646=DIRECTION('',(-0.447213595500198,0.774596669241403,0.447213595499856));
#6647=DIRECTION('',(1.,0.,0.));
#6648=DIRECTION('',(0.,0.,-1.));
#6649=DIRECTION('',(0.,0.,-1.));
#6650=DIRECTION('',(0.,0.,-1.));
#6651=DIRECTION('',(1.,0.,0.));
#6652=DIRECTION('',(0.,0.,-1.));
#6653=DIRECTION('',(0.,0.,-1.));
#6654=DIRECTION('',(0.,0.,-1.));
#6655=DIRECTION('',(0.866025403784298,-0.500000000000244,0.));
#6656=DIRECTION('',(0.500000000000244,0.866025403784298,0.));
#6657=DIRECTION('',(0.866025403784298,-0.500000000000244,0.));
#6658=DIRECTION('',(0.500000000000244,0.866025403784298,0.));
#6659=DIRECTION('',(-0.8660254037843,-0.500000000000241,0.));
#6660=DIRECTION('',(0.500000000000241,-0.8660254037843,0.));
#6661=DIRECTION('',(-0.8660254037843,-0.500000000000241,0.));
#6662=DIRECTION('',(0.500000000000241,-0.8660254037843,0.));
#6663=DIRECTION('',(-0.866025403784299,-0.500000000000241,0.));
#6664=DIRECTION('',(0.500000000000241,-0.8660254037843,0.));
#6665=DIRECTION('',(0.,0.,-1.));
#6666=DIRECTION('',(0.866025403784299,-0.500000000000242,0.));
#6667=DIRECTION('',(0.500000000000242,0.866025403784299,0.));
#6668=DIRECTION('',(0.,0.,-1.));
#6669=DIRECTION('',(1.,0.,0.));
#6670=DIRECTION('',(0.,0.,-1.));
#6671=DIRECTION('',(-1.,0.,0.));
#6672=DIRECTION('',(0.,0.,1.));
#6673=DIRECTION('',(-0.8660254037843,-0.500000000000241,0.));
#6674=DIRECTION('',(0.500000000000241,-0.8660254037843,0.));
#6675=DIRECTION('',(0.,0.,-1.));
#6676=DIRECTION('',(0.8660254037843,-0.500000000000241,0.));
#6677=DIRECTION('',(0.500000000000241,0.8660254037843,0.));
#6678=DIRECTION('',(0.,0.,-1.));
#6679=DIRECTION('',(1.,0.,0.));
#6680=DIRECTION('',(0.,0.,-1.));
#6681=DIRECTION('',(-1.,0.,0.));
#6682=DIRECTION('',(0.,0.,1.));
#6683=DIRECTION('',(-0.8660254037843,-0.500000000000239,0.));
#6684=DIRECTION('',(0.500000000000239,-0.8660254037843,0.));
#6685=DIRECTION('',(0.,0.,-1.));
#6686=DIRECTION('',(0.8660254037843,-0.500000000000241,0.));
#6687=DIRECTION('',(0.500000000000241,0.8660254037843,0.));
#6688=DIRECTION('',(0.,0.,-1.));
#6689=DIRECTION('',(1.,0.,0.));
#6690=DIRECTION('',(0.,0.,-1.));
#6691=DIRECTION('',(-1.,0.,0.));
#6692=DIRECTION('',(0.,0.,1.));
#6693=DIRECTION('',(-0.866025403784299,-0.500000000000242,0.));
#6694=DIRECTION('',(0.500000000000242,-0.866025403784299,0.));
#6695=DIRECTION('',(0.,0.,-1.));
#6696=DIRECTION('',(0.866025403784299,-0.500000000000242,0.));
#6697=DIRECTION('',(0.500000000000242,0.866025403784299,0.));
#6698=DIRECTION('',(0.,0.,-1.));
#6699=DIRECTION('',(1.,0.,0.));
#6700=DIRECTION('',(0.,0.,-1.));
#6701=DIRECTION('',(-1.,0.,0.));
#6702=DIRECTION('',(0.,0.,1.));
#6703=DIRECTION('',(1.,0.,0.));
#6704=DIRECTION('',(0.,0.,-1.));
#6705=DIRECTION('',(0.,0.,-1.));
#6706=DIRECTION('',(0.866025403784299,-0.500000000000242,0.));
#6707=DIRECTION('',(0.500000000000242,0.866025403784299,0.));
#6708=DIRECTION('',(-1.,0.,0.));
#6709=DIRECTION('',(0.,0.,1.));
#6710=DIRECTION('',(0.,0.,-1.));
#6711=DIRECTION('',(-0.8660254037843,-0.500000000000241,0.));
#6712=DIRECTION('',(0.500000000000241,-0.8660254037843,0.));
#6713=DIRECTION('',(1.,0.,0.));
#6714=DIRECTION('',(0.,0.,-1.));
#6715=DIRECTION('',(0.,0.,-1.));
#6716=DIRECTION('',(-1.,0.,0.));
#6717=DIRECTION('',(0.,0.,1.));
#6718=DIRECTION('',(0.,0.,-1.));
#6719=DIRECTION('',(0.8660254037843,-0.500000000000241,0.));
#6720=DIRECTION('',(0.500000000000241,0.8660254037843,0.));
#6721=DIRECTION('',(-0.8660254037843,-0.500000000000239,0.));
#6722=DIRECTION('',(0.500000000000239,-0.8660254037843,0.));
#6723=DIRECTION('',(-1.,0.,0.));
#6724=DIRECTION('',(0.,0.,1.));
#6725=DIRECTION('',(0.,0.,-1.));
#6726=DIRECTION('',(1.,0.,0.));
#6727=DIRECTION('',(0.,0.,-1.));
#6728=DIRECTION('',(0.,0.,-1.));
#6729=DIRECTION('',(-0.866025403784299,-0.500000000000242,0.));
#6730=DIRECTION('',(0.500000000000242,-0.866025403784299,0.));
#6731=DIRECTION('',(0.866025403784299,-0.500000000000242,0.));
#6732=DIRECTION('',(0.500000000000242,0.866025403784299,0.));
#6733=DIRECTION('',(1.,0.,0.));
#6734=DIRECTION('',(0.,0.,-1.));
#6735=DIRECTION('',(0.,1.,-1.0758037935686E-17));
#6736=DIRECTION('',(1.,0.,0.));
#6737=DIRECTION('',(0.,0.,-1.));
#6738=DIRECTION('',(0.,1.,-1.0758037935686E-17));
#6739=DIRECTION('',(0.,-1.0758037935686E-17,-1.));
#6740=DIRECTION('',(0.,1.,-1.0758037935686E-17));
#6741=DIRECTION('',(0.,0.,1.));
#6742=DIRECTION('',(1.,0.,0.));
#6743=DIRECTION('',(0.,0.721063009431587,0.692869494514993));
#6744=DIRECTION('',(0.,-0.692869494514993,0.721063009431587));
#6745=DIRECTION('',(0.,0.692869494514993,-0.721063009431587));
#6746=DIRECTION('',(-1.,0.,0.));
#6747=DIRECTION('',(0.,0.692869494514993,-0.721063009431587));
#6748=DIRECTION('',(-1.,0.,0.));
#6749=DIRECTION('',(0.,0.692869494514993,-0.721063009431587));
#6750=DIRECTION('',(-1.,0.,0.));
#6751=DIRECTION('',(0.,-0.692869494514993,0.721063009431587));
#6752=DIRECTION('',(-1.,2.51088970005907E-16,-2.61306017627853E-16));
#6753=DIRECTION('',(0.,0.692869494514993,-0.721063009431587));
#6754=DIRECTION('',(-1.,0.,0.));
#6755=DIRECTION('',(0.,-0.692869494514993,0.721063009431587));
#6756=DIRECTION('',(-1.,2.51088970005906E-16,-2.61306017627853E-16));
#6757=DIRECTION('',(0.,0.692869494514993,-0.721063009431587));
#6758=DIRECTION('',(-1.,0.,0.));
#6759=DIRECTION('',(0.,-0.692869494514993,0.721063009431587));
#6760=DIRECTION('',(-1.,2.51088970005906E-16,-2.61306017627853E-16));
#6761=DIRECTION('',(0.,0.692869494514993,-0.721063009431587));
#6762=DIRECTION('',(-1.,0.,0.));
#6763=DIRECTION('',(0.,-0.692869494514993,0.721063009431587));
#6764=DIRECTION('',(-1.,2.51088970005907E-16,-2.61306017627853E-16));
#6765=DIRECTION('',(1.,0.,0.));
#6766=DIRECTION('',(0.,0.692869494514993,-0.721063009431587));
#6767=DIRECTION('',(-1.,0.,0.));
#6768=DIRECTION('',(0.,0.692869494514993,-0.721063009431587));
#6769=DIRECTION('',(0.,1.,0.));
#6770=DIRECTION('',(0.,0.,1.));
#6771=DIRECTION('',(0.,0.,-1.));
#6772=DIRECTION('',(-1.,0.,0.));
#6773=DIRECTION('',(0.,0.,-1.));
#6774=DIRECTION('',(-1.,0.,0.));
#6775=DIRECTION('',(0.,1.,0.));
#6776=DIRECTION('',(0.,0.,1.));
#6777=DIRECTION('',(0.,0.,1.));
#6778=DIRECTION('',(-1.,0.,0.));
#6779=DIRECTION('',(0.,0.,-1.));
#6780=DIRECTION('',(-1.,0.,0.));
#6781=DIRECTION('',(0.,1.,0.));
#6782=DIRECTION('',(0.,0.,1.));
#6783=DIRECTION('',(0.,0.,1.));
#6784=DIRECTION('',(-1.,0.,0.));
#6785=DIRECTION('',(0.,0.,-1.));
#6786=DIRECTION('',(-1.,0.,0.));
#6787=DIRECTION('',(0.,1.,0.));
#6788=DIRECTION('',(0.,0.,1.));
#6789=DIRECTION('',(0.,0.,1.));
#6790=DIRECTION('',(-1.,0.,0.));
#6791=DIRECTION('',(0.,0.,-1.));
#6792=DIRECTION('',(-1.,0.,0.));
#6793=DIRECTION('',(0.,0.,-1.));
#6794=DIRECTION('',(-1.,0.,0.));
#6795=DIRECTION('',(0.,-1.,0.));
#6796=DIRECTION('',(0.,-1.,0.));
#6797=DIRECTION('',(-1.,0.,0.));
#6798=DIRECTION('',(0.,0.,-1.));
#6799=DIRECTION('',(-1.,0.,0.));
#6800=DIRECTION('',(0.,1.,0.));
#6801=DIRECTION('',(-1.,0.,0.));
#6802=DIRECTION('',(0.,-1.,0.));
#6803=DIRECTION('',(0.,0.,-1.));
#6804=DIRECTION('',(-1.,0.,0.));
#6805=DIRECTION('',(0.,1.,0.));
#6806=DIRECTION('',(-1.,0.,0.));
#6807=DIRECTION('',(0.,-1.,0.));
#6808=DIRECTION('',(0.,0.,-1.));
#6809=DIRECTION('',(-1.,0.,0.));
#6810=DIRECTION('',(0.,1.,0.));
#6811=DIRECTION('',(-1.,0.,0.));
#6812=DIRECTION('',(0.,-1.,0.));
#6813=DIRECTION('',(0.,-1.,0.));
#6814=DIRECTION('',(0.,0.,-1.));
#6815=DIRECTION('',(0.,0.,1.));
#6816=DIRECTION('',(0.,0.,1.));
#6817=DIRECTION('',(-1.,0.,0.));
#6818=DIRECTION('',(0.,-1.,0.));
#6819=DIRECTION('',(0.,0.,-1.));
#6820=DIRECTION('',(0.,0.,-1.));
#6821=DIRECTION('',(-1.,0.,0.));
#6822=DIRECTION('',(0.,0.,1.));
#6823=DIRECTION('',(0.,-1.,0.));
#6824=DIRECTION('',(0.,0.,-1.));
#6825=DIRECTION('',(0.,0.,-1.));
#6826=DIRECTION('',(-1.,0.,0.));
#6827=DIRECTION('',(0.,0.,1.));
#6828=DIRECTION('',(0.,-1.,0.));
#6829=DIRECTION('',(0.,0.,-1.));
#6830=DIRECTION('',(0.,0.,-1.));
#6831=DIRECTION('',(-1.,0.,0.));
#6832=DIRECTION('',(0.,0.,1.));
#6833=DIRECTION('',(-1.,0.,0.));
#6834=DIRECTION('',(0.,0.,1.));
#6835=DIRECTION('',(1.,0.,0.));
#6836=DIRECTION('',(0.,0.,-1.));
#6837=DIRECTION('',(-1.,0.,0.));
#6838=DIRECTION('',(0.,0.,1.));
#6839=DIRECTION('',(-1.,0.,0.));
#6840=DIRECTION('',(-1.,0.,0.));
#6841=DIRECTION('',(0.,0.,1.));
#6842=DIRECTION('',(-1.,0.,0.));
#6843=DIRECTION('',(0.,0.,1.));
#6844=DIRECTION('',(-1.,0.,0.));
#6845=DIRECTION('',(1.,0.,0.));
#6846=DIRECTION('',(0.,0.,-1.));
#6847=DIRECTION('',(-1.,0.,0.));
#6848=DIRECTION('',(0.,0.,1.));
#6849=DIRECTION('',(-1.,0.,0.));
#6850=DIRECTION('',(0.,0.,1.));
#6851=DIRECTION('',(-1.,0.,0.));
#6852=DIRECTION('',(1.,0.,0.));
#6853=DIRECTION('',(0.,0.,-1.));
#6854=DIRECTION('',(-1.,0.,0.));
#6855=DIRECTION('',(0.,0.,1.));
#6856=DIRECTION('',(-1.,0.,0.));
#6857=DIRECTION('',(0.,0.,1.));
#6858=DIRECTION('',(-1.,0.,0.));
#6859=DIRECTION('',(1.,0.,0.));
#6860=DIRECTION('',(0.,0.,-1.));
#6861=DIRECTION('',(0.,0.,1.));
#6862=DIRECTION('',(1.,0.,0.));
#6863=DIRECTION('',(0.,1.,0.));
#6864=DIRECTION('',(0.,1.,0.));
#6865=DIRECTION('',(-1.,0.,0.));
#6866=DIRECTION('',(0.,0.,1.));
#6867=DIRECTION('',(1.,0.,0.));
#6868=DIRECTION('',(0.,-1.,0.));
#6869=DIRECTION('',(-1.,0.,0.));
#6870=DIRECTION('',(0.,1.,0.));
#6871=DIRECTION('',(0.,0.,1.));
#6872=DIRECTION('',(1.,0.,0.));
#6873=DIRECTION('',(0.,-1.,0.));
#6874=DIRECTION('',(-1.,0.,0.));
#6875=DIRECTION('',(0.,1.,0.));
#6876=DIRECTION('',(0.,0.,1.));
#6877=DIRECTION('',(1.,0.,0.));
#6878=DIRECTION('',(0.,-1.,0.));
#6879=DIRECTION('',(-1.,0.,0.));
#6880=DIRECTION('',(0.,1.,0.));
#6881=DIRECTION('',(0.,0.,-1.));
#6882=DIRECTION('',(-1.,0.,0.));
#6883=DIRECTION('',(0.,-1.,0.));
#6884=DIRECTION('',(-1.,0.,0.));
#6885=DIRECTION('',(0.,-1.,0.));
#6886=DIRECTION('',(-1.,0.,0.));
#6887=DIRECTION('',(0.,0.,-1.));
#6888=DIRECTION('',(-1.,0.,0.));
#6889=DIRECTION('',(0.,1.,0.));
#6890=DIRECTION('',(-1.,0.,0.));
#6891=DIRECTION('',(0.,-1.,0.));
#6892=DIRECTION('',(-1.,0.,0.));
#6893=DIRECTION('',(0.,0.,-1.));
#6894=DIRECTION('',(-1.,0.,0.));
#6895=DIRECTION('',(0.,1.,0.));
#6896=DIRECTION('',(-1.,0.,0.));
#6897=DIRECTION('',(0.,-1.,0.));
#6898=DIRECTION('',(-1.,0.,0.));
#6899=DIRECTION('',(-1.,0.,0.));
#6900=DIRECTION('',(0.,0.,1.));
#6901=DIRECTION('',(1.,0.,0.));
#6902=DIRECTION('',(0.,0.,-1.));
#6903=DIRECTION('',(-1.,0.,0.));
#6904=DIRECTION('',(0.,0.,1.));
#6905=DIRECTION('',(-1.,0.,0.));
#6906=DIRECTION('',(-1.,0.,0.));
#6907=DIRECTION('',(0.,0.,1.));
#6908=DIRECTION('',(-1.,0.,0.));
#6909=DIRECTION('',(0.,0.,1.));
#6910=DIRECTION('',(-1.,0.,0.));
#6911=DIRECTION('',(1.,0.,0.));
#6912=DIRECTION('',(0.,0.,-1.));
#6913=DIRECTION('',(-1.,0.,0.));
#6914=DIRECTION('',(0.,0.,1.));
#6915=DIRECTION('',(-1.,0.,0.));
#6916=DIRECTION('',(0.,0.,1.));
#6917=DIRECTION('',(-1.,0.,0.));
#6918=DIRECTION('',(1.,0.,0.));
#6919=DIRECTION('',(0.,0.,-1.));
#6920=DIRECTION('',(0.,-1.,0.));
#6921=DIRECTION('',(0.,0.,-1.));
#6922=DIRECTION('',(0.,0.,1.));
#6923=DIRECTION('',(0.,0.,1.));
#6924=DIRECTION('',(-1.,0.,0.));
#6925=DIRECTION('',(0.,-1.,0.));
#6926=DIRECTION('',(0.,0.,-1.));
#6927=DIRECTION('',(0.,0.,-1.));
#6928=DIRECTION('',(-1.,0.,0.));
#6929=DIRECTION('',(0.,0.,1.));
#6930=DIRECTION('',(0.,-1.,0.));
#6931=DIRECTION('',(0.,0.,-1.));
#6932=DIRECTION('',(0.,0.,-1.));
#6933=DIRECTION('',(-1.,0.,0.));
#6934=DIRECTION('',(0.,0.,1.));
#6935=DIRECTION('',(0.,0.,1.));
#6936=DIRECTION('',(1.,0.,0.));
#6937=DIRECTION('',(0.,1.,0.));
#6938=DIRECTION('',(0.,1.,0.));
#6939=DIRECTION('',(-1.,0.,0.));
#6940=DIRECTION('',(0.,0.,1.));
#6941=DIRECTION('',(1.,0.,0.));
#6942=DIRECTION('',(0.,-1.,0.));
#6943=DIRECTION('',(-1.,0.,0.));
#6944=DIRECTION('',(0.,1.,0.));
#6945=DIRECTION('',(0.,0.,1.));
#6946=DIRECTION('',(1.,0.,0.));
#6947=DIRECTION('',(0.,-1.,0.));
#6948=DIRECTION('',(-1.,0.,0.));
#6949=DIRECTION('',(0.,1.,0.));
#6950=DIRECTION('',(0.,1.,0.));
#6951=DIRECTION('',(0.,0.,1.));
#6952=DIRECTION('',(0.,0.,-1.));
#6953=DIRECTION('',(0.,0.,-1.));
#6954=DIRECTION('',(0.,1.,0.));
#6955=DIRECTION('',(0.,0.,1.));
#6956=DIRECTION('',(0.,0.,1.));
#6957=DIRECTION('',(0.,0.,-1.));
#6958=DIRECTION('',(0.,1.,0.));
#6959=DIRECTION('',(0.,0.,1.));
#6960=DIRECTION('',(0.,0.,1.));
#6961=DIRECTION('',(0.,0.,-1.));
#6962=DIRECTION('',(0.,1.,0.));
#6963=DIRECTION('',(0.,0.,1.));
#6964=DIRECTION('',(0.,0.,1.));
#6965=DIRECTION('',(-1.,0.,0.));
#6966=DIRECTION('',(0.,0.,-1.));
#6967=DIRECTION('',(-1.,0.,0.));
#6968=DIRECTION('',(0.,0.,-1.));
#6969=DIRECTION('',(-1.,0.,0.));
#6970=DIRECTION('',(0.,1.,0.));
#6971=DIRECTION('',(-1.,0.,0.));
#6972=DIRECTION('',(0.,-1.,0.));
#6973=DIRECTION('',(0.,-1.,0.));
#6974=DIRECTION('',(0.,0.,-1.));
#6975=DIRECTION('',(0.,0.,-1.));
#6976=DIRECTION('',(-1.,0.,0.));
#6977=DIRECTION('',(0.,0.,1.));
#6978=DIRECTION('',(-1.,0.,0.));
#6979=DIRECTION('',(0.,0.,1.));
#6980=DIRECTION('',(-1.,0.,0.));
#6981=DIRECTION('',(0.,0.,1.));
#6982=DIRECTION('',(-1.,0.,0.));
#6983=DIRECTION('',(-1.,0.,0.));
#6984=DIRECTION('',(0.,0.,1.));
#6985=DIRECTION('',(0.,0.,1.));
#6986=DIRECTION('',(1.,0.,0.));
#6987=DIRECTION('',(0.,-1.,0.));
#6988=DIRECTION('',(-1.,0.,0.));
#6989=DIRECTION('',(0.,1.,0.));
#6990=DIRECTION('',(0.,-1.,0.));
#6991=DIRECTION('',(0.,0.,-1.));
#6992=DIRECTION('',(0.,0.,-1.));
#6993=DIRECTION('',(1.,-2.51088970005907E-16,-2.61306017627853E-16));
#6994=DIRECTION('',(0.,0.,-1.));
#6995=DIRECTION('',(0.,0.,-1.));
#6996=DIRECTION('',(1.,-2.51088970005906E-16,-2.61306017627853E-16));
#6997=DIRECTION('',(0.,0.,-1.));
#6998=DIRECTION('',(0.,0.,-1.));
#6999=DIRECTION('',(1.,-2.51088970005906E-16,-2.61306017627853E-16));
#7000=DIRECTION('',(0.,0.,-1.));
#7001=DIRECTION('',(0.,0.,-1.));
#7002=DIRECTION('',(1.,-2.51088970005907E-16,-2.61306017627853E-16));
#7003=DIRECTION('',(0.,0.,-1.));
#7004=DIRECTION('',(0.,0.,1.));
#7005=DIRECTION('',(0.,0.,-1.));
#7006=DIRECTION('',(0.,0.,-1.));
#7007=DIRECTION('',(0.,0.,-1.));
#7008=DIRECTION('',(-1.,0.,0.));
#7009=DIRECTION('',(0.,0.,-1.));
#7010=DIRECTION('',(0.,0.,-1.));
#7011=DIRECTION('',(0.,0.,-1.));
#7012=DIRECTION('',(0.,0.,-1.));
#7013=DIRECTION('',(0.,0.,-1.));
#7014=DIRECTION('',(0.,0.,-1.));
#7015=DIRECTION('',(0.,0.,-1.));
#7016=DIRECTION('',(-1.,0.,0.));
#7017=DIRECTION('',(0.,0.,1.));
#7018=DIRECTION('',(0.,0.,-1.));
#7019=DIRECTION('',(-1.,0.,0.));
#7020=DIRECTION('',(0.,1.,0.));
#7021=DIRECTION('',(-1.,0.,0.));
#7022=DIRECTION('',(0.,-1.,0.));
#7023=DIRECTION('',(-1.,0.,0.));
#7024=DIRECTION('',(0.,0.,1.));
#7025=DIRECTION('',(-1.,0.,0.));
#7026=DIRECTION('',(0.,0.,1.));
#7027=DIRECTION('',(-1.,0.,0.));
#7028=DIRECTION('',(-1.,0.,0.));
#7029=DIRECTION('',(0.,0.,1.));
#7030=DIRECTION('',(0.,-1.,0.));
#7031=DIRECTION('',(0.,0.,-1.));
#7032=DIRECTION('',(0.,0.,-1.));
#7033=DIRECTION('',(-1.,0.,0.));
#7034=DIRECTION('',(0.,0.,1.));
#7035=DIRECTION('',(0.,0.,1.));
#7036=DIRECTION('',(1.,0.,0.));
#7037=DIRECTION('',(0.,-1.,0.));
#7038=DIRECTION('',(-1.,0.,0.));
#7039=DIRECTION('',(0.,1.,0.));
#7040=DIRECTION('',(0.,1.,0.));
#7041=DIRECTION('',(0.,0.,1.));
#7042=DIRECTION('',(0.,0.,1.));
#7043=DIRECTION('',(0.,0.,-1.));
#7044=DIRECTION('',(0.,0.721063009431587,-0.692869494514993));
#7045=DIRECTION('',(0.,0.692869494514993,0.721063009431587));
#7046=DIRECTION('',(0.,-0.692869494514993,-0.721063009431587));
#7047=DIRECTION('',(0.,0.692869494514993,0.721063009431587));
#7048=DIRECTION('',(0.,-0.692869494514993,-0.721063009431587));
#7049=DIRECTION('',(0.,0.692869494514993,0.721063009431587));
#7050=DIRECTION('',(0.,-0.692869494514993,-0.721063009431587));
#7051=DIRECTION('',(0.,0.692869494514993,0.721063009431587));
#7052=DIRECTION('',(0.,-0.692869494514993,-0.721063009431587));
#7053=DIRECTION('',(0.,0.692869494514993,0.721063009431587));
#7054=DIRECTION('',(0.,-0.692869494514993,-0.721063009431587));
#7055=DIRECTION('',(0.,-0.692869494514993,-0.721063009431587));
#7056=DIRECTION('',(-1.,0.,0.));
#7057=DIRECTION('',(0.,0.,1.));
#7058=DIRECTION('',(-1.,0.,0.));
#7059=DIRECTION('',(0.,0.,1.));
#7060=DIRECTION('',(-1.,0.,0.));
#7061=DIRECTION('',(0.,0.,1.));
#7062=DIRECTION('',(1.,0.,0.));
#7063=DIRECTION('',(0.,0.,-1.));
#7064=DIRECTION('',(-1.,0.,0.));
#7065=DIRECTION('',(0.,0.,1.));
#7066=DIRECTION('',(1.,0.,0.));
#7067=DIRECTION('',(0.,0.,-1.));
#7068=DIRECTION('',(-1.,0.,0.));
#7069=DIRECTION('',(0.,0.,1.));
#7070=DIRECTION('',(1.,0.,0.));
#7071=DIRECTION('',(0.,0.,-1.));
#7072=DIRECTION('',(-1.,0.,0.));
#7073=DIRECTION('',(0.,0.,1.));
#7074=DIRECTION('',(1.,0.,0.));
#7075=DIRECTION('',(0.,0.,-1.));
#7076=DIRECTION('',(-1.,0.,0.));
#7077=DIRECTION('',(0.,0.,1.));
#7078=DIRECTION('',(1.,0.,0.));
#7079=DIRECTION('',(0.,0.,-1.));
#7080=DIRECTION('',(-1.,0.,0.));
#7081=DIRECTION('',(0.,0.,1.));
#7082=DIRECTION('',(1.,0.,0.));
#7083=DIRECTION('',(0.,0.,-1.));
#7084=DIRECTION('',(-1.,0.,0.));
#7085=DIRECTION('',(0.,0.,1.));
#7086=DIRECTION('',(1.,0.,0.));
#7087=DIRECTION('',(0.,0.,-1.));
#7088=DIRECTION('',(0.,-1.,0.));
#7089=DIRECTION('',(0.,0.,1.));
#7090=DIRECTION('',(1.,0.,0.));
#7091=DIRECTION('',(0.,0.,-1.));
#7092=DIRECTION('',(-1.,0.,0.));
#7093=DIRECTION('',(0.,0.,1.));
#7094=DIRECTION('',(0.,0.,1.));
#7095=DIRECTION('',(0.,1.,0.));
#7096=DIRECTION('',(0.,-1.0758037935686E-17,-1.));
#7097=DIRECTION('',(0.,1.,-1.0758037935686E-17));
#7098=DIRECTION('',(0.,1.,-1.0758037935686E-17));
#7099=DIRECTION('',(0.,1.,-1.0758037935686E-17));
#7100=DIRECTION('',(0.,0.,1.));
#7101=DIRECTION('',(1.,0.,0.));
#7102=DIRECTION('',(0.,-1.,0.));
#7103=DIRECTION('',(1.,0.,0.));
#7104=DIRECTION('',(0.,-1.,0.));
#7105=DIRECTION('',(0.,1.,0.));
#7106=DIRECTION('',(0.,0.,1.));
#7107=DIRECTION('',(1.,0.,0.));
#7108=DIRECTION('',(0.,0.,-1.));
#7109=DIRECTION('',(1.,0.,0.));
#7110=DIRECTION('',(0.,0.,-1.));
#7111=DIRECTION('',(0.,0.,1.));
#7112=DIRECTION('',(1.,0.,0.));
#7113=DIRECTION('',(0.,0.,-1.));
#7114=DIRECTION('',(-1.,0.,0.));
#7115=DIRECTION('',(0.,-1.,0.));
#7116=DIRECTION('',(-1.,0.,0.));
#7117=DIRECTION('',(0.,-1.,0.));
#7118=DIRECTION('',(-1.,0.,0.));
#7119=DIRECTION('',(0.,-1.,0.));
#7120=DIRECTION('',(-1.,0.,0.));
#7121=DIRECTION('',(0.,1.,0.));
#7122=DIRECTION('',(0.70710678118655,0.707106781186545,0.));
#7123=DIRECTION('',(1.,0.,0.));
#7124=DIRECTION('',(0.707106781186545,-0.70710678118655,0.));
#7125=DIRECTION('',(0.,-1.,0.));
#7126=DIRECTION('',(0.,0.,-1.));
#7127=DIRECTION('',(0.,0.,1.));
#7128=DIRECTION('',(-1.,0.,0.));
#7129=DIRECTION('',(0.,0.,1.));
#7130=DIRECTION('',(-1.,0.,0.));
#7131=DIRECTION('',(0.,0.,-1.));
#7132=DIRECTION('',(-1.,0.,0.));
#7133=DIRECTION('',(0.,-1.,0.));
#7134=DIRECTION('',(-1.,0.,0.));
#7135=DIRECTION('',(0.,-1.,0.));
#7136=DIRECTION('',(0.,1.,0.));
#7137=DIRECTION('',(0.,0.,1.));
#7138=DIRECTION('',(0.,0.,-1.));
#7139=DIRECTION('',(0.,0.,-1.));
#7140=DIRECTION('',(-1.,0.,0.));
#7141=DIRECTION('',(0.,0.,1.));
#7142=DIRECTION('',(1.,0.,0.));
#7143=DIRECTION('',(0.,0.,-1.));
#7144=DIRECTION('',(-1.,0.,0.));
#7145=DIRECTION('',(1.,0.,0.));
#7146=DIRECTION('',(0.,0.,-1.));
#7147=DIRECTION('',(0.,1.,0.));
#7148=DIRECTION('',(0.,0.,1.));
#7149=DIRECTION('',(0.,0.,-1.));
#7150=DIRECTION('',(-1.,0.,0.));
#7151=DIRECTION('',(0.,0.,-1.));
#7152=DIRECTION('',(-1.,0.,0.));
#7153=DIRECTION('',(0.,0.,1.));
#7154=DIRECTION('',(1.,0.,0.));
#7155=DIRECTION('',(0.,0.,-1.));
#7156=DIRECTION('',(-1.,0.,0.));
#7157=DIRECTION('',(1.,0.,0.));
#7158=DIRECTION('',(0.,0.,-1.));
#7159=DIRECTION('',(0.,0.,1.));
#7160=DIRECTION('',(1.,0.,0.));
#7161=DIRECTION('',(0.,1.,0.));
#7162=DIRECTION('',(-1.,0.,0.));
#7163=DIRECTION('',(0.,1.,0.));
#7164=DIRECTION('',(0.,0.743144825477652,0.669130606358572));
#7165=DIRECTION('',(0.,-0.669130606358572,0.743144825477652));
#7166=DIRECTION('',(0.,0.669130606358572,-0.743144825477652));
#7167=DIRECTION('',(-1.,0.,0.));
#7168=DIRECTION('',(0.,0.669130606358572,-0.743144825477652));
#7169=DIRECTION('',(0.,0.,1.));
#7170=DIRECTION('',(1.,0.,0.));
#7171=DIRECTION('',(0.,1.,0.));
#7172=DIRECTION('',(-1.,0.,0.));
#7173=DIRECTION('',(0.,1.,0.));
#7174=DIRECTION('',(0.,-0.669130606358588,0.743144825477638));
#7175=DIRECTION('',(0.,-0.743144825477638,-0.669130606358588));
#7176=DIRECTION('',(0.,0.743144825477637,0.669130606358588));
#7177=DIRECTION('',(-1.,0.,0.));
#7178=DIRECTION('',(0.,0.743144825477637,0.669130606358588));
#7179=DIRECTION('',(0.,0.,1.));
#7180=DIRECTION('',(1.,0.,0.));
#7181=DIRECTION('',(0.,1.,0.));
#7182=DIRECTION('',(-1.,0.,0.));
#7183=DIRECTION('',(0.,1.,0.));
#7184=DIRECTION('',(0.,1.,0.));
#7185=DIRECTION('',(0.,0.,1.));
#7186=DIRECTION('',(0.,0.,-1.));
#7187=DIRECTION('',(-1.,0.,0.));
#7188=DIRECTION('',(0.,0.,-1.));
#7189=DIRECTION('',(0.,-1.77854687087508E-17,-1.));
#7190=DIRECTION('',(0.,1.,-1.77854687087508E-17));
#7191=DIRECTION('',(0.,-1.,1.77854687087508E-17));
#7192=DIRECTION('',(-1.,0.,0.));
#7193=DIRECTION('',(0.,-1.,1.77854687087508E-17));
#7194=DIRECTION('',(-1.,0.,0.));
#7195=DIRECTION('',(0.,0.,1.));
#7196=DIRECTION('',(1.,0.,0.));
#7197=DIRECTION('',(0.,0.,-1.));
#7198=DIRECTION('',(-1.,0.,0.));
#7199=DIRECTION('',(1.,0.,0.));
#7200=DIRECTION('',(0.,0.,-1.));
#7201=DIRECTION('',(0.,1.,0.));
#7202=DIRECTION('',(0.,0.,1.));
#7203=DIRECTION('',(0.,0.,-1.));
#7204=DIRECTION('',(-1.,0.,0.));
#7205=DIRECTION('',(0.,0.,-1.));
#7206=DIRECTION('',(-1.,0.,0.));
#7207=DIRECTION('',(0.,0.,1.));
#7208=DIRECTION('',(1.,0.,0.));
#7209=DIRECTION('',(0.,0.,-1.));
#7210=DIRECTION('',(-1.,0.,0.));
#7211=DIRECTION('',(1.,0.,0.));
#7212=DIRECTION('',(0.,0.,-1.));
#7213=DIRECTION('',(0.,0.,1.));
#7214=DIRECTION('',(1.,0.,0.));
#7215=DIRECTION('',(0.,1.,0.));
#7216=DIRECTION('',(-1.,0.,0.));
#7217=DIRECTION('',(0.,1.,0.));
#7218=DIRECTION('',(0.,1.,0.));
#7219=DIRECTION('',(0.,0.,1.));
#7220=DIRECTION('',(0.,0.,-1.));
#7221=DIRECTION('',(-1.,0.,0.));
#7222=DIRECTION('',(0.,0.,-1.));
#7223=DIRECTION('',(0.,0.,-1.));
#7224=DIRECTION('',(-1.,0.,0.));
#7225=DIRECTION('',(0.,-1.,0.));
#7226=DIRECTION('',(-1.,0.,0.));
#7227=DIRECTION('',(0.,-1.,0.));
#7228=DIRECTION('',(0.,-0.669130606358588,-0.743144825477638));
#7229=DIRECTION('',(0.,0.743144825477638,-0.669130606358588));
#7230=DIRECTION('',(0.,-0.743144825477637,0.669130606358588));
#7231=DIRECTION('',(-1.,0.,0.));
#7232=DIRECTION('',(0.,-0.743144825477637,0.669130606358588));
#7233=DIRECTION('',(0.,0.,-1.));
#7234=DIRECTION('',(-1.,0.,0.));
#7235=DIRECTION('',(0.,-1.,0.));
#7236=DIRECTION('',(-1.,0.,0.));
#7237=DIRECTION('',(0.,-1.,0.));
#7238=DIRECTION('',(0.,0.743144825477652,-0.669130606358572));
#7239=DIRECTION('',(0.,0.669130606358572,0.743144825477652));
#7240=DIRECTION('',(0.,-0.669130606358572,-0.743144825477652));
#7241=DIRECTION('',(-1.,0.,0.));
#7242=DIRECTION('',(0.,-0.669130606358572,-0.743144825477652));
#7243=DIRECTION('',(0.,0.,-1.));
#7244=DIRECTION('',(-1.,0.,0.));
#7245=DIRECTION('',(0.,-1.,0.));
#7246=DIRECTION('',(-1.,0.,0.));
#7247=DIRECTION('',(0.,-1.,0.));
#7248=DIRECTION('',(-1.,0.,0.));
#7249=DIRECTION('',(0.,0.,1.));
#7250=DIRECTION('',(1.,0.,0.));
#7251=DIRECTION('',(0.,0.,-1.));
#7252=DIRECTION('',(-1.,0.,0.));
#7253=DIRECTION('',(1.,0.,0.));
#7254=DIRECTION('',(0.,0.,-1.));
#7255=DIRECTION('',(0.,1.,0.));
#7256=DIRECTION('',(0.,0.,1.));
#7257=DIRECTION('',(0.,0.,-1.));
#7258=DIRECTION('',(-1.,0.,0.));
#7259=DIRECTION('',(0.,0.,-1.));
#7260=DIRECTION('',(-1.,0.,0.));
#7261=DIRECTION('',(0.,0.,1.));
#7262=DIRECTION('',(1.,0.,0.));
#7263=DIRECTION('',(0.,0.,-1.));
#7264=DIRECTION('',(-1.,0.,0.));
#7265=DIRECTION('',(1.,0.,0.));
#7266=DIRECTION('',(0.,0.,-1.));
#7267=DIRECTION('',(0.,0.,1.));
#7268=DIRECTION('',(1.,0.,0.));
#7269=DIRECTION('',(0.,1.,0.));
#7270=DIRECTION('',(-1.,0.,0.));
#7271=DIRECTION('',(0.,1.,0.));
#7272=DIRECTION('',(0.,1.,0.));
#7273=DIRECTION('',(0.,0.,1.));
#7274=DIRECTION('',(0.,0.,-1.));
#7275=DIRECTION('',(-1.,0.,0.));
#7276=DIRECTION('',(0.,0.,-1.));
#7277=DIRECTION('',(0.,0.,1.));
#7278=DIRECTION('',(1.,0.,0.));
#7279=DIRECTION('',(0.,1.,0.));
#7280=DIRECTION('',(0.,1.,0.));
#7281=DIRECTION('',(1.,0.,0.));
#7282=DIRECTION('',(0.,0.,-1.));
#7283=DIRECTION('',(1.,0.,0.));
#7284=DIRECTION('',(0.,0.,-1.));
#7285=DIRECTION('',(1.,0.,0.));
#7286=DIRECTION('',(0.,0.,-1.));
#7287=DIRECTION('',(0.,0.,-1.));
#7288=DIRECTION('',(0.,-1.,0.));
#7289=DIRECTION('',(0.,0.,-1.));
#7290=DIRECTION('',(0.70710678118655,0.707106781186545,0.));
#7291=DIRECTION('',(-0.707106781186545,0.70710678118655,0.));
#7292=DIRECTION('',(0.,0.,-1.));
#7293=DIRECTION('',(0.707106781186545,-0.70710678118655,0.));
#7294=DIRECTION('',(0.,1.,0.));
#7295=DIRECTION('',(0.,0.,1.));
#7296=DIRECTION('',(0.,0.,-1.));
#7297=DIRECTION('',(1.,0.,0.));
#7298=DIRECTION('',(-0.707106781186545,0.70710678118655,0.));
#7299=DIRECTION('',(-0.70710678118655,-0.707106781186545,0.));
#7300=DIRECTION('',(0.,0.,-1.));
#7301=DIRECTION('',(0.70710678118655,0.707106781186545,0.));
#7302=DIRECTION('',(-1.,0.,0.));
#7303=DIRECTION('',(0.,0.,1.));
#7304=DIRECTION('',(0.,0.,-1.));
#7305=DIRECTION('',(0.,1.,0.));
#7306=DIRECTION('',(0.,-1.,0.));
#7307=DIRECTION('',(0.,0.,-1.));
#7308=DIRECTION('',(-1.,0.,0.));
#7309=DIRECTION('',(0.,0.,1.));
#7310=DIRECTION('',(1.,0.,0.));
#7311=DIRECTION('',(0.,0.,1.));
#7312=DIRECTION('',(1.,0.,0.));
#7313=CARTESIAN_POINT('',(0.,0.,0.));
#7314=CARTESIAN_POINT('',(0.099999999999999,0.005,0.1));
#7315=CARTESIAN_POINT('',(-0.0425,0.005,0.1));
#7316=CARTESIAN_POINT('',(-0.0425,0.099,0.1));
#7317=CARTESIAN_POINT('',(-0.0425,0.205,0.1));
#7318=CARTESIAN_POINT('',(0.0659999999999998,-0.0119999999999996,0.1));
#7319=CARTESIAN_POINT('',(-0.0525,0.225,0.1));
#7320=CARTESIAN_POINT('',(0.099999999999999,0.225,0.1));
#7321=CARTESIAN_POINT('',(-0.1,0.225,0.1));
#7322=CARTESIAN_POINT('',(-0.1,0.005,0.1));
#7323=CARTESIAN_POINT('',(-0.1,0.,0.1));
#7324=CARTESIAN_POINT('',(0.099999999999999,0.,0.1));
#7325=CARTESIAN_POINT('',(0.099999999999999,0.,0.1));
#7326=CARTESIAN_POINT('',(0.099999999999999,0.005,0.1));
#7327=CARTESIAN_POINT('',(0.099999999999999,0.225,0.1));
#7328=CARTESIAN_POINT('',(0.099999999999999,0.225,0.1));
#7329=CARTESIAN_POINT('',(0.0525,0.225,0.1));
#7330=CARTESIAN_POINT('',(-0.0260000000000002,0.0679999999999996,0.1));
#7331=CARTESIAN_POINT('',(0.0425,0.205,0.1));
#7332=CARTESIAN_POINT('',(0.0425,0.005,0.1));
#7333=CARTESIAN_POINT('',(0.0425,0.099,0.1));
#7334=CARTESIAN_POINT('',(0.099999999999999,0.099,0.1));
#7335=CARTESIAN_POINT('',(-0.1,0.225,0.0675));
#7336=CARTESIAN_POINT('',(-0.1,0.225,0.0675));
#7337=CARTESIAN_POINT('',(-0.1,0.225,0.0675));
#7338=CARTESIAN_POINT('',(-0.0525,0.225,0.0675));
#7339=CARTESIAN_POINT('',(-0.0525,0.225,0.0675));
#7340=CARTESIAN_POINT('',(-0.0425,0.205,0.0675));
#7341=CARTESIAN_POINT('',(-0.0425,0.205,0.0675));
#7342=CARTESIAN_POINT('',(-0.0425,0.099,0.0675));
#7343=CARTESIAN_POINT('',(0.,0.099,0.0675));
#7344=CARTESIAN_POINT('',(-0.1,0.099,0.0675));
#7345=CARTESIAN_POINT('',(-0.1,0.225,0.0675));
#7346=CARTESIAN_POINT('',(-0.1,0.225,0.0675));
#7347=CARTESIAN_POINT('',(0.,0.099,0.0675));
#7348=CARTESIAN_POINT('',(0.1,0.099,0.0675));
#7349=CARTESIAN_POINT('',(0.0425,0.099,0.0675));
#7350=CARTESIAN_POINT('',(0.0425,0.099,0.0675));
#7351=CARTESIAN_POINT('',(0.0425,0.205,0.0675));
#7352=CARTESIAN_POINT('',(0.0425,0.205,0.0675));
#7353=CARTESIAN_POINT('',(0.0525,0.225,0.0675));
#7354=CARTESIAN_POINT('',(-0.1,0.225,0.0675));
#7355=CARTESIAN_POINT('',(0.1,0.225,0.0675));
#7356=CARTESIAN_POINT('',(0.1,0.225,0.0675));
#7357=CARTESIAN_POINT('',(0.,0.225,0.));
#7358=CARTESIAN_POINT('',(-0.0525,0.225,0.));
#7359=CARTESIAN_POINT('',(-0.1,0.225,0.1));
#7360=CARTESIAN_POINT('',(0.,0.225,0.));
#7361=CARTESIAN_POINT('',(0.0525,0.225,0.));
#7362=CARTESIAN_POINT('',(0.1,0.225,0.0675));
#7363=CARTESIAN_POINT('',(-0.125,0.099,0.0675));
#7364=CARTESIAN_POINT('',(-0.1,0.099,0.0675));
#7365=CARTESIAN_POINT('',(-0.1,0.,0.0675));
#7366=CARTESIAN_POINT('',(-0.1,0.0245,0.0675));
#7367=CARTESIAN_POINT('',(0.125,0.0245,0.067500000000002));
#7368=CARTESIAN_POINT('',(-0.125,0.0245,0.067500000000002));
#7369=CARTESIAN_POINT('',(-0.125,0.099,0.0675));
#7370=CARTESIAN_POINT('',(-0.125,0.,0.0675));
#7371=CARTESIAN_POINT('',(-0.125,0.,0.0675));
#7372=CARTESIAN_POINT('',(-0.125,0.099,0.0675));
#7373=CARTESIAN_POINT('',(0.125,0.0745,0.067500000000002));
#7374=CARTESIAN_POINT('',(-0.1,0.0745,0.067500000000002));
#7375=CARTESIAN_POINT('',(-0.125,0.0745,0.067500000000002));
#7376=CARTESIAN_POINT('',(-0.1,0.225,0.0675));
#7377=CARTESIAN_POINT('',(-0.125,0.099,0.0675));
#7378=CARTESIAN_POINT('',(-0.125,0.099,0.0675));
#7379=CARTESIAN_POINT('',(-0.125,0.099,0.0675));
#7380=CARTESIAN_POINT('',(0.125,0.099,-0.0675));
#7381=CARTESIAN_POINT('',(0.125,0.0245,-0.067500000000002));
#7382=CARTESIAN_POINT('',(-0.1,0.0245,-0.0675));
#7383=CARTESIAN_POINT('',(-0.125,0.0245,-0.067500000000002));
#7384=CARTESIAN_POINT('',(-0.1,0.099,-0.0675));
#7385=CARTESIAN_POINT('',(-0.1,0.,-0.0675));
#7386=CARTESIAN_POINT('',(0.125,0.,-0.0675));
#7387=CARTESIAN_POINT('',(-0.125,0.,-0.0675));
#7388=CARTESIAN_POINT('',(-0.125,0.099,-0.0675));
#7389=CARTESIAN_POINT('',(0.125,0.099,-0.0675));
#7390=CARTESIAN_POINT('',(0.125,0.099,-0.0675));
#7391=CARTESIAN_POINT('',(-0.1,0.099,-0.0675));
#7392=CARTESIAN_POINT('',(-0.125,0.099,-0.0675));
#7393=CARTESIAN_POINT('',(-0.1,0.225,-0.0675));
#7394=CARTESIAN_POINT('',(-0.1,0.0745,-0.0675));
#7395=CARTESIAN_POINT('',(0.125,0.0745,-0.067500000000002));
#7396=CARTESIAN_POINT('',(-0.125,0.0745,-0.0675));
#7397=CARTESIAN_POINT('',(-0.125,0.099,-0.0675));
#7398=CARTESIAN_POINT('',(0.092,0.099,-0.0325));
#7399=CARTESIAN_POINT('',(0.092,0.099,-0.0165));
#7400=CARTESIAN_POINT('',(0.092,0.099,-0.0165));
#7401=CARTESIAN_POINT('',(0.092,0.005,-0.0165));
#7402=CARTESIAN_POINT('',(0.092,0.005,-0.0325));
#7403=CARTESIAN_POINT('',(0.092,0.005,-0.0325));
#7404=CARTESIAN_POINT('',(0.092,0.099,-0.0325));
#7405=CARTESIAN_POINT('',(0.092,0.099,-0.0325));
#7406=CARTESIAN_POINT('',(0.092,0.099,-0.0325));
#7407=CARTESIAN_POINT('',(0.092,0.099,0.0175));
#7408=CARTESIAN_POINT('',(0.092,0.099,0.0335));
#7409=CARTESIAN_POINT('',(0.092,0.099,0.0335));
#7410=CARTESIAN_POINT('',(0.092,0.005,0.0335));
#7411=CARTESIAN_POINT('',(0.092,0.005,0.0175));
#7412=CARTESIAN_POINT('',(0.092,0.005,0.0175));
#7413=CARTESIAN_POINT('',(0.092,0.099,0.0175));
#7414=CARTESIAN_POINT('',(0.092,0.099,0.0175));
#7415=CARTESIAN_POINT('',(0.092,0.099,0.0175));
#7416=CARTESIAN_POINT('',(0.042,0.099,-0.0325));
#7417=CARTESIAN_POINT('',(0.042,0.099,-0.0165));
#7418=CARTESIAN_POINT('',(0.042,0.099,-0.0165));
#7419=CARTESIAN_POINT('',(0.042,0.005,-0.0165));
#7420=CARTESIAN_POINT('',(0.042,0.005,-0.0325));
#7421=CARTESIAN_POINT('',(0.042,0.005,-0.0325));
#7422=CARTESIAN_POINT('',(0.042,0.099,-0.0325));
#7423=CARTESIAN_POINT('',(0.042,0.099,-0.0325));
#7424=CARTESIAN_POINT('',(0.042,0.099,-0.0325));
#7425=CARTESIAN_POINT('',(0.058,0.099,-0.0325));
#7426=CARTESIAN_POINT('',(0.058,0.005,-0.0325));
#7427=CARTESIAN_POINT('',(0.058,0.005,-0.0325));
#7428=CARTESIAN_POINT('',(0.058,0.099,-0.0325));
#7429=CARTESIAN_POINT('',(0.058,0.099,-0.0325));
#7430=CARTESIAN_POINT('',(0.058,0.099,-0.0325));
#7431=CARTESIAN_POINT('',(0.058,0.099,-0.0165));
#7432=CARTESIAN_POINT('',(0.058,0.005,-0.0165));
#7433=CARTESIAN_POINT('',(0.058,0.005,-0.0165));
#7434=CARTESIAN_POINT('',(0.058,0.099,-0.0165));
#7435=CARTESIAN_POINT('',(0.058,0.099,-0.0165));
#7436=CARTESIAN_POINT('',(0.058,0.099,-0.0165));
#7437=CARTESIAN_POINT('',(0.042,0.099,0.0175));
#7438=CARTESIAN_POINT('',(0.042,0.099,0.0335));
#7439=CARTESIAN_POINT('',(0.042,0.099,0.0335));
#7440=CARTESIAN_POINT('',(0.042,0.005,0.0335));
#7441=CARTESIAN_POINT('',(0.042,0.005,0.0175));
#7442=CARTESIAN_POINT('',(0.042,0.005,0.0175));
#7443=CARTESIAN_POINT('',(0.042,0.099,0.0175));
#7444=CARTESIAN_POINT('',(0.042,0.099,0.0175));
#7445=CARTESIAN_POINT('',(0.042,0.099,0.0175));
#7446=CARTESIAN_POINT('',(0.058,0.099,0.0175));
#7447=CARTESIAN_POINT('',(0.058,0.005,0.0175));
#7448=CARTESIAN_POINT('',(0.058,0.005,0.0175));
#7449=CARTESIAN_POINT('',(0.058,0.099,0.0175));
#7450=CARTESIAN_POINT('',(0.058,0.099,0.0175));
#7451=CARTESIAN_POINT('',(0.058,0.099,0.0175));
#7452=CARTESIAN_POINT('',(0.058,0.099,0.0335));
#7453=CARTESIAN_POINT('',(0.058,0.005,0.0335));
#7454=CARTESIAN_POINT('',(0.058,0.005,0.0335));
#7455=CARTESIAN_POINT('',(0.058,0.099,0.0335));
#7456=CARTESIAN_POINT('',(0.058,0.099,0.0335));
#7457=CARTESIAN_POINT('',(0.058,0.099,0.0335));
#7458=CARTESIAN_POINT('',(-0.00799999999999999,0.099,-0.0325));
#7459=CARTESIAN_POINT('',(-0.00799999999999999,0.099,-0.0165));
#7460=CARTESIAN_POINT('',(-0.00799999999999999,0.099,-0.0165));
#7461=CARTESIAN_POINT('',(-0.00799999999999999,0.005,-0.0165));
#7462=CARTESIAN_POINT('',(-0.00799999999999999,0.005,-0.0325));
#7463=CARTESIAN_POINT('',(-0.008,0.005,-0.0325));
#7464=CARTESIAN_POINT('',(-0.00799999999999999,0.099,-0.0325));
#7465=CARTESIAN_POINT('',(-0.00799999999999999,0.099,-0.0325));
#7466=CARTESIAN_POINT('',(-0.00799999999999999,0.099,-0.0325));
#7467=CARTESIAN_POINT('',(0.00800000000000001,0.099,-0.0325));
#7468=CARTESIAN_POINT('',(0.00800000000000001,0.005,-0.0325));
#7469=CARTESIAN_POINT('',(0.00800000000000001,0.005,-0.0325));
#7470=CARTESIAN_POINT('',(0.00800000000000001,0.099,-0.0325));
#7471=CARTESIAN_POINT('',(0.00800000000000001,0.099,-0.0325));
#7472=CARTESIAN_POINT('',(0.00800000000000001,0.099,-0.0325));
#7473=CARTESIAN_POINT('',(0.00800000000000001,0.099,-0.0165));
#7474=CARTESIAN_POINT('',(0.00800000000000001,0.005,-0.0165));
#7475=CARTESIAN_POINT('',(0.00800000000000001,0.005,-0.0165));
#7476=CARTESIAN_POINT('',(0.00800000000000001,0.099,-0.0165));
#7477=CARTESIAN_POINT('',(0.00800000000000001,0.099,-0.0165));
#7478=CARTESIAN_POINT('',(0.00800000000000001,0.099,-0.0165));
#7479=CARTESIAN_POINT('',(-0.00799999999999999,0.099,0.0175));
#7480=CARTESIAN_POINT('',(-0.00799999999999999,0.099,0.0335));
#7481=CARTESIAN_POINT('',(-0.00799999999999999,0.099,0.0335));
#7482=CARTESIAN_POINT('',(-0.00799999999999999,0.005,0.0335));
#7483=CARTESIAN_POINT('',(-0.00799999999999999,0.005,0.0175));
#7484=CARTESIAN_POINT('',(-0.008,0.005,0.0175));
#7485=CARTESIAN_POINT('',(-0.00799999999999999,0.099,0.0175));
#7486=CARTESIAN_POINT('',(-0.00799999999999999,0.099,0.0175));
#7487=CARTESIAN_POINT('',(-0.00799999999999999,0.099,0.0175));
#7488=CARTESIAN_POINT('',(0.00800000000000001,0.099,0.0175));
#7489=CARTESIAN_POINT('',(0.00800000000000001,0.005,0.0175));
#7490=CARTESIAN_POINT('',(0.00800000000000001,0.005,0.0175));
#7491=CARTESIAN_POINT('',(0.00800000000000001,0.099,0.0175));
#7492=CARTESIAN_POINT('',(0.00800000000000001,0.099,0.0175));
#7493=CARTESIAN_POINT('',(0.00800000000000001,0.099,0.0175));
#7494=CARTESIAN_POINT('',(0.00800000000000001,0.099,0.0335));
#7495=CARTESIAN_POINT('',(0.00800000000000001,0.005,0.0335));
#7496=CARTESIAN_POINT('',(0.00800000000000001,0.005,0.0335));
#7497=CARTESIAN_POINT('',(0.00800000000000001,0.099,0.0335));
#7498=CARTESIAN_POINT('',(0.00800000000000001,0.099,0.0335));
#7499=CARTESIAN_POINT('',(0.00800000000000001,0.099,0.0335));
#7500=CARTESIAN_POINT('',(-0.058,0.099,-0.0325));
#7501=CARTESIAN_POINT('',(-0.058,0.099,-0.0165));
#7502=CARTESIAN_POINT('',(-0.058,0.099,-0.0165));
#7503=CARTESIAN_POINT('',(-0.058,0.005,-0.0165));
#7504=CARTESIAN_POINT('',(-0.058,0.005,-0.0325));
#7505=CARTESIAN_POINT('',(-0.058,0.005,-0.0325));
#7506=CARTESIAN_POINT('',(-0.058,0.099,-0.0325));
#7507=CARTESIAN_POINT('',(-0.058,0.099,-0.0325));
#7508=CARTESIAN_POINT('',(-0.058,0.099,-0.0325));
#7509=CARTESIAN_POINT('',(-0.042,0.099,-0.0325));
#7510=CARTESIAN_POINT('',(-0.042,0.005,-0.0325));
#7511=CARTESIAN_POINT('',(-0.042,0.005,-0.0325));
#7512=CARTESIAN_POINT('',(-0.042,0.099,-0.0325));
#7513=CARTESIAN_POINT('',(-0.042,0.099,-0.0325));
#7514=CARTESIAN_POINT('',(-0.042,0.099,-0.0325));
#7515=CARTESIAN_POINT('',(-0.042,0.099,-0.0165));
#7516=CARTESIAN_POINT('',(-0.042,0.005,-0.0165));
#7517=CARTESIAN_POINT('',(-0.042,0.005,-0.0165));
#7518=CARTESIAN_POINT('',(-0.042,0.099,-0.0165));
#7519=CARTESIAN_POINT('',(-0.042,0.099,-0.0165));
#7520=CARTESIAN_POINT('',(-0.042,0.099,-0.0165));
#7521=CARTESIAN_POINT('',(-0.058,0.099,0.0175));
#7522=CARTESIAN_POINT('',(-0.058,0.099,0.0335));
#7523=CARTESIAN_POINT('',(-0.058,0.099,0.0335));
#7524=CARTESIAN_POINT('',(-0.058,0.005,0.0335));
#7525=CARTESIAN_POINT('',(-0.058,0.005,0.0175));
#7526=CARTESIAN_POINT('',(-0.058,0.005,0.0175));
#7527=CARTESIAN_POINT('',(-0.058,0.099,0.0175));
#7528=CARTESIAN_POINT('',(-0.058,0.099,0.0175));
#7529=CARTESIAN_POINT('',(-0.058,0.099,0.0175));
#7530=CARTESIAN_POINT('',(-0.042,0.099,0.0175));
#7531=CARTESIAN_POINT('',(-0.042,0.005,0.0175));
#7532=CARTESIAN_POINT('',(-0.042,0.005,0.0175));
#7533=CARTESIAN_POINT('',(-0.042,0.099,0.0175));
#7534=CARTESIAN_POINT('',(-0.042,0.099,0.0175));
#7535=CARTESIAN_POINT('',(-0.042,0.099,0.0175));
#7536=CARTESIAN_POINT('',(-0.042,0.099,0.0335));
#7537=CARTESIAN_POINT('',(-0.042,0.005,0.0335));
#7538=CARTESIAN_POINT('',(-0.042,0.005,0.0335));
#7539=CARTESIAN_POINT('',(-0.042,0.099,0.0335));
#7540=CARTESIAN_POINT('',(-0.042,0.099,0.0335));
#7541=CARTESIAN_POINT('',(-0.042,0.099,0.0335));
#7542=CARTESIAN_POINT('',(-0.092,0.099,-0.0165));
#7543=CARTESIAN_POINT('',(-0.092,0.099,-0.0325));
#7544=CARTESIAN_POINT('',(-0.092,0.099,-0.0325));
#7545=CARTESIAN_POINT('',(-0.092,0.005,-0.0325));
#7546=CARTESIAN_POINT('',(-0.092,0.005,-0.0165));
#7547=CARTESIAN_POINT('',(-0.092,0.005,-0.0165));
#7548=CARTESIAN_POINT('',(-0.092,0.099,-0.0165));
#7549=CARTESIAN_POINT('',(-0.092,0.099,-0.0165));
#7550=CARTESIAN_POINT('',(-0.092,0.099,-0.0165));
#7551=CARTESIAN_POINT('',(-0.092,0.099,0.0335));
#7552=CARTESIAN_POINT('',(-0.092,0.099,0.0175));
#7553=CARTESIAN_POINT('',(-0.092,0.099,0.0175));
#7554=CARTESIAN_POINT('',(-0.092,0.005,0.0175));
#7555=CARTESIAN_POINT('',(-0.092,0.005,0.0335));
#7556=CARTESIAN_POINT('',(-0.092,0.005,0.0335));
#7557=CARTESIAN_POINT('',(-0.092,0.099,0.0335));
#7558=CARTESIAN_POINT('',(-0.092,0.099,0.0335));
#7559=CARTESIAN_POINT('',(-0.092,0.099,0.0335));
#7560=CARTESIAN_POINT('',(0.042,0.099,-0.0165));
#7561=CARTESIAN_POINT('',(0.042,0.005,-0.0165));
#7562=CARTESIAN_POINT('',(0.042,0.099,-0.0165));
#7563=CARTESIAN_POINT('',(0.042,0.099,0.0335));
#7564=CARTESIAN_POINT('',(0.042,0.005,0.0335));
#7565=CARTESIAN_POINT('',(0.042,0.099,0.0335));
#7566=CARTESIAN_POINT('',(-0.00799999999999999,0.099,-0.0165));
#7567=CARTESIAN_POINT('',(-0.00799999999999999,0.005,-0.0165));
#7568=CARTESIAN_POINT('',(-0.00799999999999999,0.099,-0.0165));
#7569=CARTESIAN_POINT('',(-0.00799999999999999,0.099,0.0335));
#7570=CARTESIAN_POINT('',(-0.00799999999999999,0.005,0.0335));
#7571=CARTESIAN_POINT('',(-0.00799999999999999,0.099,0.0335));
#7572=CARTESIAN_POINT('',(-0.058,0.099,-0.0165));
#7573=CARTESIAN_POINT('',(-0.058,0.005,-0.0165));
#7574=CARTESIAN_POINT('',(-0.058,0.099,-0.0165));
#7575=CARTESIAN_POINT('',(-0.058,0.099,0.0335));
#7576=CARTESIAN_POINT('',(-0.058,0.005,0.0335));
#7577=CARTESIAN_POINT('',(-0.058,0.099,0.0335));
#7578=CARTESIAN_POINT('',(0.125,0.099,-0.0675));
#7579=CARTESIAN_POINT('',(0.100000000000004,0.099,-0.0675));
#7580=CARTESIAN_POINT('',(0.100000000000002,0.,-0.0675));
#7581=CARTESIAN_POINT('',(0.1,0.0245,-0.0675));
#7582=CARTESIAN_POINT('',(0.125,0.0245,-0.067500000000002));
#7583=CARTESIAN_POINT('',(0.125,0.0245,-0.067500000000002));
#7584=CARTESIAN_POINT('',(0.125,0.099,-0.0675));
#7585=CARTESIAN_POINT('',(0.125,0.,-0.0675));
#7586=CARTESIAN_POINT('',(0.125,0.,-0.0675));
#7587=CARTESIAN_POINT('',(-0.125,0.099,0.0675));
#7588=CARTESIAN_POINT('',(0.125,0.0245,0.067500000000002));
#7589=CARTESIAN_POINT('',(0.125,0.0245,0.067500000000002));
#7590=CARTESIAN_POINT('',(0.1,0.0245,0.0675));
#7591=CARTESIAN_POINT('',(0.1,0.099,0.0675));
#7592=CARTESIAN_POINT('',(0.1,0.,0.0675));
#7593=CARTESIAN_POINT('',(-0.125,0.,0.0675));
#7594=CARTESIAN_POINT('',(0.125,0.,0.0675));
#7595=CARTESIAN_POINT('',(0.125,0.099,0.0675));
#7596=CARTESIAN_POINT('',(-0.125,0.099,-0.0675));
#7597=CARTESIAN_POINT('',(-0.125,0.0245,-0.0575));
#7598=CARTESIAN_POINT('',(-0.125,0.0245,-0.0575));
#7599=CARTESIAN_POINT('',(-0.125,0.0745,-0.0575));
#7600=CARTESIAN_POINT('',(-0.125,0.0245,-0.067500000000002));
#7601=CARTESIAN_POINT('',(-0.125,0.,-0.0675));
#7602=CARTESIAN_POINT('',(-0.125,0.0245,0.0575));
#7603=CARTESIAN_POINT('',(-0.125,0.0245,0.0575));
#7604=CARTESIAN_POINT('',(-0.125,0.0745,0.0575));
#7605=CARTESIAN_POINT('',(-0.125,0.0745,0.0575));
#7606=CARTESIAN_POINT('',(-0.125,0.0745,0.067500000000002));
#7607=CARTESIAN_POINT('',(-0.125,0.099,-0.0675));
#7608=CARTESIAN_POINT('',(-0.125,0.0745,-0.0575));
#7609=CARTESIAN_POINT('',(-0.125,0.099,0.0675));
#7610=CARTESIAN_POINT('',(-0.125,0.099,0.0675));
#7611=CARTESIAN_POINT('',(0.125,0.099,0.0675));
#7612=CARTESIAN_POINT('',(0.1,0.225,0.0675));
#7613=CARTESIAN_POINT('',(0.1,0.0745,0.0675));
#7614=CARTESIAN_POINT('',(0.125,0.0745,0.067500000000002));
#7615=CARTESIAN_POINT('',(0.125,0.0745,0.067500000000002));
#7616=CARTESIAN_POINT('',(0.125,0.099,0.0675));
#7617=CARTESIAN_POINT('',(0.125,0.099,0.0675));
#7618=CARTESIAN_POINT('',(0.125,0.0245,-0.067500000000002));
#7619=CARTESIAN_POINT('',(0.125,0.0245,-0.0575));
#7620=CARTESIAN_POINT('',(0.125,0.0245,-0.0575));
#7621=CARTESIAN_POINT('',(0.125,0.0745,-0.0575));
#7622=CARTESIAN_POINT('',(0.125,0.0745,-0.0575));
#7623=CARTESIAN_POINT('',(0.125,0.0745,-0.067500000000002));
#7624=CARTESIAN_POINT('',(0.125,0.099,-0.0675));
#7625=CARTESIAN_POINT('',(0.125,0.099,-0.0675));
#7626=CARTESIAN_POINT('',(0.125,0.099,0.0675));
#7627=CARTESIAN_POINT('',(0.125,0.0745,0.067500000000002));
#7628=CARTESIAN_POINT('',(0.125,0.0745,0.0575));
#7629=CARTESIAN_POINT('',(0.125,0.0745,0.0575));
#7630=CARTESIAN_POINT('',(0.125,0.0245,0.0575));
#7631=CARTESIAN_POINT('',(0.125,0.0245,0.0575));
#7632=CARTESIAN_POINT('',(0.125,0.,0.0675));
#7633=CARTESIAN_POINT('',(0.108,0.099,-0.0325));
#7634=CARTESIAN_POINT('',(0.100000000000003,0.099,-0.0325));
#7635=CARTESIAN_POINT('',(0.100000000000003,0.,-0.0325));
#7636=CARTESIAN_POINT('',(0.100000000000003,0.005,-0.0325));
#7637=CARTESIAN_POINT('',(0.108,0.,-0.0325));
#7638=CARTESIAN_POINT('',(0.108,0.,-0.0325));
#7639=CARTESIAN_POINT('',(0.108,0.099,-0.0325));
#7640=CARTESIAN_POINT('',(0.108,0.099,-0.0325));
#7641=CARTESIAN_POINT('',(0.108,0.099,-0.0325));
#7642=CARTESIAN_POINT('',(0.108,0.005,-0.0325));
#7643=CARTESIAN_POINT('',(0.108,0.099,-0.0165));
#7644=CARTESIAN_POINT('',(0.108,0.,-0.0165));
#7645=CARTESIAN_POINT('',(0.108,0.,-0.0165));
#7646=CARTESIAN_POINT('',(0.108,0.099,-0.0165));
#7647=CARTESIAN_POINT('',(0.108,0.099,-0.0165));
#7648=CARTESIAN_POINT('',(0.108,0.099,-0.0165));
#7649=CARTESIAN_POINT('',(0.108,0.099,0.0175));
#7650=CARTESIAN_POINT('',(0.100000000000002,0.099,0.0175));
#7651=CARTESIAN_POINT('',(0.100000000000002,0.,0.0175));
#7652=CARTESIAN_POINT('',(0.100000000000002,0.005,0.0175));
#7653=CARTESIAN_POINT('',(0.108,0.,0.0175));
#7654=CARTESIAN_POINT('',(0.108,0.,0.0175));
#7655=CARTESIAN_POINT('',(0.108,0.099,0.0175));
#7656=CARTESIAN_POINT('',(0.108,0.099,0.0175));
#7657=CARTESIAN_POINT('',(0.108,0.099,0.0175));
#7658=CARTESIAN_POINT('',(0.108,0.005,0.0175));
#7659=CARTESIAN_POINT('',(0.108,0.099,0.0335));
#7660=CARTESIAN_POINT('',(0.108,0.,0.0335));
#7661=CARTESIAN_POINT('',(0.108,0.,0.0335));
#7662=CARTESIAN_POINT('',(0.108,0.099,0.0335));
#7663=CARTESIAN_POINT('',(0.108,0.099,0.0335));
#7664=CARTESIAN_POINT('',(0.108,0.099,0.0335));
#7665=CARTESIAN_POINT('',(-0.108,0.099,-0.0325));
#7666=CARTESIAN_POINT('',(-0.108,0.,-0.0325));
#7667=CARTESIAN_POINT('',(-0.108,0.,-0.0325));
#7668=CARTESIAN_POINT('',(-0.108,0.,-0.0165));
#7669=CARTESIAN_POINT('',(-0.108,0.099,-0.0325));
#7670=CARTESIAN_POINT('',(-0.108,0.099,-0.0325));
#7671=CARTESIAN_POINT('',(-0.108,0.099,-0.0325));
#7672=CARTESIAN_POINT('',(-0.108,0.099,-0.0165));
#7673=CARTESIAN_POINT('',(-0.108,0.099,-0.0165));
#7674=CARTESIAN_POINT('',(-0.092,0.099,-0.0325));
#7675=CARTESIAN_POINT('',(-0.1,0.099,-0.0325));
#7676=CARTESIAN_POINT('',(-0.1,0.005,-0.0325));
#7677=CARTESIAN_POINT('',(-0.1,0.,-0.0325));
#7678=CARTESIAN_POINT('',(-0.092,0.005,-0.0325));
#7679=CARTESIAN_POINT('',(-0.092,0.099,-0.0325));
#7680=CARTESIAN_POINT('',(-0.092,0.,-0.0325));
#7681=CARTESIAN_POINT('',(-0.108,0.099,0.0175));
#7682=CARTESIAN_POINT('',(-0.108,0.,0.0175));
#7683=CARTESIAN_POINT('',(-0.108,0.,0.0175));
#7684=CARTESIAN_POINT('',(-0.108,0.,0.0335));
#7685=CARTESIAN_POINT('',(-0.108,0.099,0.0175));
#7686=CARTESIAN_POINT('',(-0.108,0.099,0.0175));
#7687=CARTESIAN_POINT('',(-0.108,0.099,0.0175));
#7688=CARTESIAN_POINT('',(-0.108,0.099,0.0335));
#7689=CARTESIAN_POINT('',(-0.108,0.099,0.0335));
#7690=CARTESIAN_POINT('',(-0.092,0.099,0.0175));
#7691=CARTESIAN_POINT('',(-0.1,0.099,0.0175));
#7692=CARTESIAN_POINT('',(-0.1,0.005,0.0175));
#7693=CARTESIAN_POINT('',(-0.1,0.,0.0175));
#7694=CARTESIAN_POINT('',(-0.092,0.005,0.0175));
#7695=CARTESIAN_POINT('',(-0.092,0.099,0.0175));
#7696=CARTESIAN_POINT('',(-0.092,0.,0.0175));
#7697=CARTESIAN_POINT('',(0.092,0.099,-0.0165));
#7698=CARTESIAN_POINT('',(0.100000000000003,0.099,-0.0165));
#7699=CARTESIAN_POINT('',(0.100000000000003,0.005,-0.0165));
#7700=CARTESIAN_POINT('',(0.100000000000002,0.,-0.0165));
#7701=CARTESIAN_POINT('',(0.092,0.005,-0.0165));
#7702=CARTESIAN_POINT('',(0.092,0.099,-0.0165));
#7703=CARTESIAN_POINT('',(0.092,0.,-0.0165));
#7704=CARTESIAN_POINT('',(0.092,0.099,0.0335));
#7705=CARTESIAN_POINT('',(0.100000000000001,0.099,0.0335));
#7706=CARTESIAN_POINT('',(0.100000000000001,0.005,0.0335));
#7707=CARTESIAN_POINT('',(0.100000000000002,0.,0.0335));
#7708=CARTESIAN_POINT('',(0.092,0.005,0.0335));
#7709=CARTESIAN_POINT('',(0.092,0.099,0.0335));
#7710=CARTESIAN_POINT('',(0.092,0.,0.0335));
#7711=CARTESIAN_POINT('',(-0.108,0.099,-0.0165));
#7712=CARTESIAN_POINT('',(-0.1,0.099,-0.0165));
#7713=CARTESIAN_POINT('',(-0.1,0.,-0.0165));
#7714=CARTESIAN_POINT('',(-0.1,0.005,-0.0165));
#7715=CARTESIAN_POINT('',(-0.108,0.,-0.0165));
#7716=CARTESIAN_POINT('',(-0.108,0.099,-0.0165));
#7717=CARTESIAN_POINT('',(-0.108,0.005,-0.0165));
#7718=CARTESIAN_POINT('',(-0.108,0.099,0.0335));
#7719=CARTESIAN_POINT('',(-0.1,0.099,0.0335));
#7720=CARTESIAN_POINT('',(-0.1,0.,0.0335));
#7721=CARTESIAN_POINT('',(-0.1,0.005,0.0335));
#7722=CARTESIAN_POINT('',(-0.108,0.,0.0335));
#7723=CARTESIAN_POINT('',(-0.108,0.099,0.0335));
#7724=CARTESIAN_POINT('',(-0.108,0.005,0.0335));
#7725=CARTESIAN_POINT('',(0.125,0.099,-0.0675));
#7726=CARTESIAN_POINT('',(0.125,0.0745,-0.067500000000002));
#7727=CARTESIAN_POINT('',(0.1,0.0745,-0.067500000000002));
#7728=CARTESIAN_POINT('',(0.1,0.225,-0.0675));
#7729=CARTESIAN_POINT('',(0.1,0.099,-0.0675));
#7730=CARTESIAN_POINT('',(0.125,0.099,-0.0675));
#7731=CARTESIAN_POINT('',(0.,0.099,0.));
#7732=CARTESIAN_POINT('',(-0.0425,0.099,0.2925));
#7733=CARTESIAN_POINT('',(0.0425,0.099,0.2925));
#7734=CARTESIAN_POINT('',(0.,0.099,-0.0675));
#7735=CARTESIAN_POINT('',(0.,0.,0.));
#7736=CARTESIAN_POINT('',(-0.1,0.,0.1));
#7737=CARTESIAN_POINT('',(-0.1,0.,0.1));
#7738=CARTESIAN_POINT('',(0.100000000000005,0.,-0.1));
#7739=CARTESIAN_POINT('',(0.100000000000005,0.,-0.1));
#7740=CARTESIAN_POINT('',(0.100000000000005,0.,-0.1));
#7741=CARTESIAN_POINT('',(-0.1,0.,0.1));
#7742=CARTESIAN_POINT('',(-0.1,0.,0.1));
#7743=CARTESIAN_POINT('',(-0.1,0.,-0.1));
#7744=CARTESIAN_POINT('',(-0.1,0.,-0.1));
#7745=CARTESIAN_POINT('',(0.100000000000005,0.,-0.1));
#7746=CARTESIAN_POINT('',(0.100000000000005,0.,-0.1));
#7747=CARTESIAN_POINT('',(0.125,0.0745,0.0575));
#7748=CARTESIAN_POINT('',(0.125,0.0245,0.0575));
#7749=CARTESIAN_POINT('',(0.125,0.0745,0.0575));
#7750=CARTESIAN_POINT('',(0.125,0.0245,0.0575));
#7751=CARTESIAN_POINT('',(0.125,0.0245,0.0675));
#7752=CARTESIAN_POINT('',(0.125,0.0745,0.067500000000002));
#7753=CARTESIAN_POINT('',(0.125,0.0745,0.0675));
#7754=CARTESIAN_POINT('',(0.125,0.0245,-0.067500000000002));
#7755=CARTESIAN_POINT('',(0.125,0.0245,-0.0575));
#7756=CARTESIAN_POINT('',(0.125,0.0245,-0.0675));
#7757=CARTESIAN_POINT('',(0.125,0.0245,-0.0575));
#7758=CARTESIAN_POINT('',(0.125,0.0745,-0.0575));
#7759=CARTESIAN_POINT('',(0.125,0.0745,-0.0575));
#7760=CARTESIAN_POINT('',(0.125,0.0745,-0.0675));
#7761=CARTESIAN_POINT('',(0.,0.005,0.));
#7762=CARTESIAN_POINT('',(-0.1,0.005,0.1));
#7763=CARTESIAN_POINT('',(-0.1,0.005,0.1));
#7764=CARTESIAN_POINT('',(0.,0.005,0.));
#7765=CARTESIAN_POINT('',(-0.1,0.005,0.1));
#7766=CARTESIAN_POINT('',(-0.1,0.005,0.1));
#7767=CARTESIAN_POINT('',(0.,0.005,0.));
#7768=CARTESIAN_POINT('',(0.,0.005,0.));
#7769=CARTESIAN_POINT('',(0.,0.005,0.));
#7770=CARTESIAN_POINT('',(0.,0.005,0.));
#7771=CARTESIAN_POINT('',(0.,0.005,0.));
#7772=CARTESIAN_POINT('',(0.,0.005,0.));
#7773=CARTESIAN_POINT('',(0.,0.005,0.));
#7774=CARTESIAN_POINT('',(0.100000000000005,0.005,-0.1));
#7775=CARTESIAN_POINT('',(0.100000000000005,0.005,-0.1));
#7776=CARTESIAN_POINT('',(0.,0.005,0.));
#7777=CARTESIAN_POINT('',(0.100000000000005,0.005,-0.1));
#7778=CARTESIAN_POINT('',(0.100000000000005,0.005,-0.1));
#7779=CARTESIAN_POINT('',(0.100000000000005,0.005,-0.1));
#7780=CARTESIAN_POINT('',(0.1,0.225,0.0675));
#7781=CARTESIAN_POINT('',(-0.1,0.005,0.1));
#7782=CARTESIAN_POINT('',(-0.1,0.225,0.0675));
#7783=CARTESIAN_POINT('',(-0.1,0.005,0.1));
#7784=CARTESIAN_POINT('',(-0.1,0.225,-0.0675));
#7785=CARTESIAN_POINT('',(-0.1,0.225,-0.0675));
#7786=CARTESIAN_POINT('',(-0.1,0.225,-0.0675));
#7787=CARTESIAN_POINT('',(-0.1,0.225,-0.0675));
#7788=CARTESIAN_POINT('',(-0.1,0.225,-0.1));
#7789=CARTESIAN_POINT('',(-0.1,0.005,-0.1));
#7790=CARTESIAN_POINT('',(0.100000000000005,0.005,-0.1));
#7791=CARTESIAN_POINT('',(0.100000000000005,0.005,-0.1));
#7792=CARTESIAN_POINT('',(0.1,0.225,-0.1));
#7793=CARTESIAN_POINT('',(0.1,0.225,-0.1));
#7794=CARTESIAN_POINT('',(0.1,0.225,-0.0675));
#7795=CARTESIAN_POINT('',(0.1,0.225,-0.0675));
#7796=CARTESIAN_POINT('',(0.1,0.225,-0.0675));
#7797=CARTESIAN_POINT('',(-0.1,0.005,-0.1));
#7798=CARTESIAN_POINT('',(-0.1,0.225,-0.1));
#7799=CARTESIAN_POINT('',(0.1,0.225,-0.0675));
#7800=CARTESIAN_POINT('',(0.1,0.225,-0.0675));
#7801=CARTESIAN_POINT('',(0.1,0.225,-0.0675));
#7802=CARTESIAN_POINT('',(0.,0.225,0.));
#7803=CARTESIAN_POINT('',(-0.1,0.225,0.0675));
#7804=CARTESIAN_POINT('',(-0.0525,0.225,0.2925));
#7805=CARTESIAN_POINT('',(-0.0425,0.205,0.2925));
#7806=CARTESIAN_POINT('',(-0.0425,0.205,0.2925));
#7807=CARTESIAN_POINT('',(0.0425,0.099,0.2925));
#7808=CARTESIAN_POINT('',(0.0425,0.205,0.2925));
#7809=CARTESIAN_POINT('',(0.0425,0.205,0.2925));
#7810=CARTESIAN_POINT('',(0.,0.,0.));
#7811=CARTESIAN_POINT('',(0.108,0.05,0.));
#7812=CARTESIAN_POINT('',(0.108,0.075242424242422,0.016999999999999));
#7813=CARTESIAN_POINT('',(0.042,0.075242424242422,0.016999999999999));
#7814=CARTESIAN_POINT('',(0.058,0.075242424242422,0.016999999999999));
#7815=CARTESIAN_POINT('',(0.042,0.05,0.));
#7816=CARTESIAN_POINT('',(0.042,0.089,0.0262653061224498));
#7817=CARTESIAN_POINT('',(0.108,0.089,0.0262653061224498));
#7818=CARTESIAN_POINT('',(0.00799999999999997,0.089,0.0262653061224498));
#7819=CARTESIAN_POINT('',(0.00799999999999997,0.05,0.));
#7820=CARTESIAN_POINT('',(0.00799999999999997,0.099,0.033000000000001));
#7821=CARTESIAN_POINT('',(0.108,0.099,0.033000000000001));
#7822=CARTESIAN_POINT('',(-0.00800000000000001,0.099,0.033000000000001));
#7823=CARTESIAN_POINT('',(-0.00800000000000001,0.05,0.));
#7824=CARTESIAN_POINT('',(-0.00800000000000001,0.089,0.0262653061224498));
#7825=CARTESIAN_POINT('',(0.108,0.089,0.0262653061224498));
#7826=CARTESIAN_POINT('',(-0.042,0.089,0.0262653061224498));
#7827=CARTESIAN_POINT('',(-0.042,0.05,0.));
#7828=CARTESIAN_POINT('',(-0.042,0.099,0.033000000000001));
#7829=CARTESIAN_POINT('',(0.108,0.099,0.033000000000001));
#7830=CARTESIAN_POINT('',(-0.058,0.099,0.033000000000001));
#7831=CARTESIAN_POINT('',(-0.058,0.05,0.));
#7832=CARTESIAN_POINT('',(-0.058,0.089,0.0262653061224498));
#7833=CARTESIAN_POINT('',(0.108,0.089,0.0262653061224498));
#7834=CARTESIAN_POINT('',(-0.092,0.089,0.0262653061224498));
#7835=CARTESIAN_POINT('',(-0.092,0.05,0.));
#7836=CARTESIAN_POINT('',(-0.092,0.099,0.033000000000001));
#7837=CARTESIAN_POINT('',(0.108,0.099,0.033000000000001));
#7838=CARTESIAN_POINT('',(-0.108,0.099,0.033000000000001));
#7839=CARTESIAN_POINT('',(-0.108,0.05,0.));
#7840=CARTESIAN_POINT('',(-0.108,0.05,0.));
#7841=CARTESIAN_POINT('',(0.108,0.05,0.));
#7842=CARTESIAN_POINT('',(0.108,0.05,0.));
#7843=CARTESIAN_POINT('',(0.108,0.05,0.));
#7844=CARTESIAN_POINT('',(0.108,0.099,0.033000000000001));
#7845=CARTESIAN_POINT('',(0.108,0.099,0.033000000000001));
#7846=CARTESIAN_POINT('',(0.092,0.099,0.033000000000001));
#7847=CARTESIAN_POINT('',(0.092,0.05,0.));
#7848=CARTESIAN_POINT('',(0.092,0.089,0.0262653061224498));
#7849=CARTESIAN_POINT('',(0.108,0.089,0.0262653061224498));
#7850=CARTESIAN_POINT('',(0.058,0.089,0.0262653061224498));
#7851=CARTESIAN_POINT('',(0.058,0.05,0.));
#7852=CARTESIAN_POINT('',(0.108,0.21,-0.032999999999998));
#7853=CARTESIAN_POINT('',(-0.092,0.21,-0.032999999999998));
#7854=CARTESIAN_POINT('',(-0.092,0.099,-0.032999999999998));
#7855=CARTESIAN_POINT('',(-0.092,0.21,-0.032999999999998));
#7856=CARTESIAN_POINT('',(0.108,0.099,-0.032999999999998));
#7857=CARTESIAN_POINT('',(-0.108,0.099,-0.032999999999998));
#7858=CARTESIAN_POINT('',(-0.108,0.21,-0.032999999999998));
#7859=CARTESIAN_POINT('',(-0.108,0.21,-0.032999999999998));
#7860=CARTESIAN_POINT('',(0.108,0.21,-0.032999999999998));
#7861=CARTESIAN_POINT('',(0.108,0.21,-0.032999999999998));
#7862=CARTESIAN_POINT('',(-0.058,0.21,-0.032999999999998));
#7863=CARTESIAN_POINT('',(-0.058,0.21,-0.032999999999998));
#7864=CARTESIAN_POINT('',(-0.058,0.099,-0.032999999999998));
#7865=CARTESIAN_POINT('',(0.108,0.21,-0.032999999999998));
#7866=CARTESIAN_POINT('',(-0.042,0.21,-0.032999999999998));
#7867=CARTESIAN_POINT('',(-0.042,0.21,-0.032999999999998));
#7868=CARTESIAN_POINT('',(-0.042,0.099,-0.032999999999998));
#7869=CARTESIAN_POINT('',(0.108,0.099,-0.032999999999998));
#7870=CARTESIAN_POINT('',(0.108,0.21,-0.032999999999998));
#7871=CARTESIAN_POINT('',(-0.00800000000000001,0.21,-0.032999999999998));
#7872=CARTESIAN_POINT('',(-0.00799999999999999,0.21,-0.032999999999998));
#7873=CARTESIAN_POINT('',(-0.00800000000000001,0.099,-0.032999999999998));
#7874=CARTESIAN_POINT('',(0.108,0.21,-0.032999999999998));
#7875=CARTESIAN_POINT('',(0.00799999999999997,0.21,-0.032999999999998));
#7876=CARTESIAN_POINT('',(0.00799999999999997,0.21,-0.032999999999998));
#7877=CARTESIAN_POINT('',(0.00799999999999997,0.099,-0.032999999999998));
#7878=CARTESIAN_POINT('',(0.108,0.099,-0.032999999999998));
#7879=CARTESIAN_POINT('',(0.108,0.21,-0.032999999999998));
#7880=CARTESIAN_POINT('',(0.042,0.21,-0.032999999999998));
#7881=CARTESIAN_POINT('',(0.042,0.21,-0.032999999999998));
#7882=CARTESIAN_POINT('',(0.042,0.099,-0.032999999999998));
#7883=CARTESIAN_POINT('',(0.108,0.21,-0.032999999999998));
#7884=CARTESIAN_POINT('',(0.058,0.21,-0.032999999999998));
#7885=CARTESIAN_POINT('',(0.058,0.21,-0.032999999999998));
#7886=CARTESIAN_POINT('',(0.058,0.099,-0.032999999999998));
#7887=CARTESIAN_POINT('',(0.108,0.099,-0.032999999999998));
#7888=CARTESIAN_POINT('',(0.108,0.099,0.033000000000001));
#7889=CARTESIAN_POINT('',(-0.092,0.099,0.033000000000001));
#7890=CARTESIAN_POINT('',(-0.092,0.21,0.033000000000001));
#7891=CARTESIAN_POINT('',(0.108,0.21,0.033000000000001));
#7892=CARTESIAN_POINT('',(-0.108,0.21,0.033000000000001));
#7893=CARTESIAN_POINT('',(-0.108,0.099,0.033000000000001));
#7894=CARTESIAN_POINT('',(0.108,0.099,0.033000000000001));
#7895=CARTESIAN_POINT('',(-0.058,0.099,0.033000000000001));
#7896=CARTESIAN_POINT('',(-0.058,0.21,0.033000000000001));
#7897=CARTESIAN_POINT('',(-0.042,0.099,0.033000000000001));
#7898=CARTESIAN_POINT('',(-0.042,0.21,0.0330000000000009));
#7899=CARTESIAN_POINT('',(0.108,0.21,0.033000000000001));
#7900=CARTESIAN_POINT('',(0.108,0.099,0.033000000000001));
#7901=CARTESIAN_POINT('',(-0.00800000000000001,0.099,0.033000000000001));
#7902=CARTESIAN_POINT('',(-0.008,0.21,0.033000000000001));
#7903=CARTESIAN_POINT('',(0.00799999999999997,0.099,0.033000000000001));
#7904=CARTESIAN_POINT('',(0.00799999999999997,0.21,0.033000000000001));
#7905=CARTESIAN_POINT('',(0.108,0.21,0.033000000000001));
#7906=CARTESIAN_POINT('',(0.108,0.21,0.033000000000001));
#7907=CARTESIAN_POINT('',(-0.0647999999999529,0.284824594887008,-0.0102000000000127));
#7908=CARTESIAN_POINT('',(-0.10280384757729,0.219,0.027803847577295));
#7909=CARTESIAN_POINT('',(-0.0519999999999567,0.140717967697215,0.0730000000000135));
#7910=CARTESIAN_POINT('',(-0.09719615242271,0.219,0.027803847577295));
#7911=CARTESIAN_POINT('',(0.108,0.219,0.027803847577295));
#7912=CARTESIAN_POINT('',(0.108,0.21,0.033000000000001));
#7913=CARTESIAN_POINT('',(-0.0247999999999641,0.267504086811312,-0.000200000000009368));
#7914=CARTESIAN_POINT('',(-0.05280384757729,0.219,0.027803847577295));
#7915=CARTESIAN_POINT('',(-0.0119999999999679,0.158038475772911,0.0630000000000103));
#7916=CARTESIAN_POINT('',(-0.04719615242271,0.219,0.027803847577295));
#7917=CARTESIAN_POINT('',(0.108,0.219,0.027803847577295));
#7918=CARTESIAN_POINT('',(0.108,0.21,0.033000000000001));
#7919=CARTESIAN_POINT('',(0.015200000000025,0.250183578735615,0.0097999999999938));
#7920=CARTESIAN_POINT('',(-0.00280384757729003,0.219,0.027803847577295));
#7921=CARTESIAN_POINT('',(0.0280000000000215,0.175358983848607,0.0530000000000072));
#7922=CARTESIAN_POINT('',(0.00280384757728999,0.219,0.027803847577295));
#7923=CARTESIAN_POINT('',(0.108,0.219,0.027803847577295));
#7924=CARTESIAN_POINT('',(0.108,0.219,0.027803847577295));
#7925=CARTESIAN_POINT('',(-0.10280384757729,0.219,0.5));
#7926=CARTESIAN_POINT('',(-0.10280384757729,0.219,0.022196152422708));
#7927=CARTESIAN_POINT('',(-0.09719615242271,0.219,0.5));
#7928=CARTESIAN_POINT('',(-0.09719615242271,0.219,0.022196152422708));
#7929=CARTESIAN_POINT('',(0.108,0.219,0.022196152422708));
#7930=CARTESIAN_POINT('',(0.108,0.219,0.027803847577295));
#7931=CARTESIAN_POINT('',(-0.05280384757729,0.219,0.5));
#7932=CARTESIAN_POINT('',(-0.05280384757729,0.219,0.022196152422708));
#7933=CARTESIAN_POINT('',(-0.04719615242271,0.219,0.5));
#7934=CARTESIAN_POINT('',(-0.04719615242271,0.219,0.022196152422708));
#7935=CARTESIAN_POINT('',(0.108,0.219,0.022196152422708));
#7936=CARTESIAN_POINT('',(0.108,0.219,0.027803847577295));
#7937=CARTESIAN_POINT('',(-0.00280384757729003,0.219,0.5));
#7938=CARTESIAN_POINT('',(-0.00280384757729003,0.219,0.022196152422708));
#7939=CARTESIAN_POINT('',(0.00280384757728999,0.219,0.5));
#7940=CARTESIAN_POINT('',(0.00280384757729,0.219,0.0221961524227079));
#7941=CARTESIAN_POINT('',(0.108,0.219,0.022196152422708));
#7942=CARTESIAN_POINT('',(0.108,0.219,0.022196152422708));
#7943=CARTESIAN_POINT('',(-0.0606430780617892,0.292024594887001,0.0643569219381842));
#7944=CARTESIAN_POINT('',(-0.108,0.21,0.017000000000001));
#7945=CARTESIAN_POINT('',(-0.0561569219381268,0.147917967697218,-0.0188430780618515));
#7946=CARTESIAN_POINT('',(-0.092,0.21,0.017000000000001));
#7947=CARTESIAN_POINT('',(0.108,0.21,0.017000000000001));
#7948=CARTESIAN_POINT('',(0.108,0.219,0.022196152422708));
#7949=CARTESIAN_POINT('',(-0.0206430780617997,0.274704086811306,0.0543569219381797));
#7950=CARTESIAN_POINT('',(-0.058,0.21,0.017000000000001));
#7951=CARTESIAN_POINT('',(-0.0161569219381371,0.165238475772913,-0.00884307806184714));
#7952=CARTESIAN_POINT('',(-0.042,0.21,0.017000000000001));
#7953=CARTESIAN_POINT('',(0.108,0.21,0.017000000000001));
#7954=CARTESIAN_POINT('',(0.108,0.219,0.022196152422708));
#7955=CARTESIAN_POINT('',(0.0193569219381901,0.257383578735611,0.0443569219381754));
#7956=CARTESIAN_POINT('',(-0.00800000000000001,0.21,0.017000000000001));
#7957=CARTESIAN_POINT('',(0.023843078061853,0.182558983848608,0.00115692193815705));
#7958=CARTESIAN_POINT('',(0.00799999999999997,0.21,0.017000000000001));
#7959=CARTESIAN_POINT('',(0.108,0.21,0.017000000000001));
#7960=CARTESIAN_POINT('',(0.108,0.21,0.017000000000001));
#7961=CARTESIAN_POINT('',(-0.092,0.21,0.017000000000001));
#7962=CARTESIAN_POINT('',(-0.092,0.089,0.017000000000001));
#7963=CARTESIAN_POINT('',(0.108,0.089,0.017000000000001));
#7964=CARTESIAN_POINT('',(-0.108,0.089,0.017000000000001));
#7965=CARTESIAN_POINT('',(-0.108,0.21,0.017000000000001));
#7966=CARTESIAN_POINT('',(0.108,0.21,0.017000000000001));
#7967=CARTESIAN_POINT('',(-0.058,0.21,0.017000000000001));
#7968=CARTESIAN_POINT('',(-0.058,0.089,0.017000000000001));
#7969=CARTESIAN_POINT('',(-0.042,0.21,0.017000000000001));
#7970=CARTESIAN_POINT('',(-0.042,0.089,0.017000000000001));
#7971=CARTESIAN_POINT('',(0.108,0.089,0.017000000000001));
#7972=CARTESIAN_POINT('',(0.108,0.21,0.017000000000001));
#7973=CARTESIAN_POINT('',(-0.00800000000000001,0.21,0.017000000000001));
#7974=CARTESIAN_POINT('',(-0.00800000000000001,0.089,0.017000000000001));
#7975=CARTESIAN_POINT('',(0.00799999999999997,0.21,0.017000000000001));
#7976=CARTESIAN_POINT('',(0.00799999999999997,0.089,0.017000000000001));
#7977=CARTESIAN_POINT('',(0.108,0.089,0.017000000000001));
#7978=CARTESIAN_POINT('',(0.108,0.089,-0.016999999999999));
#7979=CARTESIAN_POINT('',(-0.092,0.089,-0.016999999999999));
#7980=CARTESIAN_POINT('',(-0.092,0.21,-0.016999999999999));
#7981=CARTESIAN_POINT('',(-0.092,0.089,-0.016999999999999));
#7982=CARTESIAN_POINT('',(0.108,0.21,-0.016999999999999));
#7983=CARTESIAN_POINT('',(-0.108,0.21,-0.016999999999999));
#7984=CARTESIAN_POINT('',(-0.108,0.089,-0.016999999999999));
#7985=CARTESIAN_POINT('',(-0.108,0.089,-0.016999999999999));
#7986=CARTESIAN_POINT('',(0.108,0.089,-0.016999999999999));
#7987=CARTESIAN_POINT('',(0.108,0.089,-0.016999999999999));
#7988=CARTESIAN_POINT('',(-0.058,0.089,-0.016999999999999));
#7989=CARTESIAN_POINT('',(-0.058,0.089,-0.016999999999999));
#7990=CARTESIAN_POINT('',(-0.058,0.21,-0.016999999999999));
#7991=CARTESIAN_POINT('',(0.108,0.089,-0.016999999999999));
#7992=CARTESIAN_POINT('',(-0.042,0.089,-0.016999999999999));
#7993=CARTESIAN_POINT('',(-0.042,0.089,-0.016999999999999));
#7994=CARTESIAN_POINT('',(-0.0420000000000001,0.21,-0.0169999999999992));
#7995=CARTESIAN_POINT('',(0.108,0.21,-0.016999999999999));
#7996=CARTESIAN_POINT('',(0.108,0.089,-0.016999999999999));
#7997=CARTESIAN_POINT('',(-0.00800000000000001,0.089,-0.016999999999999));
#7998=CARTESIAN_POINT('',(-0.00800000000000001,0.089,-0.016999999999999));
#7999=CARTESIAN_POINT('',(-0.00799999999999999,0.21,-0.0169999999999991));
#8000=CARTESIAN_POINT('',(0.108,0.089,-0.016999999999999));
#8001=CARTESIAN_POINT('',(0.00799999999999997,0.089,-0.016999999999999));
#8002=CARTESIAN_POINT('',(0.00799999999999997,0.089,-0.016999999999999));
#8003=CARTESIAN_POINT('',(0.00799999999999996,0.21,-0.0169999999999991));
#8004=CARTESIAN_POINT('',(0.108,0.21,-0.016999999999999));
#8005=CARTESIAN_POINT('',(0.108,0.089,-0.016999999999999));
#8006=CARTESIAN_POINT('',(0.042,0.089,-0.016999999999999));
#8007=CARTESIAN_POINT('',(0.042,0.089,-0.016999999999999));
#8008=CARTESIAN_POINT('',(0.042,0.21,-0.0169999999999991));
#8009=CARTESIAN_POINT('',(0.108,0.089,-0.016999999999999));
#8010=CARTESIAN_POINT('',(0.058,0.089,-0.016999999999999));
#8011=CARTESIAN_POINT('',(0.058,0.089,-0.016999999999999));
#8012=CARTESIAN_POINT('',(0.058,0.21,-0.0169999999999991));
#8013=CARTESIAN_POINT('',(0.108,0.21,-0.016999999999999));
#8014=CARTESIAN_POINT('',(0.108,0.21,-0.016999999999999));
#8015=CARTESIAN_POINT('',(-0.0647999999999528,0.284824594887008,-0.0602000000000126));
#8016=CARTESIAN_POINT('',(-0.10280384757729,0.219,-0.022196152422705));
#8017=CARTESIAN_POINT('',(-0.0519999999999567,0.140717967697215,0.0230000000000135));
#8018=CARTESIAN_POINT('',(-0.09719615242271,0.219,-0.022196152422705));
#8019=CARTESIAN_POINT('',(0.108,0.219,-0.022196152422705));
#8020=CARTESIAN_POINT('',(0.108,0.21,-0.016999999999999));
#8021=CARTESIAN_POINT('',(-0.0247999999999641,0.267504086811312,-0.0502000000000094));
#8022=CARTESIAN_POINT('',(-0.05280384757729,0.219,-0.022196152422705));
#8023=CARTESIAN_POINT('',(-0.0119999999999679,0.158038475772911,0.0130000000000102));
#8024=CARTESIAN_POINT('',(-0.04719615242271,0.219,-0.022196152422705));
#8025=CARTESIAN_POINT('',(0.108,0.219,-0.022196152422705));
#8026=CARTESIAN_POINT('',(0.108,0.21,-0.016999999999999));
#8027=CARTESIAN_POINT('',(0.015200000000025,0.250183578735615,-0.0402000000000062));
#8028=CARTESIAN_POINT('',(-0.00280384757729003,0.219,-0.022196152422705));
#8029=CARTESIAN_POINT('',(0.0280000000000215,0.175358983848607,0.00300000000000721));
#8030=CARTESIAN_POINT('',(0.00280384757728999,0.219,-0.022196152422705));
#8031=CARTESIAN_POINT('',(0.108,0.219,-0.022196152422705));
#8032=CARTESIAN_POINT('',(0.108,0.21,-0.016999999999999));
#8033=CARTESIAN_POINT('',(0.0552000000000142,0.232863070659919,-0.0302000000000031));
#8034=CARTESIAN_POINT('',(0.04719615242271,0.219,-0.022196152422705));
#8035=CARTESIAN_POINT('',(0.0680000000000108,0.192679491924304,-0.00699999999999588));
#8036=CARTESIAN_POINT('',(0.05280384757729,0.219,-0.022196152422705));
#8037=CARTESIAN_POINT('',(0.108,0.219,-0.022196152422705));
#8038=CARTESIAN_POINT('',(0.108,0.219,-0.022196152422705));
#8039=CARTESIAN_POINT('',(-0.10280384757729,0.219,0.5));
#8040=CARTESIAN_POINT('',(-0.10280384757729,0.219,-0.027803847577292));
#8041=CARTESIAN_POINT('',(-0.09719615242271,0.219,0.5));
#8042=CARTESIAN_POINT('',(-0.09719615242271,0.219,-0.027803847577292));
#8043=CARTESIAN_POINT('',(0.108,0.219,-0.027803847577292));
#8044=CARTESIAN_POINT('',(0.108,0.219,-0.022196152422705));
#8045=CARTESIAN_POINT('',(-0.05280384757729,0.219,0.5));
#8046=CARTESIAN_POINT('',(-0.05280384757729,0.219,-0.027803847577292));
#8047=CARTESIAN_POINT('',(-0.04719615242271,0.219,0.5));
#8048=CARTESIAN_POINT('',(-0.04719615242271,0.219,-0.027803847577292));
#8049=CARTESIAN_POINT('',(0.108,0.219,-0.027803847577292));
#8050=CARTESIAN_POINT('',(0.108,0.219,-0.022196152422705));
#8051=CARTESIAN_POINT('',(-0.00280384757729003,0.219,0.5));
#8052=CARTESIAN_POINT('',(-0.00280384757729003,0.219,-0.027803847577292));
#8053=CARTESIAN_POINT('',(0.00280384757728999,0.219,0.5));
#8054=CARTESIAN_POINT('',(0.00280384757728999,0.219,-0.027803847577292));
#8055=CARTESIAN_POINT('',(0.108,0.219,-0.027803847577292));
#8056=CARTESIAN_POINT('',(0.108,0.219,-0.022196152422705));
#8057=CARTESIAN_POINT('',(0.04719615242271,0.219,0.5));
#8058=CARTESIAN_POINT('',(0.04719615242271,0.219,-0.027803847577292));
#8059=CARTESIAN_POINT('',(0.05280384757729,0.219,0.5));
#8060=CARTESIAN_POINT('',(0.05280384757729,0.219,-0.027803847577292));
#8061=CARTESIAN_POINT('',(0.108,0.219,-0.027803847577292));
#8062=CARTESIAN_POINT('',(0.108,0.219,-0.027803847577292));
#8063=CARTESIAN_POINT('',(-0.060643078061786,0.292024594887006,0.0143569219381793));
#8064=CARTESIAN_POINT('',(-0.0561569219381236,0.147917967697213,-0.0688430780618468));
#8065=CARTESIAN_POINT('',(0.108,0.219,-0.027803847577292));
#8066=CARTESIAN_POINT('',(-0.0206430780617973,0.27470408681131,0.00435692193817606));
#8067=CARTESIAN_POINT('',(-0.0161569219381348,0.165238475772909,-0.0588430780618436));
#8068=CARTESIAN_POINT('',(0.108,0.219,-0.027803847577292));
#8069=CARTESIAN_POINT('',(0.0193569219381918,0.257383578735613,-0.00564307806182711));
#8070=CARTESIAN_POINT('',(0.0238430780618546,0.182558983848605,-0.0488430780618405));
#8071=CARTESIAN_POINT('',(0.108,0.219,-0.027803847577292));
#8072=CARTESIAN_POINT('',(0.0593569219381811,0.240063070659917,-0.0156430780618302));
#8073=CARTESIAN_POINT('',(0.0638430780618439,0.199879491924302,-0.0388430780618374));
#8074=CARTESIAN_POINT('',(0.108,0.21,-0.032999999999998));
#8075=CARTESIAN_POINT('',(0.092,0.21,-0.032999999999998));
#8076=CARTESIAN_POINT('',(0.092,0.21,-0.032999999999998));
#8077=CARTESIAN_POINT('',(0.092,0.099,-0.032999999999998));
#8078=CARTESIAN_POINT('',(0.108,0.21,-0.032999999999998));
#8079=CARTESIAN_POINT('',(0.108,0.21,-0.032999999999998));
#8080=CARTESIAN_POINT('',(0.108,0.21,-0.032999999999998));
#8081=CARTESIAN_POINT('',(0.108,0.099,-0.032999999999998));
#8082=CARTESIAN_POINT('',(0.108,0.099,-0.032999999999998));
#8083=CARTESIAN_POINT('',(0.108,0.099,-0.032999999999998));
#8084=CARTESIAN_POINT('',(-0.092,0.099,-0.032999999999998));
#8085=CARTESIAN_POINT('',(-0.092,0.089,-0.0262653061224474));
#8086=CARTESIAN_POINT('',(0.108,0.089,-0.0262653061224474));
#8087=CARTESIAN_POINT('',(-0.058,0.089,-0.0262653061224473));
#8088=CARTESIAN_POINT('',(-0.058,0.099,-0.032999999999998));
#8089=CARTESIAN_POINT('',(-0.042,0.099,-0.032999999999998));
#8090=CARTESIAN_POINT('',(-0.042,0.089,-0.0262653061224474));
#8091=CARTESIAN_POINT('',(0.108,0.089,-0.0262653061224474));
#8092=CARTESIAN_POINT('',(-0.00800000000000001,0.089,-0.0262653061224473));
#8093=CARTESIAN_POINT('',(-0.00800000000000001,0.099,-0.032999999999998));
#8094=CARTESIAN_POINT('',(0.00799999999999997,0.099,-0.032999999999998));
#8095=CARTESIAN_POINT('',(0.00799999999999997,0.089,-0.0262653061224474));
#8096=CARTESIAN_POINT('',(0.108,0.089,-0.0262653061224474));
#8097=CARTESIAN_POINT('',(0.042,0.089,-0.0262653061224473));
#8098=CARTESIAN_POINT('',(0.042,0.099,-0.032999999999998));
#8099=CARTESIAN_POINT('',(0.058,0.099,-0.032999999999998));
#8100=CARTESIAN_POINT('',(0.058,0.089,-0.0262653061224474));
#8101=CARTESIAN_POINT('',(0.108,0.089,-0.0262653061224474));
#8102=CARTESIAN_POINT('',(0.092,0.089,-0.0262653061224473));
#8103=CARTESIAN_POINT('',(0.092,0.099,-0.032999999999998));
#8104=CARTESIAN_POINT('',(0.108,0.099,-0.032999999999998));
#8105=CARTESIAN_POINT('',(-0.108,0.099,-0.032999999999998));
#8106=CARTESIAN_POINT('',(0.108,0.099,0.033000000000001));
#8107=CARTESIAN_POINT('',(0.092,0.099,0.033000000000001));
#8108=CARTESIAN_POINT('',(0.092,0.21,0.033000000000001));
#8109=CARTESIAN_POINT('',(0.108,0.099,0.033000000000001));
#8110=CARTESIAN_POINT('',(0.108,0.21,0.033000000000001));
#8111=CARTESIAN_POINT('',(0.108,0.21,0.033000000000001));
#8112=CARTESIAN_POINT('',(0.108,0.21,0.033000000000001));
#8113=CARTESIAN_POINT('',(0.0952000000000034,0.215542562584223,0.0298));
#8114=CARTESIAN_POINT('',(0.09719615242271,0.219,0.027803847577295));
#8115=CARTESIAN_POINT('',(0.108,0.21,0.033000000000001));
#8116=CARTESIAN_POINT('',(0.10280384757729,0.219,0.027803847577295));
#8117=CARTESIAN_POINT('',(0.108,0.219,0.027803847577295));
#8118=CARTESIAN_POINT('',(0.108,0.219,0.027803847577295));
#8119=CARTESIAN_POINT('',(0.09719615242271,0.219,0.5));
#8120=CARTESIAN_POINT('',(0.09719615242271,0.219,0.022196152422708));
#8121=CARTESIAN_POINT('',(0.10280384757729,0.219,0.5));
#8122=CARTESIAN_POINT('',(0.10280384757729,0.219,0.022196152422708));
#8123=CARTESIAN_POINT('',(0.108,0.219,0.022196152422708));
#8124=CARTESIAN_POINT('',(0.108,0.219,0.022196152422708));
#8125=CARTESIAN_POINT('',(0.0993569219381701,0.222742562584221,0.0243569219381669));
#8126=CARTESIAN_POINT('',(0.092,0.21,0.017000000000001));
#8127=CARTESIAN_POINT('',(0.103843078061833,0.217199999999998,0.0211569219381656));
#8128=CARTESIAN_POINT('',(0.108,0.21,0.0170000000000009));
#8129=CARTESIAN_POINT('',(0.108,0.21,0.017000000000001));
#8130=CARTESIAN_POINT('',(0.108,0.21,0.017000000000001));
#8131=CARTESIAN_POINT('',(0.092,0.21,0.017000000000001));
#8132=CARTESIAN_POINT('',(0.092,0.089,0.017000000000001));
#8133=CARTESIAN_POINT('',(0.108,0.21,0.017000000000001));
#8134=CARTESIAN_POINT('',(0.108,0.089,0.017000000000001));
#8135=CARTESIAN_POINT('',(0.108,0.089,0.017000000000001));
#8136=CARTESIAN_POINT('',(0.108,0.089,0.017000000000001));
#8137=CARTESIAN_POINT('',(0.108,0.089,-0.016999999999999));
#8138=CARTESIAN_POINT('',(0.108,0.089,-0.016999999999999));
#8139=CARTESIAN_POINT('',(0.092,0.089,-0.016999999999999));
#8140=CARTESIAN_POINT('',(0.092,0.089,0.5));
#8141=CARTESIAN_POINT('',(0.058,0.089,0.5));
#8142=CARTESIAN_POINT('',(0.042,0.089,0.5));
#8143=CARTESIAN_POINT('',(0.00799999999999997,0.089,0.5));
#8144=CARTESIAN_POINT('',(-0.00800000000000001,0.089,0.5));
#8145=CARTESIAN_POINT('',(-0.042,0.089,0.5));
#8146=CARTESIAN_POINT('',(-0.058,0.089,0.5));
#8147=CARTESIAN_POINT('',(-0.092,0.089,0.5));
#8148=CARTESIAN_POINT('',(-0.108,0.089,0.017000000000001));
#8149=CARTESIAN_POINT('',(-0.092,0.089,0.5));
#8150=CARTESIAN_POINT('',(-0.058,0.089,0.5));
#8151=CARTESIAN_POINT('',(-0.042,0.089,0.5));
#8152=CARTESIAN_POINT('',(-0.00800000000000001,0.089,0.5));
#8153=CARTESIAN_POINT('',(0.00799999999999997,0.089,0.5));
#8154=CARTESIAN_POINT('',(0.042,0.089,0.5));
#8155=CARTESIAN_POINT('',(0.042,0.0890000000000001,0.016999999999999));
#8156=CARTESIAN_POINT('',(0.108,0.089,0.017000000000001));
#8157=CARTESIAN_POINT('',(0.058,0.0890000000000001,0.016999999999999));
#8158=CARTESIAN_POINT('',(0.058,0.089,0.5));
#8159=CARTESIAN_POINT('',(0.092,0.089,0.5));
#8160=CARTESIAN_POINT('',(0.108,0.089,0.017000000000001));
#8161=CARTESIAN_POINT('',(0.108,0.089,-0.016999999999999));
#8162=CARTESIAN_POINT('',(0.092,0.089,-0.016999999999999));
#8163=CARTESIAN_POINT('',(0.092,0.21,-0.016999999999999));
#8164=CARTESIAN_POINT('',(0.108,0.089,-0.016999999999999));
#8165=CARTESIAN_POINT('',(0.108,0.21,-0.016999999999999));
#8166=CARTESIAN_POINT('',(0.108,0.21,-0.016999999999999));
#8167=CARTESIAN_POINT('',(0.108,0.21,-0.016999999999999));
#8168=CARTESIAN_POINT('',(0.0952000000000034,0.215542562584223,-0.0202));
#8169=CARTESIAN_POINT('',(0.09719615242271,0.219,-0.022196152422705));
#8170=CARTESIAN_POINT('',(0.108,0.21,-0.016999999999999));
#8171=CARTESIAN_POINT('',(0.10280384757729,0.219,-0.022196152422705));
#8172=CARTESIAN_POINT('',(0.108,0.219,-0.022196152422705));
#8173=CARTESIAN_POINT('',(0.108,0.219,-0.022196152422705));
#8174=CARTESIAN_POINT('',(0.09719615242271,0.219,0.5));
#8175=CARTESIAN_POINT('',(0.09719615242271,0.219,-0.027803847577292));
#8176=CARTESIAN_POINT('',(0.10280384757729,0.219,0.5));
#8177=CARTESIAN_POINT('',(0.10280384757729,0.219,-0.027803847577292));
#8178=CARTESIAN_POINT('',(0.108,0.219,-0.027803847577292));
#8179=CARTESIAN_POINT('',(0.108,0.219,-0.027803847577292));
#8180=CARTESIAN_POINT('',(0.0993569219381703,0.222742562584221,-0.0256430780618333));
#8181=CARTESIAN_POINT('',(0.103843078061833,0.217199999999998,-0.0288430780618343));
#8182=CARTESIAN_POINT('',(0.108,0.,0.));
#8183=CARTESIAN_POINT('',(0.108,0.21,0.));
#8184=CARTESIAN_POINT('',(0.108,0.21,0.));
#8185=CARTESIAN_POINT('',(-0.108,0.,0.));
#8186=CARTESIAN_POINT('',(-0.108,0.21,0.));
#8187=CARTESIAN_POINT('',(-0.108,0.21,0.));
#8188=CARTESIAN_POINT('',(-0.10280384757729,0.219,0.5));
#8189=CARTESIAN_POINT('',(-0.10280384757729,0.219,0.5));
#8190=CARTESIAN_POINT('',(0.108,0.21,0.5));
#8191=CARTESIAN_POINT('',(0.108,0.21,0.5));
#8192=CARTESIAN_POINT('',(0.058,0.21,0.5));
#8193=CARTESIAN_POINT('',(0.058,0.21,0.5));
#8194=CARTESIAN_POINT('',(0.09719615242271,0.219,0.5));
#8195=CARTESIAN_POINT('',(0.092,0.21,0.5));
#8196=CARTESIAN_POINT('',(0.092,0.21,0.5));
#8197=CARTESIAN_POINT('',(0.058,0.089,0.5));
#8198=CARTESIAN_POINT('',(0.00799999999999997,0.21,0.5));
#8199=CARTESIAN_POINT('',(0.00799999999999997,0.21,0.5));
#8200=CARTESIAN_POINT('',(0.04719615242271,0.219,0.5));
#8201=CARTESIAN_POINT('',(0.042,0.21,0.5));
#8202=CARTESIAN_POINT('',(0.042,0.21,0.5));
#8203=CARTESIAN_POINT('',(0.00799999999999997,0.089,0.5));
#8204=CARTESIAN_POINT('',(-0.042,0.21,0.5));
#8205=CARTESIAN_POINT('',(-0.042,0.21,0.5));
#8206=CARTESIAN_POINT('',(-0.00280384757729003,0.219,0.5));
#8207=CARTESIAN_POINT('',(-0.00800000000000001,0.21,0.5));
#8208=CARTESIAN_POINT('',(-0.00800000000000001,0.21,0.5));
#8209=CARTESIAN_POINT('',(-0.042,0.089,0.5));
#8210=CARTESIAN_POINT('',(-0.092,0.21,0.5));
#8211=CARTESIAN_POINT('',(-0.092,0.21,0.5));
#8212=CARTESIAN_POINT('',(-0.05280384757729,0.219,0.5));
#8213=CARTESIAN_POINT('',(-0.058,0.21,0.5));
#8214=CARTESIAN_POINT('',(-0.058,0.21,0.5));
#8215=CARTESIAN_POINT('',(-0.092,0.089,0.5));
#8216=CARTESIAN_POINT('',(0.092,0.21,0.5));
#8217=CARTESIAN_POINT('',(0.092,0.21,0.5));
#8218=CARTESIAN_POINT('',(0.09719615242271,0.219,0.5));
#8219=CARTESIAN_POINT('',(0.00799999999999997,0.089,0.5));
#8220=CARTESIAN_POINT('',(0.00799999999999997,0.21,0.5));
#8221=CARTESIAN_POINT('',(0.00799999999999997,0.21,0.5));
#8222=CARTESIAN_POINT('',(-0.00800000000000001,0.21,0.5));
#8223=CARTESIAN_POINT('',(-0.00800000000000001,0.21,0.5));
#8224=CARTESIAN_POINT('',(-0.042,0.089,0.5));
#8225=CARTESIAN_POINT('',(-0.042,0.21,0.5));
#8226=CARTESIAN_POINT('',(-0.00280384757729003,0.219,0.5));
#8227=CARTESIAN_POINT('',(-0.042,0.21,0.5));
#8228=CARTESIAN_POINT('',(-0.092,0.089,0.5));
#8229=CARTESIAN_POINT('',(-0.092,0.21,0.5));
#8230=CARTESIAN_POINT('',(-0.058,0.21,0.5));
#8231=CARTESIAN_POINT('',(-0.058,0.21,0.5));
#8232=CARTESIAN_POINT('',(-0.092,0.21,0.5));
#8233=CARTESIAN_POINT('',(-0.05280384757729,0.219,0.5));
#8234=CARTESIAN_POINT('',(0.058,0.,0.));
#8235=CARTESIAN_POINT('',(0.058,-1.,0.016999999999999));
#8236=CARTESIAN_POINT('',(0.042,0.,0.));
#8237=CARTESIAN_POINT('',(0.042,-1.,0.016999999999999));
#8238=CARTESIAN_POINT('',(0.042,-1.,0.016999999999999));
#8239=CARTESIAN_POINT('',(0.,0.,0.));
#8240=CARTESIAN_POINT('',(0.108,0.,0.066));
#8241=CARTESIAN_POINT('',(0.092,0.,0.066));
#8242=CARTESIAN_POINT('',(0.092,3.030088246176E-18,0.066));
#8243=CARTESIAN_POINT('',(0.092,0.01,0.0555930905438934));
#8244=CARTESIAN_POINT('',(0.108,0.,0.066));
#8245=CARTESIAN_POINT('',(0.108,0.,0.066));
#8246=CARTESIAN_POINT('',(0.108,0.,0.066));
#8247=CARTESIAN_POINT('',(0.108,0.0634194044623617,-8.53702498020082E-18));
#8248=CARTESIAN_POINT('',(0.108,0.0634194044623617,-8.53702498020082E-18));
#8249=CARTESIAN_POINT('',(-0.108,0.0634194044623617,-8.53702498020082E-18));
#8250=CARTESIAN_POINT('',(-0.108,0.,0.066));
#8251=CARTESIAN_POINT('',(-0.108,0.,0.066));
#8252=CARTESIAN_POINT('',(0.108,0.,0.066));
#8253=CARTESIAN_POINT('',(-0.092,3.030088246176E-18,0.066));
#8254=CARTESIAN_POINT('',(-0.092,0.,0.066));
#8255=CARTESIAN_POINT('',(-0.092,0.01,0.0555930905438934));
#8256=CARTESIAN_POINT('',(0.108,0.00999999999999996,0.0555930905438935));
#8257=CARTESIAN_POINT('',(-0.058,0.01,0.0555930905438934));
#8258=CARTESIAN_POINT('',(-0.058,0.,0.066));
#8259=CARTESIAN_POINT('',(-0.058,3.030088246176E-18,0.066));
#8260=CARTESIAN_POINT('',(0.108,0.,0.066));
#8261=CARTESIAN_POINT('',(-0.042,3.030088246176E-18,0.066));
#8262=CARTESIAN_POINT('',(-0.042,0.,0.066));
#8263=CARTESIAN_POINT('',(-0.042,0.01,0.0555930905438934));
#8264=CARTESIAN_POINT('',(0.108,0.00999999999999997,0.0555930905438935));
#8265=CARTESIAN_POINT('',(-0.00800000000000001,0.01,0.0555930905438934));
#8266=CARTESIAN_POINT('',(-0.00800000000000001,0.,0.066));
#8267=CARTESIAN_POINT('',(-0.00800000000000001,3.030088246176E-18,0.066));
#8268=CARTESIAN_POINT('',(0.108,0.,0.066));
#8269=CARTESIAN_POINT('',(0.00799999999999997,3.030088246176E-18,0.066));
#8270=CARTESIAN_POINT('',(0.00799999999999997,0.,0.066));
#8271=CARTESIAN_POINT('',(0.00799999999999997,0.01,0.0555930905438934));
#8272=CARTESIAN_POINT('',(0.108,0.00999999999999998,0.0555930905438934));
#8273=CARTESIAN_POINT('',(0.042,0.01,0.0555930905438934));
#8274=CARTESIAN_POINT('',(0.042,0.,0.066));
#8275=CARTESIAN_POINT('',(0.042,0.,0.066));
#8276=CARTESIAN_POINT('',(0.108,0.,0.066));
#8277=CARTESIAN_POINT('',(0.058,0.,0.066));
#8278=CARTESIAN_POINT('',(0.058,0.,0.066));
#8279=CARTESIAN_POINT('',(0.058,0.01,0.0555930905438934));
#8280=CARTESIAN_POINT('',(0.108,0.01,0.0555930905438934));
#8281=CARTESIAN_POINT('',(0.108,0.0317097022311828,0.032999999999998));
#8282=CARTESIAN_POINT('',(0.042,0.0317097022311829,0.032999999999998));
#8283=CARTESIAN_POINT('',(0.058,0.0317097022311829,0.032999999999998));
#8284=CARTESIAN_POINT('',(0.042,0.,0.066));
#8285=CARTESIAN_POINT('',(0.042,0.0470841033129662,0.0169999999999991));
#8286=CARTESIAN_POINT('',(0.108,0.0470841033129665,0.016999999999999));
#8287=CARTESIAN_POINT('',(0.058,0.0470841033129662,0.0169999999999991));
#8288=CARTESIAN_POINT('',(0.058,0.,0.066));
#8289=CARTESIAN_POINT('',(0.108,0.,-0.066));
#8290=CARTESIAN_POINT('',(0.092,0.,-0.066));
#8291=CARTESIAN_POINT('',(0.092,0.,-0.066));
#8292=CARTESIAN_POINT('',(0.092,0.,-0.115));
#8293=CARTESIAN_POINT('',(0.108,0.,-0.066));
#8294=CARTESIAN_POINT('',(0.108,0.,-0.066));
#8295=CARTESIAN_POINT('',(0.108,0.,-0.066));
#8296=CARTESIAN_POINT('',(0.108,0.,-0.115));
#8297=CARTESIAN_POINT('',(0.108,0.,-0.115));
#8298=CARTESIAN_POINT('',(0.108,0.,-0.066));
#8299=CARTESIAN_POINT('',(0.058,0.,-0.066));
#8300=CARTESIAN_POINT('',(0.058,0.,-0.115));
#8301=CARTESIAN_POINT('',(0.058,0.,-0.066));
#8302=CARTESIAN_POINT('',(0.108,0.,-0.115));
#8303=CARTESIAN_POINT('',(0.042,0.,-0.115));
#8304=CARTESIAN_POINT('',(0.042,0.,-0.066));
#8305=CARTESIAN_POINT('',(0.042,0.,-0.066));
#8306=CARTESIAN_POINT('',(0.108,0.,-0.066));
#8307=CARTESIAN_POINT('',(0.108,0.,-0.066));
#8308=CARTESIAN_POINT('',(0.00799999999999997,0.,-0.066));
#8309=CARTESIAN_POINT('',(0.00799999999999997,0.,-0.115));
#8310=CARTESIAN_POINT('',(0.00799999999999997,0.,-0.066));
#8311=CARTESIAN_POINT('',(0.108,0.,-0.115));
#8312=CARTESIAN_POINT('',(-0.00800000000000001,0.,-0.115));
#8313=CARTESIAN_POINT('',(-0.00800000000000001,0.,-0.066));
#8314=CARTESIAN_POINT('',(-0.00800000000000001,0.,-0.066));
#8315=CARTESIAN_POINT('',(0.108,0.,-0.066));
#8316=CARTESIAN_POINT('',(0.108,0.,-0.066));
#8317=CARTESIAN_POINT('',(-0.042,0.,-0.066));
#8318=CARTESIAN_POINT('',(-0.042,0.,-0.115));
#8319=CARTESIAN_POINT('',(-0.042,0.,-0.066));
#8320=CARTESIAN_POINT('',(0.108,0.,-0.115));
#8321=CARTESIAN_POINT('',(-0.058,0.,-0.115));
#8322=CARTESIAN_POINT('',(-0.058,0.,-0.066));
#8323=CARTESIAN_POINT('',(-0.058,0.,-0.066));
#8324=CARTESIAN_POINT('',(0.108,0.,-0.066));
#8325=CARTESIAN_POINT('',(0.108,0.,-0.115));
#8326=CARTESIAN_POINT('',(0.092,0.,-0.115));
#8327=CARTESIAN_POINT('',(0.092,-0.016,-0.115));
#8328=CARTESIAN_POINT('',(0.108,0.,-0.115));
#8329=CARTESIAN_POINT('',(0.108,-0.016,-0.115));
#8330=CARTESIAN_POINT('',(0.108,-0.016,-0.115));
#8331=CARTESIAN_POINT('',(0.108,0.,-0.115));
#8332=CARTESIAN_POINT('',(0.058,0.,-0.115));
#8333=CARTESIAN_POINT('',(0.058,-0.016,-0.115));
#8334=CARTESIAN_POINT('',(0.108,-0.016,-0.115));
#8335=CARTESIAN_POINT('',(0.042,-0.016,-0.115));
#8336=CARTESIAN_POINT('',(0.042,0.,-0.115));
#8337=CARTESIAN_POINT('',(0.108,0.,-0.115));
#8338=CARTESIAN_POINT('',(0.00799999999999997,0.,-0.115));
#8339=CARTESIAN_POINT('',(0.00799999999999997,-0.016,-0.115));
#8340=CARTESIAN_POINT('',(0.108,-0.016,-0.115));
#8341=CARTESIAN_POINT('',(-0.00800000000000001,-0.016,-0.115));
#8342=CARTESIAN_POINT('',(-0.00800000000000001,0.,-0.115));
#8343=CARTESIAN_POINT('',(0.108,0.,-0.115));
#8344=CARTESIAN_POINT('',(-0.042,0.,-0.115));
#8345=CARTESIAN_POINT('',(-0.042,-0.016,-0.115));
#8346=CARTESIAN_POINT('',(0.108,-0.016,-0.115));
#8347=CARTESIAN_POINT('',(-0.058,-0.016,-0.115));
#8348=CARTESIAN_POINT('',(-0.058,0.,-0.115));
#8349=CARTESIAN_POINT('',(0.108,-0.016,-0.115));
#8350=CARTESIAN_POINT('',(0.092,-0.016,-0.115));
#8351=CARTESIAN_POINT('',(0.092,-0.016,-0.0403238075793815));
#8352=CARTESIAN_POINT('',(0.108,-0.016,-0.115));
#8353=CARTESIAN_POINT('',(0.108,-0.016,-0.0403238075793815));
#8354=CARTESIAN_POINT('',(0.108,-0.016,-0.0403238075793815));
#8355=CARTESIAN_POINT('',(0.108,-0.016,-0.115));
#8356=CARTESIAN_POINT('',(0.058,-0.016,-0.115));
#8357=CARTESIAN_POINT('',(0.058,-0.016,-0.0403238075793815));
#8358=CARTESIAN_POINT('',(0.108,-0.016,-0.0403238075793815));
#8359=CARTESIAN_POINT('',(0.042,-0.016,-0.0403238075793815));
#8360=CARTESIAN_POINT('',(0.042,-0.016,-0.115));
#8361=CARTESIAN_POINT('',(0.108,-0.016,-0.115));
#8362=CARTESIAN_POINT('',(0.00799999999999997,-0.016,-0.115));
#8363=CARTESIAN_POINT('',(0.00799999999999997,-0.016,-0.0403238075793815));
#8364=CARTESIAN_POINT('',(0.108,-0.016,-0.0403238075793815));
#8365=CARTESIAN_POINT('',(-0.00800000000000001,-0.016,-0.0403238075793815));
#8366=CARTESIAN_POINT('',(-0.00800000000000001,-0.016,-0.115));
#8367=CARTESIAN_POINT('',(0.108,-0.016,-0.115));
#8368=CARTESIAN_POINT('',(-0.042,-0.016,-0.115));
#8369=CARTESIAN_POINT('',(-0.042,-0.016,-0.0403238075793815));
#8370=CARTESIAN_POINT('',(0.108,-0.016,-0.0403238075793815));
#8371=CARTESIAN_POINT('',(-0.058,-0.016,-0.0403238075793815));
#8372=CARTESIAN_POINT('',(-0.058,-0.016,-0.115));
#8373=CARTESIAN_POINT('',(0.108,0.0090000000000005,-0.0403238075793815));
#8374=CARTESIAN_POINT('',(0.092,0.0090000000000005,-0.0403238075793815));
#8375=CARTESIAN_POINT('',(0.092,-1.0671281225251E-17,-0.017));
#8376=CARTESIAN_POINT('',(0.108,0.0090000000000005,-0.0403238075793815));
#8377=CARTESIAN_POINT('',(0.108,-1.28055374703012E-17,-0.017));
#8378=CARTESIAN_POINT('',(0.108,-1.28055374703012E-17,-0.017));
#8379=CARTESIAN_POINT('',(0.108,0.0090000000000005,-0.0403238075793815));
#8380=CARTESIAN_POINT('',(0.058,0.0090000000000005,-0.0403238075793815));
#8381=CARTESIAN_POINT('',(0.058,-1.0671281225251E-17,-0.017));
#8382=CARTESIAN_POINT('',(0.108,-1.28055374703012E-17,-0.017));
#8383=CARTESIAN_POINT('',(0.042,-1.0671281225251E-17,-0.017));
#8384=CARTESIAN_POINT('',(0.042,0.0090000000000005,-0.0403238075793815));
#8385=CARTESIAN_POINT('',(0.108,0.0090000000000005,-0.0403238075793815));
#8386=CARTESIAN_POINT('',(0.00799999999999997,0.0090000000000005,-0.0403238075793815));
#8387=CARTESIAN_POINT('',(0.00799999999999997,-1.0671281225251E-17,-0.017));
#8388=CARTESIAN_POINT('',(0.108,-1.28055374703012E-17,-0.017));
#8389=CARTESIAN_POINT('',(-0.00800000000000001,-1.0671281225251E-17,-0.017));
#8390=CARTESIAN_POINT('',(-0.00800000000000001,0.0090000000000005,-0.0403238075793815));
#8391=CARTESIAN_POINT('',(0.108,0.0090000000000005,-0.0403238075793815));
#8392=CARTESIAN_POINT('',(-0.042,0.0090000000000005,-0.0403238075793815));
#8393=CARTESIAN_POINT('',(-0.042,-1.0671281225251E-17,-0.017));
#8394=CARTESIAN_POINT('',(0.108,-1.28055374703012E-17,-0.017));
#8395=CARTESIAN_POINT('',(-0.058,-1.0671281225251E-17,-0.017));
#8396=CARTESIAN_POINT('',(-0.058,0.0090000000000005,-0.0403238075793815));
#8397=CARTESIAN_POINT('',(0.108,-8.67361737988404E-18,-0.017));
#8398=CARTESIAN_POINT('',(0.092,-8.67361737988404E-18,-0.017));
#8399=CARTESIAN_POINT('',(0.092,0.01,-0.017));
#8400=CARTESIAN_POINT('',(0.108,-8.67361737988404E-18,-0.017));
#8401=CARTESIAN_POINT('',(0.108,0.01,-0.017));
#8402=CARTESIAN_POINT('',(0.108,0.01,-0.017));
#8403=CARTESIAN_POINT('',(0.108,-8.67361737988404E-18,-0.017));
#8404=CARTESIAN_POINT('',(0.058,-8.67361737988404E-18,-0.017));
#8405=CARTESIAN_POINT('',(0.058,0.01,-0.017));
#8406=CARTESIAN_POINT('',(0.108,0.01,-0.017));
#8407=CARTESIAN_POINT('',(0.042,0.01,-0.017));
#8408=CARTESIAN_POINT('',(0.042,-8.67361737988404E-18,-0.017));
#8409=CARTESIAN_POINT('',(0.108,-8.67361737988404E-18,-0.017));
#8410=CARTESIAN_POINT('',(0.00799999999999997,-8.67361737988404E-18,-0.017));
#8411=CARTESIAN_POINT('',(0.00799999999999997,0.01,-0.017));
#8412=CARTESIAN_POINT('',(0.108,0.01,-0.017));
#8413=CARTESIAN_POINT('',(-0.00800000000000001,0.01,-0.017));
#8414=CARTESIAN_POINT('',(-0.00800000000000001,-8.67361737988404E-18,-0.017));
#8415=CARTESIAN_POINT('',(0.108,-8.67361737988404E-18,-0.017));
#8416=CARTESIAN_POINT('',(-0.042,-8.67361737988404E-18,-0.017));
#8417=CARTESIAN_POINT('',(-0.042,0.01,-0.017));
#8418=CARTESIAN_POINT('',(0.108,0.01,-0.017));
#8419=CARTESIAN_POINT('',(-0.058,0.01,-0.017));
#8420=CARTESIAN_POINT('',(-0.058,-8.67361737988404E-18,-0.017));
#8421=CARTESIAN_POINT('',(0.108,0.01,0.017));
#8422=CARTESIAN_POINT('',(0.092,0.01,0.017));
#8423=CARTESIAN_POINT('',(0.092,0.01,0.017));
#8424=CARTESIAN_POINT('',(0.092,-8.53702498020082E-18,0.017));
#8425=CARTESIAN_POINT('',(0.108,0.01,0.017));
#8426=CARTESIAN_POINT('',(0.108,0.01,0.017));
#8427=CARTESIAN_POINT('',(0.108,0.01,0.017));
#8428=CARTESIAN_POINT('',(0.108,-8.53702498020082E-18,0.017));
#8429=CARTESIAN_POINT('',(0.108,-8.53702498020082E-18,0.017));
#8430=CARTESIAN_POINT('',(0.108,0.01,0.017));
#8431=CARTESIAN_POINT('',(0.00799999999999997,0.01,0.017));
#8432=CARTESIAN_POINT('',(0.00799999999999997,-8.53702498020082E-18,0.017));
#8433=CARTESIAN_POINT('',(0.00799999999999997,0.01,0.017));
#8434=CARTESIAN_POINT('',(0.108,-8.53702498020082E-18,0.017));
#8435=CARTESIAN_POINT('',(-0.00800000000000001,-8.53702498020082E-18,0.017));
#8436=CARTESIAN_POINT('',(-0.00800000000000001,0.01,0.017));
#8437=CARTESIAN_POINT('',(-0.00800000000000001,0.01,0.017));
#8438=CARTESIAN_POINT('',(0.108,0.01,0.017));
#8439=CARTESIAN_POINT('',(0.108,0.01,0.017));
#8440=CARTESIAN_POINT('',(-0.042,0.01,0.017));
#8441=CARTESIAN_POINT('',(-0.042,-8.53702498020082E-18,0.017));
#8442=CARTESIAN_POINT('',(-0.042,0.01,0.017));
#8443=CARTESIAN_POINT('',(0.108,-8.53702498020082E-18,0.017));
#8444=CARTESIAN_POINT('',(-0.058,-8.53702498020082E-18,0.017));
#8445=CARTESIAN_POINT('',(-0.058,0.01,0.017));
#8446=CARTESIAN_POINT('',(-0.058,0.01,0.017));
#8447=CARTESIAN_POINT('',(0.108,0.01,0.017));
#8448=CARTESIAN_POINT('',(0.108,0.00900000000000052,0.0403238075793816));
#8449=CARTESIAN_POINT('',(0.092,0.00900000000000052,0.0403238075793816));
#8450=CARTESIAN_POINT('',(0.092,-0.016,0.0403238075793815));
#8451=CARTESIAN_POINT('',(0.108,0.00900000000000052,0.0403238075793816));
#8452=CARTESIAN_POINT('',(0.108,-0.016,0.0403238075793815));
#8453=CARTESIAN_POINT('',(0.108,-0.016,0.0403238075793815));
#8454=CARTESIAN_POINT('',(0.108,0.00900000000000052,0.0403238075793816));
#8455=CARTESIAN_POINT('',(0.00799999999999997,0.00900000000000052,0.0403238075793816));
#8456=CARTESIAN_POINT('',(0.00799999999999997,-0.016,0.0403238075793815));
#8457=CARTESIAN_POINT('',(0.108,-0.016,0.0403238075793815));
#8458=CARTESIAN_POINT('',(-0.00800000000000001,-0.016,0.0403238075793815));
#8459=CARTESIAN_POINT('',(-0.00800000000000001,0.00900000000000052,0.0403238075793816));
#8460=CARTESIAN_POINT('',(0.108,0.00900000000000052,0.0403238075793816));
#8461=CARTESIAN_POINT('',(-0.042,0.00900000000000052,0.0403238075793816));
#8462=CARTESIAN_POINT('',(-0.042,-0.016,0.0403238075793815));
#8463=CARTESIAN_POINT('',(0.108,-0.016,0.0403238075793815));
#8464=CARTESIAN_POINT('',(-0.058,-0.016,0.0403238075793815));
#8465=CARTESIAN_POINT('',(-0.058,0.00900000000000052,0.0403238075793816));
#8466=CARTESIAN_POINT('',(0.108,-0.016,0.0403238075793815));
#8467=CARTESIAN_POINT('',(0.092,-0.016,0.0403238075793815));
#8468=CARTESIAN_POINT('',(0.092,-0.016,0.115));
#8469=CARTESIAN_POINT('',(0.108,-0.016,0.0403238075793815));
#8470=CARTESIAN_POINT('',(0.108,-0.016,0.115));
#8471=CARTESIAN_POINT('',(0.108,-0.016,0.115));
#8472=CARTESIAN_POINT('',(0.108,-0.016,0.0403238075793815));
#8473=CARTESIAN_POINT('',(0.00799999999999997,-0.016,0.0403238075793815));
#8474=CARTESIAN_POINT('',(0.00799999999999997,-0.016,0.115));
#8475=CARTESIAN_POINT('',(0.108,-0.016,0.115));
#8476=CARTESIAN_POINT('',(-0.00800000000000001,-0.016,0.115));
#8477=CARTESIAN_POINT('',(-0.00800000000000001,-0.016,0.0403238075793815));
#8478=CARTESIAN_POINT('',(0.108,-0.016,0.0403238075793815));
#8479=CARTESIAN_POINT('',(-0.042,-0.016,0.0403238075793815));
#8480=CARTESIAN_POINT('',(-0.042,-0.016,0.115));
#8481=CARTESIAN_POINT('',(0.108,-0.016,0.115));
#8482=CARTESIAN_POINT('',(-0.058,-0.016,0.115));
#8483=CARTESIAN_POINT('',(-0.058,-0.016,0.0403238075793815));
#8484=CARTESIAN_POINT('',(0.108,-0.016,0.115));
#8485=CARTESIAN_POINT('',(0.092,-0.016,0.115));
#8486=CARTESIAN_POINT('',(0.092,0.,0.115));
#8487=CARTESIAN_POINT('',(0.108,-0.016,0.115));
#8488=CARTESIAN_POINT('',(0.108,0.,0.115));
#8489=CARTESIAN_POINT('',(0.108,0.,0.115));
#8490=CARTESIAN_POINT('',(0.108,-0.016,0.115));
#8491=CARTESIAN_POINT('',(0.00799999999999997,-0.016,0.115));
#8492=CARTESIAN_POINT('',(0.00799999999999997,0.,0.115));
#8493=CARTESIAN_POINT('',(0.108,0.,0.115));
#8494=CARTESIAN_POINT('',(-0.00800000000000001,0.,0.115));
#8495=CARTESIAN_POINT('',(-0.00800000000000001,-0.016,0.115));
#8496=CARTESIAN_POINT('',(0.108,-0.016,0.115));
#8497=CARTESIAN_POINT('',(-0.042,-0.016,0.115));
#8498=CARTESIAN_POINT('',(-0.042,0.,0.115));
#8499=CARTESIAN_POINT('',(0.108,0.,0.115));
#8500=CARTESIAN_POINT('',(-0.058,0.,0.115));
#8501=CARTESIAN_POINT('',(-0.058,-0.016,0.115));
#8502=CARTESIAN_POINT('',(0.108,0.,0.115));
#8503=CARTESIAN_POINT('',(0.092,0.,0.115));
#8504=CARTESIAN_POINT('',(0.108,0.,0.115));
#8505=CARTESIAN_POINT('',(0.108,0.,0.115));
#8506=CARTESIAN_POINT('',(0.00799999999999997,0.,0.115));
#8507=CARTESIAN_POINT('',(-0.00800000000000001,0.,0.115));
#8508=CARTESIAN_POINT('',(0.108,0.,0.115));
#8509=CARTESIAN_POINT('',(-0.042,0.,0.115));
#8510=CARTESIAN_POINT('',(-0.058,0.,0.115));
#8511=CARTESIAN_POINT('',(0.108,0.,-0.066));
#8512=CARTESIAN_POINT('',(-0.092,0.,-0.066));
#8513=CARTESIAN_POINT('',(-0.092,0.,-0.115));
#8514=CARTESIAN_POINT('',(-0.092,0.,-0.066));
#8515=CARTESIAN_POINT('',(0.108,0.,-0.115));
#8516=CARTESIAN_POINT('',(-0.108,0.,-0.115));
#8517=CARTESIAN_POINT('',(-0.108,0.,-0.066));
#8518=CARTESIAN_POINT('',(-0.108,0.,-0.066));
#8519=CARTESIAN_POINT('',(0.108,0.,-0.066));
#8520=CARTESIAN_POINT('',(0.108,0.,-0.115));
#8521=CARTESIAN_POINT('',(-0.092,0.,-0.115));
#8522=CARTESIAN_POINT('',(-0.092,-0.016,-0.115));
#8523=CARTESIAN_POINT('',(0.108,-0.016,-0.115));
#8524=CARTESIAN_POINT('',(-0.108,-0.016,-0.115));
#8525=CARTESIAN_POINT('',(-0.108,0.,-0.115));
#8526=CARTESIAN_POINT('',(0.108,-0.016,-0.115));
#8527=CARTESIAN_POINT('',(-0.092,-0.016,-0.115));
#8528=CARTESIAN_POINT('',(-0.092,-0.016,-0.0403238075793815));
#8529=CARTESIAN_POINT('',(0.108,-0.016,-0.0403238075793815));
#8530=CARTESIAN_POINT('',(-0.108,-0.016,-0.0403238075793815));
#8531=CARTESIAN_POINT('',(-0.108,-0.016,-0.115));
#8532=CARTESIAN_POINT('',(0.108,0.0090000000000005,-0.0403238075793815));
#8533=CARTESIAN_POINT('',(-0.092,0.0090000000000005,-0.0403238075793815));
#8534=CARTESIAN_POINT('',(-0.092,-1.0671281225251E-17,-0.017));
#8535=CARTESIAN_POINT('',(0.108,-1.28055374703012E-17,-0.017));
#8536=CARTESIAN_POINT('',(-0.108,-1.28055374703012E-17,-0.017));
#8537=CARTESIAN_POINT('',(-0.108,0.0090000000000005,-0.0403238075793815));
#8538=CARTESIAN_POINT('',(0.108,-8.67361737988404E-18,-0.017));
#8539=CARTESIAN_POINT('',(-0.092,-8.67361737988404E-18,-0.017));
#8540=CARTESIAN_POINT('',(-0.092,0.01,-0.017));
#8541=CARTESIAN_POINT('',(0.108,0.01,-0.017));
#8542=CARTESIAN_POINT('',(-0.108,0.01,-0.017));
#8543=CARTESIAN_POINT('',(-0.108,-8.67361737988404E-18,-0.017));
#8544=CARTESIAN_POINT('',(0.108,0.01,-0.017));
#8545=CARTESIAN_POINT('',(-0.092,0.01,0.5));
#8546=CARTESIAN_POINT('',(-0.092,0.01,-0.0555930905438934));
#8547=CARTESIAN_POINT('',(0.108,0.00999999999999996,-0.0555930905438935));
#8548=CARTESIAN_POINT('',(-0.058,0.01,-0.0555930905438934));
#8549=CARTESIAN_POINT('',(-0.058,0.01,0.5));
#8550=CARTESIAN_POINT('',(-0.042,0.01,0.5));
#8551=CARTESIAN_POINT('',(-0.042,0.01,-0.0555930905438934));
#8552=CARTESIAN_POINT('',(0.108,0.00999999999999998,-0.0555930905438935));
#8553=CARTESIAN_POINT('',(-0.00800000000000001,0.01,-0.0555930905438934));
#8554=CARTESIAN_POINT('',(-0.00800000000000001,0.01,0.5));
#8555=CARTESIAN_POINT('',(0.00799999999999997,0.01,0.5));
#8556=CARTESIAN_POINT('',(0.00799999999999997,0.01,-0.0555930905438934));
#8557=CARTESIAN_POINT('',(0.108,0.00999999999999999,-0.0555930905438934));
#8558=CARTESIAN_POINT('',(0.042,0.01,-0.0555930905438934));
#8559=CARTESIAN_POINT('',(0.042,0.01,0.5));
#8560=CARTESIAN_POINT('',(0.058,0.01,0.5));
#8561=CARTESIAN_POINT('',(0.058,0.01,-0.0555930905438934));
#8562=CARTESIAN_POINT('',(0.108,0.01,-0.0555930905438934));
#8563=CARTESIAN_POINT('',(0.092,0.01,-0.0555930905438934));
#8564=CARTESIAN_POINT('',(0.092,0.01,0.5));
#8565=CARTESIAN_POINT('',(0.108,0.01,-0.017));
#8566=CARTESIAN_POINT('',(0.092,0.01,0.5));
#8567=CARTESIAN_POINT('',(0.058,0.01,0.5));
#8568=CARTESIAN_POINT('',(0.058,0.01,0.032999999999998));
#8569=CARTESIAN_POINT('',(0.058,0.01,0.5));
#8570=CARTESIAN_POINT('',(0.058,0.01,0.016999999999999));
#8571=CARTESIAN_POINT('',(0.108,0.01,0.017));
#8572=CARTESIAN_POINT('',(0.042,0.01,0.016999999999999));
#8573=CARTESIAN_POINT('',(0.042,0.01,0.5));
#8574=CARTESIAN_POINT('',(0.042,0.01,0.032999999999998));
#8575=CARTESIAN_POINT('',(0.042,0.01,0.5));
#8576=CARTESIAN_POINT('',(0.00799999999999997,0.01,0.5));
#8577=CARTESIAN_POINT('',(-0.00800000000000001,0.01,0.5));
#8578=CARTESIAN_POINT('',(-0.042,0.01,0.5));
#8579=CARTESIAN_POINT('',(-0.058,0.01,0.5));
#8580=CARTESIAN_POINT('',(-0.092,0.01,0.5));
#8581=CARTESIAN_POINT('',(-0.092,0.01,0.017));
#8582=CARTESIAN_POINT('',(0.108,0.01,0.017));
#8583=CARTESIAN_POINT('',(-0.108,0.01,0.017));
#8584=CARTESIAN_POINT('',(-0.108,0.01,-0.017));
#8585=CARTESIAN_POINT('',(0.108,0.01,0.017));
#8586=CARTESIAN_POINT('',(-0.092,0.01,0.017));
#8587=CARTESIAN_POINT('',(-0.092,-8.53702498020082E-18,0.017));
#8588=CARTESIAN_POINT('',(0.108,-8.53702498020082E-18,0.017));
#8589=CARTESIAN_POINT('',(-0.108,-8.53702498020082E-18,0.017));
#8590=CARTESIAN_POINT('',(-0.108,0.01,0.017));
#8591=CARTESIAN_POINT('',(0.108,0.00900000000000052,0.0403238075793816));
#8592=CARTESIAN_POINT('',(-0.092,0.00900000000000052,0.0403238075793816));
#8593=CARTESIAN_POINT('',(-0.092,-0.016,0.0403238075793815));
#8594=CARTESIAN_POINT('',(0.108,-0.016,0.0403238075793815));
#8595=CARTESIAN_POINT('',(-0.108,-0.016,0.0403238075793815));
#8596=CARTESIAN_POINT('',(-0.108,0.00900000000000052,0.0403238075793816));
#8597=CARTESIAN_POINT('',(0.108,-0.016,0.0403238075793815));
#8598=CARTESIAN_POINT('',(-0.092,-0.016,0.0403238075793815));
#8599=CARTESIAN_POINT('',(-0.092,-0.016,0.115));
#8600=CARTESIAN_POINT('',(0.108,-0.016,0.115));
#8601=CARTESIAN_POINT('',(-0.108,-0.016,0.115));
#8602=CARTESIAN_POINT('',(-0.108,-0.016,0.0403238075793815));
#8603=CARTESIAN_POINT('',(0.108,-0.016,0.115));
#8604=CARTESIAN_POINT('',(-0.092,-0.016,0.115));
#8605=CARTESIAN_POINT('',(-0.092,0.,0.115));
#8606=CARTESIAN_POINT('',(0.108,0.,0.115));
#8607=CARTESIAN_POINT('',(-0.108,0.,0.115));
#8608=CARTESIAN_POINT('',(-0.108,-0.016,0.115));
#8609=CARTESIAN_POINT('',(0.108,0.,0.115));
#8610=CARTESIAN_POINT('',(-0.092,0.,0.115));
#8611=CARTESIAN_POINT('',(-0.108,0.,0.115));
#8612=CARTESIAN_POINT('',(0.108,0.0634194044623617,0.));
#8613=CARTESIAN_POINT('',(0.092,0.0634194044623617,0.));
#8614=CARTESIAN_POINT('',(0.058,0.0634194044623617,0.));
#8615=CARTESIAN_POINT('',(0.042,0.0634194044623617,0.));
#8616=CARTESIAN_POINT('',(0.00799999999999997,0.0634194044623617,0.));
#8617=CARTESIAN_POINT('',(-0.00800000000000001,0.0634194044623617,0.));
#8618=CARTESIAN_POINT('',(-0.042,0.0634194044623617,0.));
#8619=CARTESIAN_POINT('',(-0.058,0.0634194044623617,0.));
#8620=CARTESIAN_POINT('',(-0.092,0.0634194044623617,0.));
#8621=CARTESIAN_POINT('',(-0.108,0.0634194044623617,0.));
#8622=CARTESIAN_POINT('',(0.108,0.0634194044623617,0.));
#8623=CARTESIAN_POINT('',(0.108,0.0090000000000005,-0.0403238075793815));
#8624=CARTESIAN_POINT('',(-0.108,0.0090000000000005,-0.0403238075793815));
#8625=CARTESIAN_POINT('',(-0.092,-0.44609430648634,0.5));
#8626=CARTESIAN_POINT('',(-0.058,0.01,0.5));
#8627=CARTESIAN_POINT('',(-0.042,-0.44445605508514,0.5));
#8628=CARTESIAN_POINT('',(-0.00800000000000001,0.01,0.5));
#8629=CARTESIAN_POINT('',(0.00799999999999997,-0.44445605508514,0.5));
#8630=CARTESIAN_POINT('',(0.042,0.01,0.5));
#8631=CARTESIAN_POINT('',(0.058,-0.44445605508514,0.5));
#8632=CARTESIAN_POINT('',(0.092,0.01,0.5));
#8633=CARTESIAN_POINT('',(-0.092,-0.44609430648634,0.5));
#8634=CARTESIAN_POINT('',(-0.058,0.01,0.5));
#8635=CARTESIAN_POINT('',(-0.042,-0.44445605508514,0.5));
#8636=CARTESIAN_POINT('',(-0.00800000000000001,0.01,0.5));
#8637=CARTESIAN_POINT('',(0.00799999999999997,-0.44445605508514,0.5));
#8638=CARTESIAN_POINT('',(0.042,0.01,0.5));
#8639=CARTESIAN_POINT('',(0.042,0.38870989344571,0.032999999999998));
#8640=CARTESIAN_POINT('',(0.042,0.,0.032999999999998));
#8641=CARTESIAN_POINT('',(0.042,0.,0.032999999999998));
#8642=CARTESIAN_POINT('',(0.092,0.01,0.5));
#8643=CARTESIAN_POINT('',(0.058,-0.44445605508514,0.5));
#8644=CARTESIAN_POINT('',(0.058,0.,0.032999999999998));
#8645=CARTESIAN_POINT('',(0.058,0.,0.032999999999998));
#8646=CARTESIAN_POINT('',(0.058,-0.44445605508514,0.032999999999998));
#8647=CARTESIAN_POINT('',(0.042,-1.,0.016999999999999));
#8648=CARTESIAN_POINT('',(0.058,-1.,0.016999999999999));
#8649=CARTESIAN_POINT('',(0.042,-1.,0.016999999999999));
#8650=CARTESIAN_POINT('',(0.042,0.38870989344571,0.032999999999998));
#8651=CARTESIAN_POINT('',(0.058,0.38870989344571,0.032999999999998));
#8652=CARTESIAN_POINT('',(0.042,0.,0.032999999999998));
#8653=CARTESIAN_POINT('',(0.042,0.38870989344571,0.032999999999998));
#8654=CARTESIAN_POINT('',(0.042,0.,0.032999999999998));
#8655=CARTESIAN_POINT('',(0.042,0.,0.));
#8656=CARTESIAN_POINT('',(0.058,0.,0.));
#8657=CARTESIAN_POINT('',(0.,0.,0.));
#8658=CARTESIAN_POINT('',(0.1,0.229,0.065));
#8659=CARTESIAN_POINT('',(-0.1,0.229,0.065));
#8660=CARTESIAN_POINT('',(-0.1,0.229,0.065));
#8661=CARTESIAN_POINT('',(-0.1,0.108999999999994,0.065));
#8662=CARTESIAN_POINT('',(0.1,0.108999999999994,0.065));
#8663=CARTESIAN_POINT('',(0.1,0.108999999999994,0.065));
#8664=CARTESIAN_POINT('',(0.1,0.229,0.065));
#8665=CARTESIAN_POINT('',(0.1,0.229,0.065));
#8666=CARTESIAN_POINT('',(0.1,0.229,0.065));
#8667=CARTESIAN_POINT('',(-0.0325,0.199,0.065));
#8668=CARTESIAN_POINT('',(-0.0325,0.199,0.065));
#8669=CARTESIAN_POINT('',(-0.0325,0.1465,0.065));
#8670=CARTESIAN_POINT('',(0.0325,0.199,0.065));
#8671=CARTESIAN_POINT('',(0.0325,0.199,0.065));
#8672=CARTESIAN_POINT('',(0.0325,0.1465,0.065));
#8673=CARTESIAN_POINT('',(0.0325,0.1465,0.065));
#8674=CARTESIAN_POINT('',(0.0049999999999998,0.119,0.065));
#8675=CARTESIAN_POINT('',(0.00499999999999981,0.119,0.065));
#8676=CARTESIAN_POINT('',(-0.0050000000000002,0.119,0.065));
#8677=CARTESIAN_POINT('',(-0.00500000000000019,0.119,0.065));
#8678=CARTESIAN_POINT('',(-0.0325,0.1465,0.065));
#8679=CARTESIAN_POINT('',(0.1,0.259,-0.115));
#8680=CARTESIAN_POINT('',(-0.1,0.259,-0.115));
#8681=CARTESIAN_POINT('',(-0.1,0.259,-0.115));
#8682=CARTESIAN_POINT('',(-0.1,0.259,0.115));
#8683=CARTESIAN_POINT('',(0.1,0.259,0.115));
#8684=CARTESIAN_POINT('',(0.1,0.259,0.115));
#8685=CARTESIAN_POINT('',(0.1,0.259,-0.115));
#8686=CARTESIAN_POINT('',(0.1,0.259,-0.115));
#8687=CARTESIAN_POINT('',(0.1,0.259,-0.115));
#8688=CARTESIAN_POINT('',(0.1,0.259,0.115));
#8689=CARTESIAN_POINT('',(-0.1,0.259,0.115));
#8690=CARTESIAN_POINT('',(-0.1,0.229,0.115));
#8691=CARTESIAN_POINT('',(0.1,0.229,0.115));
#8692=CARTESIAN_POINT('',(0.1,0.229,0.115));
#8693=CARTESIAN_POINT('',(0.1,0.259,0.115));
#8694=CARTESIAN_POINT('',(0.1,0.229,0.115));
#8695=CARTESIAN_POINT('',(-0.1,0.229,0.115));
#8696=CARTESIAN_POINT('',(0.1,0.229,0.115));
#8697=CARTESIAN_POINT('',(0.1,0.108999999999994,0.0550000000000052));
#8698=CARTESIAN_POINT('',(-0.1,0.108999999999994,0.0550000000000052));
#8699=CARTESIAN_POINT('',(-0.1,0.098999999999999,0.0550000000000052));
#8700=CARTESIAN_POINT('',(0.1,0.098999999999999,0.0550000000000052));
#8701=CARTESIAN_POINT('',(0.1,0.098999999999999,0.0550000000000052));
#8702=CARTESIAN_POINT('',(0.1,0.108999999999994,0.0550000000000052));
#8703=CARTESIAN_POINT('',(0.1,0.098999999999999,0.0550000000000052));
#8704=CARTESIAN_POINT('',(-0.1,0.098999999999999,0.0550000000000052));
#8705=CARTESIAN_POINT('',(-0.1,0.098999999999999,0.0499999999999931));
#8706=CARTESIAN_POINT('',(0.1,0.098999999999999,0.0499999999999931));
#8707=CARTESIAN_POINT('',(0.1,0.098999999999999,0.0499999999999931));
#8708=CARTESIAN_POINT('',(0.1,0.098999999999999,0.0550000000000052));
#8709=CARTESIAN_POINT('',(0.1,0.108999999999992,0.0499999999999931));
#8710=CARTESIAN_POINT('',(-0.1,0.108999999999992,0.0499999999999931));
#8711=CARTESIAN_POINT('',(-0.1,0.108999999999992,0.04));
#8712=CARTESIAN_POINT('',(0.1,0.108999999999992,0.04));
#8713=CARTESIAN_POINT('',(0.1,0.108999999999992,0.04));
#8714=CARTESIAN_POINT('',(0.1,0.108999999999992,0.0499999999999931));
#8715=CARTESIAN_POINT('',(0.1,0.108999999999992,0.04));
#8716=CARTESIAN_POINT('',(-0.1,0.108999999999992,0.04));
#8717=CARTESIAN_POINT('',(-0.1,0.119,0.04));
#8718=CARTESIAN_POINT('',(0.1,0.119,0.04));
#8719=CARTESIAN_POINT('',(0.1,0.119,0.04));
#8720=CARTESIAN_POINT('',(0.1,0.108999999999992,0.04));
#8721=CARTESIAN_POINT('',(0.1,0.119,0.04));
#8722=CARTESIAN_POINT('',(-0.1,0.119,0.04));
#8723=CARTESIAN_POINT('',(-0.1,0.12530282831008,0.033));
#8724=CARTESIAN_POINT('',(0.1,0.12530282831008,0.033));
#8725=CARTESIAN_POINT('',(0.1,0.12530282831008,0.033));
#8726=CARTESIAN_POINT('',(0.1,0.119,0.04));
#8727=CARTESIAN_POINT('',(0.1,0.12530282831008,0.033));
#8728=CARTESIAN_POINT('',(-0.1,0.12530282831008,0.033));
#8729=CARTESIAN_POINT('',(-0.1,0.14730282831008,0.033));
#8730=CARTESIAN_POINT('',(0.1,0.14730282831008,0.033));
#8731=CARTESIAN_POINT('',(0.1,0.14730282831008,0.033));
#8732=CARTESIAN_POINT('',(0.1,0.12530282831008,0.033));
#8733=CARTESIAN_POINT('',(0.1,0.14730282831008,0.033));
#8734=CARTESIAN_POINT('',(-0.1,0.14730282831008,0.033));
#8735=CARTESIAN_POINT('',(-0.1,0.15507711591389,0.04));
#8736=CARTESIAN_POINT('',(0.1,0.15507711591389,0.04));
#8737=CARTESIAN_POINT('',(0.1,0.15507711591389,0.04));
#8738=CARTESIAN_POINT('',(0.1,0.14730282831008,0.033));
#8739=CARTESIAN_POINT('',(0.1,0.15507711591389,0.04));
#8740=CARTESIAN_POINT('',(-0.1,0.15507711591389,0.04));
#8741=CARTESIAN_POINT('',(-0.1,0.229,0.04));
#8742=CARTESIAN_POINT('',(0.1,0.229,0.04));
#8743=CARTESIAN_POINT('',(0.1,0.229,0.04));
#8744=CARTESIAN_POINT('',(0.1,0.15507711591389,0.04));
#8745=CARTESIAN_POINT('',(0.1,0.229,0.04));
#8746=CARTESIAN_POINT('',(-0.1,0.229,0.04));
#8747=CARTESIAN_POINT('',(-0.1,0.229,0.015000000000001));
#8748=CARTESIAN_POINT('',(0.1,0.229,0.015000000000001));
#8749=CARTESIAN_POINT('',(0.1,0.229,0.015000000000001));
#8750=CARTESIAN_POINT('',(0.1,0.229,0.04));
#8751=CARTESIAN_POINT('',(0.1,0.229,0.015000000000001));
#8752=CARTESIAN_POINT('',(-0.1,0.229,0.015000000000001));
#8753=CARTESIAN_POINT('',(-0.1,0.108999999999994,0.015000000000001));
#8754=CARTESIAN_POINT('',(0.1,0.108999999999994,0.015000000000001));
#8755=CARTESIAN_POINT('',(0.1,0.108999999999994,0.015000000000001));
#8756=CARTESIAN_POINT('',(0.1,0.229,0.015000000000001));
#8757=CARTESIAN_POINT('',(0.1,0.108999999999994,0.0050000000000062));
#8758=CARTESIAN_POINT('',(-0.1,0.108999999999994,0.0050000000000062));
#8759=CARTESIAN_POINT('',(-0.1,0.098999999999999,0.00500000000000622));
#8760=CARTESIAN_POINT('',(0.1,0.098999999999999,0.00500000000000622));
#8761=CARTESIAN_POINT('',(0.1,0.098999999999999,0.00500000000000622));
#8762=CARTESIAN_POINT('',(0.1,0.108999999999994,0.0050000000000062));
#8763=CARTESIAN_POINT('',(0.1,0.098999999999999,0.00500000000000622));
#8764=CARTESIAN_POINT('',(-0.1,0.098999999999999,0.00500000000000622));
#8765=CARTESIAN_POINT('',(-0.1,0.098999999999999,-0.00500000000000622));
#8766=CARTESIAN_POINT('',(0.1,0.098999999999999,-0.00500000000000622));
#8767=CARTESIAN_POINT('',(0.1,0.098999999999999,-0.00500000000000622));
#8768=CARTESIAN_POINT('',(0.1,0.098999999999999,0.00500000000000622));
#8769=CARTESIAN_POINT('',(0.1,0.108999999999994,-0.00500000000000622));
#8770=CARTESIAN_POINT('',(-0.1,0.108999999999994,-0.00500000000000622));
#8771=CARTESIAN_POINT('',(-0.1,0.108999999999994,-0.015000000000001));
#8772=CARTESIAN_POINT('',(0.1,0.108999999999994,-0.015000000000001));
#8773=CARTESIAN_POINT('',(0.1,0.108999999999994,-0.015000000000001));
#8774=CARTESIAN_POINT('',(0.1,0.108999999999994,-0.00500000000000622));
#8775=CARTESIAN_POINT('',(0.1,0.108999999999994,-0.015000000000001));
#8776=CARTESIAN_POINT('',(-0.1,0.108999999999994,-0.015000000000001));
#8777=CARTESIAN_POINT('',(-0.1,0.229,-0.015000000000001));
#8778=CARTESIAN_POINT('',(0.1,0.229,-0.015000000000001));
#8779=CARTESIAN_POINT('',(0.1,0.229,-0.015000000000001));
#8780=CARTESIAN_POINT('',(0.1,0.108999999999994,-0.015000000000001));
#8781=CARTESIAN_POINT('',(0.1,0.229,-0.015000000000001));
#8782=CARTESIAN_POINT('',(-0.1,0.229,-0.015000000000001));
#8783=CARTESIAN_POINT('',(-0.1,0.229,-0.04));
#8784=CARTESIAN_POINT('',(0.1,0.229,-0.04));
#8785=CARTESIAN_POINT('',(0.1,0.229,-0.04));
#8786=CARTESIAN_POINT('',(0.1,0.229,-0.015000000000001));
#8787=CARTESIAN_POINT('',(0.1,0.229,-0.04));
#8788=CARTESIAN_POINT('',(-0.1,0.229,-0.04));
#8789=CARTESIAN_POINT('',(-0.1,0.15507711591389,-0.04));
#8790=CARTESIAN_POINT('',(0.1,0.15507711591389,-0.04));
#8791=CARTESIAN_POINT('',(0.1,0.15507711591389,-0.04));
#8792=CARTESIAN_POINT('',(0.1,0.229,-0.04));
#8793=CARTESIAN_POINT('',(0.1,0.15507711591389,-0.04));
#8794=CARTESIAN_POINT('',(-0.1,0.15507711591389,-0.04));
#8795=CARTESIAN_POINT('',(-0.1,0.14730282831008,-0.033));
#8796=CARTESIAN_POINT('',(0.1,0.14730282831008,-0.033));
#8797=CARTESIAN_POINT('',(0.1,0.14730282831008,-0.033));
#8798=CARTESIAN_POINT('',(0.1,0.15507711591389,-0.04));
#8799=CARTESIAN_POINT('',(0.1,0.14730282831008,-0.033));
#8800=CARTESIAN_POINT('',(-0.1,0.14730282831008,-0.033));
#8801=CARTESIAN_POINT('',(-0.1,0.12530282831008,-0.033));
#8802=CARTESIAN_POINT('',(0.1,0.12530282831008,-0.033));
#8803=CARTESIAN_POINT('',(0.1,0.12530282831008,-0.033));
#8804=CARTESIAN_POINT('',(0.1,0.14730282831008,-0.033));
#8805=CARTESIAN_POINT('',(0.1,0.12530282831008,-0.033));
#8806=CARTESIAN_POINT('',(-0.1,0.12530282831008,-0.033));
#8807=CARTESIAN_POINT('',(-0.1,0.119,-0.04));
#8808=CARTESIAN_POINT('',(0.1,0.119,-0.04));
#8809=CARTESIAN_POINT('',(0.1,0.119,-0.04));
#8810=CARTESIAN_POINT('',(0.1,0.12530282831008,-0.033));
#8811=CARTESIAN_POINT('',(0.1,0.119,-0.04));
#8812=CARTESIAN_POINT('',(-0.1,0.119,-0.04));
#8813=CARTESIAN_POINT('',(-0.1,0.108999999999992,-0.04));
#8814=CARTESIAN_POINT('',(0.1,0.108999999999992,-0.04));
#8815=CARTESIAN_POINT('',(0.1,0.108999999999992,-0.04));
#8816=CARTESIAN_POINT('',(0.1,0.119,-0.04));
#8817=CARTESIAN_POINT('',(0.1,0.108999999999992,-0.0499999999999931));
#8818=CARTESIAN_POINT('',(-0.1,0.108999999999992,-0.0499999999999931));
#8819=CARTESIAN_POINT('',(-0.1,0.098999999999999,-0.0499999999999931));
#8820=CARTESIAN_POINT('',(0.1,0.098999999999999,-0.0499999999999931));
#8821=CARTESIAN_POINT('',(0.1,0.098999999999999,-0.0499999999999931));
#8822=CARTESIAN_POINT('',(0.1,0.108999999999992,-0.0499999999999931));
#8823=CARTESIAN_POINT('',(0.1,0.098999999999999,-0.0499999999999931));
#8824=CARTESIAN_POINT('',(-0.1,0.098999999999999,-0.0499999999999931));
#8825=CARTESIAN_POINT('',(-0.1,0.098999999999999,-0.0550000000000052));
#8826=CARTESIAN_POINT('',(0.1,0.098999999999999,-0.0550000000000052));
#8827=CARTESIAN_POINT('',(0.1,0.098999999999999,-0.0550000000000052));
#8828=CARTESIAN_POINT('',(0.1,0.098999999999999,-0.0499999999999931));
#8829=CARTESIAN_POINT('',(0.1,0.108999999999994,-0.0550000000000052));
#8830=CARTESIAN_POINT('',(-0.1,0.108999999999994,-0.0550000000000052));
#8831=CARTESIAN_POINT('',(-0.1,0.108999999999994,-0.065));
#8832=CARTESIAN_POINT('',(0.1,0.108999999999994,-0.065));
#8833=CARTESIAN_POINT('',(0.1,0.108999999999994,-0.065));
#8834=CARTESIAN_POINT('',(0.1,0.108999999999994,-0.0550000000000052));
#8835=CARTESIAN_POINT('',(0.1,0.108999999999994,-0.065));
#8836=CARTESIAN_POINT('',(-0.1,0.108999999999994,-0.065));
#8837=CARTESIAN_POINT('',(-0.1,0.229,-0.065));
#8838=CARTESIAN_POINT('',(0.1,0.229,-0.065));
#8839=CARTESIAN_POINT('',(0.1,0.229,-0.065));
#8840=CARTESIAN_POINT('',(0.1,0.108999999999994,-0.065));
#8841=CARTESIAN_POINT('',(0.1,0.229,-0.065));
#8842=CARTESIAN_POINT('',(-0.1,0.229,-0.065));
#8843=CARTESIAN_POINT('',(-0.1,0.229,-0.115));
#8844=CARTESIAN_POINT('',(0.1,0.229,-0.115));
#8845=CARTESIAN_POINT('',(0.1,0.229,-0.115));
#8846=CARTESIAN_POINT('',(0.1,0.229,-0.065));
#8847=CARTESIAN_POINT('',(0.1,0.229,-0.115));
#8848=CARTESIAN_POINT('',(-0.1,0.229,-0.115));
#8849=CARTESIAN_POINT('',(0.1,0.229,-0.115));
#8850=CARTESIAN_POINT('',(0.1,0.108999999999994,0.0550000000000052));
#8851=CARTESIAN_POINT('',(-0.1,0.108999999999994,0.0550000000000052));
#8852=CARTESIAN_POINT('',(-0.0325,0.199,0.175));
#8853=CARTESIAN_POINT('',(-0.0325,0.1465,0.175));
#8854=CARTESIAN_POINT('',(-0.0325,0.1465,0.175));
#8855=CARTESIAN_POINT('',(-0.0325,0.199,0.175));
#8856=CARTESIAN_POINT('',(-0.0325,0.199,0.175));
#8857=CARTESIAN_POINT('',(-0.0325,0.199,0.175));
#8858=CARTESIAN_POINT('',(-0.0325,0.1465,0.175));
#8859=CARTESIAN_POINT('',(-0.0050000000000002,0.119,0.175));
#8860=CARTESIAN_POINT('',(-0.0050000000000002,0.119,0.175));
#8861=CARTESIAN_POINT('',(-0.0325,0.1465,0.175));
#8862=CARTESIAN_POINT('',(-0.0050000000000002,0.119,0.175));
#8863=CARTESIAN_POINT('',(0.0049999999999998,0.119,0.175));
#8864=CARTESIAN_POINT('',(0.0049999999999998,0.119,0.175));
#8865=CARTESIAN_POINT('',(-0.0050000000000002,0.119,0.175));
#8866=CARTESIAN_POINT('',(0.0049999999999998,0.119,0.175));
#8867=CARTESIAN_POINT('',(0.0325,0.1465,0.175));
#8868=CARTESIAN_POINT('',(0.0325,0.1465,0.175));
#8869=CARTESIAN_POINT('',(0.0049999999999998,0.119,0.175));
#8870=CARTESIAN_POINT('',(0.0325,0.1465,0.175));
#8871=CARTESIAN_POINT('',(0.0325,0.199,0.175));
#8872=CARTESIAN_POINT('',(0.0325,0.199,0.175));
#8873=CARTESIAN_POINT('',(0.0325,0.1465,0.175));
#8874=CARTESIAN_POINT('',(0.0325,0.199,0.175));
#8875=CARTESIAN_POINT('',(0.0325,0.199,0.175));
#8876=CARTESIAN_POINT('',(0.,0.,0.175));
#8877=CARTESIAN_POINT('',(0.,0.,0.));
#8878=MECHANICAL_DESIGN_GEOMETRIC_PRESENTATION_REPRESENTATION('',(#5563,
#5564,#5565,#5566),#8879);
#8879=(
GEOMETRIC_REPRESENTATION_CONTEXT(3)
GLOBAL_UNCERTAINTY_ASSIGNED_CONTEXT((#8884))
GLOBAL_UNIT_ASSIGNED_CONTEXT((#8891,#8890,#8889))
REPRESENTATION_CONTEXT('FTSH-105-01-F-DV-007-K-P-TR',
'TOP_LEVEL_ASSEMBLY_PART')
);
#8880=(
GEOMETRIC_REPRESENTATION_CONTEXT(3)
GLOBAL_UNCERTAINTY_ASSIGNED_CONTEXT((#8885))
GLOBAL_UNIT_ASSIGNED_CONTEXT((#8891,#8890,#8889))
REPRESENTATION_CONTEXT('FTSH-105-01-F-DV-007-K-P-TR_body',
'COMPONENT_PART')
);
#8881=(
GEOMETRIC_REPRESENTATION_CONTEXT(3)
GLOBAL_UNCERTAINTY_ASSIGNED_CONTEXT((#8886))
GLOBAL_UNIT_ASSIGNED_CONTEXT((#8891,#8890,#8889))
REPRESENTATION_CONTEXT('FTSH-105-01-F-DV-007-K-P-TR_pins1',
'COMPONENT_PART')
);
#8882=(
GEOMETRIC_REPRESENTATION_CONTEXT(3)
GLOBAL_UNCERTAINTY_ASSIGNED_CONTEXT((#8887))
GLOBAL_UNIT_ASSIGNED_CONTEXT((#8891,#8890,#8889))
REPRESENTATION_CONTEXT('FTSH-105-01-F-DV-007-K-P-TR_pins2',
'COMPONENT_PART')
);
#8883=(
GEOMETRIC_REPRESENTATION_CONTEXT(3)
GLOBAL_UNCERTAINTY_ASSIGNED_CONTEXT((#8888))
GLOBAL_UNIT_ASSIGNED_CONTEXT((#8891,#8890,#8889))
REPRESENTATION_CONTEXT('FTSH-105-01-F-DV-007-K-P-TR_pp_pad',
'COMPONENT_PART')
);
#8884=UNCERTAINTY_MEASURE_WITH_UNIT(LENGTH_MEASURE(3.93700787401575E-7),
#8891,'DISTANCE_ACCURACY_VALUE','Maximum Tolerance applied to model');
#8885=UNCERTAINTY_MEASURE_WITH_UNIT(LENGTH_MEASURE(3.93700787401575E-7),
#8891,'DISTANCE_ACCURACY_VALUE','Maximum Tolerance applied to model');
#8886=UNCERTAINTY_MEASURE_WITH_UNIT(LENGTH_MEASURE(3.93700787401575E-7),
#8891,'DISTANCE_ACCURACY_VALUE','Maximum Tolerance applied to model');
#8887=UNCERTAINTY_MEASURE_WITH_UNIT(LENGTH_MEASURE(3.93700787401575E-7),
#8891,'DISTANCE_ACCURACY_VALUE','Maximum Tolerance applied to model');
#8888=UNCERTAINTY_MEASURE_WITH_UNIT(LENGTH_MEASURE(3.93700787401575E-7),
#8891,'DISTANCE_ACCURACY_VALUE','Maximum Tolerance applied to model');
#8889=(
NAMED_UNIT(*)
SI_UNIT($,.STERADIAN.)
SOLID_ANGLE_UNIT()
);
#8890=(
NAMED_UNIT(*)
PLANE_ANGLE_UNIT()
SI_UNIT($,.RADIAN.)
);
#8891=(
CONVERSION_BASED_UNIT('INCH',#8893)
LENGTH_UNIT()
NAMED_UNIT(#8892)
);
#8892=DIMENSIONAL_EXPONENTS(1.,0.,0.,0.,0.,0.,0.);
#8893=LENGTH_MEASURE_WITH_UNIT(LENGTH_MEASURE(25.4),#8894);
#8894=(
LENGTH_UNIT()
NAMED_UNIT(*)
SI_UNIT(.MILLI.,.METRE.)
);
#8895=PRODUCT_DEFINITION_SHAPE('','',#8904);
#8896=PRODUCT_DEFINITION_SHAPE('','',#8905);
#8897=PRODUCT_DEFINITION_SHAPE(' ','NAUO PRDDFN',#67);
#8898=PRODUCT_DEFINITION_SHAPE('','',#8906);
#8899=PRODUCT_DEFINITION_SHAPE(' ','NAUO PRDDFN',#68);
#8900=PRODUCT_DEFINITION_SHAPE('','',#8907);
#8901=PRODUCT_DEFINITION_SHAPE(' ','NAUO PRDDFN',#69);
#8902=PRODUCT_DEFINITION_SHAPE('','',#8908);
#8903=PRODUCT_DEFINITION_SHAPE(' ','NAUO PRDDFN',#70);
#8904=PRODUCT_DEFINITION('','',#8914,#8909);
#8905=PRODUCT_DEFINITION('','',#8915,#8910);
#8906=PRODUCT_DEFINITION('','',#8916,#8911);
#8907=PRODUCT_DEFINITION('','',#8917,#8912);
#8908=PRODUCT_DEFINITION('','',#8918,#8913);
#8909=PRODUCT_DEFINITION_CONTEXT('',#8940,'design');
#8910=PRODUCT_DEFINITION_CONTEXT('',#8940,'design');
#8911=PRODUCT_DEFINITION_CONTEXT('',#8940,'design');
#8912=PRODUCT_DEFINITION_CONTEXT('',#8940,'design');
#8913=PRODUCT_DEFINITION_CONTEXT('',#8940,'design');
#8914=PRODUCT_DEFINITION_FORMATION_WITH_SPECIFIED_SOURCE('','',#8924,
 .NOT_KNOWN.);
#8915=PRODUCT_DEFINITION_FORMATION_WITH_SPECIFIED_SOURCE('','',#8925,
 .NOT_KNOWN.);
#8916=PRODUCT_DEFINITION_FORMATION_WITH_SPECIFIED_SOURCE('','',#8926,
 .NOT_KNOWN.);
#8917=PRODUCT_DEFINITION_FORMATION_WITH_SPECIFIED_SOURCE('','',#8927,
 .NOT_KNOWN.);
#8918=PRODUCT_DEFINITION_FORMATION_WITH_SPECIFIED_SOURCE('','',#8928,
 .NOT_KNOWN.);
#8919=PRODUCT_RELATED_PRODUCT_CATEGORY('','',(#8924));
#8920=PRODUCT_RELATED_PRODUCT_CATEGORY('','',(#8925));
#8921=PRODUCT_RELATED_PRODUCT_CATEGORY('','',(#8926));
#8922=PRODUCT_RELATED_PRODUCT_CATEGORY('','',(#8927));
#8923=PRODUCT_RELATED_PRODUCT_CATEGORY('','',(#8928));
#8924=PRODUCT('FTSH-105-01-F-DV-007-K-P-TR',
'FTSH-105-01-F-DV-007-K-P-TR','FTSH-105-01-F-DV-007-K-P-TR',(#8934));
#8925=PRODUCT('FTSH-105-01-F-DV-007-K-P-TR_body',
'FTSH-105-01-F-DV-007-K-P-TR_body','FTSH-105-01-F-DV-007-K-P-TR_body',(#8935));
#8926=PRODUCT('FTSH-105-01-F-DV-007-K-P-TR_pins1',
'FTSH-105-01-F-DV-007-K-P-TR_pins1','FTSH-105-01-F-DV-007-K-P-TR_pins1',
(#8936));
#8927=PRODUCT('FTSH-105-01-F-DV-007-K-P-TR_pins2',
'FTSH-105-01-F-DV-007-K-P-TR_pins2','FTSH-105-01-F-DV-007-K-P-TR_pins2',
(#8937));
#8928=PRODUCT('FTSH-105-01-F-DV-007-K-P-TR_pp_pad',
'FTSH-105-01-F-DV-007-K-P-TR_pp_pad',
'FTSH-105-01-F-DV-007-K-P-TR_pp_pad',(#8938));
#8929=PRODUCT_CATEGORY('','');
#8930=PRODUCT_CATEGORY('','');
#8931=PRODUCT_CATEGORY('','');
#8932=PRODUCT_CATEGORY('','');
#8933=PRODUCT_CATEGORY('','');
#8934=PRODUCT_CONTEXT('',#8940,'mechanical');
#8935=PRODUCT_CONTEXT('',#8940,'mechanical');
#8936=PRODUCT_CONTEXT('',#8940,'mechanical');
#8937=PRODUCT_CONTEXT('',#8940,'mechanical');
#8938=PRODUCT_CONTEXT('',#8940,'mechanical');
#8939=APPLICATION_PROTOCOL_DEFINITION('international standard',
'automotive_design',2010,#8940);
#8940=APPLICATION_CONTEXT(
'core data for automotive mechanical design processes');
ENDSEC;
END-ISO-10303-21;
