2026-04-24T05:32:23.316-04:00 LOGGER connected port=/dev/cu.usbmodemLS41069U4 baud=3000000
2026-04-24T05:32:24.836-04:00 ITM reset token
2026-04-24T05:32:24.945-04:00 SWO_SELF_TEST: CC1352P7_DIO16_ITM_CH0 phase=BOOT host_link=starting
2026-04-24T05:32:24.946-04:00 PYRONET_NCP_INIT_OK
2026-04-24T05:32:24.946-04:00 PYRONET_WISUN_STATUS status=MESH_BOOTSTRAP_STARTED host_state=2 queue_registration=0
2026-04-24T05:32:24.946-04:00 HOST_UART_READY baud=115200
2026-04-24T05:32:30.054-04:00 PYRONET_WISUN_DIAG host_state=2 router_status=-1 router=- j1=5 j2=0 j3=0 j4=0 j5=0 recv_pa=0 recv_pas=0 recv_pc=0 recv_pcs=0
2026-04-24T05:32:30.168-04:00 PYRONET_WISUN_ADDR host_state=2 ll=fe80::212:4b00:28ed:d802 global=- border_router=-
2026-04-24T05:32:35.273-04:00 PYRONET_WISUN_DIAG host_state=2 router_status=-1 router=- j1=10 j2=0 j3=0 j4=0 j5=0 recv_pa=0 recv_pas=0 recv_pc=0 recv_pcs=0
2026-04-24T05:32:35.387-04:00 PYRONET_WISUN_ADDR host_state=2 ll=fe80::212:4b00:28ed:d802 global=- border_router=-
2026-04-24T05:32:38.996-04:00 PYRONET_TLS_STATE state=INIT action=start_timer
2026-04-24T05:32:38.997-04:00 PYRONET_EAPTLS_RX state=REQUEST_ID code=1 type=1 id=1 flags=0xff len=5
2026-04-24T05:32:38.997-04:00 PYRONET_EAPTLS_MSG result=IDENTITY state=REQUEST_ID id=1
2026-04-24T05:32:38.997-04:00 PYRONET_EAPTLS_IDENTITY_REQ_ACCEPT id=1 retry_ticks=3300
2026-04-24T05:32:38.997-04:00 PYRONET_EAPTLS_IDENTITY_RESP_TX_START id=1 identity_len=9 eapol_len=18
2026-04-24T05:32:38.997-04:00 PYRONET_EAPTLS_IDENTITY_RESP_TX_OK id=1
2026-04-24T05:32:39.111-04:00 PYRONET_EAPTLS_IDENTITY_RESP_HANDLED id=1 send_result=0
2026-04-24T05:32:39.112-04:00 PYRONET_WISUN_SEC_DIAG seq=2 event=2 a=1 b=18 c=0
2026-04-24T05:32:39.113-04:00 PYRONET_EAPTLS_RX state=REQUEST_TLS_EAP code=1 type=13 id=2 flags=0x20 len=6
2026-04-24T05:32:39.115-04:00 PYRONET_EAPTLS_MSG result=START state=REQUEST_TLS_EAP id=2 flags=0x20 tls_len=1 new_seq=1
2026-04-24T05:32:39.115-04:00 PYRONET_EAPTLS_TLS_START_RX id=2 flags=0x20 len=6
2026-04-24T05:32:39.115-04:00 PYRONET_EAPTLS_TLS_INIT_OK id=2 header_size=5
2026-04-24T05:32:39.115-04:00 PYRONET_EAPTLS_TLS_CREATE_REQ id=2
2026-04-24T05:32:39.116-04:00 PYRONET_TLS_CREATE_REQ sec_keys=@20008bb0 certs=@20009320 state=CREATE_REQ
2026-04-24T05:32:39.116-04:00 PYRONET_EAPTLS_TLS_CREATE_REQ_DONE id=2 tls_ongoing=1
2026-04-24T05:32:39.116-04:00 PYRONET_TLS_STATE state=CREATE_REQ action=create_conf_ok
2026-04-24T05:32:39.116-04:00 PYRONET_EAPTLS_TLS_CREATE_CONF result=0 state=REQUEST
2026-04-24T05:32:39.116-04:00 PYRONET_TLS_CONFIGURE_START role=client sec_keys=@20008bb0 certs=@20009320
2026-04-24T05:46:50.450-04:00 LOGGER connected port=/dev/cu.usbmodemLS41069U4 baud=3000000
2026-04-24T05:46:51.970-04:00 ITM reset token
2026-04-24T05:46:52.081-04:00 SWO_SELF_TEST: CC1352P7_DIO16_ITM_CH0 phase=BOOT host_link=starting
2026-04-24T05:46:52.081-04:00 PYRONET_NCP_INIT_OK
2026-04-24T05:46:52.081-04:00 PYRONET_WISUN_STATUS status=MESH_BOOTSTRAP_STARTED host_state=2 queue_registration=0
2026-04-24T05:46:52.081-04:00 HOST_UART_READY baud=115200
2026-04-24T05:46:57.301-04:00 PYRONET_WISUN_DIAG host_state=2 router_status=-1 router=- j1=4 j2=0 j3=0 j4=0 j5=0 recv_pa=0 recv_pas=0 recv_pc=0 recv_pcs=0
2026-04-24T05:46:57.302-04:00 PYRONET_WISUN_ADDR host_state=2 ll=fe80::212:4b00:28ed:d802 global=- border_router=-
2026-04-24T05:47:02.416-04:00 PYRONET_WISUN_DIAG host_state=2 router_status=-1 router=- j1=8 j2=0 j3=0 j4=0 j5=0 recv_pa=0 recv_pas=0 recv_pc=0 recv_pcs=0
2026-04-24T05:47:02.529-04:00 PYRONET_WISUN_ADDR host_state=2 ll=fe80::212:4b00:28ed:d802 global=- border_router=-
2026-04-24T05:47:07.645-04:00 PYRONET_WISUN_DIAG host_state=2 router_status=-1 router=- j1=13 j2=0 j3=0 j4=0 j5=0 recv_pa=0 recv_pas=0 recv_pc=0 recv_pcs=0
2026-04-24T05:47:07.645-04:00 PYRONET_WISUN_ADDR host_state=2 ll=fe80::212:4b00:28ed:d802 global=- border_router=-
2026-04-24T05:47:12.877-04:00 PYRONET_WISUN_DIAG host_state=2 router_status=-1 router=- j1=18 j2=0 j3=0 j4=0 j5=0 recv_pa=0 recv_pas=0 recv_pc=0 recv_pcs=0
2026-04-24T05:47:12.877-04:00 PYRONET_WISUN_ADDR host_state=2 ll=fe80::212:4b00:28ed:d802 global=- border_router=-
2026-04-24T05:47:18.121-04:00 PYRONET_WISUN_DIAG host_state=2 router_status=-1 router=- j1=23 j2=0 j3=0 j4=0 j5=0 recv_pa=0 recv_pas=0 recv_pc=0 recv_pcs=0
2026-04-24T05:47:18.121-04:00 PYRONET_WISUN_ADDR host_state=2 ll=fe80::212:4b00:28ed:d802 global=- border_router=-
2026-04-24T05:47:23.368-04:00 PYRONET_WISUN_DIAG host_state=2 router_status=-1 router=- j1=28 j2=0 j3=0 j4=0 j5=0 recv_pa=0 recv_pas=0 recv_pc=0 recv_pcs=0
2026-04-24T05:47:23.368-04:00 PYRONET_WISUN_ADDR host_state=2 ll=fe80::212:4b00:28ed:d802 global=- border_router=-
2026-04-24T05:47:28.535-04:00 PYRONET_WISUN_DIAG host_state=2 router_status=-1 router=- j1=33 j2=0 j3=0 j4=0 j5=0 recv_pa=0 recv_pas=0 recv_pc=0 recv_pcs=0
2026-04-24T05:47:28.536-04:00 PYRONET_WISUN_ADDR host_state=2 ll=fe80::212:4b00:28ed:d802 global=- border_router=-
2026-04-24T05:47:53.889-04:00 LOGGER connected port=/dev/cu.usbmodemLS41069U4 baud=3000000
2026-04-24T05:47:55.461-04:00 ITM reset token
2026-04-24T05:47:55.461-04:00 SWO_SELF_TEST: CC1352P7_DIO16_ITM_CH0 phase=BOOT host_link=starting
2026-04-24T05:47:55.461-04:00 PYRONET_NCP_INIT_OK
2026-04-24T05:47:55.461-04:00 PYRONET_WISUN_STATUS status=MESH_BOOTSTRAP_STARTED host_state=2 queue_registration=0
2026-04-24T05:47:55.461-04:00 HOST_UART_READY baud=115200
2026-04-24T05:48:00.692-04:00 PYRONET_WISUN_DIAG host_state=2 router_status=-1 router=- j1=5 j2=0 j3=0 j4=0 j5=0 recv_pa=0 recv_pas=0 recv_pc=0 recv_pcs=0
2026-04-24T05:48:00.692-04:00 PYRONET_WISUN_ADDR host_state=2 ll=fe80::212:4b00:28ed:d802 global=- border_router=-
2026-04-24T05:48:05.883-04:00 PYRONET_WISUN_DIAG host_state=2 router_status=-1 router=- j1=10 j2=0 j3=0 j4=0 j5=0 recv_pa=0 recv_pas=0 recv_pc=0 recv_pcs=0
2026-04-24T05:48:05.883-04:00 PYRONET_WISUN_ADDR host_state=2 ll=fe80::212:4b00:28ed:d802 global=- border_router=-
2026-04-24T05:48:11.050-04:00 PYRONET_WISUN_DIAG host_state=2 router_status=-1 router=- j1=15 j2=0 j3=0 j4=0 j5=0 recv_pa=0 recv_pas=0 recv_pc=0 recv_pcs=0
2026-04-24T05:48:11.160-04:00 PYRONET_WISUN_ADDR host_state=2 ll=fe80::212:4b00:28ed:d802 global=- border_router=-
2026-04-24T05:48:16.237-04:00 PYRONET_WISUN_DIAG host_state=2 router_status=-1 router=- j1=20 j2=0 j3=0 j4=0 j5=0 recv_pa=0 recv_pas=0 recv_pc=0 recv_pcs=0
2026-04-24T05:48:16.349-04:00 PYRONET_WISUN_ADDR host_state=2 ll=fe80::212:4b00:28ed:d802 global=- border_router=-
2026-04-24T05:48:21.436-04:00 PYRONET_WISUN_DIAG host_state=2 router_status=-1 router=- j1=25 j2=0 j3=0 j4=0 j5=0 recv_pa=1 recv_pas=0 recv_pc=0 recv_pcs=0
2026-04-24T05:48:21.547-04:00 PYRONET_WISUN_ADDR host_state=2 ll=fe80::212:4b00:28ed:d802 global=- border_router=-
2026-04-24T05:48:22.660-04:00 PYRONET_TLS_STATE state=INIT action=start_timer
2026-04-24T05:48:22.660-04:00 PYRONET_EAPTLS_RX state=REQUEST_ID code=1 type=1 id=1 flags=0xff len=5
2026-04-24T05:48:22.717-04:00 PYRONET_EAPTLS_MSG result=IDENTITY state=REQUEST_ID id=1
2026-04-24T05:48:22.717-04:00 PYRONET_EAPTLS_IDENTITY_REQ_ACCEPT id=1 retry_ticks=3300
2026-04-24T05:48:22.717-04:00 PYRONET_EAPTLS_IDENTITY_RESP_TX_START id=1 identity_len=9 eapol_len=18
2026-04-24T05:48:22.717-04:00 PYRONET_EAPTLS_IDENTITY_RESP_TX_OK id=1
2026-04-24T05:48:22.717-04:00 PYRONET_EAPTLS_IDENTITY_RESP_HANDLED id=1 send_result=0
2026-04-24T05:48:22.718-04:00 PYRONET_WISUN_SEC_DIAG seq=2 event=2 a=1 b=18 c=0
2026-04-24T05:48:23.003-04:00 PYRONET_EAPTLS_RX state=REQUEST_TLS_EAP code=1 type=13 id=2 flags=0x20 len=6
2026-04-24T05:48:23.003-04:00 PYRONET_EAPTLS_MSG result=START state=REQUEST_TLS_EAP id=2 flags=0x20 tls_len=1 new_seq=1
2026-04-24T05:48:23.003-04:00 PYRONET_EAPTLS_TLS_START_RX id=2 flags=0x20 len=6
2026-04-24T05:48:23.003-04:00 PYRONET_EAPTLS_TLS_INIT_OK id=2 header_size=5
2026-04-24T05:48:23.003-04:00 PYRONET_EAPTLS_TLS_CREATE_REQ id=2
2026-04-24T05:48:23.061-04:00 PYRONET_TLS_CREATE_REQ sec_keys=@20008bb0 certs=@20009320 state=CREATE_REQ
2026-04-24T05:48:23.061-04:00 PYRONET_EAPTLS_TLS_CREATE_REQ_DONE id=2 tls_ongoing=1
2026-04-24T05:48:23.061-04:00 PYRONET_TLS_STATE state=CREATE_REQ action=create_conf_ok
2026-04-24T05:48:23.061-04:00 PYRONET_EAPTLS_TLS_CREATE_CONF result=0 state=REQUEST
2026-04-24T05:48:23.062-04:00 PYRONET_TLS_CONFIGURE_START role=client sec_keys=@20008bb0 certs=@20009320
2026-04-24T05:48:23.062-04:00 PYRONET_TLS_CONFIG_ENTER role=client prot=@20001d48 sec_keys=@20008bb0 certs=@20009320
2026-04-24T05:48:23.062-04:00 PYRONET_TLS_LIB_INIT_START role=client sec_keys=@20008bb0 certs=@20009320
2026-04-24T05:48:23.062-04:00 PYRONET_TLS_LIB_INIT_ENTER sec=@20001e0c
2026-04-24T05:48:23.062-04:00 PYRONET_TLS_LIB_INIT_STEP step=ssl_init
2026-04-24T05:48:23.063-04:00 PYRONET_TLS_LIB_INIT_STEP step=entropy_add
2026-04-24T05:48:23.063-04:00 PYRONET_TLS_LIB_INIT_RET step=entropy_add ret=0
2026-04-24T05:51:15.565-04:00 LOGGER connected port=/dev/cu.usbmodemLS41069U4 baud=3000000
2026-04-24T05:51:17.188-04:00 ITM reset token
2026-04-24T05:51:17.188-04:00 SWO_SELF_TEST: CC1352P7_DIO16_ITM_CH0 phase=BOOT host_link=starting
2026-04-24T05:51:17.188-04:00 PYRONET_NCP_INIT_OK
2026-04-24T05:51:17.188-04:00 PYRONET_WISUN_STATUS status=MESH_BOOTSTRAP_STARTED host_state=2 queue_registration=0
2026-04-24T05:51:17.188-04:00 HOST_UART_READY baud=115200
2026-04-24T05:51:22.397-04:00 PYRONET_WISUN_DIAG host_state=2 router_status=-1 router=- j1=5 j2=0 j3=0 j4=0 j5=0 recv_pa=0 recv_pas=0 recv_pc=0 recv_pcs=0
2026-04-24T05:51:22.398-04:00 PYRONET_WISUN_ADDR host_state=2 ll=fe80::212:4b00:28ed:d802 global=- border_router=-
2026-04-24T05:51:27.577-04:00 PYRONET_WISUN_DIAG host_state=2 router_status=-1 router=- j1=8 j2=0 j3=0 j4=0 j5=0 recv_pa=0 recv_pas=0 recv_pc=0 recv_pcs=0
2026-04-24T05:51:27.577-04:00 PYRONET_WISUN_ADDR host_state=2 ll=fe80::212:4b00:28ed:d802 global=- border_router=-
2026-04-24T05:51:32.821-04:00 PYRONET_WISUN_DIAG host_state=2 router_status=-1 router=- j1=13 j2=0 j3=0 j4=0 j5=0 recv_pa=0 recv_pas=0 recv_pc=0 recv_pcs=0
2026-04-24T05:51:32.821-04:00 PYRONET_WISUN_ADDR host_state=2 ll=fe80::212:4b00:28ed:d802 global=- border_router=-
2026-04-24T05:51:38.041-04:00 PYRONET_WISUN_DIAG host_state=2 router_status=-1 router=- j1=18 j2=0 j3=0 j4=0 j5=0 recv_pa=0 recv_pas=0 recv_pc=0 recv_pcs=0
2026-04-24T05:51:38.042-04:00 PYRONET_WISUN_ADDR host_state=2 ll=fe80::212:4b00:28ed:d802 global=- border_router=-
2026-04-24T05:51:43.131-04:00 PYRONET_WISUN_DIAG host_state=2 router_status=-1 router=- j1=23 j2=0 j3=0 j4=0 j5=0 recv_pa=0 recv_pas=0 recv_pc=0 recv_pcs=0
2026-04-24T05:51:43.132-04:00 PYRONET_WISUN_ADDR host_state=2 ll=fe80::212:4b00:28ed:d802 global=- border_router=-
2026-04-24T05:51:48.384-04:00 PYRONET_WISUN_DIAG host_state=2 router_status=-1 router=- j1=28 j2=0 j3=0 j4=0 j5=0 recv_pa=0 recv_pas=0 recv_pc=0 recv_pcs=0
2026-04-24T05:51:48.384-04:00 PYRONET_WISUN_ADDR host_state=2 ll=fe80::212:4b00:28ed:d802 global=- border_router=-
2026-04-24T05:51:53.588-04:00 PYRONET_WISUN_DIAG host_state=2 router_status=-1 router=- j1=33 j2=0 j3=0 j4=0 j5=0 recv_pa=0 recv_pas=0 recv_pc=0 recv_pcs=0
2026-04-24T05:51:53.588-04:00 PYRONET_WISUN_ADDR host_state=2 ll=fe80::212:4b00:28ed:d802 global=- border_router=-
2026-04-24T05:51:58.843-04:00 PYRONET_WISUN_DIAG host_state=2 router_status=-1 router=- j1=38 j2=0 j3=0 j4=0 j5=0 recv_pa=0 recv_pas=0 recv_pc=0 recv_pcs=0
2026-04-24T05:51:58.843-04:00 PYRONET_WISUN_ADDR host_state=2 ll=fe80::212:4b00:28ed:d802 global=- border_router=-
2026-04-24T05:52:04.019-04:00 PYRONET_WISUN_DIAG host_state=2 router_status=-1 router=- j1=44 j2=0 j3=0 j4=0 j5=0 recv_pa=0 recv_pas=0 recv_pc=0 recv_pcs=0
2026-04-24T05:52:04.019-04:00 PYRONET_WISUN_ADDR host_state=2 ll=fe80::212:4b00:28ed:d802 global=- border_router=-
2026-04-24T05:52:06.145-04:00 PYRONET_TLS_STATE state=INIT action=start_timer
2026-04-24T05:52:06.145-04:00 PYRONET_EAPTLS_RX state=REQUEST_ID code=1 type=1 id=1 flags=0xff len=5
2026-04-24T05:52:06.203-04:00 PYRONET_EAPTLS_MSG result=IDENTITY state=REQUEST_ID id=1
2026-04-24T05:52:06.203-04:00 PYRONET_EAPTLS_IDENTITY_REQ_ACCEPT id=1 retry_ticks=3300
2026-04-24T05:52:06.203-04:00 PYRONET_EAPTLS_IDENTITY_RESP_TX_START id=1 identity_len=9 eapol_len=18
2026-04-24T05:52:06.203-04:00 PYRONET_EAPTLS_IDENTITY_RESP_TX_OK id=1
2026-04-24T05:52:06.203-04:00 PYRONET_EAPTLS_IDENTITY_RESP_HANDLED id=1 send_result=0
2026-04-24T05:52:06.204-04:00 PYRONET_WISUN_SEC_DIAG seq=2 event=2 a=1 b=18 c=0
2026-04-24T05:52:06.546-04:00 PYRONET_EAPTLS_RX state=REQUEST_TLS_EAP code=1 type=13 id=2 flags=0x20 len=6
2026-04-24T05:52:06.546-04:00 PYRONET_EAPTLS_MSG result=START state=REQUEST_TLS_EAP id=2 flags=0x20 tls_len=1 new_seq=1
2026-04-24T05:52:06.546-04:00 PYRONET_EAPTLS_TLS_START_RX id=2 flags=0x20 len=6
2026-04-24T05:52:06.546-04:00 PYRONET_EAPTLS_TLS_INIT_OK id=2 header_size=5
2026-04-24T05:52:06.546-04:00 PYRONET_EAPTLS_TLS_CREATE_REQ id=2
2026-04-24T05:52:06.546-04:00 PYRONET_TLS_CREATE_REQ sec_keys=@20008bb0 certs=@20009320 state=CREATE_REQ
2026-04-24T05:52:06.546-04:00 PYRONET_EAPTLS_TLS_CREATE_REQ_DONE id=2 tls_ongoing=1
2026-04-24T05:52:06.547-04:00 PYRONET_TLS_STATE state=CREATE_REQ action=create_conf_ok
2026-04-24T05:52:06.604-04:00 PYRONET_EAPTLS_TLS_CREATE_CONF result=0 state=REQUEST
2026-04-24T05:52:06.604-04:00 PYRONET_TLS_CONFIGURE_START role=client sec_keys=@20008bb0 certs=@20009320
2026-04-24T05:52:06.604-04:00 PYRONET_TLS_CONFIG_ENTER role=client prot=@20001d48 sec_keys=@20008bb0 certs=@20009320
2026-04-24T05:52:06.604-04:00 PYRONET_TLS_LIB_INIT_START role=client sec_keys=@20008bb0 certs=@20009320
2026-04-24T05:52:06.604-04:00 PYRONET_TLS_LIB_INIT_ENTER sec=@20001e0c
2026-04-24T05:52:06.604-04:00 PYRONET_TLS_LIB_INIT_STEP step=ssl_init
2026-04-24T05:52:06.604-04:00 PYRONET_TLS_LIB_INIT_STEP step=entropy_add
2026-04-24T05:52:06.604-04:00 PYRONET_TLS_LIB_INIT_RET step=entropy_add ret=0
2026-04-24T05:52:06.605-04:00 PYRONET_TLS_SEED_CALL
2026-04-24T05:52:06.605-04:00 PYRONET_TLS_ENTROPY_POLL_START len=128
2026-04-24T05:52:06.605-04:00 PYRONET_TLS_ENTROPY_POLL_DONE len=128
2026-04-24T05:52:06.605-04:00 PYRONET_TLS_ENTROPY_POLL_START len=128
2026-04-24T05:53:21.096-04:00 LOGGER unexpected_error port=/dev/cu.usbmodemLS41069U4 error=[Errno 6] Device not configured
2026-04-24T05:53:23.101-04:00 LOGGER waiting_for_port glob=/dev/cu.usbmodem*
2026-04-24T05:53:25.102-04:00 LOGGER connected port=/dev/cu.usbmodemLS41069U4 baud=3000000
2026-04-24T05:53:59.720-04:00 LOGGER connected port=/dev/cu.usbmodemLS41069U4 baud=3000000
2026-04-24T05:54:01.352-04:00 ITM reset token
2026-04-24T05:54:01.352-04:00 SWO_SELF_TEST: CC1352P7_DIO16_ITM_CH0 phase=BOOT host_link=starting
2026-04-24T05:54:01.352-04:00 PYRONET_NCP_INIT_OK
2026-04-24T05:54:01.352-04:00 PYRONET_WISUN_STATUS status=MESH_BOOTSTRAP_STARTED host_state=2 queue_registration=0
2026-04-24T05:54:01.352-04:00 HOST_UART_READY baud=115200
2026-04-24T05:54:06.468-04:00 PYRONET_WISUN_DIAG host_state=2 router_status=-1 router=- j1=5 j2=0 j3=0 j4=0 j5=0 recv_pa=0 recv_pas=0 recv_pc=0 recv_pcs=0
2026-04-24T05:54:06.581-04:00 PYRONET_WISUN_ADDR host_state=2 ll=fe80::212:4b00:28ed:d802 global=- border_router=-
2026-04-24T05:54:11.400-04:00 PYRONET_TLS_STATE state=INIT action=start_timer
2026-04-24T05:54:11.400-04:00 PYRONET_EAPTLS_RX state=REQUEST_ID code=1 type=1 id=1 flags=0xff len=5
2026-04-24T05:54:11.400-04:00 PYRONET_EAPTLS_MSG result=IDENTITY state=REQUEST_ID id=1
2026-04-24T05:54:11.400-04:00 PYRONET_EAPTLS_IDENTITY_REQ_ACCEPT id=1 retry_ticks=3300
2026-04-24T05:54:11.400-04:00 PYRONET_EAPTLS_IDENTITY_RESP_TX_START id=1 identity_len=9 eapol_len=18
2026-04-24T05:54:11.401-04:00 PYRONET_EAPTLS_IDENTITY_RESP_TX_OK id=1
2026-04-24T05:54:11.401-04:00 PYRONET_EAPTLS_IDENTITY_RESP_HANDLED id=1 send_result=0
2026-04-24T05:54:11.401-04:00 PYRONET_WISUN_SEC_DIAG seq=2 event=2 a=1 b=18 c=0
2026-04-24T05:54:11.459-04:00 PYRONET_EAPTLS_RX state=REQUEST_TLS_EAP code=1 type=13 id=2 flags=0x20 len=6
2026-04-24T05:54:11.459-04:00 PYRONET_EAPTLS_MSG result=START state=REQUEST_TLS_EAP id=2 flags=0x20 tls_len=1 new_seq=1
2026-04-24T05:54:11.459-04:00 PYRONET_EAPTLS_TLS_START_RX id=2 flags=0x20 len=6
2026-04-24T05:54:11.459-04:00 PYRONET_EAPTLS_TLS_INIT_OK id=2 header_size=5
2026-04-24T05:54:11.459-04:00 PYRONET_EAPTLS_TLS_CREATE_REQ id=2
2026-04-24T05:54:11.460-04:00 PYRONET_TLS_CREATE_REQ sec_keys=@20008bb0 certs=@20009320 state=CREATE_REQ
2026-04-24T05:54:11.460-04:00 PYRONET_EAPTLS_TLS_CREATE_REQ_DONE id=2 tls_ongoing=1
2026-04-24T05:54:11.462-04:00 PYRONET_TLS_STATE state=CREATE_REQ action=create_conf_ok
2026-04-24T05:54:11.462-04:00 PYRONET_EAPTLS_TLS_CREATE_CONF result=0 state=REQUEST
2026-04-24T05:54:11.462-04:00 PYRONET_TLS_CONFIGURE_START role=client sec_keys=@20008bb0 certs=@20009320
2026-04-24T05:54:11.462-04:00 PYRONET_TLS_CONFIG_ENTER role=client prot=@20001d48 sec_keys=@20008bb0 certs=@20009320
2026-04-24T05:54:11.462-04:00 PYRONET_TLS_LIB_INIT_START role=client sec_keys=@20008bb0 certs=@20009320
2026-04-24T05:54:11.462-04:00 PYRONET_TLS_LIB_INIT_ENTER sec=@20001e0c
2026-04-24T05:54:11.462-04:00 PYRONET_TLS_LIB_INIT_STEP step=ssl_init
2026-04-24T05:54:11.462-04:00 PYRONET_TLS_LIB_INIT_STEP step=entropy_add
2026-04-24T05:54:11.463-04:00 PYRONET_TLS_LIB_INIT_RET step=entropy_add ret=0
2026-04-24T05:54:11.463-04:00 PYRONET_TLS_SEED_CALL
2026-04-24T05:54:11.463-04:00 PYRONET_TLS_ENTROPY_POLL_START id=1 len=128
2026-04-24T05:54:11.463-04:00 PYRONET_TLS_ENTROPY_POLL_PROGRESS id=1 offset=32
2026-04-24T05:54:11.463-04:00 PYRONET_TLS_ENTROPY_POLL_PROGRESS id=1 offset=64
2026-04-24T05:54:11.463-04:00 PYRONET_TLS_ENTROPY_POLL_PROGRESS id=1 offset=96
2026-04-24T05:54:11.463-04:00 PYRONET_TLS_ENTROPY_POLL_DONE id=1 len=128
2026-04-24T05:54:11.519-04:00 PYRONET_TLS_ENTROPY_POLL_START id=2 len=128
2026-04-24T05:54:11.519-04:00 PYRONET_TLS_ENTROPY_POLL_PROGRESS id=2 offset=32
2026-04-24T05:54:11.519-04:00 PYRONET_TLS_ENTROPY_POLL_PROGRESS id=2 offset=64
2026-04-24T05:54:11.519-04:00 PYRONET_TLS_ENTROPY_POLL_PROGRESS id=2 offset=96
2026-04-24T05:56:40.401-04:00 LOGGER connected port=/dev/cu.usbmodemLS41069U4 baud=3000000
2026-04-24T05:56:41.911-04:00 ITM reset token
2026-04-24T05:56:42.022-04:00 SWO_SELF_TEST: CC1352P7_DIO16_ITM_CH0 phase=BOOT host_link=starting
2026-04-24T05:56:42.022-04:00 PYRONET_NCP_INIT_OK
2026-04-24T05:56:42.022-04:00 PYRONET_WISUN_STATUS status=MESH_BOOTSTRAP_STARTED host_state=2 queue_registration=0
2026-04-24T05:56:42.022-04:00 HOST_UART_READY baud=115200
2026-04-24T05:56:47.233-04:00 PYRONET_WISUN_DIAG host_state=2 router_status=-1 router=- j1=5 j2=0 j3=0 j4=0 j5=0 recv_pa=0 recv_pas=0 recv_pc=0 recv_pcs=0
2026-04-24T05:56:47.233-04:00 PYRONET_WISUN_ADDR host_state=2 ll=fe80::212:4b00:28ed:d802 global=- border_router=-
2026-04-24T05:56:52.434-04:00 PYRONET_WISUN_DIAG host_state=2 router_status=-1 router=- j1=10 j2=0 j3=0 j4=0 j5=0 recv_pa=0 recv_pas=0 recv_pc=0 recv_pcs=0
2026-04-24T05:56:52.434-04:00 PYRONET_WISUN_ADDR host_state=2 ll=fe80::212:4b00:28ed:d802 global=- border_router=-
2026-04-24T05:56:57.661-04:00 PYRONET_WISUN_DIAG host_state=2 router_status=-1 router=- j1=15 j2=0 j3=0 j4=0 j5=0 recv_pa=0 recv_pas=0 recv_pc=0 recv_pcs=0
2026-04-24T05:56:57.661-04:00 PYRONET_WISUN_ADDR host_state=2 ll=fe80::212:4b00:28ed:d802 global=- border_router=-
2026-04-24T05:57:02.755-04:00 PYRONET_WISUN_DIAG host_state=2 router_status=-1 router=- j1=20 j2=0 j3=0 j4=0 j5=0 recv_pa=0 recv_pas=0 recv_pc=0 recv_pcs=0
2026-04-24T05:57:02.867-04:00 PYRONET_WISUN_ADDR host_state=2 ll=fe80::212:4b00:28ed:d802 global=- border_router=-
2026-04-24T05:57:07.995-04:00 PYRONET_WISUN_DIAG host_state=2 router_status=-1 router=- j1=25 j2=0 j3=0 j4=0 j5=0 recv_pa=0 recv_pas=0 recv_pc=0 recv_pcs=0
2026-04-24T05:57:08.102-04:00 PYRONET_WISUN_ADDR host_state=2 ll=fe80::212:4b00:28ed:d802 global=- border_router=-
2026-04-24T05:57:13.223-04:00 PYRONET_WISUN_DIAG host_state=2 router_status=-1 router=- j1=31 j2=0 j3=0 j4=0 j5=0 recv_pa=0 recv_pas=0 recv_pc=0 recv_pcs=0
2026-04-24T05:57:13.223-04:00 PYRONET_WISUN_ADDR host_state=2 ll=fe80::212:4b00:28ed:d802 global=- border_router=-
2026-04-24T05:57:18.477-04:00 PYRONET_WISUN_DIAG host_state=2 router_status=-1 router=- j1=35 j2=1 j3=0 j4=0 j5=0 recv_pa=1 recv_pas=0 recv_pc=0 recv_pcs=0
2026-04-24T05:57:18.477-04:00 PYRONET_WISUN_ADDR host_state=2 ll=fe80::212:4b00:28ed:d802 global=- border_router=-
2026-04-24T05:57:20.558-04:00 PYRONET_TLS_STATE state=INIT action=start_timer
2026-04-24T05:57:20.559-04:00 PYRONET_EAPTLS_RX state=REQUEST_ID code=1 type=1 id=1 flags=0xff len=5
2026-04-24T05:57:20.559-04:00 PYRONET_EAPTLS_MSG result=IDENTITY state=REQUEST_ID id=1
2026-04-24T05:57:20.672-04:00 PYRONET_EAPTLS_IDENTITY_REQ_ACCEPT id=1 retry_ticks=3300
2026-04-24T05:57:20.672-04:00 PYRONET_EAPTLS_IDENTITY_RESP_TX_START id=1 identity_len=9 eapol_len=18
2026-04-24T05:57:20.672-04:00 PYRONET_EAPTLS_IDENTITY_RESP_TX_OK id=1
2026-04-24T05:57:20.672-04:00 PYRONET_EAPTLS_IDENTITY_RESP_HANDLED id=1 send_result=0
2026-04-24T05:57:20.673-04:00 PYRONET_WISUN_SEC_DIAG seq=2 event=2 a=1 b=18 c=0
2026-04-24T05:57:20.676-04:00 PYRONET_EAPTLS_RX state=REQUEST_TLS_EAP code=1 type=13 id=2 flags=0x20 len=6
2026-04-24T05:57:20.676-04:00 PYRONET_EAPTLS_MSG result=START state=REQUEST_TLS_EAP id=2 flags=0x20 tls_len=1 new_seq=1
2026-04-24T05:57:20.676-04:00 PYRONET_EAPTLS_TLS_START_RX id=2 flags=0x20 len=6
2026-04-24T05:57:20.676-04:00 PYRONET_EAPTLS_TLS_INIT_OK id=2 header_size=5
2026-04-24T05:57:20.676-04:00 PYRONET_EAPTLS_TLS_CREATE_REQ id=2
2026-04-24T05:57:20.676-04:00 PYRONET_TLS_CREATE_REQ sec_keys=@20008bb0 certs=@20009320 state=CREATE_REQ
2026-04-24T05:57:20.677-04:00 PYRONET_EAPTLS_TLS_CREATE_REQ_DONE id=2 tls_ongoing=1
2026-04-24T05:57:20.677-04:00 PYRONET_TLS_STATE state=CREATE_REQ action=create_conf_ok
2026-04-24T05:57:20.734-04:00 PYRONET_EAPTLS_TLS_CREATE_CONF result=0 state=REQUEST
2026-04-24T05:57:20.734-04:00 PYRONET_TLS_CONFIGURE_START role=client sec_keys=@20008bb0 certs=@20009320
2026-04-24T05:57:20.735-04:00 PYRONET_TLS_CONFIG_ENTER role=client prot=@20001d48 sec_keys=@20008bb0 certs=@20009320
2026-04-24T05:57:20.735-04:00 PYRONET_TLS_LIB_INIT_START role=client sec_keys=@20008bb0 certs=@20009320
2026-04-24T05:57:20.735-04:00 PYRONET_TLS_LIB_INIT_ENTER sec=@20001e0c
2026-04-24T05:57:20.735-04:00 PYRONET_TLS_LIB_INIT_STEP step=ssl_init
2026-04-24T05:57:20.735-04:00 PYRONET_TLS_LIB_INIT_STEP step=entropy_add
2026-04-24T05:57:20.735-04:00 PYRONET_TLS_LIB_INIT_RET step=entropy_add ret=0
2026-04-24T05:57:20.735-04:00 PYRONET_TLS_SEED_CALL
2026-04-24T05:57:20.735-04:00 PYRONET_TLS_ENTROPY_POLL_START id=1 len=128
2026-04-24T05:57:20.791-04:00 PYRONET_TLS_ENTROPY_POLL_PROGRESS id=1 offset=32
2026-04-24T05:57:20.842-04:00 PYRONET_TLS_ENTROPY_POLL_PROGRESS id=1 offset=64
2026-04-24T05:57:20.842-04:00 PYRONET_TLS_ENTROPY_POLL_PROGRESS id=1 offset=96
2026-04-24T05:57:20.842-04:00 PYRONET_TLS_ENTROPY_POLL_DONE id=1 len=128
2026-04-24T05:57:20.897-04:00 PYRONET_TLS_ENTROPY_POLL_START id=2 len=128
2026-04-24T05:57:20.953-04:00 PYRONET_TLS_ENTROPY_POLL_PROGRESS id=2 offset=32
2026-04-24T05:57:20.953-04:00 PYRONET_TLS_ENTROPY_POLL_PROGRESS id=2 offset=64
2026-04-24T05:57:21.007-04:00 PYRONET_TLS_ENTROPY_POLL_PROGRESS id=2 offset=96
2026-04-24T05:58:37.272-04:00 LOGGER unexpected_error port=/dev/cu.usbmodemLS41069U4 error=[Errno 6] Device not configured
2026-04-24T05:58:39.273-04:00 LOGGER waiting_for_port glob=/dev/cu.usbmodem*
2026-04-24T05:58:41.279-04:00 LOGGER connected port=/dev/cu.usbmodemLS41069U4 baud=3000000
2026-04-24T05:59:12.605-04:00 LOGGER connected port=/dev/cu.usbmodemLS41069U4 baud=3000000
2026-04-24T05:59:31.914-04:00 LOGGER connected port=/dev/cu.usbmodemLS41069U4 baud=3000000
2026-04-24T05:59:51.421-04:00 LOGGER connected port=/dev/cu.usbmodemLS41069U4 baud=3000000
2026-04-24T05:59:53.038-04:00 ITM reset token
2026-04-24T05:59:53.038-04:00 SWO_SELF_TEST: CC1352P7_DIO16_ITM_CH0 phase=BOOT host_link=starting
2026-04-24T05:59:53.038-04:00 PYRONET_NCP_INIT_OK
2026-04-24T05:59:53.038-04:00 PYRONET_WISUN_STATUS status=MESH_BOOTSTRAP_STARTED host_state=2 queue_registration=0
2026-04-24T05:59:53.039-04:00 HOST_UART_READY baud=115200
2026-04-24T05:59:58.253-04:00 PYRONET_WISUN_DIAG host_state=2 router_status=-1 router=- j1=5 j2=0 j3=0 j4=0 j5=0 recv_pa=0 recv_pas=0 recv_pc=0 recv_pcs=0
2026-04-24T05:59:58.253-04:00 PYRONET_WISUN_ADDR host_state=2 ll=fe80::212:4b00:28ed:d802 global=- border_router=-
2026-04-24T06:00:03.477-04:00 PYRONET_WISUN_DIAG host_state=2 router_status=-1 router=- j1=10 j2=0 j3=0 j4=0 j5=0 recv_pa=0 recv_pas=0 recv_pc=0 recv_pcs=0
2026-04-24T06:00:03.477-04:00 PYRONET_WISUN_ADDR host_state=2 ll=fe80::212:4b00:28ed:d802 global=- border_router=-
2026-04-24T06:00:08.565-04:00 PYRONET_WISUN_DIAG host_state=2 router_status=-1 router=- j1=15 j2=0 j3=0 j4=0 j5=0 recv_pa=0 recv_pas=0 recv_pc=0 recv_pcs=0
2026-04-24T06:00:08.677-04:00 PYRONET_WISUN_ADDR host_state=2 ll=fe80::212:4b00:28ed:d802 global=- border_router=-
2026-04-24T06:00:13.819-04:00 PYRONET_WISUN_DIAG host_state=2 router_status=-1 router=- j1=20 j2=0 j3=0 j4=0 j5=0 recv_pa=0 recv_pas=0 recv_pc=0 recv_pcs=0
2026-04-24T06:00:13.819-04:00 PYRONET_WISUN_ADDR host_state=2 ll=fe80::212:4b00:28ed:d802 global=- border_router=-
2026-04-24T06:00:19.087-04:00 PYRONET_WISUN_DIAG host_state=2 router_status=-1 router=- j1=25 j2=0 j3=0 j4=0 j5=0 recv_pa=0 recv_pas=0 recv_pc=0 recv_pcs=0
2026-04-24T06:00:19.087-04:00 PYRONET_WISUN_ADDR host_state=2 ll=fe80::212:4b00:28ed:d802 global=- border_router=-
2026-04-24T06:00:24.324-04:00 PYRONET_WISUN_DIAG host_state=2 router_status=-1 router=- j1=31 j2=0 j3=0 j4=0 j5=0 recv_pa=0 recv_pas=0 recv_pc=0 recv_pcs=0
2026-04-24T06:00:24.324-04:00 PYRONET_WISUN_ADDR host_state=2 ll=fe80::212:4b00:28ed:d802 global=- border_router=-
2026-04-24T06:00:28.659-04:00 PYRONET_TLS_STATE state=INIT action=start_timer
2026-04-24T06:00:28.716-04:00 PYRONET_EAPTLS_RX state=REQUEST_ID code=1 type=1 id=1 flags=0xff len=5
2026-04-24T06:00:28.716-04:00 PYRONET_EAPTLS_MSG result=IDENTITY state=REQUEST_ID id=1
2026-04-24T06:00:28.716-04:00 PYRONET_EAPTLS_IDENTITY_REQ_ACCEPT id=1 retry_ticks=3300
2026-04-24T06:00:28.717-04:00 PYRONET_EAPTLS_IDENTITY_RESP_TX_START id=1 identity_len=9 eapol_len=18
2026-04-24T06:00:28.717-04:00 PYRONET_EAPTLS_IDENTITY_RESP_TX_OK id=1
2026-04-24T06:00:28.717-04:00 PYRONET_EAPTLS_IDENTITY_RESP_HANDLED id=1 send_result=0
2026-04-24T06:00:28.717-04:00 PYRONET_WISUN_SEC_DIAG seq=2 event=2 a=1 b=18 c=0
2026-04-24T06:00:28.719-04:00 PYRONET_EAPTLS_RX state=REQUEST_TLS_EAP code=1 type=13 id=2 flags=0x20 len=6
2026-04-24T06:00:28.719-04:00 PYRONET_EAPTLS_MSG result=START state=REQUEST_TLS_EAP id=2 flags=0x20 tls_len=1 new_seq=1
2026-04-24T06:00:28.719-04:00 PYRONET_EAPTLS_TLS_START_RX id=2 flags=0x20 len=6
2026-04-24T06:00:28.720-04:00 PYRONET_EAPTLS_TLS_INIT_OK id=2 header_size=5
2026-04-24T06:00:28.720-04:00 PYRONET_EAPTLS_TLS_CREATE_REQ id=2
2026-04-24T06:00:28.720-04:00 PYRONET_TLS_CREATE_REQ sec_keys=@20008bb0 certs=@20009320 state=CREATE_REQ
2026-04-24T06:00:28.720-04:00 PYRONET_EAPTLS_TLS_CREATE_REQ_DONE id=2 tls_ongoing=1
2026-04-24T06:00:28.720-04:00 PYRONET_TLS_STATE state=CREATE_REQ action=create_conf_ok
2026-04-24T06:00:28.720-04:00 PYRONET_EAPTLS_TLS_CREATE_CONF result=0 state=REQUEST
2026-04-24T06:00:28.720-04:00 PYRONET_TLS_CONFIGURE_START role=client sec_keys=@20008bb0 certs=@20009320
2026-04-24T06:00:28.720-04:00 PYRONET_TLS_CONFIG_ENTER role=client prot=@20001c38 sec_keys=@20008bb0 certs=@20009320
2026-04-24T06:00:28.778-04:00 PYRONET_TLS_LIB_INIT_START role=client sec_keys=@20008bb0 certs=@20009320
2026-04-24T06:00:28.778-04:00 PYRONET_TLS_LIB_INIT_ENTER sec=@20001cfc
2026-04-24T06:00:28.778-04:00 PYRONET_TLS_LIB_INIT_STEP step=ssl_init
2026-04-24T06:00:28.778-04:00 PYRONET_TLS_LIB_INIT_STEP step=entropy_add
2026-04-24T06:00:28.778-04:00 PYRONET_TLS_LIB_INIT_RET step=entropy_add ret=0
2026-04-24T06:00:28.778-04:00 PYRONET_TLS_SEED_CALL
2026-04-24T06:00:28.778-04:00 PYRONET_TLS_ENTROPY_POLL_START id=1 len=128
2026-04-24T06:00:28.778-04:00 PYRONET_TLS_ENTROPY_SEEDED
2026-04-24T06:00:28.779-04:00 PYRONET_TLS_ENTROPY_POLL_PROGRESS id=1 offset=32
2026-04-24T06:00:28.779-04:00 PYRONET_TLS_ENTROPY_POLL_PROGRESS id=1 offset=64
2026-04-24T06:00:28.779-04:00 PYRONET_TLS_ENTROPY_POLL_PROGRESS id=1 offset=96
2026-04-24T06:00:28.779-04:00 PYRONET_TLS_ENTROPY_POLL_DONE id=1 len=128
2026-04-24T06:00:28.779-04:00 PYRONET_TLS_ENTROPY_POLL_START id=2 len=128
2026-04-24T06:00:28.779-04:00 PYRONET_TLS_ENTROPY_POLL_PROGRESS id=2 offset=32
2026-04-24T06:00:28.779-04:00 PYRONET_TLS_ENTROPY_POLL_PROGRESS id=2 offset=64
2026-04-24T06:00:28.779-04:00 PYRONET_TLS_ENTROPY_POLL_PROGRESS id=2 offset=96
2026-04-24T06:02:04.860-04:00 LOGGER unexpected_error port=/dev/cu.usbmodemLS41069U4 error=[Errno 6] Device not configured
2026-04-24T06:02:06.868-04:00 LOGGER waiting_for_port glob=/dev/cu.usbmodem*
2026-04-24T06:02:08.874-04:00 LOGGER connected port=/dev/cu.usbmodemLS41069U4 baud=3000000
2026-04-24T06:02:42.031-04:00 LOGGER connected port=/dev/cu.usbmodemLS41069U4 baud=3000000
2026-04-24T06:02:58.178-04:00 LOGGER unexpected_error port=/dev/cu.usbmodemLS41069U4 error=[Errno 6] Device not configured
2026-04-24T06:03:00.184-04:00 LOGGER waiting_for_port glob=/dev/cu.usbmodem*
2026-04-24T06:03:07.462-04:00 LOGGER connected port=/dev/cu.usbmodemLS41069U4 baud=3000000
2026-04-24T06:03:10.771-04:00 ITM reset token
2026-04-24T06:03:10.771-04:00 SWO_SELF_TEST: CC1352P7_DIO16_ITM_CH0 phase=BOOT host_link=starting
2026-04-24T06:03:10.771-04:00 PYRONET_NCP_INIT_OK
2026-04-24T06:03:10.771-04:00 PYRONET_WISUN_STATUS status=MESH_BOOTSTRAP_STARTED host_state=2 queue_registration=0
2026-04-24T06:03:10.771-04:00 HOST_UART_READY baud=115200
2026-04-24T06:03:16.000-04:00 PYRONET_WISUN_DIAG host_state=2 router_status=-1 router=- j1=5 j2=0 j3=0 j4=0 j5=0 recv_pa=0 recv_pas=0 recv_pc=0 recv_pcs=0
2026-04-24T06:03:16.001-04:00 PYRONET_WISUN_ADDR host_state=2 ll=fe80::212:4b00:28ed:d802 global=- border_router=-
2026-04-24T06:03:21.223-04:00 PYRONET_WISUN_DIAG host_state=2 router_status=-1 router=- j1=10 j2=0 j3=0 j4=0 j5=0 recv_pa=0 recv_pas=0 recv_pc=0 recv_pcs=0
2026-04-24T06:03:21.223-04:00 PYRONET_WISUN_ADDR host_state=2 ll=fe80::212:4b00:28ed:d802 global=- border_router=-
2026-04-24T06:03:26.339-04:00 PYRONET_WISUN_DIAG host_state=2 router_status=-1 router=- j1=15 j2=0 j3=0 j4=0 j5=0 recv_pa=0 recv_pas=0 recv_pc=0 recv_pcs=0
2026-04-24T06:03:26.339-04:00 PYRONET_WISUN_ADDR host_state=2 ll=fe80::212:4b00:28ed:d802 global=- border_router=-
2026-04-24T06:03:31.578-04:00 PYRONET_WISUN_DIAG host_state=2 router_status=-1 router=- j1=20 j2=0 j3=0 j4=0 j5=0 recv_pa=0 recv_pas=0 recv_pc=0 recv_pcs=0
2026-04-24T06:03:31.578-04:00 PYRONET_WISUN_ADDR host_state=2 ll=fe80::212:4b00:28ed:d802 global=- border_router=-
2026-04-24T06:03:36.823-04:00 PYRONET_WISUN_DIAG host_state=2 router_status=-1 router=- j1=25 j2=0 j3=0 j4=0 j5=0 recv_pa=0 recv_pas=0 recv_pc=0 recv_pcs=0
2026-04-24T06:03:36.824-04:00 PYRONET_WISUN_ADDR host_state=2 ll=fe80::212:4b00:28ed:d802 global=- border_router=-
2026-04-24T06:03:42.039-04:00 PYRONET_WISUN_DIAG host_state=2 router_status=-1 router=- j1=31 j2=0 j3=0 j4=0 j5=0 recv_pa=0 recv_pas=0 recv_pc=0 recv_pcs=0
2026-04-24T06:03:42.039-04:00 PYRONET_WISUN_ADDR host_state=2 ll=fe80::212:4b00:28ed:d802 global=- border_router=-
2026-04-24T06:03:47.260-04:00 PYRONET_WISUN_DIAG host_state=2 router_status=-1 router=- j1=36 j2=0 j3=0 j4=0 j5=0 recv_pa=0 recv_pas=0 recv_pc=0 recv_pcs=0
2026-04-24T06:03:47.261-04:00 PYRONET_WISUN_ADDR host_state=2 ll=fe80::212:4b00:28ed:d802 global=- border_router=-
2026-04-24T06:03:52.399-04:00 PYRONET_WISUN_DIAG host_state=2 router_status=-1 router=- j1=41 j2=0 j3=0 j4=0 j5=0 recv_pa=1 recv_pas=0 recv_pc=0 recv_pcs=0
2026-04-24T06:03:52.510-04:00 PYRONET_WISUN_ADDR host_state=2 ll=fe80::212:4b00:28ed:d802 global=- border_router=-
2026-04-24T06:04:08.416-04:00 LOGGER connected port=/dev/cu.usbmodemLS41069U4 baud=3000000
2026-04-24T06:04:23.651-04:00 LOGGER connected port=/dev/cu.usbmodemLS41069U4 baud=3000000
2026-04-24T06:04:25.280-04:00 ITM reset token
2026-04-24T06:04:25.280-04:00 SWO_SELF_TEST: CC1352P7_DIO16_ITM_CH0 phase=BOOT host_link=starting
2026-04-24T06:04:25.280-04:00 PYRONET_NCP_INIT_OK
2026-04-24T06:04:25.280-04:00 PYRONET_WISUN_STATUS status=MESH_BOOTSTRAP_STARTED host_state=2 queue_registration=0
2026-04-24T06:04:25.280-04:00 HOST_UART_READY baud=115200
2026-04-24T06:04:30.521-04:00 PYRONET_WISUN_DIAG host_state=2 router_status=-1 router=- j1=5 j2=0 j3=0 j4=0 j5=0 recv_pa=0 recv_pas=0 recv_pc=0 recv_pcs=0
2026-04-24T06:04:30.521-04:00 PYRONET_WISUN_ADDR host_state=2 ll=fe80::212:4b00:28ed:d802 global=- border_router=-
2026-04-24T06:04:35.619-04:00 PYRONET_WISUN_DIAG host_state=2 router_status=-1 router=- j1=10 j2=0 j3=0 j4=0 j5=0 recv_pa=0 recv_pas=0 recv_pc=0 recv_pcs=0
2026-04-24T06:04:35.620-04:00 PYRONET_WISUN_ADDR host_state=2 ll=fe80::212:4b00:28ed:d802 global=- border_router=-
2026-04-24T06:04:40.887-04:00 PYRONET_WISUN_DIAG host_state=2 router_status=-1 router=- j1=15 j2=0 j3=0 j4=0 j5=0 recv_pa=0 recv_pas=0 recv_pc=0 recv_pcs=0
2026-04-24T06:04:40.887-04:00 PYRONET_WISUN_ADDR host_state=2 ll=fe80::212:4b00:28ed:d802 global=- border_router=-
2026-04-24T06:04:46.110-04:00 PYRONET_WISUN_DIAG host_state=2 router_status=-1 router=- j1=20 j2=0 j3=0 j4=0 j5=0 recv_pa=0 recv_pas=0 recv_pc=0 recv_pcs=0
2026-04-24T06:04:46.110-04:00 PYRONET_WISUN_ADDR host_state=2 ll=fe80::212:4b00:28ed:d802 global=- border_router=-
2026-04-24T06:04:51.360-04:00 PYRONET_WISUN_DIAG host_state=2 router_status=-1 router=- j1=25 j2=0 j3=0 j4=0 j5=0 recv_pa=0 recv_pas=0 recv_pc=0 recv_pcs=0
2026-04-24T06:04:51.360-04:00 PYRONET_WISUN_ADDR host_state=2 ll=fe80::212:4b00:28ed:d802 global=- border_router=-
2026-04-24T06:04:56.551-04:00 PYRONET_WISUN_DIAG host_state=2 router_status=-1 router=- j1=28 j2=0 j3=0 j4=0 j5=0 recv_pa=0 recv_pas=0 recv_pc=0 recv_pcs=0
2026-04-24T06:04:56.551-04:00 PYRONET_WISUN_ADDR host_state=2 ll=fe80::212:4b00:28ed:d802 global=- border_router=-
2026-04-24T06:05:01.793-04:00 PYRONET_WISUN_DIAG host_state=2 router_status=-1 router=- j1=32 j2=1 j3=0 j4=0 j5=0 recv_pa=1 recv_pas=0 recv_pc=0 recv_pcs=0
2026-04-24T06:05:01.793-04:00 PYRONET_WISUN_ADDR host_state=2 ll=fe80::212:4b00:28ed:d802 global=- border_router=-
2026-04-24T06:05:02.390-04:00 PYRONET_TLS_STATE state=INIT action=start_timer
2026-04-24T06:05:02.390-04:00 PYRONET_EAPTLS_RX state=REQUEST_ID code=1 type=1 id=1 flags=0xff len=5
2026-04-24T06:05:02.390-04:00 PYRONET_EAPTLS_MSG result=IDENTITY state=REQUEST_ID id=1
2026-04-24T06:05:02.390-04:00 PYRONET_EAPTLS_IDENTITY_REQ_ACCEPT id=1 retry_ticks=3300
2026-04-24T06:05:02.390-04:00 PYRONET_EAPTLS_IDENTITY_RESP_TX_START id=1 identity_len=9 eapol_len=18
2026-04-24T06:05:02.390-04:00 PYRONET_EAPTLS_IDENTITY_RESP_TX_OK id=1
2026-04-24T06:05:02.391-04:00 PYRONET_EAPTLS_IDENTITY_RESP_HANDLED id=1 send_result=0
2026-04-24T06:05:02.391-04:00 PYRONET_WISUN_SEC_DIAG seq=2 event=2 a=1 b=18 c=0
2026-04-24T06:05:02.444-04:00 PYRONET_EAPTLS_RX state=REQUEST_TLS_EAP code=1 type=13 id=2 flags=0x20 len=6
2026-04-24T06:05:02.444-04:00 PYRONET_EAPTLS_MSG result=START state=REQUEST_TLS_EAP id=2 flags=0x20 tls_len=1 new_seq=1
2026-04-24T06:05:02.444-04:00 PYRONET_EAPTLS_TLS_START_RX id=2 flags=0x20 len=6
2026-04-24T06:05:02.444-04:00 PYRONET_EAPTLS_TLS_INIT_OK id=2 header_size=5
2026-04-24T06:05:02.444-04:00 PYRONET_EAPTLS_TLS_CREATE_REQ id=2
2026-04-24T06:05:02.445-04:00 PYRONET_TLS_CREATE_REQ sec_keys=@20008bb0 certs=@20009320 state=CREATE_REQ
2026-04-24T06:05:02.446-04:00 PYRONET_EAPTLS_TLS_CREATE_REQ_DONE id=2 tls_ongoing=1
2026-04-24T06:05:02.446-04:00 PYRONET_TLS_STATE state=CREATE_REQ action=create_conf_ok
2026-04-24T06:05:02.446-04:00 PYRONET_EAPTLS_TLS_CREATE_CONF result=0 state=REQUEST
2026-04-24T06:05:02.446-04:00 PYRONET_TLS_CONFIGURE_START role=client sec_keys=@20008bb0 certs=@20009320
2026-04-24T06:05:02.447-04:00 PYRONET_TLS_CONFIG_ENTER role=client prot=@20001c38 sec_keys=@20008bb0 certs=@20009320
2026-04-24T06:05:02.447-04:00 PYRONET_TLS_LIB_INIT_START role=client sec_keys=@20008bb0 certs=@20009320
2026-04-24T06:05:02.447-04:00 PYRONET_TLS_LIB_INIT_ENTER sec=@20001cfc
2026-04-24T06:05:02.447-04:00 PYRONET_TLS_LIB_INIT_STEP step=ssl_init
2026-04-24T06:05:02.447-04:00 PYRONET_TLS_LIB_INIT_STEP step=entropy_add
2026-04-24T06:05:02.447-04:00 PYRONET_TLS_LIB_INIT_RET step=entropy_add ret=0
2026-04-24T06:05:02.447-04:00 PYRONET_TLS_SEED_CALL
2026-04-24T06:05:02.447-04:00 PYRONET_TLS_ENTROPY_POLL_START id=1 req_len=128 out_len=64
2026-04-24T06:05:02.447-04:00 PYRONET_TLS_ENTROPY_SEEDED
2026-04-24T06:05:02.447-04:00 PYRONET_TLS_ENTROPY_POLL_PROGRESS id=1 offset=32
2026-04-24T06:05:02.447-04:00 PYRONET_TLS_ENTROPY_POLL_DONE id=1 out_len=64
2026-04-24T06:05:02.447-04:00 PYRONET_TLS_ENTROPY_POLL_START id=2 req_len=128 out_len=64
2026-04-24T06:05:02.448-04:00 PYRONET_TLS_ENTROPY_POLL_PROGRESS id=2 offset=32
2026-04-24T06:05:49.599-04:00 LOGGER unexpected_error port=/dev/cu.usbmodemLS41069U4 error=[Errno 6] Device not configured
2026-04-24T06:05:51.604-04:00 LOGGER waiting_for_port glob=/dev/cu.usbmodem*
2026-04-24T06:05:53.610-04:00 LOGGER connected port=/dev/cu.usbmodemLS41069U4 baud=3000000
2026-04-24T06:06:24.826-04:00 LOGGER connected port=/dev/cu.usbmodemLS41069U4 baud=3000000
2026-04-24T06:07:10.206-04:00 LOGGER connected port=/dev/cu.usbmodemLS41069U4 baud=3000000
2026-04-24T06:07:13.512-04:00 ITM reset token
2026-04-24T06:07:13.512-04:00 SWO_SELF_TEST: CC1352P7_DIO16_ITM_CH0 phase=BOOT host_link=starting
2026-04-24T06:07:13.512-04:00 PYRONET_NCP_INIT_OK
2026-04-24T06:07:13.512-04:00 PYRONET_WISUN_STATUS status=MESH_BOOTSTRAP_STARTED host_state=2 queue_registration=0
2026-04-24T06:07:13.512-04:00 HOST_UART_READY baud=115200
2026-04-24T06:07:18.715-04:00 PYRONET_WISUN_DIAG host_state=2 router_status=-1 router=- j1=5 j2=0 j3=0 j4=0 j5=0 recv_pa=0 recv_pas=0 recv_pc=0 recv_pcs=0
2026-04-24T06:07:18.715-04:00 PYRONET_WISUN_ADDR host_state=2 ll=fe80::212:4b00:28ed:d802 global=- border_router=-
2026-04-24T06:07:23.903-04:00 PYRONET_WISUN_DIAG host_state=2 router_status=-1 router=- j1=10 j2=0 j3=0 j4=0 j5=0 recv_pa=0 recv_pas=0 recv_pc=0 recv_pcs=0
2026-04-24T06:07:23.903-04:00 PYRONET_WISUN_ADDR host_state=2 ll=fe80::212:4b00:28ed:d802 global=- border_router=-
2026-04-24T06:07:29.034-04:00 PYRONET_WISUN_DIAG host_state=2 router_status=-1 router=- j1=15 j2=0 j3=0 j4=0 j5=0 recv_pa=0 recv_pas=0 recv_pc=0 recv_pcs=0
2026-04-24T06:07:29.035-04:00 PYRONET_WISUN_ADDR host_state=2 ll=fe80::212:4b00:28ed:d802 global=- border_router=-
2026-04-24T06:07:34.270-04:00 PYRONET_WISUN_DIAG host_state=2 router_status=-1 router=- j1=20 j2=0 j3=0 j4=0 j5=0 recv_pa=0 recv_pas=0 recv_pc=0 recv_pcs=0
2026-04-24T06:07:34.270-04:00 PYRONET_WISUN_ADDR host_state=2 ll=fe80::212:4b00:28ed:d802 global=- border_router=-
2026-04-24T06:07:39.545-04:00 PYRONET_WISUN_DIAG host_state=2 router_status=-1 router=- j1=25 j2=0 j3=0 j4=0 j5=0 recv_pa=0 recv_pas=0 recv_pc=0 recv_pcs=0
2026-04-24T06:07:39.545-04:00 PYRONET_WISUN_ADDR host_state=2 ll=fe80::212:4b00:28ed:d802 global=- border_router=-
2026-04-24T06:07:44.794-04:00 PYRONET_WISUN_DIAG host_state=2 router_status=-1 router=- j1=31 j2=0 j3=0 j4=0 j5=0 recv_pa=0 recv_pas=0 recv_pc=0 recv_pcs=0
2026-04-24T06:07:44.794-04:00 PYRONET_WISUN_ADDR host_state=2 ll=fe80::212:4b00:28ed:d802 global=- border_router=-
2026-04-24T06:07:48.512-04:00 PYRONET_TLS_STATE state=INIT action=start_timer
2026-04-24T06:07:48.512-04:00 PYRONET_EAPTLS_RX state=REQUEST_ID code=1 type=1 id=1 flags=0xff len=5
2026-04-24T06:07:48.512-04:00 PYRONET_EAPTLS_MSG result=IDENTITY state=REQUEST_ID id=1
2026-04-24T06:07:48.512-04:00 PYRONET_EAPTLS_IDENTITY_REQ_ACCEPT id=1 retry_ticks=3300
2026-04-24T06:07:48.512-04:00 PYRONET_EAPTLS_IDENTITY_RESP_TX_START id=1 identity_len=9 eapol_len=18
2026-04-24T06:07:48.513-04:00 PYRONET_EAPTLS_IDENTITY_RESP_TX_OK id=1
2026-04-24T06:07:48.513-04:00 PYRONET_EAPTLS_IDENTITY_RESP_HANDLED id=1 send_result=0
2026-04-24T06:07:48.627-04:00 PYRONET_WISUN_SEC_DIAG seq=2 event=2 a=1 b=18 c=0
2026-04-24T06:07:48.685-04:00 PYRONET_EAPTLS_RX state=REQUEST_TLS_EAP code=1 type=13 id=2 flags=0x20 len=6
2026-04-24T06:07:48.685-04:00 PYRONET_EAPTLS_MSG result=START state=REQUEST_TLS_EAP id=2 flags=0x20 tls_len=1 new_seq=1
2026-04-24T06:07:48.685-04:00 PYRONET_EAPTLS_TLS_START_RX id=2 flags=0x20 len=6
2026-04-24T06:07:48.685-04:00 PYRONET_EAPTLS_TLS_INIT_OK id=2 header_size=5
2026-04-24T06:07:48.685-04:00 PYRONET_EAPTLS_TLS_CREATE_REQ id=2
2026-04-24T06:07:48.685-04:00 PYRONET_TLS_CREATE_REQ sec_keys=@20008bb0 certs=@20009320 state=CREATE_REQ
2026-04-24T06:07:48.685-04:00 PYRONET_EAPTLS_TLS_CREATE_REQ_DONE id=2 tls_ongoing=1
2026-04-24T06:07:48.686-04:00 PYRONET_TLS_STATE state=CREATE_REQ action=create_conf_ok
2026-04-24T06:07:48.686-04:00 PYRONET_EAPTLS_TLS_CREATE_CONF result=0 state=REQUEST
2026-04-24T06:07:48.687-04:00 PYRONET_TLS_CONFIGURE_START role=client sec_keys=@20008bb0 certs=@20009320
2026-04-24T06:07:48.688-04:00 PYRONET_TLS_CONFIG_ENTER role=client prot=@20001c38 sec_keys=@20008bb0 certs=@20009320
2026-04-24T06:07:48.688-04:00 PYRONET_TLS_LIB_INIT_START role=client sec_keys=@20008bb0 certs=@20009320
2026-04-24T06:07:48.688-04:00 PYRONET_TLS_LIB_INIT_ENTER sec=@20001cfc
2026-04-24T06:07:48.688-04:00 PYRONET_TLS_LIB_INIT_STEP step=ssl_init
2026-04-24T06:07:48.688-04:00 PYRONET_TLS_LIB_INIT_STEP step=entropy_add
2026-04-24T06:07:48.688-04:00 PYRONET_TLS_LIB_INIT_RET step=entropy_add ret=0
2026-04-24T06:07:48.688-04:00 PYRONET_TLS_SEED_CALL
2026-04-24T06:07:48.688-04:00 PYRONET_TLS_ENTROPY_POLL_START id=1 req_len=128 out_len=32
2026-04-24T06:07:48.688-04:00 PYRONET_TLS_ENTROPY_SEEDED
2026-04-24T06:07:48.688-04:00 PYRONET_TLS_ENTROPY_POLL_DONE id=1 out_len=32
2026-04-24T06:07:48.688-04:00 PYRONET_TLS_ENTROPY_POLL_START id=2 req_len=128 out_len=32
2026-04-24T06:08:05.709-04:00 LOGGER unexpected_error port=/dev/cu.usbmodemLS41069U4 error=[Errno 6] Device not configured
2026-04-24T06:08:07.715-04:00 LOGGER waiting_for_port glob=/dev/cu.usbmodem*
2026-04-24T06:08:09.717-04:00 LOGGER connected port=/dev/cu.usbmodemLS41069U4 baud=3000000
2026-04-24T06:10:00.976-04:00 LOGGER connected port=/dev/cu.usbmodemLS41069U4 baud=3000000
2026-04-24T06:10:17.693-04:00 LOGGER unexpected_error port=/dev/cu.usbmodemLS41069U4 error=[Errno 6] Device not configured
2026-04-24T06:10:19.696-04:00 LOGGER waiting_for_port glob=/dev/cu.usbmodem*
2026-04-24T06:10:23.863-04:00 LOGGER connected port=/dev/cu.usbmodemLS41069U4 baud=3000000
2026-04-24T06:10:27.127-04:00 ITM reset token
2026-04-24T06:10:27.127-04:00 SWO_SELF_TEST: CC1352P7_DIO16_ITM_CH0 phase=BOOT host_link=starting
2026-04-24T06:10:27.127-04:00 PYRONET_NCP_INIT_OK
2026-04-24T06:10:27.127-04:00 PYRONET_WISUN_STATUS status=MESH_BOOTSTRAP_STARTED host_state=2 queue_registration=0
2026-04-24T06:10:27.127-04:00 HOST_UART_READY baud=115200
2026-04-24T06:10:32.364-04:00 PYRONET_WISUN_DIAG host_state=2 router_status=-1 router=- j1=5 j2=0 j3=0 j4=0 j5=0 recv_pa=0 recv_pas=0 recv_pc=0 recv_pcs=0
2026-04-24T06:10:32.365-04:00 PYRONET_WISUN_ADDR host_state=2 ll=fe80::212:4b00:28ed:d802 global=- border_router=-
2026-04-24T06:10:37.533-04:00 PYRONET_WISUN_DIAG host_state=2 router_status=-1 router=- j1=10 j2=0 j3=0 j4=0 j5=0 recv_pa=0 recv_pas=0 recv_pc=0 recv_pcs=0
2026-04-24T06:10:37.533-04:00 PYRONET_WISUN_ADDR host_state=2 ll=fe80::212:4b00:28ed:d802 global=- border_router=-
2026-04-24T06:10:42.703-04:00 PYRONET_WISUN_DIAG host_state=2 router_status=-1 router=- j1=15 j2=0 j3=0 j4=0 j5=0 recv_pa=0 recv_pas=0 recv_pc=0 recv_pcs=0
2026-04-24T06:10:42.703-04:00 PYRONET_WISUN_ADDR host_state=2 ll=fe80::212:4b00:28ed:d802 global=- border_router=-
2026-04-24T06:10:47.975-04:00 PYRONET_WISUN_DIAG host_state=2 router_status=-1 router=- j1=20 j2=0 j3=0 j4=0 j5=0 recv_pa=0 recv_pas=0 recv_pc=0 recv_pcs=0
2026-04-24T06:10:47.975-04:00 PYRONET_WISUN_ADDR host_state=2 ll=fe80::212:4b00:28ed:d802 global=- border_router=-
2026-04-24T06:10:53.209-04:00 PYRONET_WISUN_DIAG host_state=2 router_status=-1 router=- j1=25 j2=0 j3=0 j4=0 j5=0 recv_pa=0 recv_pas=0 recv_pc=0 recv_pcs=0
2026-04-24T06:10:53.210-04:00 PYRONET_WISUN_ADDR host_state=2 ll=fe80::212:4b00:28ed:d802 global=- border_router=-
2026-04-24T06:10:58.467-04:00 PYRONET_WISUN_DIAG host_state=2 router_status=-1 router=- j1=31 j2=0 j3=0 j4=0 j5=0 recv_pa=0 recv_pas=0 recv_pc=0 recv_pcs=0
2026-04-24T06:10:58.467-04:00 PYRONET_WISUN_ADDR host_state=2 ll=fe80::212:4b00:28ed:d802 global=- border_router=-
2026-04-24T06:11:03.662-04:00 PYRONET_WISUN_DIAG host_state=2 router_status=-1 router=- j1=36 j2=0 j3=0 j4=0 j5=0 recv_pa=0 recv_pas=0 recv_pc=0 recv_pcs=0
2026-04-24T06:11:03.663-04:00 PYRONET_WISUN_ADDR host_state=2 ll=fe80::212:4b00:28ed:d802 global=- border_router=-
2026-04-24T06:11:08.846-04:00 PYRONET_WISUN_DIAG host_state=2 router_status=-1 router=- j1=39 j2=2 j3=0 j4=0 j5=0 recv_pa=1 recv_pas=0 recv_pc=0 recv_pcs=0
2026-04-24T06:11:08.953-04:00 PYRONET_WISUN_ADDR host_state=2 ll=fe80::212:4b00:28ed:d802 global=- border_router=-
2026-04-24T06:11:09.890-04:00 PYRONET_TLS_STATE state=INIT action=start_timer
2026-04-24T06:11:09.891-04:00 PYRONET_EAPTLS_RX state=REQUEST_ID code=1 type=1 id=1 flags=0xff len=5
2026-04-24T06:11:09.891-04:00 PYRONET_EAPTLS_MSG result=IDENTITY state=REQUEST_ID id=1
2026-04-24T06:11:09.891-04:00 PYRONET_EAPTLS_IDENTITY_REQ_ACCEPT id=1 retry_ticks=3300
2026-04-24T06:11:09.891-04:00 PYRONET_EAPTLS_IDENTITY_RESP_TX_START id=1 identity_len=9 eapol_len=18
2026-04-24T06:11:09.891-04:00 PYRONET_EAPTLS_IDENTITY_RESP_TX_OK id=1
2026-04-24T06:11:09.891-04:00 PYRONET_EAPTLS_IDENTITY_RESP_HANDLED id=1 send_result=0
2026-04-24T06:11:09.892-04:00 PYRONET_WISUN_SEC_DIAG seq=2 event=2 a=1 b=18 c=0
2026-04-24T06:11:09.948-04:00 PYRONET_EAPTLS_RX state=REQUEST_TLS_EAP code=1 type=13 id=2 flags=0x20 len=6
2026-04-24T06:11:09.948-04:00 PYRONET_EAPTLS_MSG result=START state=REQUEST_TLS_EAP id=2 flags=0x20 tls_len=1 new_seq=1
2026-04-24T06:11:09.948-04:00 PYRONET_EAPTLS_TLS_START_RX id=2 flags=0x20 len=6
2026-04-24T06:11:09.948-04:00 PYRONET_EAPTLS_TLS_INIT_OK id=2 header_size=5
2026-04-24T06:11:09.949-04:00 PYRONET_EAPTLS_TLS_CREATE_REQ id=2
2026-04-24T06:11:09.951-04:00 PYRONET_TLS_CREATE_REQ sec_keys=@20008bb0 certs=@20009320 state=CREATE_REQ
2026-04-24T06:11:09.951-04:00 PYRONET_EAPTLS_TLS_CREATE_REQ_DONE id=2 tls_ongoing=1
2026-04-24T06:11:09.951-04:00 PYRONET_TLS_STATE state=CREATE_REQ action=create_conf_ok
2026-04-24T06:11:09.951-04:00 PYRONET_EAPTLS_TLS_CREATE_CONF result=0 state=REQUEST
2026-04-24T06:11:09.951-04:00 PYRONET_TLS_CONFIGURE_START role=client sec_keys=@20008bb0 certs=@20009320
2026-04-24T06:11:09.951-04:00 PYRONET_TLS_CONFIG_ENTER role=client prot=@20001d48 sec_keys=@20008bb0 certs=@20009320
2026-04-24T06:11:09.951-04:00 PYRONET_TLS_LIB_INIT_START role=client sec_keys=@20008bb0 certs=@20009320
2026-04-24T06:11:09.951-04:00 PYRONET_TLS_LIB_INIT_ENTER sec=@20001e0c
2026-04-24T06:11:09.951-04:00 PYRONET_TLS_LIB_INIT_STEP step=ssl_init
2026-04-24T06:11:09.952-04:00 PYRONET_TLS_LIB_INIT_STEP step=direct_seed_config
2026-04-24T06:11:09.952-04:00 PYRONET_TLS_LIB_INIT_RET step=nonce_len ret=0
2026-04-24T06:11:09.952-04:00 PYRONET_TLS_SEED_CALL
2026-04-24T06:11:09.952-04:00 PYRONET_TLS_SEED_POLL_START id=1 len=48
2026-04-24T06:11:09.952-04:00 PYRONET_TLS_ENTROPY_SEEDED
2026-04-24T06:12:02.709-04:00 LOGGER unexpected_error port=/dev/cu.usbmodemLS41069U4 error=[Errno 6] Device not configured
2026-04-24T06:12:04.714-04:00 LOGGER waiting_for_port glob=/dev/cu.usbmodem*
2026-04-24T06:12:06.719-04:00 LOGGER connected port=/dev/cu.usbmodemLS41069U4 baud=3000000
2026-04-24T06:12:53.762-04:00 LOGGER connected port=/dev/cu.usbmodemLS41069U4 baud=3000000
2026-04-24T06:13:27.404-04:00 LOGGER unexpected_error port=/dev/cu.usbmodemLS41069U4 error=[Errno 6] Device not configured
2026-04-24T06:13:29.408-04:00 LOGGER waiting_for_port glob=/dev/cu.usbmodem*
2026-04-24T06:13:33.150-04:00 LOGGER connected port=/dev/cu.usbmodemLS41069U4 baud=3000000
2026-04-24T06:13:36.537-04:00 ITM reset token
2026-04-24T06:13:36.538-04:00 SWO_SELF_TEST: CC1352P7_DIO16_ITM_CH0 phase=BOOT host_link=starting
2026-04-24T06:13:36.538-04:00 PYRONET_NCP_INIT_OK
2026-04-24T06:13:36.538-04:00 PYRONET_WISUN_STATUS status=MESH_BOOTSTRAP_STARTED host_state=2 queue_registration=0
2026-04-24T06:13:36.538-04:00 HOST_UART_READY baud=115200
2026-04-24T06:13:41.768-04:00 PYRONET_WISUN_DIAG host_state=2 router_status=-1 router=- j1=5 j2=0 j3=0 j4=0 j5=0 recv_pa=1 recv_pas=0 recv_pc=0 recv_pcs=0
2026-04-24T06:13:41.768-04:00 PYRONET_WISUN_ADDR host_state=2 ll=fe80::212:4b00:28ed:d802 global=- border_router=-
2026-04-24T06:13:42.599-04:00 PYRONET_TLS_STATE state=INIT action=start_timer
2026-04-24T06:13:42.599-04:00 PYRONET_EAPTLS_RX state=REQUEST_ID code=1 type=1 id=1 flags=0xff len=5
2026-04-24T06:13:42.599-04:00 PYRONET_EAPTLS_MSG result=IDENTITY state=REQUEST_ID id=1
2026-04-24T06:13:42.599-04:00 PYRONET_EAPTLS_IDENTITY_REQ_ACCEPT id=1 retry_ticks=3300
2026-04-24T06:13:42.599-04:00 PYRONET_EAPTLS_IDENTITY_RESP_TX_START id=1 identity_len=9 eapol_len=18
2026-04-24T06:13:42.600-04:00 PYRONET_EAPTLS_IDENTITY_RESP_TX_OK id=1
2026-04-24T06:13:42.600-04:00 PYRONET_EAPTLS_IDENTITY_RESP_HANDLED id=1 send_result=0
2026-04-24T06:13:42.600-04:00 PYRONET_WISUN_SEC_DIAG seq=2 event=2 a=1 b=18 c=0
2026-04-24T06:13:42.654-04:00 PYRONET_EAPTLS_RX state=REQUEST_TLS_EAP code=1 type=13 id=2 flags=0x20 len=6
2026-04-24T06:13:42.654-04:00 PYRONET_EAPTLS_MSG result=START state=REQUEST_TLS_EAP id=2 flags=0x20 tls_len=1 new_seq=1
2026-04-24T06:13:42.654-04:00 PYRONET_EAPTLS_TLS_START_RX id=2 flags=0x20 len=6
2026-04-24T06:13:42.654-04:00 PYRONET_EAPTLS_TLS_INIT_OK id=2 header_size=5
2026-04-24T06:13:42.654-04:00 PYRONET_EAPTLS_TLS_CREATE_REQ id=2
2026-04-24T06:13:42.656-04:00 PYRONET_TLS_CREATE_REQ sec_keys=@20008bb0 certs=@20009320 state=CREATE_REQ
2026-04-24T06:13:42.656-04:00 PYRONET_EAPTLS_TLS_CREATE_REQ_DONE id=2 tls_ongoing=1
2026-04-24T06:13:42.656-04:00 PYRONET_TLS_STATE state=CREATE_REQ action=create_conf_ok
2026-04-24T06:13:42.656-04:00 PYRONET_EAPTLS_TLS_CREATE_CONF result=0 state=REQUEST
2026-04-24T06:13:42.656-04:00 PYRONET_TLS_CONFIGURE_START role=client sec_keys=@20008bb0 certs=@20009320
2026-04-24T06:13:42.657-04:00 PYRONET_TLS_CONFIG_ENTER role=client prot=@20001d48 sec_keys=@20008bb0 certs=@20009320
2026-04-24T06:13:42.657-04:00 PYRONET_TLS_LIB_INIT_START role=client sec_keys=@20008bb0 certs=@20009320
2026-04-24T06:13:42.657-04:00 PYRONET_TLS_LIB_INIT_ENTER sec=@20001e0c
2026-04-24T06:13:42.657-04:00 PYRONET_TLS_LIB_INIT_STEP step=ssl_init
2026-04-24T06:13:42.657-04:00 PYRONET_TLS_LIB_INIT_STEP step=direct_seed_config
2026-04-24T06:13:42.657-04:00 PYRONET_TLS_LIB_INIT_RET step=nonce_len ret=0
2026-04-24T06:13:42.657-04:00 PYRONET_TLS_SEED_CALL
2026-04-24T06:13:42.657-04:00 PYRONET_TLS_SEED_POLL_START id=1 len=48
2026-04-24T06:13:42.657-04:00 PYRONET_TLS_ENTROPY_SEEDED
2026-04-24T06:16:20.391-04:00 LOGGER unexpected_error port=/dev/cu.usbmodemLS41069U4 error=[Errno 6] Device not configured
2026-04-24T06:16:22.395-04:00 LOGGER waiting_for_port glob=/dev/cu.usbmodem*
2026-04-24T06:16:24.397-04:00 LOGGER waiting_for_port glob=/dev/cu.usbmodem*
2026-04-24T06:16:26.401-04:00 LOGGER connected port=/dev/cu.usbmodemLS41069U4 baud=3000000
2026-04-24T06:17:49.285-04:00 LOGGER connected port=/dev/cu.usbmodemLS41069U4 baud=3000000
2026-04-24T06:18:03.028-04:00 LOGGER connected port=/dev/cu.usbmodemLS41069U4 baud=3000000
2026-04-24T06:18:06.330-04:00 ITM reset token
2026-04-24T06:18:06.330-04:00 SWO_SELF_TEST: CC1352P7_DIO16_ITM_CH0 phase=BOOT host_link=starting
2026-04-24T06:18:06.330-04:00 PYRONET_NCP_INIT_OK
2026-04-24T06:18:06.330-04:00 PYRONET_WISUN_STATUS status=MESH_BOOTSTRAP_STARTED host_state=2 queue_registration=0
2026-04-24T06:18:06.330-04:00 HOST_UART_READY baud=115200
2026-04-24T06:18:11.489-04:00 PYRONET_WISUN_DIAG host_state=2 router_status=-1 router=- j1=5 j2=0 j3=0 j4=0 j5=0 recv_pa=0 recv_pas=0 recv_pc=0 recv_pcs=0
2026-04-24T06:18:11.489-04:00 PYRONET_WISUN_ADDR host_state=2 ll=fe80::212:4b00:28ed:d802 global=- border_router=-
2026-04-24T06:18:16.641-04:00 PYRONET_WISUN_DIAG host_state=2 router_status=-1 router=- j1=10 j2=0 j3=0 j4=0 j5=0 recv_pa=0 recv_pas=0 recv_pc=0 recv_pcs=0
2026-04-24T06:18:16.641-04:00 PYRONET_WISUN_ADDR host_state=2 ll=fe80::212:4b00:28ed:d802 global=- border_router=-
2026-04-24T06:18:21.865-04:00 PYRONET_WISUN_DIAG host_state=2 router_status=-1 router=- j1=15 j2=0 j3=0 j4=0 j5=0 recv_pa=0 recv_pas=0 recv_pc=0 recv_pcs=0
2026-04-24T06:18:21.865-04:00 PYRONET_WISUN_ADDR host_state=2 ll=fe80::212:4b00:28ed:d802 global=- border_router=-
2026-04-24T06:18:27.128-04:00 PYRONET_WISUN_DIAG host_state=2 router_status=-1 router=- j1=20 j2=0 j3=0 j4=0 j5=0 recv_pa=0 recv_pas=0 recv_pc=0 recv_pcs=0
2026-04-24T06:18:27.128-04:00 PYRONET_WISUN_ADDR host_state=2 ll=fe80::212:4b00:28ed:d802 global=- border_router=-
2026-04-24T06:18:32.368-04:00 PYRONET_WISUN_DIAG host_state=2 router_status=-1 router=- j1=25 j2=0 j3=0 j4=0 j5=0 recv_pa=0 recv_pas=0 recv_pc=0 recv_pcs=0
2026-04-24T06:18:32.368-04:00 PYRONET_WISUN_ADDR host_state=2 ll=fe80::212:4b00:28ed:d802 global=- border_router=-
2026-04-24T06:18:37.586-04:00 PYRONET_WISUN_DIAG host_state=2 router_status=-1 router=- j1=31 j2=0 j3=0 j4=0 j5=0 recv_pa=0 recv_pas=0 recv_pc=0 recv_pcs=0
2026-04-24T06:18:37.586-04:00 PYRONET_WISUN_ADDR host_state=2 ll=fe80::212:4b00:28ed:d802 global=- border_router=-
2026-04-24T06:18:40.379-04:00 LOGGER unexpected_error port=/dev/cu.usbmodemLS41069U4 error=[Errno 6] Device not configured
2026-04-24T06:18:42.386-04:00 LOGGER waiting_for_port glob=/dev/cu.usbmodem*
2026-04-24T06:18:44.389-04:00 LOGGER waiting_for_port glob=/dev/cu.usbmodem*
2026-04-24T06:18:49.622-04:00 LOGGER connected port=/dev/cu.usbmodemLS41069U4 baud=3000000
2026-04-24T06:18:52.843-04:00 ITM reset token
2026-04-24T06:18:52.953-04:00 SWO_SELF_TEST: CC1352P7_DIO16_ITM_CH0 phase=BOOT host_link=starting
2026-04-24T06:18:52.953-04:00 PYRONET_NCP_INIT_OK
2026-04-24T06:18:52.953-04:00 PYRONET_WISUN_STATUS status=MESH_BOOTSTRAP_STARTED host_state=2 queue_registration=0
2026-04-24T06:18:52.953-04:00 HOST_UART_READY baud=115200
2026-04-24T06:18:58.059-04:00 PYRONET_WISUN_DIAG host_state=2 router_status=-1 router=- j1=5 j2=0 j3=0 j4=0 j5=0 recv_pa=0 recv_pas=0 recv_pc=0 recv_pcs=0
2026-04-24T06:18:58.168-04:00 PYRONET_WISUN_ADDR host_state=2 ll=fe80::212:4b00:28ed:d802 global=- border_router=-
2026-04-24T06:19:03.294-04:00 PYRONET_WISUN_DIAG host_state=2 router_status=-1 router=- j1=10 j2=0 j3=0 j4=0 j5=0 recv_pa=0 recv_pas=0 recv_pc=0 recv_pcs=0
2026-04-24T06:19:03.404-04:00 PYRONET_WISUN_ADDR host_state=2 ll=fe80::212:4b00:28ed:d802 global=- border_router=-
2026-04-24T06:19:08.482-04:00 PYRONET_WISUN_DIAG host_state=2 router_status=-1 router=- j1=15 j2=0 j3=0 j4=0 j5=0 recv_pa=0 recv_pas=0 recv_pc=0 recv_pcs=0
2026-04-24T06:19:08.482-04:00 PYRONET_WISUN_ADDR host_state=2 ll=fe80::212:4b00:28ed:d802 global=- border_router=-
2026-04-24T06:19:13.732-04:00 PYRONET_WISUN_DIAG host_state=2 router_status=-1 router=- j1=20 j2=0 j3=0 j4=0 j5=0 recv_pa=0 recv_pas=0 recv_pc=0 recv_pcs=0
2026-04-24T06:19:13.732-04:00 PYRONET_WISUN_ADDR host_state=2 ll=fe80::212:4b00:28ed:d802 global=- border_router=-
2026-04-24T06:19:18.967-04:00 PYRONET_WISUN_DIAG host_state=2 router_status=-1 router=- j1=25 j2=0 j3=0 j4=0 j5=0 recv_pa=0 recv_pas=0 recv_pc=0 recv_pcs=0
2026-04-24T06:19:18.968-04:00 PYRONET_WISUN_ADDR host_state=2 ll=fe80::212:4b00:28ed:d802 global=- border_router=-
2026-04-24T06:19:24.166-04:00 PYRONET_WISUN_DIAG host_state=2 router_status=-1 router=- j1=31 j2=0 j3=0 j4=0 j5=0 recv_pa=0 recv_pas=0 recv_pc=0 recv_pcs=0
2026-04-24T06:19:24.166-04:00 PYRONET_WISUN_ADDR host_state=2 ll=fe80::212:4b00:28ed:d802 global=- border_router=-
2026-04-24T06:19:29.407-04:00 PYRONET_WISUN_DIAG host_state=2 router_status=-1 router=- j1=36 j2=0 j3=0 j4=0 j5=0 recv_pa=0 recv_pas=0 recv_pc=0 recv_pcs=0
2026-04-24T06:19:29.408-04:00 PYRONET_WISUN_ADDR host_state=2 ll=fe80::212:4b00:28ed:d802 global=- border_router=-
2026-04-24T06:19:34.522-04:00 PYRONET_WISUN_DIAG host_state=2 router_status=-1 router=- j1=41 j2=0 j3=0 j4=0 j5=0 recv_pa=0 recv_pas=0 recv_pc=0 recv_pcs=0
2026-04-24T06:19:34.523-04:00 PYRONET_WISUN_ADDR host_state=2 ll=fe80::212:4b00:28ed:d802 global=- border_router=-
2026-04-24T06:19:39.815-04:00 PYRONET_WISUN_DIAG host_state=2 router_status=-1 router=- j1=46 j2=0 j3=0 j4=0 j5=0 recv_pa=0 recv_pas=0 recv_pc=0 recv_pcs=0
2026-04-24T06:19:39.815-04:00 PYRONET_WISUN_ADDR host_state=2 ll=fe80::212:4b00:28ed:d802 global=- border_router=-
2026-04-24T06:19:45.019-04:00 PYRONET_WISUN_DIAG host_state=2 router_status=-1 router=- j1=51 j2=0 j3=0 j4=0 j5=0 recv_pa=0 recv_pas=0 recv_pc=0 recv_pcs=0
2026-04-24T06:19:45.019-04:00 PYRONET_WISUN_ADDR host_state=2 ll=fe80::212:4b00:28ed:d802 global=- border_router=-
2026-04-24T06:19:50.148-04:00 PYRONET_WISUN_DIAG host_state=2 router_status=-1 router=- j1=56 j2=0 j3=0 j4=0 j5=0 recv_pa=0 recv_pas=0 recv_pc=0 recv_pcs=0
2026-04-24T06:19:50.256-04:00 PYRONET_WISUN_ADDR host_state=2 ll=fe80::212:4b00:28ed:d802 global=- border_router=-
2026-04-24T06:19:55.380-04:00 PYRONET_WISUN_DIAG host_state=2 router_status=-1 router=- j1=62 j2=0 j3=0 j4=0 j5=0 recv_pa=0 recv_pas=0 recv_pc=0 recv_pcs=0
2026-04-24T06:19:55.380-04:00 PYRONET_WISUN_ADDR host_state=2 ll=fe80::212:4b00:28ed:d802 global=- border_router=-
2026-04-24T06:20:00.641-04:00 PYRONET_WISUN_DIAG host_state=2 router_status=-1 router=- j1=67 j2=0 j3=0 j4=0 j5=0 recv_pa=0 recv_pas=0 recv_pc=0 recv_pcs=0
2026-04-24T06:20:00.641-04:00 PYRONET_WISUN_ADDR host_state=2 ll=fe80::212:4b00:28ed:d802 global=- border_router=-
2026-04-24T06:20:05.886-04:00 PYRONET_WISUN_DIAG host_state=2 router_status=-1 router=- j1=72 j2=0 j3=0 j4=0 j5=0 recv_pa=0 recv_pas=0 recv_pc=0 recv_pcs=0
2026-04-24T06:20:05.887-04:00 PYRONET_WISUN_ADDR host_state=2 ll=fe80::212:4b00:28ed:d802 global=- border_router=-
2026-04-24T06:20:11.035-04:00 PYRONET_WISUN_DIAG host_state=2 router_status=-1 router=- j1=77 j2=0 j3=0 j4=0 j5=0 recv_pa=0 recv_pas=0 recv_pc=0 recv_pcs=0
2026-04-24T06:20:11.145-04:00 PYRONET_WISUN_ADDR host_state=2 ll=fe80::212:4b00:28ed:d802 global=- border_router=-
2026-04-24T06:20:15.199-04:00 PYRONET_TLS_STATE state=INIT action=start_timer
2026-04-24T06:20:15.199-04:00 PYRONET_EAPTLS_RX state=REQUEST_ID code=1 type=1 id=1 flags=0xff len=5
2026-04-24T06:20:15.199-04:00 PYRONET_EAPTLS_MSG result=IDENTITY state=REQUEST_ID id=1
2026-04-24T06:20:15.200-04:00 PYRONET_EAPTLS_IDENTITY_REQ_ACCEPT id=1 retry_ticks=3300
2026-04-24T06:20:15.200-04:00 PYRONET_EAPTLS_IDENTITY_RESP_TX_START id=1 identity_len=9 eapol_len=18
2026-04-24T06:20:15.200-04:00 PYRONET_EAPTLS_IDENTITY_RESP_TX_OK id=1
2026-04-24T06:20:15.200-04:00 PYRONET_EAPTLS_IDENTITY_RESP_HANDLED id=1 send_result=0
2026-04-24T06:20:15.200-04:00 PYRONET_WISUN_SEC_DIAG seq=2 event=2 a=1 b=18 c=0
2026-04-24T06:20:15.255-04:00 PYRONET_EAPTLS_RX state=REQUEST_TLS_EAP code=1 type=13 id=2 flags=0x20 len=6
2026-04-24T06:20:15.255-04:00 PYRONET_EAPTLS_MSG result=START state=REQUEST_TLS_EAP id=2 flags=0x20 tls_len=1 new_seq=1
2026-04-24T06:20:15.255-04:00 PYRONET_EAPTLS_TLS_START_RX id=2 flags=0x20 len=6
2026-04-24T06:20:15.255-04:00 PYRONET_EAPTLS_TLS_INIT_OK id=2 header_size=5
2026-04-24T06:20:15.255-04:00 PYRONET_EAPTLS_TLS_CREATE_REQ id=2
2026-04-24T06:20:15.255-04:00 PYRONET_TLS_CREATE_REQ sec_keys=@20008bb0 certs=@20009320 state=CREATE_REQ
2026-04-24T06:20:15.257-04:00 PYRONET_EAPTLS_TLS_CREATE_REQ_DONE id=2 tls_ongoing=1
2026-04-24T06:20:15.257-04:00 PYRONET_TLS_STATE state=CREATE_REQ action=create_conf_ok
2026-04-24T06:20:15.257-04:00 PYRONET_EAPTLS_TLS_CREATE_CONF result=0 state=REQUEST
2026-04-24T06:20:15.258-04:00 PYRONET_TLS_CONFIGURE_START role=client sec_keys=@20008bb0 certs=@20009320
2026-04-24T06:20:15.258-04:00 PYRONET_TLS_CONFIG_ENTER role=client prot=@20001c38 sec_keys=@20008bb0 certs=@20009320
2026-04-24T06:20:15.258-04:00 PYRONET_TLS_LIB_INIT_START role=client sec_keys=@20008bb0 certs=@20009320
2026-04-24T06:20:15.258-04:00 PYRONET_TLS_LIB_INIT_ENTER sec=@20001cfc
2026-04-24T06:20:15.258-04:00 PYRONET_TLS_LIB_INIT_STEP step=ssl_init
2026-04-24T06:20:15.258-04:00 PYRONET_TLS_LIB_INIT_STEP step=direct_seed_config
2026-04-24T06:20:15.258-04:00 PYRONET_TLS_LIB_INIT_RET step=nonce_len ret=0
2026-04-24T06:20:15.258-04:00 PYRONET_TLS_SEED_CALL
2026-04-24T06:20:15.258-04:00 PYRONET_TLS_SEED_POLL_START id=1 len=48
2026-04-24T06:20:15.258-04:00 PYRONET_TLS_ENTROPY_SEEDED
2026-04-24T06:22:32.959-04:00 LOGGER unexpected_error port=/dev/cu.usbmodemLS41069U4 error=[Errno 6] Device not configured
2026-04-24T06:22:34.965-04:00 LOGGER waiting_for_port glob=/dev/cu.usbmodem*
2026-04-24T06:22:36.972-04:00 LOGGER connected port=/dev/cu.usbmodemLS41069U4 baud=3000000
2026-04-24T06:23:10.226-04:00 LOGGER connected port=/dev/cu.usbmodemLS41069U4 baud=3000000
2026-04-24T06:23:11.839-04:00 ITM reset token
2026-04-24T06:23:11.839-04:00 SWO_SELF_TEST: CC1352P7_DIO16_ITM_CH0 phase=BOOT host_link=starting
2026-04-24T06:23:11.839-04:00 PYRONET_NCP_INIT_OK
2026-04-24T06:23:11.839-04:00 PYRONET_WISUN_STATUS status=MESH_BOOTSTRAP_STARTED host_state=2 queue_registration=0
2026-04-24T06:23:11.839-04:00 HOST_UART_READY baud=115200
2026-04-24T06:23:17.000-04:00 PYRONET_WISUN_DIAG host_state=2 router_status=-1 router=- j1=5 j2=0 j3=0 j4=0 j5=0 recv_pa=0 recv_pas=0 recv_pc=0 recv_pcs=0
2026-04-24T06:23:17.000-04:00 PYRONET_WISUN_ADDR host_state=2 ll=fe80::212:4b00:28ed:d802 global=- border_router=-
2026-04-24T06:23:22.200-04:00 PYRONET_WISUN_DIAG host_state=2 router_status=-1 router=- j1=10 j2=0 j3=0 j4=0 j5=0 recv_pa=0 recv_pas=0 recv_pc=0 recv_pcs=0
2026-04-24T06:23:22.201-04:00 PYRONET_WISUN_ADDR host_state=2 ll=fe80::212:4b00:28ed:d802 global=- border_router=-
2026-04-24T06:23:27.428-04:00 PYRONET_WISUN_DIAG host_state=2 router_status=-1 router=- j1=15 j2=0 j3=0 j4=0 j5=0 recv_pa=0 recv_pas=0 recv_pc=0 recv_pcs=0
2026-04-24T06:23:27.541-04:00 PYRONET_WISUN_ADDR host_state=2 ll=fe80::212:4b00:28ed:d802 global=- border_router=-
2026-04-24T06:23:32.719-04:00 PYRONET_WISUN_DIAG host_state=2 router_status=-1 router=- j1=20 j2=0 j3=0 j4=0 j5=0 recv_pa=0 recv_pas=0 recv_pc=0 recv_pcs=0
2026-04-24T06:23:32.719-04:00 PYRONET_WISUN_ADDR host_state=2 ll=fe80::212:4b00:28ed:d802 global=- border_router=-
2026-04-24T06:23:37.943-04:00 PYRONET_WISUN_DIAG host_state=2 router_status=-1 router=- j1=25 j2=0 j3=0 j4=0 j5=0 recv_pa=0 recv_pas=0 recv_pc=0 recv_pcs=0
2026-04-24T06:23:37.944-04:00 PYRONET_WISUN_ADDR host_state=2 ll=fe80::212:4b00:28ed:d802 global=- border_router=-
2026-04-24T06:23:40.241-04:00 PYRONET_TLS_STATE state=INIT action=start_timer
2026-04-24T06:23:40.242-04:00 PYRONET_EAPTLS_RX state=REQUEST_ID code=1 type=1 id=1 flags=0xff len=5
2026-04-24T06:23:40.242-04:00 PYRONET_EAPTLS_MSG result=IDENTITY state=REQUEST_ID id=1
2026-04-24T06:23:40.242-04:00 PYRONET_EAPTLS_IDENTITY_REQ_ACCEPT id=1 retry_ticks=3300
2026-04-24T06:23:40.242-04:00 PYRONET_EAPTLS_IDENTITY_RESP_TX_START id=1 identity_len=9 eapol_len=18
2026-04-24T06:23:40.242-04:00 PYRONET_EAPTLS_IDENTITY_RESP_TX_OK id=1
2026-04-24T06:23:40.242-04:00 PYRONET_EAPTLS_IDENTITY_RESP_HANDLED id=1 send_result=0
2026-04-24T06:23:40.242-04:00 PYRONET_WISUN_SEC_DIAG seq=2 event=2 a=1 b=18 c=0
2026-04-24T06:23:40.747-04:00 PYRONET_EAPTLS_RX state=REQUEST_TLS_EAP code=1 type=13 id=2 flags=0x20 len=6
2026-04-24T06:23:40.747-04:00 PYRONET_EAPTLS_MSG result=START state=REQUEST_TLS_EAP id=2 flags=0x20 tls_len=1 new_seq=1
2026-04-24T06:23:40.747-04:00 PYRONET_EAPTLS_TLS_START_RX id=2 flags=0x20 len=6
2026-04-24T06:23:40.750-04:00 PYRONET_EAPTLS_TLS_INIT_OK id=2 header_size=5
2026-04-24T06:23:40.750-04:00 PYRONET_EAPTLS_TLS_CREATE_REQ id=2
2026-04-24T06:23:40.750-04:00 PYRONET_TLS_CREATE_REQ sec_keys=@20008bb0 certs=@20009320 state=CREATE_REQ
2026-04-24T06:23:40.750-04:00 PYRONET_EAPTLS_TLS_CREATE_REQ_DONE id=2 tls_ongoing=1
2026-04-24T06:23:40.750-04:00 PYRONET_TLS_STATE state=CREATE_REQ action=create_conf_ok
2026-04-24T06:23:40.750-04:00 PYRONET_EAPTLS_TLS_CREATE_CONF result=0 state=REQUEST
2026-04-24T06:23:40.750-04:00 PYRONET_TLS_CONFIGURE_START role=client sec_keys=@20008bb0 certs=@20009320
2026-04-24T06:23:40.751-04:00 PYRONET_TLS_CONFIG_ENTER role=client prot=@20001c38 sec_keys=@20008bb0 certs=@20009320
2026-04-24T06:23:40.751-04:00 PYRONET_TLS_LIB_INIT_START role=client sec_keys=@20008bb0 certs=@20009320
2026-04-24T06:23:40.751-04:00 PYRONET_TLS_LIB_INIT_ENTER sec=@20001cfc
2026-04-24T06:23:40.751-04:00 PYRONET_TLS_LIB_INIT_STEP step=ssl_init
2026-04-24T06:23:40.751-04:00 PYRONET_TLS_LIB_INIT_STEP step=direct_seed_config
2026-04-24T06:23:40.751-04:00 PYRONET_TLS_LIB_INIT_RET step=nonce_len ret=0
2026-04-24T06:23:40.751-04:00 PYRONET_TLS_SEED_CALL
2026-04-24T06:23:40.751-04:00 PYRONET_TLS_SEED_POLL_START id=1 len=48
2026-04-24T06:23:40.753-04:00 PYRONET_TLS_SEED_WORD_START id=1 offset=0
2026-04-24T06:23:40.753-04:00 PYRONET_TLS_ENTROPY_SEEDED
2026-04-24T06:23:40.753-04:00 PYRONET_TLS_SEED_WORD_GOT id=1 offset=0 word=f53a3666
2026-04-24T06:23:40.754-04:00 PYRONET_TLS_SEED_WORD_DONE id=1 offset=4
2026-04-24T06:23:40.754-04:00 PYRONET_TLS_SEED_WORD_START id=1 offset=4
2026-04-24T06:23:40.754-04:00 PYRONET_TLS_SEED_WORD_GOT id=1 offset=4 word=cd235c3d
2026-04-24T06:23:40.754-04:00 PYRONET_TLS_SEED_WORD_DONE id=1 offset=8
2026-04-24T06:23:40.754-04:00 PYRONET_TLS_SEED_WORD_START id=1 offset=8
2026-04-24T06:23:40.754-04:00 PYRONET_TLS_SEED_WORD_GOT id=1 offset=8 word=7231428f
2026-04-24T06:23:40.754-04:00 PYRONET_TLS_SEED_WORD_DONE id=1 offset=12
2026-04-24T06:23:40.754-04:00 PYRONET_TLS_SEED_WORD_START id=1 offset=12
2026-04-24T06:23:40.754-04:00 PYRONET_TLS_SEED_WORD_GOT id=1 offset=12 word=1671785f
2026-04-24T06:23:40.754-04:00 PYRONET_TLS_SEED_WORD_DONE id=1 offset=16
2026-04-24T06:23:40.755-04:00 PYRONET_TLS_SEED_WORD_START id=1 offset=16
2026-04-24T06:23:40.755-04:00 PYRONET_TLS_SEED_WORD_GOT id=1 offset=16 word=162a18a2
2026-04-24T06:23:40.755-04:00 PYRONET_TLS_SEED_WORD_DONE id=1 offset=20
2026-04-24T06:23:40.755-04:00 PYRONET_TLS_SEED_WORD_START id=1 offset=20
2026-04-24T06:23:40.757-04:00 PYRONET_TLS_SEED_WORD_GOT id=1 offset=20 word=f2f0359d
2026-04-24T06:23:40.757-04:00 PYRONET_TLS_SEED_WORD_DONE id=1 offset=24
2026-04-24T06:23:40.757-04:00 PYRONET_TLS_SEED_WORD_START id=1 offset=24
2026-04-24T06:23:40.757-04:00 PYRONET_TLS_SEED_WORD_GOT id=1 offset=24 word=7c3e183c
2026-04-24T06:23:40.757-04:00 PYRONET_TLS_SEED_WORD_DONE id=1 offset=28
2026-04-24T06:23:40.757-04:00 PYRONET_TLS_SEED_WORD_START id=1 offset=28
2026-04-24T06:23:40.757-04:00 PYRONET_TLS_SEED_WORD_GOT id=1 offset=28 word=580133a0
2026-04-24T06:23:40.758-04:00 PYRONET_TLS_SEED_WORD_DONE id=1 offset=32
2026-04-24T06:23:40.758-04:00 PYRONET_TLS_SEED_WORD_START id=1 offset=32
2026-04-24T06:23:40.758-04:00 PYRONET_TLS_SEED_WORD_GOT id=1 offset=32 word=b0d49fda
2026-04-24T06:23:40.758-04:00 PYRONET_TLS_SEED_WORD_DONE id=1 offset=36
2026-04-24T06:23:40.758-04:00 PYRONET_TLS_SEED_WORD_START id=1 offset=36
2026-04-24T06:23:40.758-04:00 PYRONET_TLS_SEED_WORD_GOT id=1 offset=36 word=46d607ed
2026-04-24T06:23:40.758-04:00 PYRONET_TLS_SEED_WORD_DONE id=1 offset=40
2026-04-24T06:23:40.758-04:00 PYRONET_TLS_SEED_WORD_START id=1 offset=40
2026-04-24T06:23:40.758-04:00 PYRONET_TLS_SEED_WORD_GOT id=1 offset=40 word=43577bf8
2026-04-24T06:23:40.759-04:00 PYRONET_TLS_SEED_WORD_DONE id=1 offset=44
2026-04-24T06:23:40.759-04:00 PYRONET_TLS_SEED_WORD_START id=1 offset=44
2026-04-24T06:23:40.759-04:00 PYRONET_TLS_SEED_WORD_GOT id=1 offset=44 word=292d906c
2026-04-24T06:23:40.759-04:00 PYRONET_TLS_SEED_WORD_DONE id=1 offset=48
2026-04-24T06:28:16.013-04:00 LOGGER connected port=/dev/cu.usbmodemLS41069U4 baud=3000000
2026-04-24T06:29:17.798-04:00 LOGGER connected port=/dev/cu.usbmodemLS41069U4 baud=3000000
2026-04-24T06:29:19.411-04:00 ITM reset token
2026-04-24T06:29:19.411-04:00 SWO_SELF_TEST: CC1352P7_DIO16_ITM_CH0 phase=BOOT host_link=starting
2026-04-24T06:29:19.411-04:00 PYRONET_NCP_INIT_OK
2026-04-24T06:29:19.411-04:00 PYRONET_WISUN_STATUS status=MESH_BOOTSTRAP_STARTED host_state=2 queue_registration=0
2026-04-24T06:29:19.411-04:00 HOST_UART_READY baud=115200
2026-04-24T06:29:24.628-04:00 PYRONET_WISUN_DIAG host_state=2 router_status=-1 router=- j1=5 j2=0 j3=0 j4=0 j5=0 recv_pa=0 recv_pas=0 recv_pc=0 recv_pcs=0
2026-04-24T06:29:24.629-04:00 PYRONET_WISUN_ADDR host_state=2 ll=fe80::212:4b00:28ed:d802 global=- border_router=-
2026-04-24T06:29:29.802-04:00 PYRONET_WISUN_DIAG host_state=2 router_status=-1 router=- j1=10 j2=0 j3=0 j4=0 j5=0 recv_pa=0 recv_pas=0 recv_pc=0 recv_pcs=0
2026-04-24T06:29:29.803-04:00 PYRONET_WISUN_ADDR host_state=2 ll=fe80::212:4b00:28ed:d802 global=- border_router=-
2026-04-24T06:29:34.988-04:00 PYRONET_WISUN_DIAG host_state=2 router_status=-1 router=- j1=15 j2=0 j3=0 j4=0 j5=0 recv_pa=0 recv_pas=0 recv_pc=0 recv_pcs=0
2026-04-24T06:29:34.988-04:00 PYRONET_WISUN_ADDR host_state=2 ll=fe80::212:4b00:28ed:d802 global=- border_router=-
2026-04-24T06:29:40.217-04:00 PYRONET_WISUN_DIAG host_state=2 router_status=-1 router=- j1=20 j2=0 j3=0 j4=0 j5=0 recv_pa=0 recv_pas=0 recv_pc=0 recv_pcs=0
2026-04-24T06:29:40.217-04:00 PYRONET_WISUN_ADDR host_state=2 ll=fe80::212:4b00:28ed:d802 global=- border_router=-
2026-04-24T06:29:45.452-04:00 PYRONET_WISUN_DIAG host_state=2 router_status=-1 router=- j1=25 j2=0 j3=0 j4=0 j5=0 recv_pa=0 recv_pas=0 recv_pc=0 recv_pcs=0
2026-04-24T06:29:45.452-04:00 PYRONET_WISUN_ADDR host_state=2 ll=fe80::212:4b00:28ed:d802 global=- border_router=-
2026-04-24T06:29:50.646-04:00 PYRONET_WISUN_DIAG host_state=2 router_status=-1 router=- j1=31 j2=0 j3=0 j4=0 j5=0 recv_pa=0 recv_pas=0 recv_pc=0 recv_pcs=0
2026-04-24T06:29:50.646-04:00 PYRONET_WISUN_ADDR host_state=2 ll=fe80::212:4b00:28ed:d802 global=- border_router=-
2026-04-24T06:29:55.858-04:00 PYRONET_WISUN_DIAG host_state=2 router_status=-1 router=- j1=36 j2=0 j3=0 j4=0 j5=0 recv_pa=0 recv_pas=0 recv_pc=0 recv_pcs=0
2026-04-24T06:29:55.858-04:00 PYRONET_WISUN_ADDR host_state=2 ll=fe80::212:4b00:28ed:d802 global=- border_router=-
2026-04-24T06:30:01.067-04:00 PYRONET_WISUN_DIAG host_state=2 router_status=-1 router=- j1=41 j2=0 j3=0 j4=0 j5=0 recv_pa=1 recv_pas=0 recv_pc=0 recv_pcs=0
2026-04-24T06:30:01.068-04:00 PYRONET_WISUN_ADDR host_state=2 ll=fe80::212:4b00:28ed:d802 global=- border_router=-
2026-04-24T06:30:02.297-04:00 PYRONET_TLS_STATE state=INIT action=start_timer
2026-04-24T06:30:02.352-04:00 PYRONET_EAPTLS_RX state=REQUEST_ID code=1 type=1 id=1 flags=0xff len=5
2026-04-24T06:30:02.353-04:00 PYRONET_EAPTLS_MSG result=IDENTITY state=REQUEST_ID id=1
2026-04-24T06:30:02.353-04:00 PYRONET_EAPTLS_IDENTITY_REQ_ACCEPT id=1 retry_ticks=3300
2026-04-24T06:30:02.353-04:00 PYRONET_EAPTLS_IDENTITY_RESP_TX_START id=1 identity_len=9 eapol_len=18
2026-04-24T06:30:02.353-04:00 PYRONET_EAPTLS_IDENTITY_RESP_TX_OK id=1
2026-04-24T06:30:02.353-04:00 PYRONET_EAPTLS_IDENTITY_RESP_HANDLED id=1 send_result=0
2026-04-24T06:30:02.353-04:00 PYRONET_WISUN_SEC_DIAG seq=2 event=2 a=1 b=18 c=0
2026-04-24T06:30:02.356-04:00 PYRONET_EAPTLS_RX state=REQUEST_TLS_EAP code=1 type=13 id=2 flags=0x20 len=6
2026-04-24T06:30:02.356-04:00 PYRONET_EAPTLS_MSG result=START state=REQUEST_TLS_EAP id=2 flags=0x20 tls_len=1 new_seq=1
2026-04-24T06:30:02.356-04:00 PYRONET_EAPTLS_TLS_START_RX id=2 flags=0x20 len=6
2026-04-24T06:30:02.356-04:00 PYRONET_EAPTLS_TLS_INIT_OK id=2 header_size=5
2026-04-24T06:30:02.356-04:00 PYRONET_EAPTLS_TLS_CREATE_REQ id=2
2026-04-24T06:30:02.356-04:00 PYRONET_TLS_CREATE_REQ sec_keys=@20008bb0 certs=@20009320 state=CREATE_REQ
2026-04-24T06:30:02.356-04:00 PYRONET_EAPTLS_TLS_CREATE_REQ_DONE id=2 tls_ongoing=1
2026-04-24T06:30:02.356-04:00 PYRONET_TLS_STATE state=CREATE_REQ action=create_conf_ok
2026-04-24T06:30:02.356-04:00 PYRONET_EAPTLS_TLS_CREATE_CONF result=0 state=REQUEST
2026-04-24T06:30:02.357-04:00 PYRONET_TLS_CONFIGURE_START role=client sec_keys=@20008bb0 certs=@20009320
2026-04-24T06:30:02.359-04:00 PYRONET_TLS_CONFIG_ENTER role=client prot=@20001c38 sec_keys=@20008bb0 certs=@20009320
2026-04-24T06:30:02.359-04:00 PYRONET_TLS_LIB_INIT_START role=client sec_keys=@20008bb0 certs=@20009320
2026-04-24T06:30:02.359-04:00 PYRONET_TLS_LIB_INIT_ENTER sec=@20001cfc
2026-04-24T06:30:02.359-04:00 PYRONET_TLS_LIB_INIT_STEP step=ssl_init
2026-04-24T06:30:02.359-04:00 PYRONET_TLS_LIB_INIT_STEP step=direct_seed_config
2026-04-24T06:30:02.359-04:00 PYRONET_TLS_LIB_INIT_RET step=nonce_len ret=0
2026-04-24T06:30:02.359-04:00 PYRONET_TLS_SEED_CALL
2026-04-24T06:30:02.359-04:00 PYRONET_CTR_SEED_ENTER ctx=@20001e3c custom_len=6
2026-04-24T06:30:02.359-04:00 PYRONET_CTR_SEED_SETKEY_START entropy_len=48 nonce_len=0
2026-04-24T06:30:02.359-04:00 PYRONET_CTR_SEED_SETKEY_RET ret=0
2026-04-24T06:30:02.359-04:00 PYRONET_CTR_SEED_RESEED_START
2026-04-24T06:30:02.360-04:00 PYRONET_CTR_RESEED_ENTER ctx=@20001e3c entropy_len=48 nonce_len=0 add_len=6
2026-04-24T06:30:02.360-04:00 PYRONET_CTR_RESEED_ENTROPY_START len=48
2026-04-24T06:30:02.360-04:00 PYRONET_TLS_SEED_POLL_START id=1 len=48
2026-04-24T06:30:02.360-04:00 PYRONET_TLS_SEED_WORD_START id=1 offset=0
2026-04-24T06:30:02.360-04:00 PYRONET_TLS_ENTROPY_SEEDED
2026-04-24T06:30:02.360-04:00 PYRONET_TLS_SEED_WORD_GOT id=1 offset=0 word=8b6d3a0a
2026-04-24T06:30:02.362-04:00 PYRONET_TLS_SEED_WORD_DONE id=1 offset=4
2026-04-24T06:30:02.362-04:00 PYRONET_TLS_SEED_WORD_START id=1 offset=4
2026-04-24T06:30:02.362-04:00 PYRONET_TLS_SEED_WORD_GOT id=1 offset=4 word=a9a1ef9c
2026-04-24T06:30:02.362-04:00 PYRONET_TLS_SEED_WORD_DONE id=1 offset=8
2026-04-24T06:30:02.362-04:00 PYRONET_TLS_SEED_WORD_START id=1 offset=8
2026-04-24T06:30:02.363-04:00 PYRONET_TLS_SEED_WORD_GOT id=1 offset=8 word=1e169315
2026-04-24T06:30:02.363-04:00 PYRONET_TLS_SEED_WORD_DONE id=1 offset=12
2026-04-24T06:30:02.363-04:00 PYRONET_TLS_SEED_WORD_START id=1 offset=12
2026-04-24T06:30:02.363-04:00 PYRONET_TLS_SEED_WORD_GOT id=1 offset=12 word=42fef0cf
2026-04-24T06:30:02.363-04:00 PYRONET_TLS_SEED_WORD_DONE id=1 offset=16
2026-04-24T06:30:02.363-04:00 PYRONET_TLS_SEED_WORD_START id=1 offset=16
2026-04-24T06:30:02.363-04:00 PYRONET_TLS_SEED_WORD_GOT id=1 offset=16 word=000c893c
2026-04-24T06:30:02.363-04:00 PYRONET_TLS_SEED_WORD_DONE id=1 offset=20
2026-04-24T06:30:02.363-04:00 PYRONET_TLS_SEED_WORD_START id=1 offset=20
2026-04-24T06:30:02.363-04:00 PYRONET_TLS_SEED_WORD_GOT id=1 offset=20 word=b4437489
2026-04-24T06:30:02.363-04:00 PYRONET_TLS_SEED_WORD_DONE id=1 offset=24
2026-04-24T06:30:02.363-04:00 PYRONET_TLS_SEED_WORD_START id=1 offset=24
2026-04-24T06:30:02.365-04:00 PYRONET_TLS_SEED_WORD_GOT id=1 offset=24 word=809505e0
2026-04-24T06:30:02.365-04:00 PYRONET_TLS_SEED_WORD_DONE id=1 offset=28
2026-04-24T06:30:02.365-04:00 PYRONET_TLS_SEED_WORD_START id=1 offset=28
2026-04-24T06:30:02.365-04:00 PYRONET_TLS_SEED_WORD_GOT id=1 offset=28 word=250bab74
2026-04-24T06:30:02.365-04:00 PYRONET_TLS_SEED_WORD_DONE id=1 offset=32
2026-04-24T06:30:02.365-04:00 PYRONET_TLS_SEED_WORD_START id=1 offset=32
2026-04-24T06:30:02.365-04:00 PYRONET_TLS_SEED_WORD_GOT id=1 offset=32 word=5cc56b86
2026-04-24T06:30:02.365-04:00 PYRONET_TLS_SEED_WORD_DONE id=1 offset=36
2026-04-24T06:30:02.366-04:00 PYRONET_TLS_SEED_WORD_START id=1 offset=36
2026-04-24T06:30:02.366-04:00 PYRONET_TLS_SEED_WORD_GOT id=1 offset=36 word=c70fb8dc
2026-04-24T06:30:02.366-04:00 PYRONET_TLS_SEED_WORD_DONE id=1 offset=40
2026-04-24T06:30:02.366-04:00 PYRONET_TLS_SEED_WORD_START id=1 offset=40
2026-04-24T06:30:02.366-04:00 PYRONET_TLS_SEED_WORD_GOT id=1 offset=40 word=32903a16
2026-04-24T06:30:02.366-04:00 PYRONET_TLS_SEED_WORD_DONE id=1 offset=44
2026-04-24T06:30:02.366-04:00 PYRONET_TLS_SEED_WORD_START id=1 offset=44
2026-04-24T06:30:02.366-04:00 PYRONET_TLS_SEED_WORD_GOT id=1 offset=44 word=8f8eff1f
2026-04-24T06:30:02.367-04:00 PYRONET_TLS_SEED_WORD_DONE id=1 offset=48
2026-04-24T06:30:02.367-04:00 PYRONET_TLS_SEED_POLL_DONE id=1 len=48
2026-04-24T06:30:02.367-04:00 PYRONET_CTR_RESEED_ENTROPY_RET ret=0
2026-04-24T06:30:02.367-04:00 PYRONET_CTR_RESEED_ADD_DONE seedlen=54
2026-04-24T06:30:02.367-04:00 PYRONET_CTR_RESEED_DF_START seedlen=54
2026-04-24T06:30:02.367-04:00 PYRONET_CTR_DF_ENTER data_len=54
2026-04-24T06:30:02.367-04:00 PYRONET_CTR_DF_SETKEY1_START
2026-04-24T06:31:06.462-04:00 LOGGER unexpected_error port=/dev/cu.usbmodemLS41069U4 error=[Errno 6] Device not configured
2026-04-24T06:31:08.468-04:00 LOGGER waiting_for_port glob=/dev/cu.usbmodem*
2026-04-24T06:31:10.472-04:00 LOGGER connected port=/dev/cu.usbmodemLS41069U4 baud=3000000
2026-04-24T06:31:58.074-04:00 LOGGER connected port=/dev/cu.usbmodemLS41069U4 baud=3000000
2026-04-24T06:32:13.107-04:00 LOGGER unexpected_error port=/dev/cu.usbmodemLS41069U4 error=[Errno 6] Device not configured
2026-04-24T06:32:21.985-04:00 LOGGER connected port=/dev/cu.usbmodemLS41069U4 baud=3000000
2026-04-24T06:32:25.346-04:00 ITM reset token
2026-04-24T06:32:25.346-04:00 SWO_SELF_TEST: CC1352P7_DIO16_ITM_CH0 phase=BOOT host_link=starting
2026-04-24T06:32:25.346-04:00 PYRONET_NCP_INIT_OK
2026-04-24T06:32:25.346-04:00 PYRONET_WISUN_STATUS status=MESH_BOOTSTRAP_STARTED host_state=2 queue_registration=0
2026-04-24T06:32:25.346-04:00 HOST_UART_READY baud=115200
2026-04-24T06:32:25.509-04:00 HOST_RX type=HELLO seq=11 len=8
2026-04-24T06:32:25.509-04:00 HOST_TX type=HELLO_ACK seq=11 len=8
2026-04-24T06:32:25.509-04:00 HOST_LINK_HELLO was_ready=0 sync_pending=1
2026-04-24T06:32:25.509-04:00 HOST_LINK_READY
2026-04-24T06:32:25.510-04:00 HOST_RX type=PING seq=12 len=4
2026-04-24T06:32:25.510-04:00 HOST_TX type=PONG seq=12 len=4
2026-04-24T06:32:25.510-04:00 HOST_RX type=GET_STATUS seq=13 len=0
2026-04-24T06:32:25.510-04:00 HOST_TX type=STATUS seq=13 len=8
2026-04-24T06:32:25.510-04:00 HOST_LINK_SYNC_AFTER_STATUS
2026-04-24T06:32:30.539-04:00 PYRONET_WISUN_DIAG host_state=2 router_status=-1 router=- j1=5 j2=0 j3=0 j4=0 j5=0 recv_pa=0 recv_pas=0 recv_pc=0 recv_pcs=0
2026-04-24T06:32:30.539-04:00 PYRONET_WISUN_ADDR host_state=2 ll=fe80::212:4b00:28ed:d802 global=- border_router=-
2026-04-24T06:32:35.695-04:00 PYRONET_WISUN_DIAG host_state=2 router_status=-1 router=- j1=10 j2=0 j3=0 j4=0 j5=0 recv_pa=0 recv_pas=0 recv_pc=0 recv_pcs=0
2026-04-24T06:32:35.806-04:00 PYRONET_WISUN_ADDR host_state=2 ll=fe80::212:4b00:28ed:d802 global=- border_router=-
2026-04-24T06:32:40.959-04:00 PYRONET_WISUN_DIAG host_state=2 router_status=-1 router=- j1=15 j2=0 j3=0 j4=0 j5=0 recv_pa=0 recv_pas=0 recv_pc=0 recv_pcs=0
2026-04-24T06:32:40.959-04:00 PYRONET_WISUN_ADDR host_state=2 ll=fe80::212:4b00:28ed:d802 global=- border_router=-
2026-04-24T06:32:46.236-04:00 PYRONET_WISUN_DIAG host_state=2 router_status=-1 router=- j1=20 j2=0 j3=0 j4=0 j5=0 recv_pa=0 recv_pas=0 recv_pc=0 recv_pcs=0
2026-04-24T06:32:46.236-04:00 PYRONET_WISUN_ADDR host_state=2 ll=fe80::212:4b00:28ed:d802 global=- border_router=-
2026-04-24T06:32:51.417-04:00 PYRONET_WISUN_DIAG host_state=2 router_status=-1 router=- j1=25 j2=0 j3=0 j4=0 j5=0 recv_pa=0 recv_pas=0 recv_pc=0 recv_pcs=0
2026-04-24T06:32:51.417-04:00 PYRONET_WISUN_ADDR host_state=2 ll=fe80::212:4b00:28ed:d802 global=- border_router=-
2026-04-24T06:32:56.673-04:00 PYRONET_WISUN_DIAG host_state=2 router_status=-1 router=- j1=31 j2=0 j3=0 j4=0 j5=0 recv_pa=0 recv_pas=0 recv_pc=0 recv_pcs=0
2026-04-24T06:32:56.674-04:00 PYRONET_WISUN_ADDR host_state=2 ll=fe80::212:4b00:28ed:d802 global=- border_router=-
2026-04-24T06:32:59.843-04:00 PYRONET_TLS_STATE state=INIT action=start_timer
2026-04-24T06:32:59.843-04:00 PYRONET_EAPTLS_RX state=REQUEST_ID code=1 type=1 id=1 flags=0xff len=5
2026-04-24T06:32:59.843-04:00 PYRONET_EAPTLS_MSG result=IDENTITY state=REQUEST_ID id=1
2026-04-24T06:32:59.844-04:00 PYRONET_EAPTLS_IDENTITY_REQ_ACCEPT id=1 retry_ticks=3300
2026-04-24T06:32:59.954-04:00 PYRONET_EAPTLS_IDENTITY_RESP_TX_START id=1 identity_len=9 eapol_len=18
2026-04-24T06:32:59.955-04:00 PYRONET_EAPTLS_IDENTITY_RESP_TX_OK id=1
2026-04-24T06:32:59.955-04:00 PYRONET_EAPTLS_IDENTITY_RESP_HANDLED id=1 send_result=0
2026-04-24T06:32:59.955-04:00 PYRONET_WISUN_SEC_DIAG seq=2 event=2 a=1 b=18 c=0
2026-04-24T06:33:00.013-04:00 PYRONET_EAPTLS_RX state=REQUEST_TLS_EAP code=1 type=13 id=2 flags=0x20 len=6
2026-04-24T06:33:00.013-04:00 PYRONET_EAPTLS_MSG result=START state=REQUEST_TLS_EAP id=2 flags=0x20 tls_len=1 new_seq=1
2026-04-24T06:33:00.013-04:00 PYRONET_EAPTLS_TLS_START_RX id=2 flags=0x20 len=6
2026-04-24T06:33:00.013-04:00 PYRONET_EAPTLS_TLS_INIT_OK id=2 header_size=5
2026-04-24T06:33:00.013-04:00 PYRONET_EAPTLS_TLS_CREATE_REQ id=2
2026-04-24T06:33:00.013-04:00 PYRONET_TLS_CREATE_REQ sec_keys=@20008bb0 certs=@20009320 state=CREATE_REQ
2026-04-24T06:33:00.015-04:00 PYRONET_EAPTLS_TLS_CREATE_REQ_DONE id=2 tls_ongoing=1
2026-04-24T06:33:00.015-04:00 PYRONET_TLS_STATE state=CREATE_REQ action=create_conf_ok
2026-04-24T06:33:00.015-04:00 PYRONET_EAPTLS_TLS_CREATE_CONF result=0 state=REQUEST
2026-04-24T06:33:00.016-04:00 PYRONET_TLS_CONFIGURE_START role=client sec_keys=@20008bb0 certs=@20009320
2026-04-24T06:33:00.016-04:00 PYRONET_TLS_CONFIG_ENTER role=client prot=@20001c38 sec_keys=@20008bb0 certs=@20009320
2026-04-24T06:33:00.016-04:00 PYRONET_TLS_LIB_INIT_START role=client sec_keys=@20008bb0 certs=@20009320
2026-04-24T06:33:00.016-04:00 PYRONET_TLS_LIB_INIT_ENTER sec=@20001cfc
2026-04-24T06:33:00.016-04:00 PYRONET_TLS_LIB_INIT_STEP step=ssl_init
2026-04-24T06:33:00.016-04:00 PYRONET_TLS_LIB_INIT_STEP step=direct_seed_config
2026-04-24T06:33:00.016-04:00 PYRONET_TLS_LIB_INIT_RET step=nonce_len ret=0
2026-04-24T06:33:00.016-04:00 PYRONET_TLS_SEED_CALL
2026-04-24T06:33:00.016-04:00 PYRONET_CTR_SEED_ENTER ctx=@20001e3c custom_len=6
2026-04-24T06:33:00.016-04:00 PYRONET_CTR_SEED_SETKEY_START entropy_len=48 nonce_len=0
2026-04-24T06:33:00.017-04:00 PYRONET_CTR_SEED_SETKEY_RET ret=0
2026-04-24T06:33:00.017-04:00 PYRONET_CTR_SEED_RESEED_START
2026-04-24T06:33:00.019-04:00 PYRONET_CTR_RESEED_ENTER ctx=@20001e3c entropy_len=48 nonce_len=0 add_len=6
2026-04-24T06:33:00.019-04:00 PYRONET_CTR_RESEED_ENTROPY_START len=48
2026-04-24T06:33:00.019-04:00 PYRONET_TLS_SEED_POLL_START id=1 len=48
2026-04-24T06:33:00.019-04:00 PYRONET_TLS_SEED_WORD_START id=1 offset=0
2026-04-24T06:33:00.019-04:00 PYRONET_TLS_ENTROPY_SEEDED
2026-04-24T06:33:00.019-04:00 PYRONET_TLS_SEED_WORD_GOT id=1 offset=0 word=06058b71
2026-04-24T06:33:00.019-04:00 PYRONET_TLS_SEED_WORD_DONE id=1 offset=4
2026-04-24T06:33:00.020-04:00 PYRONET_TLS_SEED_WORD_START id=1 offset=4
2026-04-24T06:33:00.020-04:00 PYRONET_TLS_SEED_WORD_GOT id=1 offset=4 word=5a15e844
2026-04-24T06:33:00.020-04:00 PYRONET_TLS_SEED_WORD_DONE id=1 offset=8
2026-04-24T06:33:00.020-04:00 PYRONET_TLS_SEED_WORD_START id=1 offset=8
2026-04-24T06:33:00.020-04:00 PYRONET_TLS_SEED_WORD_GOT id=1 offset=8 word=04be628a
2026-04-24T06:33:00.020-04:00 PYRONET_TLS_SEED_WORD_DONE id=1 offset=12
2026-04-24T06:33:00.020-04:00 PYRONET_TLS_SEED_WORD_START id=1 offset=12
2026-04-24T06:33:00.020-04:00 PYRONET_TLS_SEED_WORD_GOT id=1 offset=12 word=d507995d
2026-04-24T06:33:00.020-04:00 PYRONET_TLS_SEED_WORD_DONE id=1 offset=16
2026-04-24T06:33:00.020-04:00 PYRONET_TLS_SEED_WORD_START id=1 offset=16
2026-04-24T06:33:00.022-04:00 PYRONET_TLS_SEED_WORD_GOT id=1 offset=16 word=e3a9632b
2026-04-24T06:33:00.022-04:00 PYRONET_TLS_SEED_WORD_DONE id=1 offset=20
2026-04-24T06:33:00.022-04:00 PYRONET_TLS_SEED_WORD_START id=1 offset=20
2026-04-24T06:33:00.022-04:00 PYRONET_TLS_SEED_WORD_GOT id=1 offset=20 word=3640fd6d
2026-04-24T06:33:00.022-04:00 PYRONET_TLS_SEED_WORD_DONE id=1 offset=24
2026-04-24T06:33:00.022-04:00 PYRONET_TLS_SEED_WORD_START id=1 offset=24
2026-04-24T06:33:00.023-04:00 PYRONET_TLS_SEED_WORD_GOT id=1 offset=24 word=14447afb
2026-04-24T06:33:00.023-04:00 PYRONET_TLS_SEED_WORD_DONE id=1 offset=28
2026-04-24T06:33:00.023-04:00 PYRONET_TLS_SEED_WORD_START id=1 offset=28
2026-04-24T06:33:00.023-04:00 PYRONET_TLS_SEED_WORD_GOT id=1 offset=28 word=f871b9b6
2026-04-24T06:33:00.023-04:00 PYRONET_TLS_SEED_WORD_DONE id=1 offset=32
2026-04-24T06:33:00.023-04:00 PYRONET_TLS_SEED_WORD_START id=1 offset=32
2026-04-24T06:33:00.023-04:00 PYRONET_TLS_SEED_WORD_GOT id=1 offset=32 word=27a4dcb5
2026-04-24T06:33:00.023-04:00 PYRONET_TLS_SEED_WORD_DONE id=1 offset=36
2026-04-24T06:33:00.023-04:00 PYRONET_TLS_SEED_WORD_START id=1 offset=36
2026-04-24T06:33:00.023-04:00 PYRONET_TLS_SEED_WORD_GOT id=1 offset=36 word=3a76772c
2026-04-24T06:33:00.025-04:00 PYRONET_TLS_SEED_WORD_DONE id=1 offset=40
2026-04-24T06:33:00.025-04:00 PYRONET_TLS_SEED_WORD_START id=1 offset=40
2026-04-24T06:33:00.025-04:00 PYRONET_TLS_SEED_WORD_GOT id=1 offset=40 word=66e221c5
2026-04-24T06:33:00.025-04:00 PYRONET_TLS_SEED_WORD_DONE id=1 offset=44
2026-04-24T06:33:00.025-04:00 PYRONET_TLS_SEED_WORD_START id=1 offset=44
2026-04-24T06:33:00.025-04:00 PYRONET_TLS_SEED_WORD_GOT id=1 offset=44 word=798885a8
2026-04-24T06:33:00.025-04:00 PYRONET_TLS_SEED_WORD_DONE id=1 offset=48
2026-04-24T06:33:00.025-04:00 PYRONET_TLS_SEED_POLL_DONE id=1 len=48
2026-04-24T06:33:00.025-04:00 PYRONET_CTR_RESEED_ENTROPY_RET ret=0
2026-04-24T06:33:00.025-04:00 PYRONET_CTR_RESEED_ADD_DONE seedlen=54
2026-04-24T06:33:00.025-04:00 PYRONET_CTR_RESEED_DF_START seedlen=54
2026-04-24T06:33:00.025-04:00 PYRONET_CTR_DF_ENTER data_len=54
2026-04-24T06:33:00.026-04:00 PYRONET_CTR_DF_SETKEY1_START
2026-04-24T06:34:26.585-04:00 LOGGER unexpected_error port=/dev/cu.usbmodemLS41069U4 error=[Errno 6] Device not configured
2026-04-24T06:34:28.591-04:00 LOGGER waiting_for_port glob=/dev/cu.usbmodem*
2026-04-24T06:34:30.598-04:00 LOGGER connected port=/dev/cu.usbmodemLS41069U4 baud=3000000
2026-04-24T06:35:00.030-04:00 LOGGER connected port=/dev/cu.usbmodemLS41069U4 baud=3000000
2026-04-24T06:35:41.911-04:00 LOGGER unexpected_error port=/dev/cu.usbmodemLS41069U4 error=[Errno 6] Device not configured
2026-04-24T06:35:43.917-04:00 LOGGER waiting_for_port glob=/dev/cu.usbmodem*
2026-04-24T06:35:45.921-04:00 LOGGER connected port=/dev/cu.usbmodemLS41069U4 baud=3000000
2026-04-24T06:35:52.212-04:00 LOGGER connected port=/dev/cu.usbmodemLS41069U4 baud=3000000
2026-04-24T06:35:55.567-04:00 ITM reset token
2026-04-24T06:35:55.567-04:00 SWO_SELF_TEST: CC1352P7_DIO16_ITM_CH0 phase=BOOT host_link=starting
2026-04-24T06:35:55.567-04:00 PYRONET_NCP_INIT_OK
2026-04-24T06:35:55.567-04:00 PYRONET_WISUN_STATUS status=MESH_BOOTSTRAP_STARTED host_state=2 queue_registration=0
2026-04-24T06:35:55.567-04:00 HOST_UART_READY baud=115200
2026-04-24T06:36:00.829-04:00 PYRONET_WISUN_DIAG host_state=2 router_status=-1 router=- j1=5 j2=0 j3=0 j4=0 j5=0 recv_pa=0 recv_pas=0 recv_pc=0 recv_pcs=0
2026-04-24T06:36:00.829-04:00 PYRONET_WISUN_ADDR host_state=2 ll=fe80::212:4b00:28ed:d802 global=- border_router=-
2026-04-24T06:36:06.001-04:00 PYRONET_WISUN_DIAG host_state=2 router_status=-1 router=- j1=10 j2=0 j3=0 j4=0 j5=0 recv_pa=0 recv_pas=0 recv_pc=0 recv_pcs=0
2026-04-24T06:36:06.001-04:00 PYRONET_WISUN_ADDR host_state=2 ll=fe80::212:4b00:28ed:d802 global=- border_router=-
2026-04-24T06:36:11.243-04:00 PYRONET_WISUN_DIAG host_state=2 router_status=-1 router=- j1=15 j2=0 j3=0 j4=0 j5=0 recv_pa=0 recv_pas=0 recv_pc=0 recv_pcs=0
2026-04-24T06:36:11.244-04:00 PYRONET_WISUN_ADDR host_state=2 ll=fe80::212:4b00:28ed:d802 global=- border_router=-
2026-04-24T06:36:16.367-04:00 PYRONET_WISUN_DIAG host_state=2 router_status=-1 router=- j1=20 j2=0 j3=0 j4=0 j5=0 recv_pa=0 recv_pas=0 recv_pc=0 recv_pcs=0
2026-04-24T06:36:16.478-04:00 PYRONET_WISUN_ADDR host_state=2 ll=fe80::212:4b00:28ed:d802 global=- border_router=-
2026-04-24T06:36:21.581-04:00 PYRONET_WISUN_DIAG host_state=2 router_status=-1 router=- j1=25 j2=0 j3=0 j4=0 j5=0 recv_pa=0 recv_pas=0 recv_pc=0 recv_pcs=0
2026-04-24T06:36:21.582-04:00 PYRONET_WISUN_ADDR host_state=2 ll=fe80::212:4b00:28ed:d802 global=- border_router=-
2026-04-24T06:36:26.790-04:00 PYRONET_WISUN_DIAG host_state=2 router_status=-1 router=- j1=31 j2=0 j3=0 j4=0 j5=0 recv_pa=0 recv_pas=0 recv_pc=0 recv_pcs=0
2026-04-24T06:36:26.790-04:00 PYRONET_WISUN_ADDR host_state=2 ll=fe80::212:4b00:28ed:d802 global=- border_router=-
2026-04-24T06:36:30.660-04:00 PYRONET_TLS_STATE state=INIT action=start_timer
2026-04-24T06:36:30.660-04:00 PYRONET_EAPTLS_RX state=REQUEST_ID code=1 type=1 id=1 flags=0xff len=5
2026-04-24T06:36:30.660-04:00 PYRONET_EAPTLS_MSG result=IDENTITY state=REQUEST_ID id=1
2026-04-24T06:36:30.660-04:00 PYRONET_EAPTLS_IDENTITY_REQ_ACCEPT id=1 retry_ticks=3300
2026-04-24T06:36:30.660-04:00 PYRONET_EAPTLS_IDENTITY_RESP_TX_START id=1 identity_len=9 eapol_len=18
2026-04-24T06:36:30.660-04:00 PYRONET_EAPTLS_IDENTITY_RESP_TX_OK id=1
2026-04-24T06:36:30.660-04:00 PYRONET_EAPTLS_IDENTITY_RESP_HANDLED id=1 send_result=0
2026-04-24T06:36:30.660-04:00 PYRONET_WISUN_SEC_DIAG seq=2 event=2 a=1 b=18 c=0
2026-04-24T06:36:30.718-04:00 PYRONET_EAPTLS_RX state=REQUEST_TLS_EAP code=1 type=13 id=2 flags=0x20 len=6
2026-04-24T06:36:30.718-04:00 PYRONET_EAPTLS_MSG result=START state=REQUEST_TLS_EAP id=2 flags=0x20 tls_len=1 new_seq=1
2026-04-24T06:36:30.718-04:00 PYRONET_EAPTLS_TLS_START_RX id=2 flags=0x20 len=6
2026-04-24T06:36:30.719-04:00 PYRONET_EAPTLS_TLS_INIT_OK id=2 header_size=5
2026-04-24T06:36:30.719-04:00 PYRONET_EAPTLS_TLS_CREATE_REQ id=2
2026-04-24T06:36:30.719-04:00 PYRONET_TLS_CREATE_REQ sec_keys=@20008bb0 certs=@20009320 state=CREATE_REQ
2026-04-24T06:36:30.719-04:00 PYRONET_EAPTLS_TLS_CREATE_REQ_DONE id=2 tls_ongoing=1
2026-04-24T06:36:30.719-04:00 PYRONET_TLS_STATE state=CREATE_REQ action=create_conf_ok
2026-04-24T06:36:30.721-04:00 PYRONET_EAPTLS_TLS_CREATE_CONF result=0 state=REQUEST
2026-04-24T06:36:30.721-04:00 PYRONET_TLS_CONFIGURE_START role=client sec_keys=@20008bb0 certs=@20009320
2026-04-24T06:36:30.721-04:00 PYRONET_TLS_CONFIG_ENTER role=client prot=@20001c38 sec_keys=@20008bb0 certs=@20009320
2026-04-24T06:36:30.721-04:00 PYRONET_TLS_LIB_INIT_START role=client sec_keys=@20008bb0 certs=@20009320
2026-04-24T06:36:30.722-04:00 PYRONET_TLS_LIB_INIT_ENTER sec=@20001cfc
2026-04-24T06:36:30.722-04:00 PYRONET_TLS_LIB_INIT_STEP step=ssl_init
2026-04-24T06:36:30.722-04:00 PYRONET_TLS_LIB_INIT_STEP step=direct_seed_config
2026-04-24T06:36:30.722-04:00 PYRONET_TLS_LIB_INIT_RET step=nonce_len ret=0
2026-04-24T06:36:30.722-04:00 PYRONET_TLS_SEED_CALL
2026-04-24T06:36:30.722-04:00 PYRONET_CTR_SEED_ENTER ctx=@20001e3c custom_len=6
2026-04-24T06:36:30.722-04:00 PYRONET_CTR_SEED_SETKEY_START entropy_len=48 nonce_len=0
2026-04-24T06:36:30.722-04:00 PYRONET_CTR_SEED_SETKEY_RET ret=0
2026-04-24T06:36:30.722-04:00 PYRONET_CTR_SEED_RESEED_START
2026-04-24T06:36:30.722-04:00 PYRONET_CTR_RESEED_ENTER ctx=@20001e3c entropy_len=48 nonce_len=0 add_len=6
2026-04-24T06:36:30.723-04:00 PYRONET_CTR_RESEED_ENTROPY_START len=48
2026-04-24T06:36:30.723-04:00 PYRONET_TLS_SEED_POLL_START id=1 len=48
2026-04-24T06:36:30.725-04:00 PYRONET_TLS_SEED_WORD_START id=1 offset=0
2026-04-24T06:36:30.725-04:00 PYRONET_TLS_ENTROPY_SEEDED
2026-04-24T06:36:30.725-04:00 PYRONET_TLS_SEED_WORD_GOT id=1 offset=0 word=9ea97303
2026-04-24T06:36:30.725-04:00 PYRONET_TLS_SEED_WORD_DONE id=1 offset=4
2026-04-24T06:36:30.725-04:00 PYRONET_TLS_SEED_WORD_START id=1 offset=4
2026-04-24T06:36:30.725-04:00 PYRONET_TLS_SEED_WORD_GOT id=1 offset=4 word=a9e02787
2026-04-24T06:36:30.725-04:00 PYRONET_TLS_SEED_WORD_DONE id=1 offset=8
2026-04-24T06:36:30.725-04:00 PYRONET_TLS_SEED_WORD_START id=1 offset=8
2026-04-24T06:36:30.725-04:00 PYRONET_TLS_SEED_WORD_GOT id=1 offset=8 word=0f02b0ef
2026-04-24T06:36:30.725-04:00 PYRONET_TLS_SEED_WORD_DONE id=1 offset=12
2026-04-24T06:36:30.725-04:00 PYRONET_TLS_SEED_WORD_START id=1 offset=12
2026-04-24T06:36:30.725-04:00 PYRONET_TLS_SEED_WORD_GOT id=1 offset=12 word=7af0f060
2026-04-24T06:36:30.726-04:00 PYRONET_TLS_SEED_WORD_DONE id=1 offset=16
2026-04-24T06:36:30.726-04:00 PYRONET_TLS_SEED_WORD_START id=1 offset=16
2026-04-24T06:36:30.726-04:00 PYRONET_TLS_SEED_WORD_GOT id=1 offset=16 word=fb6481de
2026-04-24T06:36:30.726-04:00 PYRONET_TLS_SEED_WORD_DONE id=1 offset=20
2026-04-24T06:36:30.726-04:00 PYRONET_TLS_SEED_WORD_START id=1 offset=20
2026-04-24T06:36:30.728-04:00 PYRONET_TLS_SEED_WORD_GOT id=1 offset=20 word=00b1fa51
2026-04-24T06:36:30.728-04:00 PYRONET_TLS_SEED_WORD_DONE id=1 offset=24
2026-04-24T06:36:30.728-04:00 PYRONET_TLS_SEED_WORD_START id=1 offset=24
2026-04-24T06:36:30.728-04:00 PYRONET_TLS_SEED_WORD_GOT id=1 offset=24 word=c083702c
2026-04-24T06:36:30.728-04:00 PYRONET_TLS_SEED_WORD_DONE id=1 offset=28
2026-04-24T06:36:30.728-04:00 PYRONET_TLS_SEED_WORD_START id=1 offset=28
2026-04-24T06:36:30.728-04:00 PYRONET_TLS_SEED_WORD_GOT id=1 offset=28 word=7e524a8f
2026-04-24T06:36:30.728-04:00 PYRONET_TLS_SEED_WORD_DONE id=1 offset=32
2026-04-24T06:36:30.728-04:00 PYRONET_TLS_SEED_WORD_START id=1 offset=32
2026-04-24T06:36:30.728-04:00 PYRONET_TLS_SEED_WORD_GOT id=1 offset=32 word=d77590ce
2026-04-24T06:36:30.728-04:00 PYRONET_TLS_SEED_WORD_DONE id=1 offset=36
2026-04-24T06:36:30.728-04:00 PYRONET_TLS_SEED_WORD_START id=1 offset=36
2026-04-24T06:36:30.728-04:00 PYRONET_TLS_SEED_WORD_GOT id=1 offset=36 word=c8e02d78
2026-04-24T06:36:30.728-04:00 PYRONET_TLS_SEED_WORD_DONE id=1 offset=40
2026-04-24T06:36:30.729-04:00 PYRONET_TLS_SEED_WORD_START id=1 offset=40
2026-04-24T06:36:30.729-04:00 PYRONET_TLS_SEED_WORD_GOT id=1 offset=40 word=64a6303f
2026-04-24T06:36:30.730-04:00 PYRONET_TLS_SEED_WORD_DONE id=1 offset=44
2026-04-24T06:36:30.730-04:00 PYRONET_TLS_SEED_WORD_START id=1 offset=44
2026-04-24T06:36:30.730-04:00 PYRONET_TLS_SEED_WORD_GOT id=1 offset=44 word=f691ac8f
2026-04-24T06:36:30.730-04:00 PYRONET_TLS_SEED_WORD_DONE id=1 offset=48
2026-04-24T06:36:30.730-04:00 PYRONET_TLS_SEED_POLL_DONE id=1 len=48
2026-04-24T06:36:30.730-04:00 PYRONET_CTR_RESEED_ENTROPY_RET ret=0
2026-04-24T06:36:30.730-04:00 PYRONET_CTR_RESEED_ADD_DONE seedlen=54
2026-04-24T06:36:30.730-04:00 PYRONET_CTR_RESEED_DF_START seedlen=54
2026-04-24T06:36:30.730-04:00 PYRONET_CTR_DF_ENTER data_len=54
2026-04-24T06:36:30.730-04:00 PYRONET_CTR_DF_SETKEY1_START
2026-04-24T06:39:19.856-04:00 LOGGER unexpected_error port=/dev/cu.usbmodemLS41069U4 error=[Errno 6] Device not configured
2026-04-24T06:39:21.861-04:00 LOGGER waiting_for_port glob=/dev/cu.usbmodem*
2026-04-24T06:39:23.870-04:00 LOGGER connected port=/dev/cu.usbmodemLS41069U4 baud=3000000
2026-04-24T06:39:53.081-04:00 ITM reset token
2026-04-24T06:39:53.140-04:00 SWO_SELF_TEST: CC1352P7_DIO16_ITM_CH0 phase=BOOT host_link=starting
2026-04-24T06:39:53.140-04:00 PYRONET_NCP_INIT_OK
2026-04-24T06:39:53.140-04:00 PYRONET_WISUN_STATUS status=MESH_BOOTSTRAP_STARTED host_state=2 queue_registration=0
2026-04-24T06:39:53.141-04:00 HOST_UART_READY baud=115200
2026-04-24T06:39:59.944-04:00 LOGGER connected port=/dev/cu.usbmodemLS41069U4 baud=3000000
2026-04-24T06:40:01.466-04:00 ITM reset token
2026-04-24T06:40:01.574-04:00 SWO_SELF_TEST: CC1352P7_DIO16_ITM_CH0 phase=BOOT host_link=starting
2026-04-24T06:40:01.575-04:00 PYRONET_NCP_INIT_OK
2026-04-24T06:40:01.575-04:00 PYRONET_WISUN_STATUS status=MESH_BOOTSTRAP_STARTED host_state=2 queue_registration=0
2026-04-24T06:40:01.575-04:00 HOST_UART_READY baud=115200
2026-04-24T06:40:06.769-04:00 PYRONET_WISUN_DIAG host_state=2 router_status=-1 router=- j1=5 j2=0 j3=0 j4=0 j5=0 recv_pa=0 recv_pas=0 recv_pc=0 recv_pcs=0
2026-04-24T06:40:06.769-04:00 PYRONET_WISUN_ADDR host_state=2 ll=fe80::212:4b00:28ed:d802 global=- border_router=-
2026-04-24T06:40:11.935-04:00 PYRONET_WISUN_DIAG host_state=2 router_status=-1 router=- j1=10 j2=0 j3=0 j4=0 j5=0 recv_pa=0 recv_pas=0 recv_pc=0 recv_pcs=0
2026-04-24T06:40:11.935-04:00 PYRONET_WISUN_ADDR host_state=2 ll=fe80::212:4b00:28ed:d802 global=- border_router=-
2026-04-24T06:40:17.103-04:00 PYRONET_WISUN_DIAG host_state=2 router_status=-1 router=- j1=15 j2=0 j3=0 j4=0 j5=0 recv_pa=0 recv_pas=0 recv_pc=0 recv_pcs=0
2026-04-24T06:40:17.104-04:00 PYRONET_WISUN_ADDR host_state=2 ll=fe80::212:4b00:28ed:d802 global=- border_router=-
2026-04-24T06:40:22.429-04:00 PYRONET_WISUN_DIAG host_state=2 router_status=-1 router=- j1=20 j2=0 j3=0 j4=0 j5=0 recv_pa=0 recv_pas=0 recv_pc=0 recv_pcs=0
2026-04-24T06:40:22.429-04:00 PYRONET_WISUN_ADDR host_state=2 ll=fe80::212:4b00:28ed:d802 global=- border_router=-
2026-04-24T06:40:27.592-04:00 PYRONET_WISUN_DIAG host_state=2 router_status=-1 router=- j1=25 j2=0 j3=0 j4=0 j5=0 recv_pa=0 recv_pas=0 recv_pc=0 recv_pcs=0
2026-04-24T06:40:27.593-04:00 PYRONET_WISUN_ADDR host_state=2 ll=fe80::212:4b00:28ed:d802 global=- border_router=-
2026-04-24T06:40:32.806-04:00 PYRONET_WISUN_DIAG host_state=2 router_status=-1 router=- j1=31 j2=0 j3=0 j4=0 j5=0 recv_pa=0 recv_pas=0 recv_pc=0 recv_pcs=0
2026-04-24T06:40:32.807-04:00 PYRONET_WISUN_ADDR host_state=2 ll=fe80::212:4b00:28ed:d802 global=- border_router=-
2026-04-24T06:40:38.030-04:00 PYRONET_WISUN_DIAG host_state=2 router_status=-1 router=- j1=36 j2=0 j3=0 j4=0 j5=0 recv_pa=0 recv_pas=0 recv_pc=0 recv_pcs=0
2026-04-24T06:40:38.031-04:00 PYRONET_WISUN_ADDR host_state=2 ll=fe80::212:4b00:28ed:d802 global=- border_router=-
2026-04-24T06:40:43.224-04:00 PYRONET_WISUN_DIAG host_state=2 router_status=-1 router=- j1=41 j2=0 j3=0 j4=0 j5=0 recv_pa=0 recv_pas=0 recv_pc=0 recv_pcs=0
2026-04-24T06:40:43.224-04:00 PYRONET_WISUN_ADDR host_state=2 ll=fe80::212:4b00:28ed:d802 global=- border_router=-
2026-04-24T06:40:48.411-04:00 PYRONET_WISUN_DIAG host_state=2 router_status=-1 router=- j1=46 j2=0 j3=0 j4=0 j5=0 recv_pa=0 recv_pas=0 recv_pc=0 recv_pcs=0
2026-04-24T06:40:48.412-04:00 PYRONET_WISUN_ADDR host_state=2 ll=fe80::212:4b00:28ed:d802 global=- border_router=-
2026-04-24T06:40:53.637-04:00 PYRONET_WISUN_DIAG host_state=2 router_status=-1 router=- j1=51 j2=0 j3=0 j4=0 j5=0 recv_pa=0 recv_pas=0 recv_pc=0 recv_pcs=0
2026-04-24T06:40:53.637-04:00 PYRONET_WISUN_ADDR host_state=2 ll=fe80::212:4b00:28ed:d802 global=- border_router=-
2026-04-24T06:40:58.835-04:00 PYRONET_WISUN_DIAG host_state=2 router_status=-1 router=- j1=56 j2=0 j3=0 j4=0 j5=0 recv_pa=1 recv_pas=0 recv_pc=0 recv_pcs=0
2026-04-24T06:40:58.836-04:00 PYRONET_WISUN_ADDR host_state=2 ll=fe80::212:4b00:28ed:d802 global=- border_router=-
2026-04-24T06:41:02.243-04:00 PYRONET_TLS_STATE state=INIT action=start_timer
2026-04-24T06:41:02.243-04:00 PYRONET_EAPTLS_RX state=REQUEST_ID code=1 type=1 id=1 flags=0xff len=5
2026-04-24T06:41:02.243-04:00 PYRONET_EAPTLS_MSG result=IDENTITY state=REQUEST_ID id=1
2026-04-24T06:41:02.243-04:00 PYRONET_EAPTLS_IDENTITY_REQ_ACCEPT id=1 retry_ticks=3300
2026-04-24T06:41:02.243-04:00 PYRONET_EAPTLS_IDENTITY_RESP_TX_START id=1 identity_len=9 eapol_len=18
2026-04-24T06:41:02.244-04:00 PYRONET_EAPTLS_IDENTITY_RESP_TX_OK id=1
2026-04-24T06:41:02.244-04:00 PYRONET_EAPTLS_IDENTITY_RESP_HANDLED id=1 send_result=0
2026-04-24T06:41:02.244-04:00 PYRONET_WISUN_SEC_DIAG seq=2 event=2 a=1 b=18 c=0
2026-04-24T06:41:02.302-04:00 PYRONET_EAPTLS_RX state=REQUEST_TLS_EAP code=1 type=13 id=2 flags=0x20 len=6
2026-04-24T06:41:02.302-04:00 PYRONET_EAPTLS_MSG result=START state=REQUEST_TLS_EAP id=2 flags=0x20 tls_len=1 new_seq=1
2026-04-24T06:41:02.302-04:00 PYRONET_EAPTLS_TLS_START_RX id=2 flags=0x20 len=6
2026-04-24T06:41:02.303-04:00 PYRONET_EAPTLS_TLS_INIT_OK id=2 header_size=5
2026-04-24T06:41:02.303-04:00 PYRONET_EAPTLS_TLS_CREATE_REQ id=2
2026-04-24T06:41:02.303-04:00 PYRONET_TLS_CREATE_REQ sec_keys=@20008bb0 certs=@20009320 state=CREATE_REQ
2026-04-24T06:41:02.305-04:00 PYRONET_EAPTLS_TLS_CREATE_REQ_DONE id=2 tls_ongoing=1
2026-04-24T06:41:02.305-04:00 PYRONET_TLS_STATE state=CREATE_REQ action=create_conf_ok
2026-04-24T06:41:02.305-04:00 PYRONET_EAPTLS_TLS_CREATE_CONF result=0 state=REQUEST
2026-04-24T06:41:02.305-04:00 PYRONET_TLS_CONFIGURE_START role=client sec_keys=@20008bb0 certs=@20009320
2026-04-24T06:41:02.305-04:00 PYRONET_TLS_CONFIG_ENTER role=client prot=@20001c38 sec_keys=@20008bb0 certs=@20009320
2026-04-24T06:41:02.305-04:00 PYRONET_TLS_LIB_INIT_START role=client sec_keys=@20008bb0 certs=@20009320
2026-04-24T06:41:02.306-04:00 PYRONET_TLS_LIB_INIT_ENTER sec=@20001cfc
2026-04-24T06:41:02.306-04:00 PYRONET_TLS_LIB_INIT_STEP step=ssl_init
2026-04-24T06:41:02.306-04:00 PYRONET_TLS_LIB_INIT_STEP step=direct_seed_config
2026-04-24T06:41:02.306-04:00 PYRONET_TLS_LIB_INIT_RET step=nonce_len ret=0
2026-04-24T06:41:02.306-04:00 PYRONET_TLS_SEED_CALL
2026-04-24T06:41:02.306-04:00 PYRONET_CTR_SEED_ENTER ctx=@20001e3c custom_len=6
2026-04-24T06:41:02.306-04:00 PYRONET_CTR_SEED_SETKEY_START entropy_len=48 nonce_len=0
2026-04-24T06:41:02.306-04:00 PYRONET_CTR_SEED_SETKEY_RET ret=0
2026-04-24T06:41:02.306-04:00 PYRONET_CTR_SEED_RESEED_START
2026-04-24T06:41:02.308-04:00 PYRONET_CTR_RESEED_ENTER ctx=@20001e3c entropy_len=48 nonce_len=0 add_len=6
2026-04-24T06:41:02.308-04:00 PYRONET_CTR_RESEED_ENTROPY_START len=48
2026-04-24T06:41:02.309-04:00 PYRONET_TLS_SEED_POLL_START id=1 len=48
2026-04-24T06:41:02.309-04:00 PYRONET_TLS_SEED_WORD_START id=1 offset=0
2026-04-24T06:41:02.309-04:00 PYRONET_TLS_ENTROPY_SEEDED
2026-04-24T06:41:02.309-04:00 PYRONET_TLS_SEED_WORD_GOT id=1 offset=0 word=d5a38e8c
2026-04-24T06:41:02.309-04:00 PYRONET_TLS_SEED_WORD_DONE id=1 offset=4
2026-04-24T06:41:02.309-04:00 PYRONET_TLS_SEED_WORD_START id=1 offset=4
2026-04-24T06:41:02.309-04:00 PYRONET_TLS_SEED_WORD_GOT id=1 offset=4 word=2a39ca15
2026-04-24T06:41:02.309-04:00 PYRONET_TLS_SEED_WORD_DONE id=1 offset=8
2026-04-24T06:41:02.309-04:00 PYRONET_TLS_SEED_WORD_START id=1 offset=8
2026-04-24T06:41:02.309-04:00 PYRONET_TLS_SEED_WORD_GOT id=1 offset=8 word=7c1716a8
2026-04-24T06:41:02.309-04:00 PYRONET_TLS_SEED_WORD_DONE id=1 offset=12
2026-04-24T06:41:02.310-04:00 PYRONET_TLS_SEED_WORD_START id=1 offset=12
2026-04-24T06:41:02.310-04:00 PYRONET_TLS_SEED_WORD_GOT id=1 offset=12 word=468960e9
2026-04-24T06:41:02.310-04:00 PYRONET_TLS_SEED_WORD_DONE id=1 offset=16
2026-04-24T06:41:02.310-04:00 PYRONET_TLS_SEED_WORD_START id=1 offset=16
2026-04-24T06:41:02.312-04:00 PYRONET_TLS_SEED_WORD_GOT id=1 offset=16 word=381ac1c3
2026-04-24T06:41:02.312-04:00 PYRONET_TLS_SEED_WORD_DONE id=1 offset=20
2026-04-24T06:41:02.312-04:00 PYRONET_TLS_SEED_WORD_START id=1 offset=20
2026-04-24T06:41:02.312-04:00 PYRONET_TLS_SEED_WORD_GOT id=1 offset=20 word=6470ab92
2026-04-24T06:41:02.312-04:00 PYRONET_TLS_SEED_WORD_DONE id=1 offset=24
2026-04-24T06:41:02.312-04:00 PYRONET_TLS_SEED_WORD_START id=1 offset=24
2026-04-24T06:41:02.312-04:00 PYRONET_TLS_SEED_WORD_GOT id=1 offset=24 word=5158b173
2026-04-24T06:41:02.313-04:00 PYRONET_TLS_SEED_WORD_DONE id=1 offset=28
2026-04-24T06:41:02.313-04:00 PYRONET_TLS_SEED_WORD_START id=1 offset=28
2026-04-24T06:41:02.313-04:00 PYRONET_TLS_SEED_WORD_GOT id=1 offset=28 word=a9a8abc8
2026-04-24T06:41:02.313-04:00 PYRONET_TLS_SEED_WORD_DONE id=1 offset=32
2026-04-24T06:41:02.313-04:00 PYRONET_TLS_SEED_WORD_START id=1 offset=32
2026-04-24T06:41:02.313-04:00 PYRONET_TLS_SEED_WORD_GOT id=1 offset=32 word=26ef41a0
2026-04-24T06:41:02.313-04:00 PYRONET_TLS_SEED_WORD_DONE id=1 offset=36
2026-04-24T06:41:02.313-04:00 PYRONET_TLS_SEED_WORD_START id=1 offset=36
2026-04-24T06:41:02.313-04:00 PYRONET_TLS_SEED_WORD_GOT id=1 offset=36 word=15bfff6d
2026-04-24T06:41:02.313-04:00 PYRONET_TLS_SEED_WORD_DONE id=1 offset=40
2026-04-24T06:41:02.314-04:00 PYRONET_TLS_SEED_WORD_START id=1 offset=40
2026-04-24T06:41:02.314-04:00 PYRONET_TLS_SEED_WORD_GOT id=1 offset=40 word=a01762c4
2026-04-24T06:41:02.314-04:00 PYRONET_TLS_SEED_WORD_DONE id=1 offset=44
2026-04-24T06:41:02.315-04:00 PYRONET_TLS_SEED_WORD_START id=1 offset=44
2026-04-24T06:41:02.315-04:00 PYRONET_TLS_SEED_WORD_GOT id=1 offset=44 word=c5b75883
2026-04-24T06:41:02.315-04:00 PYRONET_TLS_SEED_WORD_DONE id=1 offset=48
2026-04-24T06:41:02.315-04:00 PYRONET_TLS_SEED_POLL_DONE id=1 len=48
2026-04-24T06:41:02.315-04:00 PYRONET_CTR_RESEED_ENTROPY_RET ret=0
2026-04-24T06:41:02.315-04:00 PYRONET_CTR_RESEED_ADD_DONE seedlen=54
2026-04-24T06:41:02.315-04:00 PYRONET_CTR_RESEED_DF_START seedlen=54
2026-04-24T06:41:02.315-04:00 PYRONET_CTR_DF_ENTER data_len=54
2026-04-24T06:41:02.315-04:00 PYRONET_CTR_DF_SETKEY1_START
2026-04-24T06:43:35.307-04:00 LOGGER unexpected_error port=/dev/cu.usbmodemLS41069U4 error=[Errno 6] Device not configured
2026-04-24T06:43:37.312-04:00 LOGGER waiting_for_port glob=/dev/cu.usbmodem*
2026-04-24T06:43:39.317-04:00 LOGGER waiting_for_port glob=/dev/cu.usbmodem*
2026-04-24T06:43:41.319-04:00 LOGGER connected port=/dev/cu.usbmodemLS41069U4 baud=3000000
2026-04-24T06:46:08.195-04:00 ITM reset token
2026-04-24T06:46:08.310-04:00 SWO_SELF_TEST: CC1352P7_DIO16_ITM_CH0 phase=BOOT host_link=starting
2026-04-24T06:46:08.311-04:00 PYRONET_NCP_INIT_OK
2026-04-24T06:46:08.311-04:00 PYRONET_WISUN_STATUS status=MESH_BOOTSTRAP_STARTED host_state=2 queue_registration=0
2026-04-24T06:46:08.311-04:00 HOST_UART_READY baud=115200
2026-04-24T06:46:16.745-04:00 LOGGER connected port=/dev/cu.usbmodemLS41069U4 baud=3000000
2026-04-24T06:46:18.260-04:00 ITM reset token
2026-04-24T06:46:18.364-04:00 SWO_SELF_TEST: CC1352P7_DIO16_ITM_CH0 phase=BOOT host_link=starting
2026-04-24T06:46:18.365-04:00 PYRONET_NCP_INIT_OK
2026-04-24T06:46:18.365-04:00 PYRONET_WISUN_STATUS status=MESH_BOOTSTRAP_STARTED host_state=2 queue_registration=0
2026-04-24T06:46:18.365-04:00 HOST_UART_READY baud=115200
2026-04-24T06:46:23.490-04:00 PYRONET_WISUN_DIAG host_state=2 router_status=-1 router=- j1=5 j2=0 j3=0 j4=0 j5=0 recv_pa=0 recv_pas=0 recv_pc=0 recv_pcs=0
2026-04-24T06:46:23.603-04:00 PYRONET_WISUN_ADDR host_state=2 ll=fe80::212:4b00:28ed:d802 global=- border_router=-
2026-04-24T06:46:28.773-04:00 PYRONET_WISUN_DIAG host_state=2 router_status=-1 router=- j1=10 j2=0 j3=0 j4=0 j5=0 recv_pa=1 recv_pas=0 recv_pc=0 recv_pcs=0
2026-04-24T06:46:28.774-04:00 PYRONET_WISUN_ADDR host_state=2 ll=fe80::212:4b00:28ed:d802 global=- border_router=-
2026-04-24T06:46:32.070-04:00 PYRONET_TLS_STATE state=INIT action=start_timer
2026-04-24T06:46:32.070-04:00 PYRONET_EAPTLS_RX state=REQUEST_ID code=1 type=1 id=1 flags=0xff len=5
2026-04-24T06:46:32.070-04:00 PYRONET_EAPTLS_MSG result=IDENTITY state=REQUEST_ID id=1
2026-04-24T06:46:32.070-04:00 PYRONET_EAPTLS_IDENTITY_REQ_ACCEPT id=1 retry_ticks=3300
2026-04-24T06:46:32.071-04:00 PYRONET_EAPTLS_IDENTITY_RESP_TX_START id=1 identity_len=9 eapol_len=18
2026-04-24T06:46:32.071-04:00 PYRONET_EAPTLS_IDENTITY_RESP_TX_OK id=1
2026-04-24T06:46:32.071-04:00 PYRONET_EAPTLS_IDENTITY_RESP_HANDLED id=1 send_result=0
2026-04-24T06:46:32.072-04:00 PYRONET_WISUN_SEC_DIAG seq=2 event=2 a=1 b=18 c=0
2026-04-24T06:46:32.186-04:00 PYRONET_EAPTLS_RX state=REQUEST_TLS_EAP code=1 type=13 id=2 flags=0x20 len=6
2026-04-24T06:46:32.186-04:00 PYRONET_EAPTLS_MSG result=START state=REQUEST_TLS_EAP id=2 flags=0x20 tls_len=1 new_seq=1
2026-04-24T06:46:32.186-04:00 PYRONET_EAPTLS_TLS_START_RX id=2 flags=0x20 len=6
2026-04-24T06:46:32.186-04:00 PYRONET_EAPTLS_TLS_INIT_OK id=2 header_size=5
2026-04-24T06:46:32.187-04:00 PYRONET_EAPTLS_TLS_CREATE_REQ id=2
2026-04-24T06:46:32.187-04:00 PYRONET_TLS_CREATE_REQ sec_keys=@20008bb0 certs=@20009320 state=CREATE_REQ
2026-04-24T06:46:32.187-04:00 PYRONET_EAPTLS_TLS_CREATE_REQ_DONE id=2 tls_ongoing=1
2026-04-24T06:46:32.187-04:00 PYRONET_TLS_STATE state=CREATE_REQ action=create_conf_ok
2026-04-24T06:46:32.187-04:00 PYRONET_EAPTLS_TLS_CREATE_CONF result=0 state=REQUEST
2026-04-24T06:46:32.187-04:00 PYRONET_TLS_CONFIGURE_START role=client sec_keys=@20008bb0 certs=@20009320
2026-04-24T06:46:32.188-04:00 PYRONET_TLS_CONFIG_ENTER role=client prot=@20001c38 sec_keys=@20008bb0 certs=@20009320
2026-04-24T06:46:32.191-04:00 PYRONET_TLS_LIB_INIT_START role=client sec_keys=@20008bb0 certs=@20009320
2026-04-24T06:46:32.192-04:00 PYRONET_TLS_LIB_INIT_ENTER sec=@20001cfc
2026-04-24T06:46:32.192-04:00 PYRONET_TLS_LIB_INIT_STEP step=ssl_init
2026-04-24T06:46:32.192-04:00 PYRONET_TLS_LIB_INIT_STEP step=direct_seed_config
2026-04-24T06:46:32.192-04:00 PYRONET_TLS_LIB_INIT_RET step=nonce_len ret=0
2026-04-24T06:46:32.192-04:00 PYRONET_TLS_SEED_CALL
2026-04-24T06:46:32.192-04:00 PYRONET_CTR_SEED_ENTER ctx=@20001e3c custom_len=6
2026-04-24T06:46:32.193-04:00 PYRONET_AES_ALT_INIT_ENTER ctx=@20001e5c ref=0 ecb=@00000000 cbc=@00000000
2026-04-24T06:46:32.193-04:00 PYRONET_AES_ALT_INIT_OPEN_START
2026-04-24T06:46:32.193-04:00 PYRONET_AES_ALT_INIT_ECB_OPEN handle=@00000000
2026-04-24T06:46:32.193-04:00 PYRONET_AES_ALT_INIT_CBC_OPEN handle=@00000000
2026-04-24T06:46:32.193-04:00 PYRONET_AES_ALT_INIT_DONE ctx=@20001e5c ref=1
2026-04-24T06:46:32.193-04:00 PYRONET_CTR_SEED_SETKEY_START entropy_len=48 nonce_len=0
2026-04-24T06:46:32.193-04:00 PYRONET_AES_ALT_SETKEY_ENTER seq=1 ctx=@20001e5c key=@200113c0 bits=256 key_bytes=32
2026-04-24T06:46:32.194-04:00 PYRONET_AES_ALT_SETKEY_MEMCPY_START seq=1 dst=@20001e6c src=@200113c0 len=32
2026-04-24T06:46:32.194-04:00 PYRONET_AES_ALT_SETKEY_MEMCPY_DONE seq=1 first=00
2026-04-24T06:46:32.196-04:00 PYRONET_AES_ALT_SETKEY_INITKEY_START seq=1 cryptoKey=@20001e5c
2026-04-24T06:46:32.197-04:00 PYRONET_AES_ALT_SETKEY_INITKEY_RET seq=1 ret=0
2026-04-24T06:46:32.197-04:00 PYRONET_AES_ALT_SETKEY_DONE seq=1 ret=0
2026-04-24T06:46:32.197-04:00 PYRONET_CTR_SEED_SETKEY_RET ret=0
2026-04-24T06:46:32.197-04:00 PYRONET_CTR_SEED_RESEED_START
2026-04-24T06:46:32.197-04:00 PYRONET_CTR_RESEED_ENTER ctx=@20001e3c entropy_len=48 nonce_len=0 add_len=6
2026-04-24T06:46:32.197-04:00 PYRONET_CTR_RESEED_ENTROPY_START len=48
2026-04-24T06:46:32.197-04:00 PYRONET_TLS_SEED_POLL_START id=1 len=48
2026-04-24T06:46:32.198-04:00 PYRONET_TLS_SEED_WORD_START id=1 offset=0
2026-04-24T06:46:32.198-04:00 PYRONET_TLS_ENTROPY_SEEDED
2026-04-24T06:46:32.198-04:00 PYRONET_TLS_SEED_WORD_GOT id=1 offset=0 word=1321f458
2026-04-24T06:46:32.198-04:00 PYRONET_TLS_SEED_WORD_DONE id=1 offset=4
2026-04-24T06:46:32.198-04:00 PYRONET_TLS_SEED_WORD_START id=1 offset=4
2026-04-24T06:46:32.198-04:00 PYRONET_TLS_SEED_WORD_GOT id=1 offset=4 word=98f6b32d
2026-04-24T06:46:32.198-04:00 PYRONET_TLS_SEED_WORD_DONE id=1 offset=8
2026-04-24T06:46:32.198-04:00 PYRONET_TLS_SEED_WORD_START id=1 offset=8
2026-04-24T06:46:32.198-04:00 PYRONET_TLS_SEED_WORD_GOT id=1 offset=8 word=9cf5b8e4
2026-04-24T06:46:32.200-04:00 PYRONET_TLS_SEED_WORD_DONE id=1 offset=12
2026-04-24T06:46:32.201-04:00 PYRONET_TLS_SEED_WORD_START id=1 offset=12
2026-04-24T06:46:32.201-04:00 PYRONET_TLS_SEED_WORD_GOT id=1 offset=12 word=56cc8f10
2026-04-24T06:46:32.201-04:00 PYRONET_TLS_SEED_WORD_DONE id=1 offset=16
2026-04-24T06:46:32.201-04:00 PYRONET_TLS_SEED_WORD_START id=1 offset=16
2026-04-24T06:46:32.201-04:00 PYRONET_TLS_SEED_WORD_GOT id=1 offset=16 word=22f37c67
2026-04-24T06:46:32.201-04:00 PYRONET_TLS_SEED_WORD_DONE id=1 offset=20
2026-04-24T06:46:32.201-04:00 PYRONET_TLS_SEED_WORD_START id=1 offset=20
2026-04-24T06:46:32.202-04:00 PYRONET_TLS_SEED_WORD_GOT id=1 offset=20 word=e288e1d8
2026-04-24T06:46:32.202-04:00 PYRONET_TLS_SEED_WORD_DONE id=1 offset=24
2026-04-24T06:46:32.202-04:00 PYRONET_TLS_SEED_WORD_START id=1 offset=24
2026-04-24T06:46:32.202-04:00 PYRONET_TLS_SEED_WORD_GOT id=1 offset=24 word=28c04ea1
2026-04-24T06:46:32.202-04:00 PYRONET_TLS_SEED_WORD_DONE id=1 offset=28
2026-04-24T06:46:32.202-04:00 PYRONET_TLS_SEED_WORD_START id=1 offset=28
2026-04-24T06:46:32.202-04:00 PYRONET_TLS_SEED_WORD_GOT id=1 offset=28 word=039bbb4b
2026-04-24T06:46:32.203-04:00 PYRONET_TLS_SEED_WORD_DONE id=1 offset=32
2026-04-24T06:46:32.205-04:00 PYRONET_TLS_SEED_WORD_START id=1 offset=32
2026-04-24T06:46:32.205-04:00 PYRONET_TLS_SEED_WORD_GOT id=1 offset=32 word=eaaec772
2026-04-24T06:46:32.206-04:00 PYRONET_TLS_SEED_WORD_DONE id=1 offset=36
2026-04-24T06:46:32.206-04:00 PYRONET_TLS_SEED_WORD_START id=1 offset=36
2026-04-24T06:46:32.206-04:00 PYRONET_TLS_SEED_WORD_GOT id=1 offset=36 word=7a535412
2026-04-24T06:46:32.206-04:00 PYRONET_TLS_SEED_WORD_DONE id=1 offset=40
2026-04-24T06:46:32.206-04:00 PYRONET_TLS_SEED_WORD_START id=1 offset=40
2026-04-24T06:46:32.206-04:00 PYRONET_TLS_SEED_WORD_GOT id=1 offset=40 word=0af2933a
2026-04-24T06:46:32.206-04:00 PYRONET_TLS_SEED_WORD_DONE id=1 offset=44
2026-04-24T06:46:32.206-04:00 PYRONET_TLS_SEED_WORD_START id=1 offset=44
2026-04-24T06:46:32.206-04:00 PYRONET_TLS_SEED_WORD_GOT id=1 offset=44 word=4a2a1170
2026-04-24T06:46:32.206-04:00 PYRONET_TLS_SEED_WORD_DONE id=1 offset=48
2026-04-24T06:46:32.207-04:00 PYRONET_TLS_SEED_POLL_DONE id=1 len=48
2026-04-24T06:46:32.207-04:00 PYRONET_CTR_RESEED_ENTROPY_RET ret=0
2026-04-24T06:46:32.207-04:00 PYRONET_CTR_RESEED_ADD_DONE seedlen=54
2026-04-24T06:46:32.207-04:00 PYRONET_CTR_RESEED_DF_START seedlen=54
2026-04-24T06:46:32.207-04:00 PYRONET_CTR_DF_ENTER data_len=54
2026-04-24T06:46:32.265-04:00 PYRONET_AES_ALT_INIT_ENTER ctx=@20014024 ref=1 ecb=@00000000 cbc=@00000000
2026-04-24T06:46:32.265-04:00 PYRONET_AES_ALT_INIT_DONE ctx=@20014024 ref=2
2026-04-24T06:46:32.265-04:00 PYRONET_CTR_DF_SETKEY1_START
2026-04-24T06:46:32.266-04:00 PYRONET_AES_ALT_SETKEY_ENTER seq=2 ctx=@20014024 key=@20015500 bits=256 key_bytes=32
2026-04-24T06:46:32.266-04:00 PYRONET_AES_ALT_SETKEY_MEMCPY_START seq=2 dst=@20014034 src=@20015500 len=32
2026-04-24T06:46:32.266-04:00 PYRONET_AES_ALT_SETKEY_MEMCPY_DONE seq=2 first=3020100
2026-04-24T06:46:32.266-04:00 PYRONET_AES_ALT_SETKEY_INITKEY_START seq=2 cryptoKey=@20014024
2026-04-24T06:46:32.266-04:00 PYRONET_AES_ALT_SETKEY_INITKEY_RET seq=2 ret=0
2026-04-24T06:46:32.266-04:00 PYRONET_AES_ALT_SETKEY_DONE seq=2 ret=0
2026-04-24T06:46:32.267-04:00 PYRONET_CTR_DF_SETKEY1_RET ret=0
2026-04-24T06:46:32.267-04:00 PYRONET_AES_ALT_ECB_ENTER seq=1 ctx=@20014024 mode=1 ecb=@00000000 in=@200154f0 out=@200154f0
2026-04-24T06:46:32.267-04:00 PYRONET_AES_ALT_ECB_OP_INIT seq=1
2026-04-24T06:48:33.566-04:00 LOGGER unexpected_error port=/dev/cu.usbmodemLS41069U4 error=[Errno 6] Device not configured
2026-04-24T06:48:35.569-04:00 LOGGER waiting_for_port glob=/dev/cu.usbmodem*
2026-04-24T06:48:37.570-04:00 LOGGER connected port=/dev/cu.usbmodemLS41069U4 baud=3000000
2026-04-24T06:49:09.206-04:00 LOGGER connected port=/dev/cu.usbmodemLS41069U4 baud=3000000
2026-04-24T06:49:49.590-04:00 LOGGER connected port=/dev/cu.usbmodemLS41069U4 baud=3000000
2026-04-24T06:49:52.859-04:00 ITM reset token
2026-04-24T06:49:52.966-04:00 SWO_SELF_TEST: CC1352P7_DIO16_ITM_CH0 phase=BOOT host_link=starting
2026-04-24T06:49:52.966-04:00 PYRONET_NCP_INIT_OK
2026-04-24T06:49:52.966-04:00 PYRONET_WISUN_STATUS status=MESH_BOOTSTRAP_STARTED host_state=2 queue_registration=0
2026-04-24T06:49:52.966-04:00 HOST_UART_READY baud=115200
2026-04-24T06:49:58.181-04:00 PYRONET_WISUN_DIAG host_state=2 router_status=-1 router=- j1=5 j2=0 j3=0 j4=0 j5=0 recv_pa=0 recv_pas=0 recv_pc=0 recv_pcs=0
2026-04-24T06:49:58.181-04:00 PYRONET_WISUN_ADDR host_state=2 ll=fe80::212:4b00:28ed:d802 global=- border_router=-
2026-04-24T06:50:03.303-04:00 PYRONET_WISUN_DIAG host_state=2 router_status=-1 router=- j1=10 j2=0 j3=0 j4=0 j5=0 recv_pa=0 recv_pas=0 recv_pc=0 recv_pcs=0
2026-04-24T06:50:03.303-04:00 PYRONET_WISUN_ADDR host_state=2 ll=fe80::212:4b00:28ed:d802 global=- border_router=-
2026-04-24T06:50:08.528-04:00 PYRONET_WISUN_DIAG host_state=2 router_status=-1 router=- j1=15 j2=0 j3=0 j4=0 j5=0 recv_pa=0 recv_pas=0 recv_pc=0 recv_pcs=0
2026-04-24T06:50:08.528-04:00 PYRONET_WISUN_ADDR host_state=2 ll=fe80::212:4b00:28ed:d802 global=- border_router=-
2026-04-24T06:50:11.535-04:00 HOST_RX type=HELLO seq=0 len=8
2026-04-24T06:50:11.535-04:00 HOST_TX type=HELLO_ACK seq=0 len=8
2026-04-24T06:50:11.535-04:00 HOST_LINK_HELLO was_ready=0 sync_pending=1
2026-04-24T06:50:11.536-04:00 HOST_LINK_READY
2026-04-24T06:50:12.583-04:00 HOST_RX type=HELLO seq=1 len=8
2026-04-24T06:50:12.583-04:00 HOST_TX type=HELLO_ACK seq=1 len=8
2026-04-24T06:50:12.584-04:00 HOST_LINK_HELLO was_ready=1 sync_pending=1
2026-04-24T06:50:13.144-04:00 HOST_RX type=HELLO seq=2 len=8
2026-04-24T06:50:13.144-04:00 HOST_TX type=HELLO_ACK seq=2 len=8
2026-04-24T06:50:13.144-04:00 HOST_LINK_HELLO was_ready=1 sync_pending=1
2026-04-24T06:50:13.144-04:00 HOST_RX type=PING seq=3 len=4
2026-04-24T06:50:13.144-04:00 HOST_TX type=PONG seq=3 len=4
2026-04-24T06:50:13.145-04:00 HOST_RX type=GET_STATUS seq=4 len=0
2026-04-24T06:50:13.145-04:00 HOST_TX type=STATUS seq=4 len=8
2026-04-24T06:50:13.145-04:00 HOST_LINK_SYNC_AFTER_STATUS
2026-04-24T06:50:13.756-04:00 PYRONET_WISUN_DIAG host_state=2 router_status=-1 router=- j1=20 j2=0 j3=0 j4=0 j5=0 recv_pa=0 recv_pas=0 recv_pc=0 recv_pcs=0
2026-04-24T06:50:13.757-04:00 PYRONET_WISUN_ADDR host_state=2 ll=fe80::212:4b00:28ed:d802 global=- border_router=-
2026-04-24T06:50:18.920-04:00 PYRONET_WISUN_DIAG host_state=2 router_status=-1 router=- j1=25 j2=0 j3=0 j4=0 j5=0 recv_pa=0 recv_pas=0 recv_pc=0 recv_pcs=0
2026-04-24T06:50:18.921-04:00 PYRONET_WISUN_ADDR host_state=2 ll=fe80::212:4b00:28ed:d802 global=- border_router=-
2026-04-24T06:50:24.183-04:00 PYRONET_WISUN_DIAG host_state=2 router_status=-1 router=- j1=31 j2=0 j3=0 j4=0 j5=0 recv_pa=0 recv_pas=0 recv_pc=0 recv_pcs=0
2026-04-24T06:50:24.238-04:00 PYRONET_WISUN_ADDR host_state=2 ll=fe80::212:4b00:28ed:d802 global=- border_router=-
2026-04-24T06:50:29.424-04:00 PYRONET_WISUN_DIAG host_state=2 router_status=-1 router=- j1=35 j2=1 j3=0 j4=0 j5=0 recv_pa=1 recv_pas=0 recv_pc=0 recv_pcs=0
2026-04-24T06:50:29.424-04:00 PYRONET_WISUN_ADDR host_state=2 ll=fe80::212:4b00:28ed:d802 global=- border_router=-
2026-04-24T06:50:31.264-04:00 PYRONET_TLS_STATE state=INIT action=start_timer
2026-04-24T06:50:31.264-04:00 PYRONET_EAPTLS_RX state=REQUEST_ID code=1 type=1 id=1 flags=0xff len=5
2026-04-24T06:50:31.264-04:00 PYRONET_EAPTLS_MSG result=IDENTITY state=REQUEST_ID id=1
2026-04-24T06:50:31.264-04:00 PYRONET_EAPTLS_IDENTITY_REQ_ACCEPT id=1 retry_ticks=3300
2026-04-24T06:50:31.264-04:00 PYRONET_EAPTLS_IDENTITY_RESP_TX_START id=1 identity_len=9 eapol_len=18
2026-04-24T06:50:31.264-04:00 PYRONET_EAPTLS_IDENTITY_RESP_TX_OK id=1
2026-04-24T06:50:31.264-04:00 PYRONET_EAPTLS_IDENTITY_RESP_HANDLED id=1 send_result=0
2026-04-24T06:50:31.265-04:00 PYRONET_WISUN_SEC_DIAG seq=2 event=2 a=1 b=18 c=0
2026-04-24T06:50:31.322-04:00 PYRONET_EAPTLS_RX state=REQUEST_TLS_EAP code=1 type=13 id=2 flags=0x20 len=6
2026-04-24T06:50:31.322-04:00 PYRONET_EAPTLS_MSG result=START state=REQUEST_TLS_EAP id=2 flags=0x20 tls_len=1 new_seq=1
2026-04-24T06:50:31.323-04:00 PYRONET_EAPTLS_TLS_START_RX id=2 flags=0x20 len=6
2026-04-24T06:50:31.323-04:00 PYRONET_EAPTLS_TLS_INIT_OK id=2 header_size=5
2026-04-24T06:50:31.325-04:00 PYRONET_EAPTLS_TLS_CREATE_REQ id=2
2026-04-24T06:50:31.325-04:00 PYRONET_TLS_CREATE_REQ sec_keys=@20008bb0 certs=@20009320 state=CREATE_REQ
2026-04-24T06:50:31.325-04:00 PYRONET_EAPTLS_TLS_CREATE_REQ_DONE id=2 tls_ongoing=1
2026-04-24T06:50:31.325-04:00 PYRONET_TLS_STATE state=CREATE_REQ action=create_conf_ok
2026-04-24T06:50:31.325-04:00 PYRONET_EAPTLS_TLS_CREATE_CONF result=0 state=REQUEST
2026-04-24T06:50:31.325-04:00 PYRONET_TLS_CONFIGURE_START role=client sec_keys=@20008bb0 certs=@20009320
2026-04-24T06:50:31.325-04:00 PYRONET_TLS_CONFIG_ENTER role=client prot=@20001d48 sec_keys=@20008bb0 certs=@20009320
2026-04-24T06:50:31.326-04:00 PYRONET_TLS_LIB_INIT_START role=client sec_keys=@20008bb0 certs=@20009320
2026-04-24T06:50:31.326-04:00 PYRONET_TLS_LIB_INIT_ENTER sec=@20001e0c
2026-04-24T06:50:31.326-04:00 PYRONET_TLS_LIB_INIT_STEP step=ssl_init
2026-04-24T06:50:31.326-04:00 PYRONET_TLS_LIB_INIT_STEP step=direct_seed_config
2026-04-24T06:50:31.326-04:00 PYRONET_TLS_LIB_INIT_RET step=nonce_len ret=0
2026-04-24T06:50:31.326-04:00 PYRONET_TLS_SEED_CALL
2026-04-24T06:50:31.326-04:00 PYRONET_CTR_SEED_ENTER ctx=@20001f4c custom_len=6
2026-04-24T06:50:31.328-04:00 PYRONET_AES_ALT_INIT_ENTER ctx=@20001f6c ref=0 ecb=@00000000 cbc=@00000000
2026-04-24T06:50:31.328-04:00 PYRONET_AES_ALT_INIT_OPEN_START
2026-04-24T06:50:31.328-04:00 PYRONET_AES_ALT_INIT_DRIVER_INIT_START
2026-04-24T06:50:31.328-04:00 PYRONET_AES_ALT_INIT_DRIVER_INIT_DONE
2026-04-24T06:50:31.329-04:00 PYRONET_AES_ALT_INIT_ECB_OPEN handle=@00005a64
2026-04-24T06:50:31.329-04:00 PYRONET_AES_ALT_INIT_CBC_OPEN handle=@00005a54
2026-04-24T06:50:31.329-04:00 PYRONET_AES_ALT_INIT_DONE ctx=@20001f6c ref=1
2026-04-24T06:50:31.329-04:00 PYRONET_CTR_SEED_SETKEY_START entropy_len=48 nonce_len=0
2026-04-24T06:50:31.329-04:00 PYRONET_AES_ALT_SETKEY_ENTER seq=1 ctx=@20001f6c key=@200113c0 bits=256 key_bytes=32
2026-04-24T06:50:31.329-04:00 PYRONET_AES_ALT_SETKEY_MEMCPY_START seq=1 dst=@20001f7c src=@200113c0 len=32
2026-04-24T06:50:31.329-04:00 PYRONET_AES_ALT_SETKEY_MEMCPY_DONE seq=1 first=00
2026-04-24T06:50:31.329-04:00 PYRONET_AES_ALT_SETKEY_INITKEY_START seq=1 cryptoKey=@20001f6c
2026-04-24T06:50:31.329-04:00 PYRONET_AES_ALT_SETKEY_INITKEY_RET seq=1 ret=0
2026-04-24T06:50:31.329-04:00 PYRONET_AES_ALT_SETKEY_DONE seq=1 ret=0
2026-04-24T06:50:31.329-04:00 PYRONET_CTR_SEED_SETKEY_RET ret=0
2026-04-24T06:50:31.330-04:00 PYRONET_CTR_SEED_RESEED_START
2026-04-24T06:50:31.332-04:00 PYRONET_CTR_RESEED_ENTER ctx=@20001f4c entropy_len=48 nonce_len=0 add_len=6
2026-04-24T06:50:31.332-04:00 PYRONET_CTR_RESEED_ENTROPY_START len=48
2026-04-24T06:50:31.332-04:00 PYRONET_TLS_SEED_POLL_START id=1 len=48
2026-04-24T06:50:31.332-04:00 PYRONET_TLS_SEED_WORD_START id=1 offset=0
2026-04-24T06:50:31.332-04:00 PYRONET_TLS_ENTROPY_SEEDED
2026-04-24T06:50:31.332-04:00 PYRONET_TLS_SEED_WORD_GOT id=1 offset=0 word=c980800d
2026-04-24T06:50:31.332-04:00 PYRONET_TLS_SEED_WORD_DONE id=1 offset=4
2026-04-24T06:50:31.332-04:00 PYRONET_TLS_SEED_WORD_START id=1 offset=4
2026-04-24T06:50:31.332-04:00 PYRONET_TLS_SEED_WORD_GOT id=1 offset=4 word=e9a8d56d
2026-04-24T06:50:31.332-04:00 PYRONET_TLS_SEED_WORD_DONE id=1 offset=8
2026-04-24T06:50:31.332-04:00 PYRONET_TLS_SEED_WORD_START id=1 offset=8
2026-04-24T06:50:31.333-04:00 PYRONET_TLS_SEED_WORD_GOT id=1 offset=8 word=93a4910f
2026-04-24T06:50:31.333-04:00 PYRONET_TLS_SEED_WORD_DONE id=1 offset=12
2026-04-24T06:50:31.333-04:00 PYRONET_TLS_SEED_WORD_START id=1 offset=12
2026-04-24T06:50:31.333-04:00 PYRONET_TLS_SEED_WORD_GOT id=1 offset=12 word=312b486d
2026-04-24T06:50:31.333-04:00 PYRONET_TLS_SEED_WORD_DONE id=1 offset=16
2026-04-24T06:50:31.333-04:00 PYRONET_TLS_SEED_WORD_START id=1 offset=16
2026-04-24T06:50:31.335-04:00 PYRONET_TLS_SEED_WORD_GOT id=1 offset=16 word=5cfe4bbe
2026-04-24T06:50:31.335-04:00 PYRONET_TLS_SEED_WORD_DONE id=1 offset=20
2026-04-24T06:50:31.335-04:00 PYRONET_TLS_SEED_WORD_START id=1 offset=20
2026-04-24T06:50:31.335-04:00 PYRONET_TLS_SEED_WORD_GOT id=1 offset=20 word=24b1ee3a
2026-04-24T06:50:31.335-04:00 PYRONET_TLS_SEED_WORD_DONE id=1 offset=24
2026-04-24T06:50:31.335-04:00 PYRONET_TLS_SEED_WORD_START id=1 offset=24
2026-04-24T06:50:31.335-04:00 PYRONET_TLS_SEED_WORD_GOT id=1 offset=24 word=37a2f2a1
2026-04-24T06:50:31.335-04:00 PYRONET_TLS_SEED_WORD_DONE id=1 offset=28
2026-04-24T06:50:31.335-04:00 PYRONET_TLS_SEED_WORD_START id=1 offset=28
2026-04-24T06:50:31.335-04:00 PYRONET_TLS_SEED_WORD_GOT id=1 offset=28 word=572a2d1a
2026-04-24T06:50:31.335-04:00 PYRONET_TLS_SEED_WORD_DONE id=1 offset=32
2026-04-24T06:50:31.336-04:00 PYRONET_TLS_SEED_WORD_START id=1 offset=32
2026-04-24T06:50:31.336-04:00 PYRONET_TLS_SEED_WORD_GOT id=1 offset=32 word=43a5ef9e
2026-04-24T06:50:31.336-04:00 PYRONET_TLS_SEED_WORD_DONE id=1 offset=36
2026-04-24T06:50:31.336-04:00 PYRONET_TLS_SEED_WORD_START id=1 offset=36
2026-04-24T06:50:31.336-04:00 PYRONET_TLS_SEED_WORD_GOT id=1 offset=36 word=349c4615
2026-04-24T06:50:31.337-04:00 PYRONET_TLS_SEED_WORD_DONE id=1 offset=40
2026-04-24T06:50:31.338-04:00 PYRONET_TLS_SEED_WORD_START id=1 offset=40
2026-04-24T06:50:31.338-04:00 PYRONET_TLS_SEED_WORD_GOT id=1 offset=40 word=3789bf7a
2026-04-24T06:50:31.338-04:00 PYRONET_TLS_SEED_WORD_DONE id=1 offset=44
2026-04-24T06:50:31.338-04:00 PYRONET_TLS_SEED_WORD_START id=1 offset=44
2026-04-24T06:50:31.338-04:00 PYRONET_TLS_SEED_WORD_GOT id=1 offset=44 word=0cb91669
2026-04-24T06:50:31.338-04:00 PYRONET_TLS_SEED_WORD_DONE id=1 offset=48
2026-04-24T06:50:31.338-04:00 PYRONET_TLS_SEED_POLL_DONE id=1 len=48
2026-04-24T06:50:31.338-04:00 PYRONET_CTR_RESEED_ENTROPY_RET ret=0
2026-04-24T06:50:31.338-04:00 PYRONET_CTR_RESEED_ADD_DONE seedlen=54
2026-04-24T06:50:31.338-04:00 PYRONET_CTR_RESEED_DF_START seedlen=54
2026-04-24T06:50:31.338-04:00 PYRONET_CTR_DF_ENTER data_len=54
2026-04-24T06:50:31.338-04:00 PYRONET_AES_ALT_INIT_ENTER ctx=@20014024 ref=1 ecb=@00005a64 cbc=@00005a54
2026-04-24T06:50:31.339-04:00 PYRONET_AES_ALT_INIT_DONE ctx=@20014024 ref=2
2026-04-24T06:50:31.339-04:00 PYRONET_CTR_DF_SETKEY1_START
2026-04-24T06:50:31.339-04:00 PYRONET_AES_ALT_SETKEY_ENTER seq=2 ctx=@20014024 key=@20015500 bits=256 key_bytes=32
2026-04-24T06:50:31.340-04:00 PYRONET_AES_ALT_SETKEY_MEMCPY_START seq=2 dst=@20014034 src=@20015500 len=32
2026-04-24T06:50:31.340-04:00 PYRONET_AES_ALT_SETKEY_MEMCPY_DONE seq=2 first=3020100
2026-04-24T06:50:31.341-04:00 PYRONET_AES_ALT_SETKEY_INITKEY_START seq=2 cryptoKey=@20014024
2026-04-24T06:50:31.341-04:00 PYRONET_AES_ALT_SETKEY_INITKEY_RET seq=2 ret=0
2026-04-24T06:50:31.341-04:00 PYRONET_AES_ALT_SETKEY_DONE seq=2 ret=0
2026-04-24T06:50:31.341-04:00 PYRONET_CTR_DF_SETKEY1_RET ret=0
2026-04-24T06:50:31.341-04:00 PYRONET_AES_ALT_ECB_ENTER seq=1 ctx=@20014024 mode=1 ecb=@00005a64 in=@200154f0 out=@200154f0
2026-04-24T06:50:31.341-04:00 PYRONET_AES_ALT_ECB_OP_INIT seq=1
2026-04-24T06:50:31.341-04:00 PYRONET_AES_ALT_ECB_ENCRYPT_START seq=1
2026-04-24T06:50:31.341-04:00 PYRONET_AES_ALT_ECB_RET seq=1 ret=0
2026-04-24T06:50:31.341-04:00 PYRONET_AES_ALT_ECB_ENTER seq=2 ctx=@20014024 mode=1 ecb=@00005a64 in=@200154f0 out=@200154f0
2026-04-24T06:50:31.341-04:00 PYRONET_AES_ALT_ECB_OP_INIT seq=2
2026-04-24T06:50:31.341-04:00 PYRONET_AES_ALT_ECB_ENCRYPT_START seq=2
2026-04-24T06:50:31.341-04:00 PYRONET_AES_ALT_ECB_RET seq=2 ret=0
2026-04-24T06:50:31.342-04:00 PYRONET_AES_ALT_ECB_ENTER seq=3 ctx=@20014024 mode=1 ecb=@00005a64 in=@200154f0 out=@200154f0
2026-04-24T06:50:31.343-04:00 PYRONET_AES_ALT_ECB_OP_INIT seq=3
2026-04-24T06:50:31.343-04:00 PYRONET_AES_ALT_ECB_ENCRYPT_START seq=3
2026-04-24T06:50:31.343-04:00 PYRONET_AES_ALT_ECB_RET seq=3 ret=0
2026-04-24T06:50:31.343-04:00 PYRONET_AES_ALT_ECB_ENTER seq=4 ctx=@20014024 mode=1 ecb=@00005a64 in=@200154f0 out=@200154f0
2026-04-24T06:50:31.343-04:00 PYRONET_AES_ALT_ECB_OP_INIT seq=4
2026-04-24T06:50:31.343-04:00 PYRONET_AES_ALT_ECB_ENCRYPT_START seq=4
2026-04-24T06:50:31.343-04:00 PYRONET_AES_ALT_ECB_RET seq=4 ret=0
2026-04-24T06:50:31.344-04:00 PYRONET_AES_ALT_ECB_ENTER seq=5 ctx=@20014024 mode=1 ecb=@00005a64 in=@200154f0 out=@200154f0
2026-04-24T06:50:31.344-04:00 PYRONET_AES_ALT_ECB_OP_INIT seq=5
2026-04-24T06:50:31.344-04:00 PYRONET_AES_ALT_ECB_ENCRYPT_START seq=5
2026-04-24T06:50:31.344-04:00 PYRONET_AES_ALT_ECB_RET seq=5 ret=0
2026-04-24T06:50:31.344-04:00 PYRONET_CTR_DF_REDUCE_BLOCK_DONE j=0
2026-04-24T06:50:31.344-04:00 PYRONET_AES_ALT_ECB_ENTER seq=6 ctx=@20014024 mode=1 ecb=@00005a64 in=@200154f0 out=@200154f0
2026-04-24T06:50:31.344-04:00 PYRONET_AES_ALT_ECB_OP_INIT seq=6
2026-04-24T06:50:31.344-04:00 PYRONET_AES_ALT_ECB_ENCRYPT_START seq=6
2026-04-24T06:50:31.344-04:00 PYRONET_AES_ALT_ECB_RET seq=6 ret=0
2026-04-24T06:50:31.346-04:00 PYRONET_AES_ALT_ECB_ENTER seq=7 ctx=@20014024 mode=1 ecb=@00005a64 in=@200154f0 out=@200154f0
2026-04-24T06:50:31.346-04:00 PYRONET_AES_ALT_ECB_OP_INIT seq=7
2026-04-24T06:50:31.346-04:00 PYRONET_AES_ALT_ECB_ENCRYPT_START seq=7
2026-04-24T06:50:31.346-04:00 PYRONET_AES_ALT_ECB_RET seq=7 ret=0
2026-04-24T06:50:31.346-04:00 PYRONET_AES_ALT_ECB_ENTER seq=8 ctx=@20014024 mode=1 ecb=@00005a64 in=@200154f0 out=@200154f0
2026-04-24T06:50:31.346-04:00 PYRONET_AES_ALT_ECB_OP_INIT seq=8
2026-04-24T06:50:31.346-04:00 PYRONET_AES_ALT_ECB_ENCRYPT_START seq=8
2026-04-24T06:50:31.346-04:00 PYRONET_AES_ALT_ECB_RET seq=8 ret=0
2026-04-24T06:50:31.346-04:00 PYRONET_AES_ALT_ECB_ENTER seq=9 ctx=@20014024 mode=1 ecb=@00005a64 in=@200154f0 out=@200154f0
2026-04-24T06:50:31.346-04:00 PYRONET_AES_ALT_ECB_OP_INIT seq=9
2026-04-24T06:50:31.346-04:00 PYRONET_AES_ALT_ECB_ENCRYPT_START seq=9
2026-04-24T06:50:31.346-04:00 PYRONET_AES_ALT_ECB_RET seq=9 ret=0
2026-04-24T06:50:31.346-04:00 PYRONET_AES_ALT_ECB_ENTER seq=10 ctx=@20014024 mode=1 ecb=@00005a64 in=@200154f0 out=@200154f0
2026-04-24T06:50:31.346-04:00 PYRONET_AES_ALT_ECB_OP_INIT seq=10
2026-04-24T06:50:31.346-04:00 PYRONET_AES_ALT_ECB_ENCRYPT_START seq=10
2026-04-24T06:50:31.348-04:00 PYRONET_AES_ALT_ECB_RET seq=10 ret=0
2026-04-24T06:50:31.348-04:00 PYRONET_CTR_DF_REDUCE_BLOCK_DONE j=16
2026-04-24T06:50:31.348-04:00 PYRONET_AES_ALT_ECB_ENTER seq=11 ctx=@20014024 mode=1 ecb=@00005a64 in=@200154f0 out=@200154f0
2026-04-24T06:50:31.348-04:00 PYRONET_AES_ALT_ECB_OP_INIT seq=11
2026-04-24T06:50:31.348-04:00 PYRONET_AES_ALT_ECB_ENCRYPT_START seq=11
2026-04-24T06:50:31.348-04:00 PYRONET_AES_ALT_ECB_RET seq=11 ret=0
2026-04-24T06:50:31.348-04:00 PYRONET_AES_ALT_ECB_ENTER seq=12 ctx=@20014024 mode=1 ecb=@00005a64 in=@200154f0 out=@200154f0
2026-04-24T06:50:31.348-04:00 PYRONET_AES_ALT_ECB_OP_INIT seq=12
2026-04-24T06:50:31.348-04:00 PYRONET_AES_ALT_ECB_ENCRYPT_START seq=12
2026-04-24T06:50:31.348-04:00 PYRONET_AES_ALT_ECB_RET seq=12 ret=0
2026-04-24T06:50:31.348-04:00 PYRONET_AES_ALT_ECB_ENTER seq=13 ctx=@20014024 mode=1 ecb=@00005a64 in=@200154f0 out=@200154f0
2026-04-24T06:50:31.349-04:00 PYRONET_AES_ALT_ECB_OP_INIT seq=13
2026-04-24T06:50:31.349-04:00 PYRONET_AES_ALT_ECB_ENCRYPT_START seq=13
2026-04-24T06:50:31.349-04:00 PYRONET_AES_ALT_ECB_RET seq=13 ret=0
2026-04-24T06:50:31.350-04:00 PYRONET_AES_ALT_ECB_ENTER seq=14 ctx=@20014024 mode=1 ecb=@00005a64 in=@200154f0 out=@200154f0
2026-04-24T06:50:31.350-04:00 PYRONET_AES_ALT_ECB_OP_INIT seq=14
2026-04-24T06:50:31.350-04:00 PYRONET_AES_ALT_ECB_ENCRYPT_START seq=14
2026-04-24T06:50:31.350-04:00 PYRONET_AES_ALT_ECB_RET seq=14 ret=0
2026-04-24T06:50:31.350-04:00 PYRONET_AES_ALT_ECB_ENTER seq=15 ctx=@20014024 mode=1 ecb=@00005a64 in=@200154f0 out=@200154f0
2026-04-24T06:50:31.351-04:00 PYRONET_AES_ALT_ECB_OP_INIT seq=15
2026-04-24T06:50:31.351-04:00 PYRONET_AES_ALT_ECB_ENCRYPT_START seq=15
2026-04-24T06:50:31.351-04:00 PYRONET_AES_ALT_ECB_RET seq=15 ret=0
2026-04-24T06:50:31.351-04:00 PYRONET_CTR_DF_REDUCE_BLOCK_DONE j=32
2026-04-24T06:50:31.351-04:00 PYRONET_CTR_DF_SETKEY2_START
2026-04-24T06:50:31.351-04:00 PYRONET_AES_ALT_SETKEY_ENTER seq=3 ctx=@20014024 key=@20015520 bits=256 key_bytes=32
2026-04-24T06:50:31.351-04:00 PYRONET_AES_ALT_SETKEY_MEMCPY_START seq=3 dst=@20014034 src=@20015520 len=32
2026-04-24T06:50:31.351-04:00 PYRONET_AES_ALT_SETKEY_MEMCPY_DONE seq=3 first=792fda06
2026-04-24T06:50:31.351-04:00 PYRONET_AES_ALT_SETKEY_INITKEY_START seq=3 cryptoKey=@20014024
2026-04-24T06:50:31.351-04:00 PYRONET_AES_ALT_SETKEY_INITKEY_RET seq=3 ret=0
2026-04-24T06:50:31.351-04:00 PYRONET_AES_ALT_SETKEY_DONE seq=3 ret=0
2026-04-24T06:50:31.353-04:00 PYRONET_CTR_DF_SETKEY2_RET ret=0
2026-04-24T06:50:31.353-04:00 PYRONET_AES_ALT_ECB_ENTER seq=16 ctx=@20014024 mode=1 ecb=@00005a64 in=@20015540 out=@20015540
2026-04-24T06:50:31.353-04:00 PYRONET_AES_ALT_ECB_OP_INIT seq=16
2026-04-24T06:50:31.353-04:00 PYRONET_AES_ALT_ECB_ENCRYPT_START seq=16
2026-04-24T06:50:31.353-04:00 PYRONET_AES_ALT_ECB_RET seq=16 ret=0
2026-04-24T06:50:31.353-04:00 PYRONET_CTR_DF_OUT_BLOCK_DONE j=0
2026-04-24T06:50:31.353-04:00 PYRONET_AES_ALT_ECB_ENTER seq=17 ctx=@20014024 mode=1 ecb=@00005a64 in=@20015540 out=@20015540
2026-04-24T06:50:31.353-04:00 PYRONET_AES_ALT_ECB_OP_INIT seq=17
2026-04-24T06:50:31.353-04:00 PYRONET_AES_ALT_ECB_ENCRYPT_START seq=17
2026-04-24T06:50:31.353-04:00 PYRONET_AES_ALT_ECB_RET seq=17 ret=0
2026-04-24T06:50:31.353-04:00 PYRONET_CTR_DF_OUT_BLOCK_DONE j=16
2026-04-24T06:50:31.354-04:00 PYRONET_AES_ALT_ECB_ENTER seq=18 ctx=@20014024 mode=1 ecb=@00005a64 in=@20015540 out=@20015540
2026-04-24T06:50:31.354-04:00 PYRONET_AES_ALT_ECB_OP_INIT seq=18
2026-04-24T06:50:31.354-04:00 PYRONET_AES_ALT_ECB_ENCRYPT_START seq=18
2026-04-24T06:50:31.354-04:00 PYRONET_AES_ALT_ECB_RET seq=18 ret=0
2026-04-24T06:50:31.354-04:00 PYRONET_CTR_DF_OUT_BLOCK_DONE j=32
2026-04-24T06:50:31.355-04:00 PYRONET_CTR_DF_EXIT ret=0
2026-04-24T06:50:31.355-04:00 PYRONET_AES_ALT_FREE_ENTER ctx=@20014024 ref=2 ecb=@00005a64 cbc=@00005a54
2026-04-24T06:50:31.355-04:00 PYRONET_AES_ALT_FREE_DONE ctx=@20014024 ref=1
2026-04-24T06:50:31.355-04:00 PYRONET_CTR_RESEED_DF_RET ret=0
2026-04-24T06:50:31.355-04:00 PYRONET_CTR_RESEED_UPDATE_START
2026-04-24T06:50:31.355-04:00 PYRONET_CTR_UPDATE_ENTER ctx=@20001f4c
2026-04-24T06:50:31.355-04:00 PYRONET_AES_ALT_ECB_ENTER seq=19 ctx=@20001f6c mode=1 ecb=@00005a64 in=@20001f4c out=@200143c4
2026-04-24T06:50:31.355-04:00 PYRONET_AES_ALT_ECB_OP_INIT seq=19
2026-04-24T06:50:31.355-04:00 PYRONET_AES_ALT_ECB_ENCRYPT_START seq=19
2026-04-24T06:50:31.356-04:00 PYRONET_AES_ALT_ECB_RET seq=19 ret=0
2026-04-24T06:50:31.356-04:00 PYRONET_CTR_UPDATE_CRYPT_DONE j=0
2026-04-24T06:50:31.356-04:00 PYRONET_AES_ALT_ECB_ENTER seq=20 ctx=@20001f6c mode=1 ecb=@00005a64 in=@20001f4c out=@200143d4
2026-04-24T06:50:31.356-04:00 PYRONET_AES_ALT_ECB_OP_INIT seq=20
2026-04-24T06:50:31.356-04:00 PYRONET_AES_ALT_ECB_ENCRYPT_START seq=20
2026-04-24T06:50:31.356-04:00 PYRONET_AES_ALT_ECB_RET seq=20 ret=0
2026-04-24T06:50:31.356-04:00 PYRONET_CTR_UPDATE_CRYPT_DONE j=16
2026-04-24T06:50:31.357-04:00 PYRONET_AES_ALT_ECB_ENTER seq=21 ctx=@20001f6c mode=1 ecb=@00005a64 in=@20001f4c out=@200143e4
2026-04-24T06:50:31.357-04:00 PYRONET_AES_ALT_ECB_OP_INIT seq=21
2026-04-24T06:50:31.357-04:00 PYRONET_AES_ALT_ECB_ENCRYPT_START seq=21
2026-04-24T06:50:31.357-04:00 PYRONET_AES_ALT_ECB_RET seq=21 ret=0
2026-04-24T06:50:31.357-04:00 PYRONET_CTR_UPDATE_CRYPT_DONE j=32
2026-04-24T06:50:31.357-04:00 PYRONET_CTR_UPDATE_SETKEY_START
2026-04-24T06:50:31.357-04:00 PYRONET_AES_ALT_SETKEY_ENTER seq=4 ctx=@20001f6c key=@200143c4 bits=256 key_bytes=32
2026-04-24T06:50:31.358-04:00 PYRONET_AES_ALT_SETKEY_MEMCPY_START seq=4 dst=@20001f7c src=@200143c4 len=32
2026-04-24T06:50:31.358-04:00 PYRONET_AES_ALT_SETKEY_MEMCPY_DONE seq=4 first=df1a355e
2026-04-24T06:50:31.358-04:00 PYRONET_AES_ALT_SETKEY_INITKEY_START seq=4 cryptoKey=@20001f6c
2026-04-24T06:50:31.358-04:00 PYRONET_AES_ALT_SETKEY_INITKEY_RET seq=4 ret=0
2026-04-24T06:50:31.358-04:00 PYRONET_AES_ALT_SETKEY_DONE seq=4 ret=0
2026-04-24T06:50:31.358-04:00 PYRONET_CTR_UPDATE_SETKEY_RET ret=0
2026-04-24T06:50:31.358-04:00 PYRONET_CTR_UPDATE_EXIT ret=0
2026-04-24T06:50:31.358-04:00 PYRONET_CTR_RESEED_UPDATE_RET ret=0
2026-04-24T06:50:31.358-04:00 PYRONET_CTR_RESEED_EXIT ret=0
2026-04-24T06:50:31.358-04:00 PYRONET_CTR_SEED_RESEED_RET ret=0
2026-04-24T06:50:31.359-04:00 PYRONET_CTR_SEED_DONE
2026-04-24T06:50:31.359-04:00 PYRONET_TLS_LIB_INIT_RET step=ctr_drbg_seed ret=0
2026-04-24T06:50:31.359-04:00 PYRONET_TLS_LIB_INIT_DONE
2026-04-24T06:50:31.359-04:00 PYRONET_TLS_LIB_INIT_OK role=client inst=@00000000
2026-04-24T06:50:31.359-04:00 PYRONET_TLS_CONNECT_ENTER sec=@20001e0c role=client certs=@20009320
2026-04-24T06:50:31.360-04:00 PYRONET_TLS_CONNECT_STEP step=config_defaults
2026-04-24T06:50:31.360-04:00 PYRONET_TLS_CONNECT_RET step=config_defaults ret=0
2026-04-24T06:50:31.360-04:00 PYRONET_TLS_CONNECT_STEP step=ssl_setup
2026-04-24T06:50:31.360-04:00 PYRONET_TLS_CONNECT_RET step=ssl_setup ret=0
2026-04-24T06:50:31.360-04:00 PYRONET_TLS_CONNECT_STEP step=certs
2026-04-24T06:50:31.360-04:00 PYRONET_TLS_CERTS_START certs=@20009320 own0=@000006a0 own_len0=693 key=@0000131c key_len=247 own_chain_len=480
2026-04-24T06:50:31.360-04:00 PYRONET_TLS_CERTS_PARSE_OWN index=0 len=693
2026-04-24T06:50:31.360-04:00 PYRONET_TLS_CERTS_PARSE_OWN_RET index=0 ret=0
2026-04-24T06:50:31.360-04:00 PYRONET_TLS_CERTS_PARSE_KEY len=247
2026-04-24T06:50:31.360-04:00 PYRONET_TLS_CERTS_PARSE_KEY_RET ret=0
2026-04-24T06:50:31.360-04:00 PYRONET_TLS_CERTS_OWN_CONF_RET ret=0
2026-04-24T06:50:31.361-04:00 PYRONET_TLS_CERTS_PARSE_TRUSTED index=0 len=639
2026-04-24T06:50:31.361-04:00 PYRONET_TLS_CERTS_PARSE_TRUSTED_RET index=0 ret=0
2026-04-24T06:50:31.361-04:00 PYRONET_TLS_CERTS_DONE ext_valid=0
2026-04-24T06:50:31.361-04:00 PYRONET_TLS_CONNECT_RET step=certs ret=0
2026-04-24T06:50:31.361-04:00 PYRONET_TLS_CONNECT_DONE
2026-04-24T06:50:31.362-04:00 PYRONET_TLS_LIB_CONNECT_OK role=client
2026-04-24T06:50:31.362-04:00 PYRONET_TLS_CONFIGURE_OK role=client
2026-04-24T06:50:31.362-04:00 PYRONET_TLS_PROCESS_START recv_total=0 recv_handled=0 send_pending=0 calculating=0
2026-04-24T06:50:31.362-04:00 PYRONET_TLS_HANDSHAKE_STEP_START step=0 state=0
2026-04-24T06:50:31.362-04:00 PYRONET_TLS_HANDSHAKE_STEP_RET step=0 ret=0 state=1
2026-04-24T06:50:31.362-04:00 PYRONET_TLS_HANDSHAKE_STEP_START step=1 state=1
2026-04-24T06:50:31.362-04:00 PYRONET_AES_ALT_ECB_ENTER seq=22 ctx=@20001f6c mode=1 ecb=@00005a64 in=@20001f4c out=@2001131c
2026-04-24T06:50:31.362-04:00 PYRONET_AES_ALT_ECB_OP_INIT seq=22
2026-04-24T06:50:31.362-04:00 PYRONET_AES_ALT_ECB_ENCRYPT_START seq=22
2026-04-24T06:50:31.362-04:00 PYRONET_AES_ALT_ECB_RET seq=22 ret=0
2026-04-24T06:50:31.362-04:00 PYRONET_AES_ALT_ECB_ENTER seq=23 ctx=@20001f6c mode=1 ecb=@00005a64 in=@20001f4c out=@2001131c
2026-04-24T06:50:31.363-04:00 PYRONET_AES_ALT_ECB_OP_INIT seq=23
2026-04-24T06:50:31.363-04:00 PYRONET_AES_ALT_ECB_ENCRYPT_START seq=23
2026-04-24T06:50:31.363-04:00 PYRONET_AES_ALT_ECB_RET seq=23 ret=0
2026-04-24T06:50:31.363-04:00 PYRONET_CTR_UPDATE_ENTER ctx=@20001f4c
2026-04-24T06:50:31.363-04:00 PYRONET_AES_ALT_ECB_ENTER seq=24 ctx=@20001f6c mode=1 ecb=@00005a64 in=@20001f4c out=@200143c4
2026-04-24T06:50:31.363-04:00 PYRONET_AES_ALT_ECB_OP_INIT seq=24
2026-04-24T06:50:31.364-04:00 PYRONET_AES_ALT_ECB_ENCRYPT_START seq=24
2026-04-24T06:50:31.364-04:00 PYRONET_AES_ALT_ECB_RET seq=24 ret=0
2026-04-24T06:50:31.364-04:00 PYRONET_CTR_UPDATE_CRYPT_DONE j=0
2026-04-24T06:50:31.364-04:00 PYRONET_AES_ALT_ECB_ENTER seq=25 ctx=@20001f6c mode=1 ecb=@00005a64 in=@20001f4c out=@200143d4
2026-04-24T06:50:31.364-04:00 PYRONET_AES_ALT_ECB_OP_INIT seq=25
2026-04-24T06:50:31.364-04:00 PYRONET_AES_ALT_ECB_ENCRYPT_START seq=25
2026-04-24T06:50:31.364-04:00 PYRONET_AES_ALT_ECB_RET seq=25 ret=0
2026-04-24T06:50:31.364-04:00 PYRONET_CTR_UPDATE_CRYPT_DONE j=16
2026-04-24T06:50:31.417-04:00 PYRONET_AES_ALT_ECB_ENTER seq=26 ctx=@20001f6c mode=1 ecb=@00005a64 in=@20001f4c out=@200143e4
2026-04-24T06:50:31.417-04:00 PYRONET_AES_ALT_ECB_OP_INIT seq=26
2026-04-24T06:50:31.417-04:00 PYRONET_AES_ALT_ECB_ENCRYPT_START seq=26
2026-04-24T06:50:31.417-04:00 PYRONET_AES_ALT_ECB_RET seq=26 ret=0
2026-04-24T06:50:31.417-04:00 PYRONET_CTR_UPDATE_CRYPT_DONE j=32
2026-04-24T06:50:31.417-04:00 PYRONET_CTR_UPDATE_SETKEY_START
2026-04-24T06:50:31.417-04:00 PYRONET_AES_ALT_SETKEY_ENTER seq=5 ctx=@20001f6c key=@200143c4 bits=256 key_bytes=32
2026-04-24T06:50:31.417-04:00 PYRONET_AES_ALT_SETKEY_MEMCPY_START seq=5 dst=@20001f7c src=@200143c4 len=32
2026-04-24T06:50:31.417-04:00 PYRONET_AES_ALT_SETKEY_MEMCPY_DONE seq=5 first=8f317c48
2026-04-24T06:50:31.417-04:00 PYRONET_AES_ALT_SETKEY_INITKEY_START seq=5 cryptoKey=@20001f6c
2026-04-24T06:50:31.417-04:00 PYRONET_AES_ALT_SETKEY_INITKEY_RET seq=5 ret=0
2026-04-24T06:50:31.418-04:00 PYRONET_AES_ALT_SETKEY_DONE seq=5 ret=0
2026-04-24T06:50:31.418-04:00 PYRONET_CTR_UPDATE_SETKEY_RET ret=0
2026-04-24T06:50:31.418-04:00 PYRONET_CTR_UPDATE_EXIT ret=0
2026-04-24T06:50:31.418-04:00 PYRONET_TLS_SEND_ALLOC header=5 buffer_len=980 data=@20005060
2026-04-24T06:50:31.418-04:00 PYRONET_TLS_SEND_BUFFERED len=80 handled=80 total=980
2026-04-24T06:50:31.419-04:00 PYRONET_TLS_HANDSHAKE_STEP_RET step=1 ret=0 state=2
2026-04-24T06:50:31.419-04:00 PYRONET_TLS_HANDSHAKE_STEP_START step=2 state=2
2026-04-24T06:50:31.419-04:00 PYRONET_TLS_HANDSHAKE_STEP_RET step=2 ret=-26880 state=2
2026-04-24T06:50:31.419-04:00 PYRONET_TLS_PROCESS_RESULT result=CONTINUE(0) send_data=1 send_len=980 handled_len=80
2026-04-24T06:50:31.420-04:00 PYRONET_EAPTLS_TLS_SEND_CB size=80 id=2 state=REQUEST
2026-04-24T06:50:31.420-04:00 PYRONET_TLS_SEND_TO_EAP result=0 len=80
2026-04-24T06:50:31.420-04:00 PYRONET_EAPTLS_TLS_RESP_TX_START id=2 flags=0x00 eapol_len=90 tls_total=80 tls_handled=0
2026-04-24T06:50:31.420-04:00 PYRONET_EAPTLS_TLS_RESP_TX_OK id=2
2026-04-24T06:50:31.420-04:00 PYRONET_WISUN_SEC_DIAG seq=10 event=10 a=0 b=80 c=0
2026-04-24T06:50:31.972-04:00 PYRONET_EAPTLS_RX state=REQUEST code=1 type=13 id=3 flags=0x00 len=794
2026-04-24T06:50:31.972-04:00 PYRONET_EAPTLS_MSG result=RECEIVE_DONE state=REQUEST id=3 flags=0x00 tls_len=789 new_seq=1
2026-04-24T06:50:31.972-04:00 PYRONET_TLS_PROCESS_START recv_total=788 recv_handled=0 send_pending=0 calculating=0
2026-04-24T06:50:31.972-04:00 PYRONET_TLS_HANDSHAKE_STEP_START step=0 state=2
2026-04-24T06:50:31.972-04:00 PYRONET_TLS_HANDSHAKE_STEP_RET step=0 ret=0 state=3
2026-04-24T06:50:33.742-04:00 PYRONET_TLS_HANDSHAKE_STEP_START step=1 state=3
2026-04-24T06:50:33.742-04:00 PYRONET_TLS_HANDSHAKE_STEP_RET step=1 ret=0 state=4
2026-04-24T06:50:35.455-04:00 PYRONET_TLS_HANDSHAKE_STEP_START step=2 state=4
2026-04-24T06:50:35.455-04:00 PYRONET_TLS_HANDSHAKE_STEP_RET step=2 ret=0 state=5
2026-04-24T06:50:35.455-04:00 PYRONET_TLS_HANDSHAKE_STEP_START step=3 state=5
2026-04-24T06:50:35.455-04:00 PYRONET_TLS_HANDSHAKE_STEP_RET step=3 ret=0 state=6
2026-04-24T06:50:35.455-04:00 PYRONET_TLS_HANDSHAKE_STEP_START step=4 state=6
2026-04-24T06:50:35.455-04:00 PYRONET_TLS_HANDSHAKE_STEP_RET step=4 ret=0 state=7
2026-04-24T06:50:35.456-04:00 PYRONET_TLS_HANDSHAKE_STEP_START step=5 state=7
2026-04-24T06:50:35.456-04:00 PYRONET_TLS_SEND_ALLOC header=5 buffer_len=980 data=@20005b1c
2026-04-24T06:50:35.456-04:00 PYRONET_TLS_SEND_BUFFERED len=475 handled=475 total=980
2026-04-24T06:50:35.456-04:00 PYRONET_TLS_HANDSHAKE_STEP_RET step=5 ret=0 state=8
2026-04-24T06:50:35.456-04:00 PYRONET_TLS_HANDSHAKE_STEP_START step=6 state=8
2026-04-24T06:50:35.456-04:00 PYRONET_AES_ALT_ECB_ENTER seq=27 ctx=@20001f6c mode=1 ecb=@00005a64 in=@20001f4c out=@200110ac
2026-04-24T06:50:35.456-04:00 PYRONET_AES_ALT_ECB_OP_INIT seq=27
2026-04-24T06:50:35.456-04:00 PYRONET_AES_ALT_ECB_ENCRYPT_START seq=27
2026-04-24T06:50:35.456-04:00 PYRONET_AES_ALT_ECB_RET seq=27 ret=0
2026-04-24T06:50:35.458-04:00 PYRONET_AES_ALT_ECB_ENTER seq=28 ctx=@20001f6c mode=1 ecb=@00005a64 in=@20001f4c out=@200110ac
2026-04-24T06:50:35.458-04:00 PYRONET_AES_ALT_ECB_OP_INIT seq=28
2026-04-24T06:50:35.459-04:00 PYRONET_AES_ALT_ECB_ENCRYPT_START seq=28
2026-04-24T06:50:35.459-04:00 PYRONET_AES_ALT_ECB_RET seq=28 ret=0
2026-04-24T06:50:35.459-04:00 PYRONET_CTR_UPDATE_ENTER ctx=@20001f4c
2026-04-24T06:50:35.459-04:00 PYRONET_AES_ALT_ECB_ENTER seq=29 ctx=@20001f6c mode=1 ecb=@00005a64 in=@20001f4c out=@200143c4
2026-04-24T06:50:35.459-04:00 PYRONET_AES_ALT_ECB_OP_INIT seq=29
2026-04-24T06:50:35.459-04:00 PYRONET_AES_ALT_ECB_ENCRYPT_START seq=29
2026-04-24T06:50:35.459-04:00 PYRONET_AES_ALT_ECB_RET seq=29 ret=0
2026-04-24T06:50:35.459-04:00 PYRONET_CTR_UPDATE_CRYPT_DONE j=0
2026-04-24T06:50:35.459-04:00 PYRONET_AES_ALT_ECB_ENTER seq=30 ctx=@20001f6c mode=1 ecb=@00005a64 in=@20001f4c out=@200143d4
2026-04-24T06:50:35.459-04:00 PYRONET_AES_ALT_ECB_OP_INIT seq=30
2026-04-24T06:50:35.459-04:00 PYRONET_AES_ALT_ECB_ENCRYPT_START seq=30
2026-04-24T06:50:35.460-04:00 PYRONET_AES_ALT_ECB_RET seq=30 ret=0
2026-04-24T06:50:35.460-04:00 PYRONET_CTR_UPDATE_CRYPT_DONE j=16
2026-04-24T06:50:35.517-04:00 PYRONET_AES_ALT_ECB_ENTER seq=31 ctx=@20001f6c mode=1 ecb=@00005a64 in=@20001f4c out=@200143e4
2026-04-24T06:50:35.517-04:00 PYRONET_AES_ALT_ECB_OP_INIT seq=31
2026-04-24T06:50:35.517-04:00 PYRONET_AES_ALT_ECB_ENCRYPT_START seq=31
2026-04-24T06:50:35.517-04:00 PYRONET_AES_ALT_ECB_RET seq=31 ret=0
2026-04-24T06:50:35.517-04:00 PYRONET_CTR_UPDATE_CRYPT_DONE j=32
2026-04-24T06:50:35.517-04:00 PYRONET_CTR_UPDATE_SETKEY_START
2026-04-24T06:50:35.518-04:00 PYRONET_AES_ALT_SETKEY_ENTER seq=6 ctx=@20001f6c key=@200143c4 bits=256 key_bytes=32
2026-04-24T06:50:35.518-04:00 PYRONET_AES_ALT_SETKEY_MEMCPY_START seq=6 dst=@20001f7c src=@200143c4 len=32
2026-04-24T06:50:35.518-04:00 PYRONET_AES_ALT_SETKEY_MEMCPY_DONE seq=6 first=3dea82b1
2026-04-24T06:50:35.518-04:00 PYRONET_AES_ALT_SETKEY_INITKEY_START seq=6 cryptoKey=@20001f6c
2026-04-24T06:50:35.518-04:00 PYRONET_AES_ALT_SETKEY_INITKEY_RET seq=6 ret=0
2026-04-24T06:50:35.518-04:00 PYRONET_AES_ALT_SETKEY_DONE seq=6 ret=0
2026-04-24T06:50:35.518-04:00 PYRONET_CTR_UPDATE_SETKEY_RET ret=0
2026-04-24T06:50:36.060-04:00 PYRONET_CTR_UPDATE_EXIT ret=0
2026-04-24T06:50:36.061-04:00 PYRONET_AES_ALT_ECB_ENTER seq=32 ctx=@20001f6c mode=1 ecb=@00005a64 in=@20001f4c out=@20010f44
2026-04-24T06:50:36.061-04:00 PYRONET_AES_ALT_ECB_OP_INIT seq=32
2026-04-24T06:50:36.061-04:00 PYRONET_AES_ALT_ECB_ENCRYPT_START seq=32
2026-04-24T06:50:36.061-04:00 PYRONET_AES_ALT_ECB_RET seq=32 ret=0
2026-04-24T06:50:36.061-04:00 PYRONET_AES_ALT_ECB_ENTER seq=33 ctx=@20001f6c mode=1 ecb=@00005a64 in=@20001f4c out=@20010f44
2026-04-24T06:50:36.061-04:00 PYRONET_AES_ALT_ECB_OP_INIT seq=33
2026-04-24T06:50:36.062-04:00 PYRONET_AES_ALT_ECB_ENCRYPT_START seq=33
2026-04-24T06:50:36.062-04:00 PYRONET_AES_ALT_ECB_RET seq=33 ret=0
2026-04-24T06:50:36.062-04:00 PYRONET_CTR_UPDATE_ENTER ctx=@20001f4c
2026-04-24T06:50:36.062-04:00 PYRONET_AES_ALT_ECB_ENTER seq=34 ctx=@20001f6c mode=1 ecb=@00005a64 in=@20001f4c out=@200143c4
2026-04-24T06:50:36.062-04:00 PYRONET_AES_ALT_ECB_OP_INIT seq=34
2026-04-24T06:50:36.062-04:00 PYRONET_AES_ALT_ECB_ENCRYPT_START seq=34
2026-04-24T06:50:36.062-04:00 PYRONET_AES_ALT_ECB_RET seq=34 ret=0
2026-04-24T06:50:36.062-04:00 PYRONET_CTR_UPDATE_CRYPT_DONE j=0
2026-04-24T06:50:36.065-04:00 PYRONET_AES_ALT_ECB_ENTER seq=35 ctx=@20001f6c mode=1 ecb=@00005a64 in=@20001f4c out=@200143d4
2026-04-24T06:50:36.065-04:00 PYRONET_AES_ALT_ECB_OP_INIT seq=35
2026-04-24T06:50:36.065-04:00 PYRONET_AES_ALT_ECB_ENCRYPT_START seq=35
2026-04-24T06:50:36.065-04:00 PYRONET_AES_ALT_ECB_RET seq=35 ret=0
2026-04-24T06:50:36.065-04:00 PYRONET_CTR_UPDATE_CRYPT_DONE j=16
2026-04-24T06:50:36.065-04:00 PYRONET_AES_ALT_ECB_ENTER seq=36 ctx=@20001f6c mode=1 ecb=@00005a64 in=@20001f4c out=@200143e4
2026-04-24T06:50:36.065-04:00 PYRONET_AES_ALT_ECB_OP_INIT seq=36
2026-04-24T06:50:36.066-04:00 PYRONET_AES_ALT_ECB_ENCRYPT_START seq=36
2026-04-24T06:50:36.066-04:00 PYRONET_AES_ALT_ECB_RET seq=36 ret=0
2026-04-24T06:50:36.066-04:00 PYRONET_CTR_UPDATE_CRYPT_DONE j=32
2026-04-24T06:50:36.066-04:00 PYRONET_CTR_UPDATE_SETKEY_START
2026-04-24T06:50:36.066-04:00 PYRONET_AES_ALT_SETKEY_ENTER seq=7 ctx=@20001f6c key=@200143c4 bits=256 key_bytes=32
2026-04-24T06:50:36.066-04:00 PYRONET_AES_ALT_SETKEY_MEMCPY_START seq=7 dst=@20001f7c src=@200143c4 len=32
2026-04-24T06:50:36.066-04:00 PYRONET_AES_ALT_SETKEY_MEMCPY_DONE seq=7 first=60a64ea9
2026-04-24T06:50:36.066-04:00 PYRONET_AES_ALT_SETKEY_INITKEY_START seq=7 cryptoKey=@20001f6c
2026-04-24T06:50:36.066-04:00 PYRONET_AES_ALT_SETKEY_INITKEY_RET seq=7 ret=0
2026-04-24T06:50:36.067-04:00 PYRONET_AES_ALT_SETKEY_DONE seq=7 ret=0
2026-04-24T06:50:36.067-04:00 PYRONET_CTR_UPDATE_SETKEY_RET ret=0
2026-04-24T06:50:36.337-04:00 PYRONET_CTR_UPDATE_EXIT ret=0
2026-04-24T06:50:36.338-04:00 PYRONET_AES_ALT_ECB_ENTER seq=37 ctx=@20001f6c mode=1 ecb=@00005a64 in=@20001f4c out=@20010f44
2026-04-24T06:50:36.338-04:00 PYRONET_AES_ALT_ECB_OP_INIT seq=37
2026-04-24T06:50:36.338-04:00 PYRONET_AES_ALT_ECB_ENCRYPT_START seq=37
2026-04-24T06:50:36.338-04:00 PYRONET_AES_ALT_ECB_RET seq=37 ret=0
2026-04-24T06:50:36.339-04:00 PYRONET_AES_ALT_ECB_ENTER seq=38 ctx=@20001f6c mode=1 ecb=@00005a64 in=@20001f4c out=@20010f44
2026-04-24T06:50:36.339-04:00 PYRONET_AES_ALT_ECB_OP_INIT seq=38
2026-04-24T06:50:36.339-04:00 PYRONET_AES_ALT_ECB_ENCRYPT_START seq=38
2026-04-24T06:50:36.339-04:00 PYRONET_AES_ALT_ECB_RET seq=38 ret=0
2026-04-24T06:50:36.339-04:00 PYRONET_CTR_UPDATE_ENTER ctx=@20001f4c
2026-04-24T06:50:36.339-04:00 PYRONET_AES_ALT_ECB_ENTER seq=39 ctx=@20001f6c mode=1 ecb=@00005a64 in=@20001f4c out=@200143c4
2026-04-24T06:50:36.339-04:00 PYRONET_AES_ALT_ECB_OP_INIT seq=39
2026-04-24T06:50:36.339-04:00 PYRONET_AES_ALT_ECB_ENCRYPT_START seq=39
2026-04-24T06:50:36.339-04:00 PYRONET_AES_ALT_ECB_RET seq=39 ret=0
2026-04-24T06:50:36.339-04:00 PYRONET_CTR_UPDATE_CRYPT_DONE j=0
2026-04-24T06:50:36.342-04:00 PYRONET_AES_ALT_ECB_ENTER seq=40 ctx=@20001f6c mode=1 ecb=@00005a64 in=@20001f4c out=@200143d4
2026-04-24T06:50:36.342-04:00 PYRONET_AES_ALT_ECB_OP_INIT seq=40
2026-04-24T06:50:36.343-04:00 PYRONET_AES_ALT_ECB_ENCRYPT_START seq=40
2026-04-24T06:50:36.343-04:00 PYRONET_AES_ALT_ECB_RET seq=40 ret=0
2026-04-24T06:50:36.343-04:00 PYRONET_CTR_UPDATE_CRYPT_DONE j=16
2026-04-24T06:50:36.343-04:00 PYRONET_AES_ALT_ECB_ENTER seq=41 ctx=@20001f6c mode=1 ecb=@00005a64 in=@20001f4c out=@200143e4
2026-04-24T06:50:36.343-04:00 PYRONET_AES_ALT_ECB_OP_INIT seq=41
2026-04-24T06:50:36.343-04:00 PYRONET_AES_ALT_ECB_ENCRYPT_START seq=41
2026-04-24T06:50:36.343-04:00 PYRONET_AES_ALT_ECB_RET seq=41 ret=0
2026-04-24T06:50:36.343-04:00 PYRONET_CTR_UPDATE_CRYPT_DONE j=32
2026-04-24T06:50:36.343-04:00 PYRONET_CTR_UPDATE_SETKEY_START
2026-04-24T06:50:36.343-04:00 PYRONET_AES_ALT_SETKEY_ENTER seq=8 ctx=@20001f6c key=@200143c4 bits=256 key_bytes=32
2026-04-24T06:50:36.344-04:00 PYRONET_AES_ALT_SETKEY_MEMCPY_START seq=8 dst=@20001f7c src=@200143c4 len=32
2026-04-24T06:50:36.344-04:00 PYRONET_AES_ALT_SETKEY_MEMCPY_DONE seq=8 first=f2946e42
2026-04-24T06:50:36.344-04:00 PYRONET_AES_ALT_SETKEY_INITKEY_START seq=8 cryptoKey=@20001f6c
2026-04-24T06:50:36.344-04:00 PYRONET_AES_ALT_SETKEY_INITKEY_RET seq=8 ret=0
2026-04-24T06:50:36.344-04:00 PYRONET_AES_ALT_SETKEY_DONE seq=8 ret=0
2026-04-24T06:50:36.344-04:00 PYRONET_CTR_UPDATE_SETKEY_RET ret=0
2026-04-24T06:50:36.831-04:00 PYRONET_CTR_UPDATE_EXIT ret=0
2026-04-24T06:50:36.832-04:00 PYRONET_AES_ALT_ECB_ENTER seq=42 ctx=@20001f6c mode=1 ecb=@00005a64 in=@20001f4c out=@20010f1c
2026-04-24T06:50:36.832-04:00 PYRONET_AES_ALT_ECB_OP_INIT seq=42
2026-04-24T06:50:36.832-04:00 PYRONET_AES_ALT_ECB_ENCRYPT_START seq=42
2026-04-24T06:50:36.832-04:00 PYRONET_AES_ALT_ECB_RET seq=42 ret=0
2026-04-24T06:50:36.832-04:00 PYRONET_AES_ALT_ECB_ENTER seq=43 ctx=@20001f6c mode=1 ecb=@00005a64 in=@20001f4c out=@20010f1c
2026-04-24T06:50:36.832-04:00 PYRONET_AES_ALT_ECB_OP_INIT seq=43
2026-04-24T06:50:36.832-04:00 PYRONET_AES_ALT_ECB_ENCRYPT_START seq=43
2026-04-24T06:50:36.832-04:00 PYRONET_AES_ALT_ECB_RET seq=43 ret=0
2026-04-24T06:50:36.832-04:00 PYRONET_CTR_UPDATE_ENTER ctx=@20001f4c
2026-04-24T06:50:36.833-04:00 PYRONET_AES_ALT_ECB_ENTER seq=44 ctx=@20001f6c mode=1 ecb=@00005a64 in=@20001f4c out=@200143c4
2026-04-24T06:50:36.833-04:00 PYRONET_AES_ALT_ECB_OP_INIT seq=44
2026-04-24T06:50:36.833-04:00 PYRONET_AES_ALT_ECB_ENCRYPT_START seq=44
2026-04-24T06:50:36.833-04:00 PYRONET_AES_ALT_ECB_RET seq=44 ret=0
2026-04-24T06:50:36.833-04:00 PYRONET_CTR_UPDATE_CRYPT_DONE j=0
2026-04-24T06:50:36.836-04:00 PYRONET_AES_ALT_ECB_ENTER seq=45 ctx=@20001f6c mode=1 ecb=@00005a64 in=@20001f4c out=@200143d4
2026-04-24T06:50:36.836-04:00 PYRONET_AES_ALT_ECB_OP_INIT seq=45
2026-04-24T06:50:36.836-04:00 PYRONET_AES_ALT_ECB_ENCRYPT_START seq=45
2026-04-24T06:50:36.836-04:00 PYRONET_AES_ALT_ECB_RET seq=45 ret=0
2026-04-24T06:50:36.836-04:00 PYRONET_CTR_UPDATE_CRYPT_DONE j=16
2026-04-24T06:50:36.836-04:00 PYRONET_AES_ALT_ECB_ENTER seq=46 ctx=@20001f6c mode=1 ecb=@00005a64 in=@20001f4c out=@200143e4
2026-04-24T06:50:36.837-04:00 PYRONET_AES_ALT_ECB_OP_INIT seq=46
2026-04-24T06:50:36.837-04:00 PYRONET_AES_ALT_ECB_ENCRYPT_START seq=46
2026-04-24T06:50:36.837-04:00 PYRONET_AES_ALT_ECB_RET seq=46 ret=0
2026-04-24T06:50:36.837-04:00 PYRONET_CTR_UPDATE_CRYPT_DONE j=32
2026-04-24T06:50:36.837-04:00 PYRONET_CTR_UPDATE_SETKEY_START
2026-04-24T06:50:36.837-04:00 PYRONET_AES_ALT_SETKEY_ENTER seq=9 ctx=@20001f6c key=@200143c4 bits=256 key_bytes=32
2026-04-24T06:50:36.837-04:00 PYRONET_AES_ALT_SETKEY_MEMCPY_START seq=9 dst=@20001f7c src=@200143c4 len=32
2026-04-24T06:50:36.837-04:00 PYRONET_AES_ALT_SETKEY_MEMCPY_DONE seq=9 first=90c6a5fc
2026-04-24T06:50:36.837-04:00 PYRONET_AES_ALT_SETKEY_INITKEY_START seq=9 cryptoKey=@20001f6c
2026-04-24T06:50:36.837-04:00 PYRONET_AES_ALT_SETKEY_INITKEY_RET seq=9 ret=0
2026-04-24T06:50:36.893-04:00 PYRONET_AES_ALT_SETKEY_DONE seq=9 ret=0
2026-04-24T06:50:36.894-04:00 PYRONET_CTR_UPDATE_SETKEY_RET ret=0
2026-04-24T06:50:37.164-04:00 PYRONET_CTR_UPDATE_EXIT ret=0
2026-04-24T06:50:37.165-04:00 PYRONET_AES_ALT_ECB_ENTER seq=47 ctx=@20001f6c mode=1 ecb=@00005a64 in=@20001f4c out=@20010f1c
2026-04-24T06:50:37.165-04:00 PYRONET_AES_ALT_ECB_OP_INIT seq=47
2026-04-24T06:50:37.165-04:00 PYRONET_AES_ALT_ECB_ENCRYPT_START seq=47
2026-04-24T06:50:37.165-04:00 PYRONET_AES_ALT_ECB_RET seq=47 ret=0
2026-04-24T06:50:37.165-04:00 PYRONET_AES_ALT_ECB_ENTER seq=48 ctx=@20001f6c mode=1 ecb=@00005a64 in=@20001f4c out=@20010f1c
2026-04-24T06:50:37.165-04:00 PYRONET_AES_ALT_ECB_OP_INIT seq=48
2026-04-24T06:50:37.165-04:00 PYRONET_AES_ALT_ECB_ENCRYPT_START seq=48
2026-04-24T06:50:37.165-04:00 PYRONET_AES_ALT_ECB_RET seq=48 ret=0
2026-04-24T06:50:37.166-04:00 PYRONET_CTR_UPDATE_ENTER ctx=@20001f4c
2026-04-24T06:50:37.166-04:00 PYRONET_AES_ALT_ECB_ENTER seq=49 ctx=@20001f6c mode=1 ecb=@00005a64 in=@20001f4c out=@200143c4
2026-04-24T06:50:37.166-04:00 PYRONET_AES_ALT_ECB_OP_INIT seq=49
2026-04-24T06:50:37.166-04:00 PYRONET_AES_ALT_ECB_ENCRYPT_START seq=49
2026-04-24T06:50:37.166-04:00 PYRONET_AES_ALT_ECB_RET seq=49 ret=0
2026-04-24T06:50:37.166-04:00 PYRONET_CTR_UPDATE_CRYPT_DONE j=0
2026-04-24T06:50:37.169-04:00 PYRONET_AES_ALT_ECB_ENTER seq=50 ctx=@20001f6c mode=1 ecb=@00005a64 in=@20001f4c out=@200143d4
2026-04-24T06:50:37.169-04:00 PYRONET_AES_ALT_ECB_OP_INIT seq=50
2026-04-24T06:50:37.169-04:00 PYRONET_AES_ALT_ECB_ENCRYPT_START seq=50
2026-04-24T06:50:37.169-04:00 PYRONET_AES_ALT_ECB_RET seq=50 ret=0
2026-04-24T06:50:37.169-04:00 PYRONET_CTR_UPDATE_CRYPT_DONE j=16
2026-04-24T06:50:37.170-04:00 PYRONET_AES_ALT_ECB_ENTER seq=51 ctx=@20001f6c mode=1 ecb=@00005a64 in=@20001f4c out=@200143e4
2026-04-24T06:50:37.170-04:00 PYRONET_AES_ALT_ECB_OP_INIT seq=51
2026-04-24T06:50:37.170-04:00 PYRONET_AES_ALT_ECB_ENCRYPT_START seq=51
2026-04-24T06:50:37.170-04:00 PYRONET_AES_ALT_ECB_RET seq=51 ret=0
2026-04-24T06:50:37.170-04:00 PYRONET_CTR_UPDATE_CRYPT_DONE j=32
2026-04-24T06:50:37.170-04:00 PYRONET_CTR_UPDATE_SETKEY_START
2026-04-24T06:50:37.170-04:00 PYRONET_AES_ALT_SETKEY_ENTER seq=10 ctx=@20001f6c key=@200143c4 bits=256 key_bytes=32
2026-04-24T06:50:37.170-04:00 PYRONET_AES_ALT_SETKEY_MEMCPY_START seq=10 dst=@20001f7c src=@200143c4 len=32
2026-04-24T06:50:37.171-04:00 PYRONET_AES_ALT_SETKEY_MEMCPY_DONE seq=10 first=e9f1e670
2026-04-24T06:50:37.171-04:00 PYRONET_AES_ALT_SETKEY_INITKEY_START seq=10 cryptoKey=@20001f6c
2026-04-24T06:50:37.229-04:00 PYRONET_AES_ALT_SETKEY_INITKEY_RET seq=10 ret=0
2026-04-24T06:50:37.229-04:00 PYRONET_AES_ALT_SETKEY_DONE seq=10 ret=0
2026-04-24T06:50:37.230-04:00 PYRONET_CTR_UPDATE_SETKEY_RET ret=0
2026-04-24T06:50:37.230-04:00 PYRONET_CTR_UPDATE_EXIT ret=0
2026-04-24T06:50:37.230-04:00 PYRONET_TLS_SEND_BUFFERED len=75 handled=550 total=980
2026-04-24T06:50:37.230-04:00 PYRONET_TLS_HANDSHAKE_STEP_RET step=6 ret=0 state=9
2026-04-24T06:50:37.230-04:00 PYRONET_TLS_HANDSHAKE_STEP_START step=7 state=9
2026-04-24T06:50:37.230-04:00 PYRONET_AES_ALT_INIT_ENTER ctx=@2000634c ref=1 ecb=@00005a64 cbc=@00005a54
2026-04-24T06:50:37.231-04:00 PYRONET_AES_ALT_INIT_DONE ctx=@2000634c ref=2
2026-04-24T06:50:37.231-04:00 PYRONET_AES_ALT_SETKEY_ENTER seq=11 ctx=@2000634c key=@20011024 bits=128 key_bytes=16
2026-04-24T06:50:37.231-04:00 PYRONET_AES_ALT_SETKEY_MEMCPY_START seq=11 dst=@2000635c src=@20011024 len=16
2026-04-24T06:50:37.231-04:00 PYRONET_AES_ALT_SETKEY_MEMCPY_DONE seq=11 first=36095348
2026-04-24T06:50:37.231-04:00 PYRONET_AES_ALT_SETKEY_INITKEY_START seq=11 cryptoKey=@2000634c
2026-04-24T06:50:37.231-04:00 PYRONET_AES_ALT_SETKEY_INITKEY_RET seq=11 ret=0
2026-04-24T06:50:37.232-04:00 PYRONET_AES_ALT_SETKEY_DONE seq=11 ret=0
2026-04-24T06:50:37.234-04:00 PYRONET_AES_ALT_INIT_ENTER ctx=@200065c8 ref=2 ecb=@00005a64 cbc=@00005a54
2026-04-24T06:50:37.234-04:00 PYRONET_AES_ALT_INIT_DONE ctx=@200065c8 ref=3
2026-04-24T06:50:37.234-04:00 PYRONET_AES_ALT_SETKEY_ENTER seq=12 ctx=@200065c8 key=@20011034 bits=128 key_bytes=16
2026-04-24T06:50:37.234-04:00 PYRONET_AES_ALT_SETKEY_MEMCPY_START seq=12 dst=@200065d8 src=@20011034 len=16
2026-04-24T06:50:37.234-04:00 PYRONET_AES_ALT_SETKEY_MEMCPY_DONE seq=12 first=ac3147f9
2026-04-24T06:50:37.234-04:00 PYRONET_AES_ALT_SETKEY_INITKEY_START seq=12 cryptoKey=@200065c8
2026-04-24T06:50:37.234-04:00 PYRONET_AES_ALT_SETKEY_INITKEY_RET seq=12 ret=0
2026-04-24T06:50:37.235-04:00 PYRONET_AES_ALT_SETKEY_DONE seq=12 ret=0
2026-04-24T06:50:37.235-04:00 PYRONET_AES_ALT_ECB_ENTER seq=52 ctx=@20001f6c mode=1 ecb=@00005a64 in=@20001f4c out=@20010edc
2026-04-24T06:50:37.235-04:00 PYRONET_AES_ALT_ECB_OP_INIT seq=52
2026-04-24T06:50:37.235-04:00 PYRONET_AES_ALT_ECB_ENCRYPT_START seq=52
2026-04-24T06:50:37.235-04:00 PYRONET_AES_ALT_ECB_RET seq=52 ret=0
2026-04-24T06:50:37.235-04:00 PYRONET_AES_ALT_ECB_ENTER seq=53 ctx=@20001f6c mode=1 ecb=@00005a64 in=@20001f4c out=@20010edc
2026-04-24T06:50:37.237-04:00 PYRONET_AES_ALT_ECB_OP_INIT seq=53
2026-04-24T06:50:37.237-04:00 PYRONET_AES_ALT_ECB_ENCRYPT_START seq=53
2026-04-24T06:50:37.237-04:00 PYRONET_AES_ALT_ECB_RET seq=53 ret=0
2026-04-24T06:50:37.237-04:00 PYRONET_CTR_UPDATE_ENTER ctx=@20001f4c
2026-04-24T06:50:37.237-04:00 PYRONET_AES_ALT_ECB_ENTER seq=54 ctx=@20001f6c mode=1 ecb=@00005a64 in=@20001f4c out=@200143c4
2026-04-24T06:50:37.237-04:00 PYRONET_AES_ALT_ECB_OP_INIT seq=54
2026-04-24T06:50:37.238-04:00 PYRONET_AES_ALT_ECB_ENCRYPT_START seq=54
2026-04-24T06:50:37.238-04:00 PYRONET_AES_ALT_ECB_RET seq=54 ret=0
2026-04-24T06:50:37.238-04:00 PYRONET_CTR_UPDATE_CRYPT_DONE j=0
2026-04-24T06:50:37.238-04:00 PYRONET_AES_ALT_ECB_ENTER seq=55 ctx=@20001f6c mode=1 ecb=@00005a64 in=@20001f4c out=@200143d4
2026-04-24T06:50:37.238-04:00 PYRONET_AES_ALT_ECB_OP_INIT seq=55
2026-04-24T06:50:37.238-04:00 PYRONET_AES_ALT_ECB_ENCRYPT_START seq=55
2026-04-24T06:50:37.238-04:00 PYRONET_AES_ALT_ECB_RET seq=55 ret=0
2026-04-24T06:50:37.238-04:00 PYRONET_CTR_UPDATE_CRYPT_DONE j=16
2026-04-24T06:50:37.238-04:00 PYRONET_AES_ALT_ECB_ENTER seq=56 ctx=@20001f6c mode=1 ecb=@00005a64 in=@20001f4c out=@200143e4
2026-04-24T06:50:37.238-04:00 PYRONET_AES_ALT_ECB_OP_INIT seq=56
2026-04-24T06:50:37.239-04:00 PYRONET_AES_ALT_ECB_ENCRYPT_START seq=56
2026-04-24T06:50:37.239-04:00 PYRONET_AES_ALT_ECB_RET seq=56 ret=0
2026-04-24T06:50:37.296-04:00 PYRONET_CTR_UPDATE_CRYPT_DONE j=32
2026-04-24T06:50:37.296-04:00 PYRONET_CTR_UPDATE_SETKEY_START
2026-04-24T06:50:37.296-04:00 PYRONET_AES_ALT_SETKEY_ENTER seq=13 ctx=@20001f6c key=@200143c4 bits=256 key_bytes=32
2026-04-24T06:50:37.297-04:00 PYRONET_AES_ALT_SETKEY_MEMCPY_START seq=13 dst=@20001f7c src=@200143c4 len=32
2026-04-24T06:50:37.297-04:00 PYRONET_AES_ALT_SETKEY_MEMCPY_DONE seq=13 first=fe20041
2026-04-24T06:50:37.297-04:00 PYRONET_AES_ALT_SETKEY_INITKEY_START seq=13 cryptoKey=@20001f6c
2026-04-24T06:50:37.297-04:00 PYRONET_AES_ALT_SETKEY_INITKEY_RET seq=13 ret=0
2026-04-24T06:50:37.297-04:00 PYRONET_AES_ALT_SETKEY_DONE seq=13 ret=0
2026-04-24T06:50:37.297-04:00 PYRONET_CTR_UPDATE_SETKEY_RET ret=0
2026-04-24T06:50:37.835-04:00 PYRONET_CTR_UPDATE_EXIT ret=0
2026-04-24T06:50:37.836-04:00 PYRONET_AES_ALT_ECB_ENTER seq=57 ctx=@20001f6c mode=1 ecb=@00005a64 in=@20001f4c out=@20010d74
2026-04-24T06:50:37.836-04:00 PYRONET_AES_ALT_ECB_OP_INIT seq=57
2026-04-24T06:50:37.836-04:00 PYRONET_AES_ALT_ECB_ENCRYPT_START seq=57
2026-04-24T06:50:37.836-04:00 PYRONET_AES_ALT_ECB_RET seq=57 ret=0
2026-04-24T06:50:37.837-04:00 PYRONET_AES_ALT_ECB_ENTER seq=58 ctx=@20001f6c mode=1 ecb=@00005a64 in=@20001f4c out=@20010d74
2026-04-24T06:50:37.837-04:00 PYRONET_AES_ALT_ECB_OP_INIT seq=58
2026-04-24T06:50:37.837-04:00 PYRONET_AES_ALT_ECB_ENCRYPT_START seq=58
2026-04-24T06:50:37.837-04:00 PYRONET_AES_ALT_ECB_RET seq=58 ret=0
2026-04-24T06:50:37.837-04:00 PYRONET_CTR_UPDATE_ENTER ctx=@20001f4c
2026-04-24T06:50:37.837-04:00 PYRONET_AES_ALT_ECB_ENTER seq=59 ctx=@20001f6c mode=1 ecb=@00005a64 in=@20001f4c out=@200143c4
2026-04-24T06:50:37.837-04:00 PYRONET_AES_ALT_ECB_OP_INIT seq=59
2026-04-24T06:50:37.837-04:00 PYRONET_AES_ALT_ECB_ENCRYPT_START seq=59
2026-04-24T06:50:37.837-04:00 PYRONET_AES_ALT_ECB_RET seq=59 ret=0
2026-04-24T06:50:37.838-04:00 PYRONET_CTR_UPDATE_CRYPT_DONE j=0
2026-04-24T06:50:37.840-04:00 PYRONET_AES_ALT_ECB_ENTER seq=60 ctx=@20001f6c mode=1 ecb=@00005a64 in=@20001f4c out=@200143d4
2026-04-24T06:50:37.841-04:00 PYRONET_AES_ALT_ECB_OP_INIT seq=60
2026-04-24T06:50:37.841-04:00 PYRONET_AES_ALT_ECB_ENCRYPT_START seq=60
2026-04-24T06:50:37.841-04:00 PYRONET_AES_ALT_ECB_RET seq=60 ret=0
2026-04-24T06:50:37.841-04:00 PYRONET_CTR_UPDATE_CRYPT_DONE j=16
2026-04-24T06:50:37.841-04:00 PYRONET_AES_ALT_ECB_ENTER seq=61 ctx=@20001f6c mode=1 ecb=@00005a64 in=@20001f4c out=@200143e4
2026-04-24T06:50:37.841-04:00 PYRONET_AES_ALT_ECB_OP_INIT seq=61
2026-04-24T06:50:37.841-04:00 PYRONET_AES_ALT_ECB_ENCRYPT_START seq=61
2026-04-24T06:50:37.841-04:00 PYRONET_AES_ALT_ECB_RET seq=61 ret=0
2026-04-24T06:50:37.842-04:00 PYRONET_CTR_UPDATE_CRYPT_DONE j=32
2026-04-24T06:50:37.842-04:00 PYRONET_CTR_UPDATE_SETKEY_START
2026-04-24T06:50:37.842-04:00 PYRONET_AES_ALT_SETKEY_ENTER seq=14 ctx=@20001f6c key=@200143c4 bits=256 key_bytes=32
2026-04-24T06:50:37.842-04:00 PYRONET_AES_ALT_SETKEY_MEMCPY_START seq=14 dst=@20001f7c src=@200143c4 len=32
2026-04-24T06:50:37.842-04:00 PYRONET_AES_ALT_SETKEY_MEMCPY_DONE seq=14 first=c2348a4b
2026-04-24T06:50:37.842-04:00 PYRONET_AES_ALT_SETKEY_INITKEY_START seq=14 cryptoKey=@20001f6c
2026-04-24T06:50:37.842-04:00 PYRONET_AES_ALT_SETKEY_INITKEY_RET seq=14 ret=0
2026-04-24T06:50:37.843-04:00 PYRONET_AES_ALT_SETKEY_DONE seq=14 ret=0
2026-04-24T06:50:37.843-04:00 PYRONET_CTR_UPDATE_SETKEY_RET ret=0
2026-04-24T06:50:38.109-04:00 PYRONET_CTR_UPDATE_EXIT ret=0
2026-04-24T06:50:38.110-04:00 PYRONET_AES_ALT_ECB_ENTER seq=62 ctx=@20001f6c mode=1 ecb=@00005a64 in=@20001f4c out=@20010d74
2026-04-24T06:50:38.110-04:00 PYRONET_AES_ALT_ECB_OP_INIT seq=62
2026-04-24T06:50:38.110-04:00 PYRONET_AES_ALT_ECB_ENCRYPT_START seq=62
2026-04-24T06:50:38.110-04:00 PYRONET_AES_ALT_ECB_RET seq=62 ret=0
2026-04-24T06:50:38.110-04:00 PYRONET_AES_ALT_ECB_ENTER seq=63 ctx=@20001f6c mode=1 ecb=@00005a64 in=@20001f4c out=@20010d74
2026-04-24T06:50:38.110-04:00 PYRONET_AES_ALT_ECB_OP_INIT seq=63
2026-04-24T06:50:38.110-04:00 PYRONET_AES_ALT_ECB_ENCRYPT_START seq=63
2026-04-24T06:50:38.110-04:00 PYRONET_AES_ALT_ECB_RET seq=63 ret=0
2026-04-24T06:50:38.110-04:00 PYRONET_CTR_UPDATE_ENTER ctx=@20001f4c
2026-04-24T06:50:38.110-04:00 PYRONET_AES_ALT_ECB_ENTER seq=64 ctx=@20001f6c mode=1 ecb=@00005a64 in=@20001f4c out=@200143c4
2026-04-24T06:50:38.111-04:00 PYRONET_AES_ALT_ECB_OP_INIT seq=64
2026-04-24T06:50:38.111-04:00 PYRONET_AES_ALT_ECB_ENCRYPT_START seq=64
2026-04-24T06:50:38.111-04:00 PYRONET_AES_ALT_ECB_RET seq=64 ret=0
2026-04-24T06:50:38.111-04:00 PYRONET_CTR_UPDATE_CRYPT_DONE j=0
2026-04-24T06:50:38.113-04:00 PYRONET_AES_ALT_ECB_ENTER seq=65 ctx=@20001f6c mode=1 ecb=@00005a64 in=@20001f4c out=@200143d4
2026-04-24T06:50:38.113-04:00 PYRONET_AES_ALT_ECB_OP_INIT seq=65
2026-04-24T06:50:38.113-04:00 PYRONET_AES_ALT_ECB_ENCRYPT_START seq=65
2026-04-24T06:50:38.113-04:00 PYRONET_AES_ALT_ECB_RET seq=65 ret=0
2026-04-24T06:50:38.113-04:00 PYRONET_CTR_UPDATE_CRYPT_DONE j=16
2026-04-24T06:50:38.113-04:00 PYRONET_AES_ALT_ECB_ENTER seq=66 ctx=@20001f6c mode=1 ecb=@00005a64 in=@20001f4c out=@200143e4
2026-04-24T06:50:38.113-04:00 PYRONET_AES_ALT_ECB_OP_INIT seq=66
2026-04-24T06:50:38.113-04:00 PYRONET_AES_ALT_ECB_ENCRYPT_START seq=66
2026-04-24T06:50:38.114-04:00 PYRONET_AES_ALT_ECB_RET seq=66 ret=0
2026-04-24T06:50:38.114-04:00 PYRONET_CTR_UPDATE_CRYPT_DONE j=32
2026-04-24T06:50:38.114-04:00 PYRONET_CTR_UPDATE_SETKEY_START
2026-04-24T06:50:38.114-04:00 PYRONET_AES_ALT_SETKEY_ENTER seq=15 ctx=@20001f6c key=@200143c4 bits=256 key_bytes=32
2026-04-24T06:50:38.114-04:00 PYRONET_AES_ALT_SETKEY_MEMCPY_START seq=15 dst=@20001f7c src=@200143c4 len=32
2026-04-24T06:50:38.114-04:00 PYRONET_AES_ALT_SETKEY_MEMCPY_DONE seq=15 first=18ca843a
2026-04-24T06:50:38.114-04:00 PYRONET_AES_ALT_SETKEY_INITKEY_START seq=15 cryptoKey=@20001f6c
2026-04-24T06:50:38.114-04:00 PYRONET_AES_ALT_SETKEY_INITKEY_RET seq=15 ret=0
2026-04-24T06:50:38.116-04:00 PYRONET_AES_ALT_SETKEY_DONE seq=15 ret=0
2026-04-24T06:50:38.116-04:00 PYRONET_CTR_UPDATE_SETKEY_RET ret=0
2026-04-24T06:50:38.116-04:00 PYRONET_CTR_UPDATE_EXIT ret=0
2026-04-24T06:50:38.116-04:00 PYRONET_AES_ALT_ECB_ENTER seq=67 ctx=@20001f6c mode=1 ecb=@00005a64 in=@20001f4c out=@20010edc
2026-04-24T06:50:38.117-04:00 PYRONET_AES_ALT_ECB_OP_INIT seq=67
2026-04-24T06:50:38.117-04:00 PYRONET_AES_ALT_ECB_ENCRYPT_START seq=67
2026-04-24T06:50:38.117-04:00 PYRONET_AES_ALT_ECB_RET seq=67 ret=0
2026-04-24T06:50:38.117-04:00 PYRONET_AES_ALT_ECB_ENTER seq=68 ctx=@20001f6c mode=1 ecb=@00005a64 in=@20001f4c out=@20010edc
2026-04-24T06:50:38.117-04:00 PYRONET_AES_ALT_ECB_OP_INIT seq=68
2026-04-24T06:50:38.117-04:00 PYRONET_AES_ALT_ECB_ENCRYPT_START seq=68
2026-04-24T06:50:38.117-04:00 PYRONET_AES_ALT_ECB_RET seq=68 ret=0
2026-04-24T06:50:38.117-04:00 PYRONET_CTR_UPDATE_ENTER ctx=@20001f4c
2026-04-24T06:50:38.117-04:00 PYRONET_AES_ALT_ECB_ENTER seq=69 ctx=@20001f6c mode=1 ecb=@00005a64 in=@20001f4c out=@200143c4
2026-04-24T06:50:38.117-04:00 PYRONET_AES_ALT_ECB_OP_INIT seq=69
2026-04-24T06:50:38.117-04:00 PYRONET_AES_ALT_ECB_ENCRYPT_START seq=69
2026-04-24T06:50:38.117-04:00 PYRONET_AES_ALT_ECB_RET seq=69 ret=0
2026-04-24T06:50:38.119-04:00 PYRONET_CTR_UPDATE_CRYPT_DONE j=0
2026-04-24T06:50:38.119-04:00 PYRONET_AES_ALT_ECB_ENTER seq=70 ctx=@20001f6c mode=1 ecb=@00005a64 in=@20001f4c out=@200143d4
2026-04-24T06:50:38.119-04:00 PYRONET_AES_ALT_ECB_OP_INIT seq=70
2026-04-24T06:50:38.119-04:00 PYRONET_AES_ALT_ECB_ENCRYPT_START seq=70
2026-04-24T06:50:38.119-04:00 PYRONET_AES_ALT_ECB_RET seq=70 ret=0
2026-04-24T06:50:38.119-04:00 PYRONET_CTR_UPDATE_CRYPT_DONE j=16
2026-04-24T06:50:38.119-04:00 PYRONET_AES_ALT_ECB_ENTER seq=71 ctx=@20001f6c mode=1 ecb=@00005a64 in=@20001f4c out=@200143e4
2026-04-24T06:50:38.120-04:00 PYRONET_AES_ALT_ECB_OP_INIT seq=71
2026-04-24T06:50:38.120-04:00 PYRONET_AES_ALT_ECB_ENCRYPT_START seq=71
2026-04-24T06:50:38.120-04:00 PYRONET_AES_ALT_ECB_RET seq=71 ret=0
2026-04-24T06:50:38.120-04:00 PYRONET_CTR_UPDATE_CRYPT_DONE j=32
2026-04-24T06:50:38.120-04:00 PYRONET_CTR_UPDATE_SETKEY_START
2026-04-24T06:50:38.120-04:00 PYRONET_AES_ALT_SETKEY_ENTER seq=16 ctx=@20001f6c key=@200143c4 bits=256 key_bytes=32
2026-04-24T06:50:38.120-04:00 PYRONET_AES_ALT_SETKEY_MEMCPY_START seq=16 dst=@20001f7c src=@200143c4 len=32
2026-04-24T06:50:38.120-04:00 PYRONET_AES_ALT_SETKEY_MEMCPY_DONE seq=16 first=6fe38ad3
2026-04-24T06:50:38.120-04:00 PYRONET_AES_ALT_SETKEY_INITKEY_START seq=16 cryptoKey=@20001f6c
2026-04-24T06:50:38.177-04:00 PYRONET_AES_ALT_SETKEY_INITKEY_RET seq=16 ret=0
2026-04-24T06:50:38.177-04:00 PYRONET_AES_ALT_SETKEY_DONE seq=16 ret=0
2026-04-24T06:50:38.177-04:00 PYRONET_CTR_UPDATE_SETKEY_RET ret=0
2026-04-24T06:50:38.177-04:00 PYRONET_CTR_UPDATE_EXIT ret=0
2026-04-24T06:50:38.177-04:00 PYRONET_TLS_SEND_BUFFERED len=83 handled=633 total=980
2026-04-24T06:50:38.177-04:00 PYRONET_TLS_HANDSHAKE_STEP_RET step=7 ret=0 state=10
2026-04-24T06:50:38.177-04:00 PYRONET_TLS_HANDSHAKE_STEP_START step=8 state=10
2026-04-24T06:50:38.177-04:00 PYRONET_TLS_SEND_BUFFERED len=6 handled=639 total=980
2026-04-24T06:50:38.177-04:00 PYRONET_TLS_HANDSHAKE_STEP_RET step=8 ret=0 state=11
2026-04-24T06:50:38.177-04:00 PYRONET_TLS_HANDSHAKE_STEP_START step=9 state=11
2026-04-24T06:50:38.178-04:00 PYRONET_AES_ALT_ECB_ENTER seq=72 ctx=@2000634c mode=1 ecb=@00005a64 in=@200110e8 out=@200110e8
2026-04-24T06:50:38.178-04:00 PYRONET_AES_ALT_ECB_OP_INIT seq=72
2026-04-24T06:50:38.178-04:00 PYRONET_AES_ALT_ECB_ENCRYPT_START seq=72
2026-04-24T06:50:38.178-04:00 PYRONET_AES_ALT_ECB_RET seq=72 ret=0
2026-04-24T06:50:38.178-04:00 PYRONET_AES_ALT_ECB_ENTER seq=73 ctx=@2000634c mode=1 ecb=@00005a64 in=@200110e8 out=@200110e8
2026-04-24T06:50:38.178-04:00 PYRONET_AES_ALT_ECB_OP_INIT seq=73
2026-04-24T06:50:38.180-04:00 PYRONET_AES_ALT_ECB_ENCRYPT_START seq=73
2026-04-24T06:50:38.180-04:00 PYRONET_AES_ALT_ECB_RET seq=73 ret=0
2026-04-24T06:50:38.180-04:00 PYRONET_AES_ALT_ECB_ENTER seq=74 ctx=@2000634c mode=1 ecb=@00005a64 in=@200110e8 out=@200110e8
2026-04-24T06:50:38.180-04:00 PYRONET_AES_ALT_ECB_OP_INIT seq=74
2026-04-24T06:50:38.181-04:00 PYRONET_AES_ALT_ECB_ENCRYPT_START seq=74
2026-04-24T06:50:38.181-04:00 PYRONET_AES_ALT_ECB_RET seq=74 ret=0
2026-04-24T06:50:38.181-04:00 PYRONET_AES_ALT_ECB_ENTER seq=75 ctx=@2000634c mode=1 ecb=@00005a64 in=@200110d8 out=@200110f8
2026-04-24T06:50:38.181-04:00 PYRONET_AES_ALT_ECB_OP_INIT seq=75
2026-04-24T06:50:38.181-04:00 PYRONET_AES_ALT_ECB_ENCRYPT_START seq=75
2026-04-24T06:50:38.181-04:00 PYRONET_AES_ALT_ECB_RET seq=75 ret=0
2026-04-24T06:50:38.181-04:00 PYRONET_AES_ALT_ECB_ENTER seq=76 ctx=@2000634c mode=1 ecb=@00005a64 in=@200110d8 out=@200110f8
2026-04-24T06:50:38.181-04:00 PYRONET_AES_ALT_ECB_OP_INIT seq=76
2026-04-24T06:50:38.181-04:00 PYRONET_AES_ALT_ECB_ENCRYPT_START seq=76
2026-04-24T06:50:38.181-04:00 PYRONET_AES_ALT_ECB_RET seq=76 ret=0
2026-04-24T06:50:38.181-04:00 PYRONET_TLS_SEND_BUFFERED len=37 handled=676 total=980
2026-04-24T06:50:38.182-04:00 PYRONET_TLS_HANDSHAKE_STEP_RET step=9 ret=0 state=12
2026-04-24T06:50:38.182-04:00 PYRONET_TLS_HANDSHAKE_STEP_START step=10 state=12
2026-04-24T06:50:38.240-04:00 PYRONET_TLS_HANDSHAKE_STEP_RET step=10 ret=-26880 state=12
2026-04-24T06:50:38.240-04:00 PYRONET_TLS_PROCESS_RESULT result=CONTINUE(0) send_data=1 send_len=980 handled_len=676
2026-04-24T06:50:38.241-04:00 PYRONET_EAPTLS_TLS_SEND_CB size=676 id=3 state=REQUEST
2026-04-24T06:50:38.241-04:00 PYRONET_TLS_SEND_TO_EAP result=0 len=676
2026-04-24T06:50:38.241-04:00 PYRONET_EAPTLS_TLS_RESP_TX_START id=3 flags=0xc0 eapol_len=614 tls_total=676 tls_handled=0
2026-04-24T06:50:38.241-04:00 PYRONET_EAPTLS_TLS_RESP_TX_OK id=3
2026-04-24T06:50:38.241-04:00 PYRONET_WISUN_SEC_DIAG seq=14 event=10 a=0 b=676 c=0
2026-04-24T06:50:38.412-04:00 PYRONET_EAPTLS_RX state=REQUEST code=1 type=13 id=4 flags=0x00 len=6
2026-04-24T06:50:38.412-04:00 PYRONET_EAPTLS_MSG result=FAIL state=REQUEST id=4 flags=0x00 tls_len=1 new_seq=1
2026-04-24T06:50:38.412-04:00 PYRONET_EAPTLS_TLS_RESP_TX_START id=4 flags=0x00 eapol_len=86 tls_total=676 tls_handled=600
2026-04-24T06:50:38.412-04:00 PYRONET_EAPTLS_TLS_RESP_TX_OK id=4
2026-04-24T06:50:38.413-04:00 PYRONET_WISUN_SEC_DIAG seq=15 event=1 a=13 b=4 c=6
2026-04-24T06:50:38.527-04:00 PYRONET_EAPTLS_RX state=REQUEST code=1 type=13 id=5 flags=0x00 len=49
2026-04-24T06:50:38.527-04:00 PYRONET_EAPTLS_MSG result=RECEIVE_DONE state=REQUEST id=5 flags=0x00 tls_len=44 new_seq=1
2026-04-24T06:50:38.527-04:00 PYRONET_TLS_PROCESS_START recv_total=43 recv_handled=0 send_pending=0 calculating=0
2026-04-24T06:50:38.527-04:00 PYRONET_TLS_HANDSHAKE_STEP_START step=0 state=12
2026-04-24T06:50:38.528-04:00 PYRONET_TLS_HANDSHAKE_STEP_RET step=0 ret=0 state=13
2026-04-24T06:50:38.528-04:00 PYRONET_TLS_HANDSHAKE_STEP_START step=1 state=13
2026-04-24T06:50:38.528-04:00 PYRONET_AES_ALT_ECB_ENTER seq=77 ctx=@200065c8 mode=1 ecb=@00005a64 in=@20011028 out=@20011028
2026-04-24T06:50:38.528-04:00 PYRONET_AES_ALT_ECB_OP_INIT seq=77
2026-04-24T06:50:38.528-04:00 PYRONET_AES_ALT_ECB_ENCRYPT_START seq=77
2026-04-24T06:50:38.528-04:00 PYRONET_AES_ALT_ECB_RET seq=77 ret=0
2026-04-24T06:50:38.528-04:00 PYRONET_AES_ALT_ECB_ENTER seq=78 ctx=@200065c8 mode=1 ecb=@00005a64 in=@20011028 out=@20011028
2026-04-24T06:50:38.528-04:00 PYRONET_AES_ALT_ECB_OP_INIT seq=78
2026-04-24T06:50:38.529-04:00 PYRONET_AES_ALT_ECB_ENCRYPT_START seq=78
2026-04-24T06:50:38.531-04:00 PYRONET_AES_ALT_ECB_RET seq=78 ret=0
2026-04-24T06:50:38.531-04:00 PYRONET_AES_ALT_ECB_ENTER seq=79 ctx=@200065c8 mode=1 ecb=@00005a64 in=@20011018 out=@20011038
2026-04-24T06:50:38.531-04:00 PYRONET_AES_ALT_ECB_OP_INIT seq=79
2026-04-24T06:50:38.531-04:00 PYRONET_AES_ALT_ECB_ENCRYPT_START seq=79
2026-04-24T06:50:38.531-04:00 PYRONET_AES_ALT_ECB_RET seq=79 ret=0
2026-04-24T06:50:38.531-04:00 PYRONET_AES_ALT_ECB_ENTER seq=80 ctx=@200065c8 mode=1 ecb=@00005a64 in=@20011028 out=@20011028
2026-04-24T06:50:38.531-04:00 PYRONET_AES_ALT_ECB_OP_INIT seq=80
2026-04-24T06:50:38.532-04:00 PYRONET_AES_ALT_ECB_ENCRYPT_START seq=80
2026-04-24T06:50:38.532-04:00 PYRONET_AES_ALT_ECB_RET seq=80 ret=0
2026-04-24T06:50:38.532-04:00 PYRONET_AES_ALT_ECB_ENTER seq=81 ctx=@200065c8 mode=1 ecb=@00005a64 in=@20011018 out=@20011038
2026-04-24T06:50:38.532-04:00 PYRONET_AES_ALT_ECB_OP_INIT seq=81
2026-04-24T06:50:38.532-04:00 PYRONET_AES_ALT_ECB_ENCRYPT_START seq=81
2026-04-24T06:50:38.532-04:00 PYRONET_AES_ALT_ECB_RET seq=81 ret=0
2026-04-24T06:50:38.532-04:00 PYRONET_TLS_HANDSHAKE_STEP_RET step=1 ret=0 state=14
2026-04-24T06:50:38.532-04:00 PYRONET_TLS_HANDSHAKE_STEP_START step=2 state=14
2026-04-24T06:50:38.534-04:00 PYRONET_TLS_HANDSHAKE_STEP_RET step=2 ret=0 state=15
2026-04-24T06:50:38.534-04:00 PYRONET_TLS_HANDSHAKE_STEP_START step=3 state=15
2026-04-24T06:50:38.534-04:00 PYRONET_TLS_HANDSHAKE_STEP_RET step=3 ret=0 state=16
2026-04-24T06:50:38.534-04:00 PYRONET_TLS_PROCESS_RESULT result=HANDSHAKE_OVER(2) send_data=0 send_len=0 handled_len=0
2026-04-24T06:50:38.535-04:00 PYRONET_TLS_FINISH result=0 library_init=1 finished=0
2026-04-24T06:50:38.535-04:00 PYRONET_AES_ALT_FREE_ENTER ctx=@20001f6c ref=3 ecb=@00005a64 cbc=@00005a54
2026-04-24T06:50:38.535-04:00 PYRONET_AES_ALT_FREE_DONE ctx=@20001f6c ref=2
2026-04-24T06:50:38.535-04:00 PYRONET_AES_ALT_FREE_ENTER ctx=@2000634c ref=2 ecb=@00005a64 cbc=@00005a54
2026-04-24T06:50:38.535-04:00 PYRONET_AES_ALT_FREE_DONE ctx=@2000634c ref=1
2026-04-24T06:50:38.535-04:00 PYRONET_AES_ALT_FREE_ENTER ctx=@200065c8 ref=1 ecb=@00005a64 cbc=@00005a54
2026-04-24T06:50:38.535-04:00 PYRONET_AES_ALT_FREE_DONE ctx=@200065c8 ref=0
2026-04-24T06:50:38.535-04:00 PYRONET_EAPTLS_TLS_RESP_TX_START id=5 flags=0x00 eapol_len=10 tls_total=0 tls_handled=0
2026-04-24T06:50:38.535-04:00 PYRONET_EAPTLS_TLS_RESP_TX_OK id=5
2026-04-24T06:50:38.646-04:00 PYRONET_WISUN_SEC_DIAG seq=17 event=9 a=2 b=0 c=0
2026-04-24T06:50:39.040-04:00 PYRONET_AES_ALT_INIT_ENTER ctx=@20001b20 ref=0 ecb=@00000000 cbc=@00000000
2026-04-24T06:50:39.040-04:00 PYRONET_AES_ALT_INIT_OPEN_START
2026-04-24T06:50:39.040-04:00 PYRONET_AES_ALT_INIT_DRIVER_INIT_START
2026-04-24T06:50:39.040-04:00 PYRONET_AES_ALT_INIT_DRIVER_INIT_DONE
2026-04-24T06:50:39.040-04:00 PYRONET_AES_ALT_INIT_ECB_OPEN handle=@00005a64
2026-04-24T06:50:39.040-04:00 PYRONET_AES_ALT_INIT_CBC_OPEN handle=@00005a54
2026-04-24T06:50:39.041-04:00 PYRONET_AES_ALT_INIT_DONE ctx=@20001b20 ref=1
2026-04-24T06:50:39.043-04:00 PYRONET_AES_ALT_ECB_ENTER seq=82 ctx=@20001b20 mode=0 ecb=@00005a64 in=@20011120 out=@20011130
2026-04-24T06:50:39.043-04:00 PYRONET_AES_ALT_ECB_OP_INIT seq=82
2026-04-24T06:50:39.044-04:00 PYRONET_AES_ALT_ECB_DECRYPT_START seq=82
2026-04-24T06:50:39.044-04:00 PYRONET_AES_ALT_ECB_RET seq=82 ret=0
2026-04-24T06:50:39.044-04:00 PYRONET_AES_ALT_ECB_ENTER seq=83 ctx=@20001b20 mode=0 ecb=@00005a64 in=@20011120 out=@20011130
2026-04-24T06:50:39.044-04:00 PYRONET_AES_ALT_ECB_OP_INIT seq=83
2026-04-24T06:50:39.044-04:00 PYRONET_AES_ALT_ECB_DECRYPT_START seq=83
2026-04-24T06:50:39.044-04:00 PYRONET_AES_ALT_ECB_RET seq=83 ret=0
2026-04-24T06:50:39.044-04:00 PYRONET_AES_ALT_ECB_ENTER seq=84 ctx=@20001b20 mode=0 ecb=@00005a64 in=@20011120 out=@20011130
2026-04-24T06:50:39.044-04:00 PYRONET_AES_ALT_ECB_OP_INIT seq=84
2026-04-24T06:50:39.044-04:00 PYRONET_AES_ALT_ECB_DECRYPT_START seq=84
2026-04-24T06:50:39.045-04:00 PYRONET_AES_ALT_ECB_RET seq=84 ret=0
2026-04-24T06:50:39.045-04:00 PYRONET_AES_ALT_ECB_ENTER seq=85 ctx=@20001b20 mode=0 ecb=@00005a64 in=@20011120 out=@20011130
2026-04-24T06:50:39.045-04:00 PYRONET_AES_ALT_ECB_OP_INIT seq=85
2026-04-24T06:50:39.045-04:00 PYRONET_AES_ALT_ECB_DECRYPT_START seq=85
2026-04-24T06:50:39.047-04:00 PYRONET_AES_ALT_ECB_RET seq=85 ret=0
2026-04-24T06:50:39.047-04:00 PYRONET_AES_ALT_ECB_ENTER seq=86 ctx=@20001b20 mode=0 ecb=@00005a64 in=@20011120 out=@20011130
2026-04-24T06:50:39.047-04:00 PYRONET_AES_ALT_ECB_OP_INIT seq=86
2026-04-24T06:50:39.047-04:00 PYRONET_AES_ALT_ECB_DECRYPT_START seq=86
2026-04-24T06:50:39.047-04:00 PYRONET_AES_ALT_ECB_RET seq=86 ret=0
2026-04-24T06:50:39.047-04:00 PYRONET_AES_ALT_ECB_ENTER seq=87 ctx=@20001b20 mode=0 ecb=@00005a64 in=@20011120 out=@20011130
2026-04-24T06:50:39.048-04:00 PYRONET_AES_ALT_ECB_OP_INIT seq=87
2026-04-24T06:50:39.048-04:00 PYRONET_AES_ALT_ECB_DECRYPT_START seq=87
2026-04-24T06:50:39.048-04:00 PYRONET_AES_ALT_ECB_RET seq=87 ret=0
2026-04-24T06:50:39.048-04:00 PYRONET_AES_ALT_ECB_ENTER seq=88 ctx=@20001b20 mode=0 ecb=@00005a64 in=@20011120 out=@20011130
2026-04-24T06:50:39.048-04:00 PYRONET_AES_ALT_ECB_OP_INIT seq=88
2026-04-24T06:50:39.048-04:00 PYRONET_AES_ALT_ECB_DECRYPT_START seq=88
2026-04-24T06:50:39.048-04:00 PYRONET_AES_ALT_ECB_RET seq=88 ret=0
2026-04-24T06:50:39.048-04:00 PYRONET_AES_ALT_ECB_ENTER seq=89 ctx=@20001b20 mode=0 ecb=@00005a64 in=@20011120 out=@20011130
2026-04-24T06:50:39.048-04:00 PYRONET_AES_ALT_ECB_OP_INIT seq=89
2026-04-24T06:50:39.050-04:00 PYRONET_AES_ALT_ECB_DECRYPT_START seq=89
2026-04-24T06:50:39.050-04:00 PYRONET_AES_ALT_ECB_RET seq=89 ret=0
2026-04-24T06:50:39.050-04:00 PYRONET_AES_ALT_ECB_ENTER seq=90 ctx=@20001b20 mode=0 ecb=@00005a64 in=@20011120 out=@20011130
2026-04-24T06:50:39.051-04:00 PYRONET_AES_ALT_ECB_OP_INIT seq=90
2026-04-24T06:50:39.051-04:00 PYRONET_AES_ALT_ECB_DECRYPT_START seq=90
2026-04-24T06:50:39.051-04:00 PYRONET_AES_ALT_ECB_RET seq=90 ret=0
2026-04-24T06:50:39.051-04:00 PYRONET_AES_ALT_ECB_ENTER seq=91 ctx=@20001b20 mode=0 ecb=@00005a64 in=@20011120 out=@20011130
2026-04-24T06:50:39.051-04:00 PYRONET_AES_ALT_ECB_OP_INIT seq=91
2026-04-24T06:50:39.051-04:00 PYRONET_AES_ALT_ECB_DECRYPT_START seq=91
2026-04-24T06:50:39.051-04:00 PYRONET_AES_ALT_ECB_RET seq=91 ret=0
2026-04-24T06:50:39.051-04:00 PYRONET_AES_ALT_ECB_ENTER seq=92 ctx=@20001b20 mode=0 ecb=@00005a64 in=@20011120 out=@20011130
2026-04-24T06:50:39.051-04:00 PYRONET_AES_ALT_ECB_OP_INIT seq=92
2026-04-24T06:50:39.051-04:00 PYRONET_AES_ALT_ECB_DECRYPT_START seq=92
2026-04-24T06:50:39.051-04:00 PYRONET_AES_ALT_ECB_RET seq=92 ret=0
2026-04-24T06:50:39.053-04:00 PYRONET_AES_ALT_ECB_ENTER seq=93 ctx=@20001b20 mode=0 ecb=@00005a64 in=@20011120 out=@20011130
2026-04-24T06:50:39.053-04:00 PYRONET_AES_ALT_ECB_OP_INIT seq=93
2026-04-24T06:50:39.054-04:00 PYRONET_AES_ALT_ECB_DECRYPT_START seq=93
2026-04-24T06:50:39.054-04:00 PYRONET_AES_ALT_ECB_RET seq=93 ret=0
2026-04-24T06:50:39.054-04:00 PYRONET_AES_ALT_ECB_ENTER seq=94 ctx=@20001b20 mode=0 ecb=@00005a64 in=@20011120 out=@20011130
2026-04-24T06:50:39.054-04:00 PYRONET_AES_ALT_ECB_OP_INIT seq=94
2026-04-24T06:50:39.054-04:00 PYRONET_AES_ALT_ECB_DECRYPT_START seq=94
2026-04-24T06:50:39.054-04:00 PYRONET_AES_ALT_ECB_RET seq=94 ret=0
2026-04-24T06:50:39.054-04:00 PYRONET_AES_ALT_ECB_ENTER seq=95 ctx=@20001b20 mode=0 ecb=@00005a64 in=@20011120 out=@20011130
2026-04-24T06:50:39.054-04:00 PYRONET_AES_ALT_ECB_OP_INIT seq=95
2026-04-24T06:50:39.054-04:00 PYRONET_AES_ALT_ECB_DECRYPT_START seq=95
2026-04-24T06:50:39.054-04:00 PYRONET_AES_ALT_ECB_RET seq=95 ret=0
2026-04-24T06:50:39.054-04:00 PYRONET_AES_ALT_ECB_ENTER seq=96 ctx=@20001b20 mode=0 ecb=@00005a64 in=@20011120 out=@20011130
2026-04-24T06:50:39.054-04:00 PYRONET_AES_ALT_ECB_OP_INIT seq=96
2026-04-24T06:50:39.055-04:00 PYRONET_AES_ALT_ECB_DECRYPT_START seq=96
2026-04-24T06:50:39.055-04:00 PYRONET_AES_ALT_ECB_RET seq=96 ret=0
2026-04-24T06:50:39.056-04:00 PYRONET_AES_ALT_ECB_ENTER seq=97 ctx=@20001b20 mode=0 ecb=@00005a64 in=@20011120 out=@20011130
2026-04-24T06:50:39.056-04:00 PYRONET_AES_ALT_ECB_OP_INIT seq=97
2026-04-24T06:50:39.056-04:00 PYRONET_AES_ALT_ECB_DECRYPT_START seq=97
2026-04-24T06:50:39.057-04:00 PYRONET_AES_ALT_ECB_RET seq=97 ret=0
2026-04-24T06:50:39.057-04:00 PYRONET_AES_ALT_ECB_ENTER seq=98 ctx=@20001b20 mode=0 ecb=@00005a64 in=@20011120 out=@20011130
2026-04-24T06:50:39.057-04:00 PYRONET_AES_ALT_ECB_OP_INIT seq=98
2026-04-24T06:50:39.057-04:00 PYRONET_AES_ALT_ECB_DECRYPT_START seq=98
2026-04-24T06:50:39.057-04:00 PYRONET_AES_ALT_ECB_RET seq=98 ret=0
2026-04-24T06:50:39.057-04:00 PYRONET_AES_ALT_ECB_ENTER seq=99 ctx=@20001b20 mode=0 ecb=@00005a64 in=@20011120 out=@20011130
2026-04-24T06:50:39.057-04:00 PYRONET_AES_ALT_ECB_OP_INIT seq=99
2026-04-24T06:50:39.057-04:00 PYRONET_AES_ALT_ECB_DECRYPT_START seq=99
2026-04-24T06:50:39.057-04:00 PYRONET_AES_ALT_ECB_RET seq=99 ret=0
2026-04-24T06:50:39.057-04:00 PYRONET_AES_ALT_ECB_ENTER seq=100 ctx=@20001b20 mode=0 ecb=@00005a64 in=@20011120 out=@20011130
2026-04-24T06:50:39.057-04:00 PYRONET_AES_ALT_ECB_OP_INIT seq=100
2026-04-24T06:50:39.057-04:00 PYRONET_AES_ALT_ECB_DECRYPT_START seq=100
2026-04-24T06:50:39.059-04:00 PYRONET_AES_ALT_ECB_RET seq=100 ret=0
2026-04-24T06:50:39.059-04:00 PYRONET_AES_ALT_ECB_ENTER seq=101 ctx=@20001b20 mode=0 ecb=@00005a64 in=@20011120 out=@20011130
2026-04-24T06:50:39.059-04:00 PYRONET_AES_ALT_ECB_OP_INIT seq=101
2026-04-24T06:50:39.059-04:00 PYRONET_AES_ALT_ECB_DECRYPT_START seq=101
2026-04-24T06:50:39.059-04:00 PYRONET_AES_ALT_ECB_RET seq=101 ret=0
2026-04-24T06:50:39.059-04:00 PYRONET_AES_ALT_ECB_ENTER seq=102 ctx=@20001b20 mode=0 ecb=@00005a64 in=@20011120 out=@20011130
2026-04-24T06:50:39.060-04:00 PYRONET_AES_ALT_ECB_OP_INIT seq=102
2026-04-24T06:50:39.060-04:00 PYRONET_AES_ALT_ECB_DECRYPT_START seq=102
2026-04-24T06:50:39.060-04:00 PYRONET_AES_ALT_ECB_RET seq=102 ret=0
2026-04-24T06:50:39.060-04:00 PYRONET_AES_ALT_ECB_ENTER seq=103 ctx=@20001b20 mode=0 ecb=@00005a64 in=@20011120 out=@20011130
2026-04-24T06:50:39.060-04:00 PYRONET_AES_ALT_ECB_OP_INIT seq=103
2026-04-24T06:50:39.060-04:00 PYRONET_AES_ALT_ECB_DECRYPT_START seq=103
2026-04-24T06:50:39.060-04:00 PYRONET_AES_ALT_ECB_RET seq=103 ret=0
2026-04-24T06:50:39.060-04:00 PYRONET_AES_ALT_ECB_ENTER seq=104 ctx=@20001b20 mode=0 ecb=@00005a64 in=@20011120 out=@20011130
2026-04-24T06:50:39.062-04:00 PYRONET_AES_ALT_ECB_OP_INIT seq=104
2026-04-24T06:50:39.062-04:00 PYRONET_AES_ALT_ECB_DECRYPT_START seq=104
2026-04-24T06:50:39.062-04:00 PYRONET_AES_ALT_ECB_RET seq=104 ret=0
2026-04-24T06:50:39.062-04:00 PYRONET_AES_ALT_ECB_ENTER seq=105 ctx=@20001b20 mode=0 ecb=@00005a64 in=@20011120 out=@20011130
2026-04-24T06:50:39.062-04:00 PYRONET_AES_ALT_ECB_OP_INIT seq=105
2026-04-24T06:50:39.062-04:00 PYRONET_AES_ALT_ECB_DECRYPT_START seq=105
2026-04-24T06:50:39.062-04:00 PYRONET_AES_ALT_ECB_RET seq=105 ret=0
2026-04-24T06:50:39.062-04:00 PYRONET_AES_ALT_ECB_ENTER seq=106 ctx=@20001b20 mode=0 ecb=@00005a64 in=@20011120 out=@20011130
2026-04-24T06:50:39.062-04:00 PYRONET_AES_ALT_ECB_OP_INIT seq=106
2026-04-24T06:50:39.062-04:00 PYRONET_AES_ALT_ECB_DECRYPT_START seq=106
2026-04-24T06:50:39.062-04:00 PYRONET_AES_ALT_ECB_RET seq=106 ret=0
2026-04-24T06:50:39.063-04:00 PYRONET_AES_ALT_ECB_ENTER seq=107 ctx=@20001b20 mode=0 ecb=@00005a64 in=@20011120 out=@20011130
2026-04-24T06:50:39.063-04:00 PYRONET_AES_ALT_ECB_OP_INIT seq=107
2026-04-24T06:50:39.063-04:00 PYRONET_AES_ALT_ECB_DECRYPT_START seq=107
2026-04-24T06:50:39.063-04:00 PYRONET_AES_ALT_ECB_RET seq=107 ret=0
2026-04-24T06:50:39.064-04:00 PYRONET_AES_ALT_ECB_ENTER seq=108 ctx=@20001b20 mode=0 ecb=@00005a64 in=@20011120 out=@20011130
2026-04-24T06:50:39.065-04:00 PYRONET_AES_ALT_ECB_OP_INIT seq=108
2026-04-24T06:50:39.065-04:00 PYRONET_AES_ALT_ECB_DECRYPT_START seq=108
2026-04-24T06:50:39.065-04:00 PYRONET_AES_ALT_ECB_RET seq=108 ret=0
2026-04-24T06:50:39.065-04:00 PYRONET_AES_ALT_ECB_ENTER seq=109 ctx=@20001b20 mode=0 ecb=@00005a64 in=@20011120 out=@20011130
2026-04-24T06:50:39.065-04:00 PYRONET_AES_ALT_ECB_OP_INIT seq=109
2026-04-24T06:50:39.065-04:00 PYRONET_AES_ALT_ECB_DECRYPT_START seq=109
2026-04-24T06:50:39.065-04:00 PYRONET_AES_ALT_ECB_RET seq=109 ret=0
2026-04-24T06:50:39.065-04:00 PYRONET_AES_ALT_ECB_ENTER seq=110 ctx=@20001b20 mode=0 ecb=@00005a64 in=@20011120 out=@20011130
2026-04-24T06:50:39.065-04:00 PYRONET_AES_ALT_ECB_OP_INIT seq=110
2026-04-24T06:50:39.065-04:00 PYRONET_AES_ALT_ECB_DECRYPT_START seq=110
2026-04-24T06:50:39.065-04:00 PYRONET_AES_ALT_ECB_RET seq=110 ret=0
2026-04-24T06:50:39.066-04:00 PYRONET_AES_ALT_ECB_ENTER seq=111 ctx=@20001b20 mode=0 ecb=@00005a64 in=@20011120 out=@20011130
2026-04-24T06:50:39.066-04:00 PYRONET_AES_ALT_ECB_OP_INIT seq=111
2026-04-24T06:50:39.067-04:00 PYRONET_AES_ALT_ECB_DECRYPT_START seq=111
2026-04-24T06:50:39.067-04:00 PYRONET_AES_ALT_ECB_RET seq=111 ret=0
2026-04-24T06:50:39.067-04:00 PYRONET_AES_ALT_ECB_ENTER seq=112 ctx=@20001b20 mode=0 ecb=@00005a64 in=@20011120 out=@20011130
2026-04-24T06:50:39.067-04:00 PYRONET_AES_ALT_ECB_OP_INIT seq=112
2026-04-24T06:50:39.067-04:00 PYRONET_AES_ALT_ECB_DECRYPT_START seq=112
2026-04-24T06:50:39.067-04:00 PYRONET_AES_ALT_ECB_RET seq=112 ret=0
2026-04-24T06:50:39.068-04:00 PYRONET_AES_ALT_ECB_ENTER seq=113 ctx=@20001b20 mode=0 ecb=@00005a64 in=@20011120 out=@20011130
2026-04-24T06:50:39.068-04:00 PYRONET_AES_ALT_ECB_OP_INIT seq=113
2026-04-24T06:50:39.068-04:00 PYRONET_AES_ALT_ECB_DECRYPT_START seq=113
2026-04-24T06:50:39.068-04:00 PYRONET_AES_ALT_ECB_RET seq=113 ret=0
2026-04-24T06:50:39.068-04:00 PYRONET_AES_ALT_ECB_ENTER seq=114 ctx=@20001b20 mode=0 ecb=@00005a64 in=@20011120 out=@20011130
2026-04-24T06:50:39.068-04:00 PYRONET_AES_ALT_ECB_OP_INIT seq=114
2026-04-24T06:50:39.068-04:00 PYRONET_AES_ALT_ECB_DECRYPT_START seq=114
2026-04-24T06:50:39.068-04:00 PYRONET_AES_ALT_ECB_RET seq=114 ret=0
2026-04-24T06:50:39.069-04:00 PYRONET_AES_ALT_ECB_ENTER seq=115 ctx=@20001b20 mode=0 ecb=@00005a64 in=@20011120 out=@20011130
2026-04-24T06:50:39.069-04:00 PYRONET_AES_ALT_ECB_OP_INIT seq=115
2026-04-24T06:50:39.069-04:00 PYRONET_AES_ALT_ECB_DECRYPT_START seq=115
2026-04-24T06:50:39.070-04:00 PYRONET_AES_ALT_ECB_RET seq=115 ret=0
2026-04-24T06:50:39.070-04:00 PYRONET_AES_ALT_ECB_ENTER seq=116 ctx=@20001b20 mode=0 ecb=@00005a64 in=@20011120 out=@20011130
2026-04-24T06:50:39.070-04:00 PYRONET_AES_ALT_ECB_OP_INIT seq=116
2026-04-24T06:50:39.070-04:00 PYRONET_AES_ALT_ECB_DECRYPT_START seq=116
2026-04-24T06:50:39.070-04:00 PYRONET_AES_ALT_ECB_RET seq=116 ret=0
2026-04-24T06:50:39.070-04:00 PYRONET_AES_ALT_ECB_ENTER seq=117 ctx=@20001b20 mode=0 ecb=@00005a64 in=@20011120 out=@20011130
2026-04-24T06:50:39.070-04:00 PYRONET_AES_ALT_ECB_OP_INIT seq=117
2026-04-24T06:50:39.070-04:00 PYRONET_AES_ALT_ECB_DECRYPT_START seq=117
2026-04-24T06:50:39.070-04:00 PYRONET_AES_ALT_ECB_RET seq=117 ret=0
2026-04-24T06:50:39.070-04:00 PYRONET_AES_ALT_FREE_ENTER ctx=@20001b20 ref=1 ecb=@00005a64 cbc=@00005a54
2026-04-24T06:50:39.070-04:00 PYRONET_AES_ALT_FREE_DONE ctx=@20001b20 ref=0
2026-04-24T06:50:39.235-04:00 PYRONET_AES_ALT_INIT_ENTER ctx=@20002534 ref=0 ecb=@00000000 cbc=@00000000
2026-04-24T06:50:39.235-04:00 PYRONET_AES_ALT_INIT_OPEN_START
2026-04-24T06:50:39.235-04:00 PYRONET_AES_ALT_INIT_DRIVER_INIT_START
2026-04-24T06:50:39.235-04:00 PYRONET_AES_ALT_INIT_DRIVER_INIT_DONE
2026-04-24T06:50:39.235-04:00 PYRONET_AES_ALT_INIT_ECB_OPEN handle=@00005a64
2026-04-24T06:50:39.235-04:00 PYRONET_AES_ALT_INIT_CBC_OPEN handle=@00005a54
2026-04-24T06:50:39.235-04:00 PYRONET_AES_ALT_INIT_DONE ctx=@20002534 ref=1
2026-04-24T06:50:39.235-04:00 PYRONET_AES_ALT_ECB_ENTER seq=118 ctx=@20002534 mode=0 ecb=@00005a64 in=@20011110 out=@20011120
2026-04-24T06:50:39.235-04:00 PYRONET_AES_ALT_ECB_OP_INIT seq=118
2026-04-24T06:50:39.236-04:00 PYRONET_AES_ALT_ECB_DECRYPT_START seq=118
2026-04-24T06:50:39.236-04:00 PYRONET_AES_ALT_ECB_RET seq=118 ret=0
2026-04-24T06:50:39.236-04:00 PYRONET_AES_ALT_ECB_ENTER seq=119 ctx=@20002534 mode=0 ecb=@00005a64 in=@20011110 out=@20011120
2026-04-24T06:50:39.236-04:00 PYRONET_AES_ALT_ECB_OP_INIT seq=119
2026-04-24T06:50:39.236-04:00 PYRONET_AES_ALT_ECB_DECRYPT_START seq=119
2026-04-24T06:50:39.236-04:00 PYRONET_AES_ALT_ECB_RET seq=119 ret=0
2026-04-24T06:50:39.238-04:00 PYRONET_AES_ALT_ECB_ENTER seq=120 ctx=@20002534 mode=0 ecb=@00005a64 in=@20011110 out=@20011120
2026-04-24T06:50:39.238-04:00 PYRONET_AES_ALT_ECB_OP_INIT seq=120
2026-04-24T06:50:39.238-04:00 PYRONET_AES_ALT_ECB_DECRYPT_START seq=120
2026-04-24T06:50:39.238-04:00 PYRONET_AES_ALT_ECB_RET seq=120 ret=0
2026-04-24T06:50:39.238-04:00 PYRONET_AES_ALT_ECB_ENTER seq=121 ctx=@20002534 mode=0 ecb=@00005a64 in=@20011110 out=@20011120
2026-04-24T06:50:39.238-04:00 PYRONET_AES_ALT_ECB_OP_INIT seq=121
2026-04-24T06:50:39.238-04:00 PYRONET_AES_ALT_ECB_DECRYPT_START seq=121
2026-04-24T06:50:39.238-04:00 PYRONET_AES_ALT_ECB_RET seq=121 ret=0
2026-04-24T06:50:39.238-04:00 PYRONET_AES_ALT_ECB_ENTER seq=122 ctx=@20002534 mode=0 ecb=@00005a64 in=@20011110 out=@20011120
2026-04-24T06:50:39.238-04:00 PYRONET_AES_ALT_ECB_OP_INIT seq=122
2026-04-24T06:50:39.238-04:00 PYRONET_AES_ALT_ECB_DECRYPT_START seq=122
2026-04-24T06:50:39.239-04:00 PYRONET_AES_ALT_ECB_RET seq=122 ret=0
2026-04-24T06:50:39.239-04:00 PYRONET_AES_ALT_ECB_ENTER seq=123 ctx=@20002534 mode=0 ecb=@00005a64 in=@20011110 out=@20011120
2026-04-24T06:50:39.239-04:00 PYRONET_AES_ALT_ECB_OP_INIT seq=123
2026-04-24T06:50:39.240-04:00 PYRONET_AES_ALT_ECB_DECRYPT_START seq=123
2026-04-24T06:50:39.240-04:00 PYRONET_AES_ALT_ECB_RET seq=123 ret=0
2026-04-24T06:50:39.241-04:00 PYRONET_AES_ALT_ECB_ENTER seq=124 ctx=@20002534 mode=0 ecb=@00005a64 in=@20011110 out=@20011120
2026-04-24T06:50:39.241-04:00 PYRONET_AES_ALT_ECB_OP_INIT seq=124
2026-04-24T06:50:39.241-04:00 PYRONET_AES_ALT_ECB_DECRYPT_START seq=124
2026-04-24T06:50:39.241-04:00 PYRONET_AES_ALT_ECB_RET seq=124 ret=0
2026-04-24T06:50:39.241-04:00 PYRONET_AES_ALT_ECB_ENTER seq=125 ctx=@20002534 mode=0 ecb=@00005a64 in=@20011110 out=@20011120
2026-04-24T06:50:39.241-04:00 PYRONET_AES_ALT_ECB_OP_INIT seq=125
2026-04-24T06:50:39.241-04:00 PYRONET_AES_ALT_ECB_DECRYPT_START seq=125
2026-04-24T06:50:39.241-04:00 PYRONET_AES_ALT_ECB_RET seq=125 ret=0
2026-04-24T06:50:39.241-04:00 PYRONET_AES_ALT_ECB_ENTER seq=126 ctx=@20002534 mode=0 ecb=@00005a64 in=@20011110 out=@20011120
2026-04-24T06:50:39.241-04:00 PYRONET_AES_ALT_ECB_OP_INIT seq=126
2026-04-24T06:50:39.241-04:00 PYRONET_AES_ALT_ECB_DECRYPT_START seq=126
2026-04-24T06:50:39.241-04:00 PYRONET_AES_ALT_ECB_RET seq=126 ret=0
2026-04-24T06:50:39.243-04:00 PYRONET_AES_ALT_ECB_ENTER seq=127 ctx=@20002534 mode=0 ecb=@00005a64 in=@20011110 out=@20011120
2026-04-24T06:50:39.243-04:00 PYRONET_AES_ALT_ECB_OP_INIT seq=127
2026-04-24T06:50:39.243-04:00 PYRONET_AES_ALT_ECB_DECRYPT_START seq=127
2026-04-24T06:50:39.243-04:00 PYRONET_AES_ALT_ECB_RET seq=127 ret=0
2026-04-24T06:50:39.243-04:00 PYRONET_AES_ALT_ECB_ENTER seq=128 ctx=@20002534 mode=0 ecb=@00005a64 in=@20011110 out=@20011120
2026-04-24T06:50:39.244-04:00 PYRONET_AES_ALT_ECB_OP_INIT seq=128
2026-04-24T06:50:39.244-04:00 PYRONET_AES_ALT_ECB_DECRYPT_START seq=128
2026-04-24T06:50:39.244-04:00 PYRONET_AES_ALT_ECB_RET seq=128 ret=0
2026-04-24T06:50:39.244-04:00 PYRONET_AES_ALT_ECB_ENTER seq=129 ctx=@20002534 mode=0 ecb=@00005a64 in=@20011110 out=@20011120
2026-04-24T06:50:39.244-04:00 PYRONET_AES_ALT_ECB_OP_INIT seq=129
2026-04-24T06:50:39.244-04:00 PYRONET_AES_ALT_ECB_DECRYPT_START seq=129
2026-04-24T06:50:39.244-04:00 PYRONET_AES_ALT_ECB_RET seq=129 ret=0
2026-04-24T06:50:39.244-04:00 PYRONET_AES_ALT_ECB_ENTER seq=130 ctx=@20002534 mode=0 ecb=@00005a64 in=@20011110 out=@20011120
2026-04-24T06:50:39.244-04:00 PYRONET_AES_ALT_ECB_OP_INIT seq=130
2026-04-24T06:50:39.244-04:00 PYRONET_AES_ALT_ECB_DECRYPT_START seq=130
2026-04-24T06:50:39.246-04:00 PYRONET_AES_ALT_ECB_RET seq=130 ret=0
2026-04-24T06:50:39.246-04:00 PYRONET_AES_ALT_ECB_ENTER seq=131 ctx=@20002534 mode=0 ecb=@00005a64 in=@20011110 out=@20011120
2026-04-24T06:50:39.246-04:00 PYRONET_AES_ALT_ECB_OP_INIT seq=131
2026-04-24T06:50:39.246-04:00 PYRONET_AES_ALT_ECB_DECRYPT_START seq=131
2026-04-24T06:50:39.246-04:00 PYRONET_AES_ALT_ECB_RET seq=131 ret=0
2026-04-24T06:50:39.246-04:00 PYRONET_AES_ALT_ECB_ENTER seq=132 ctx=@20002534 mode=0 ecb=@00005a64 in=@20011110 out=@20011120
2026-04-24T06:50:39.246-04:00 PYRONET_AES_ALT_ECB_OP_INIT seq=132
2026-04-24T06:50:39.246-04:00 PYRONET_AES_ALT_ECB_DECRYPT_START seq=132
2026-04-24T06:50:39.246-04:00 PYRONET_AES_ALT_ECB_RET seq=132 ret=0
2026-04-24T06:50:39.246-04:00 PYRONET_AES_ALT_ECB_ENTER seq=133 ctx=@20002534 mode=0 ecb=@00005a64 in=@20011110 out=@20011120
2026-04-24T06:50:39.246-04:00 PYRONET_AES_ALT_ECB_OP_INIT seq=133
2026-04-24T06:50:39.247-04:00 PYRONET_AES_ALT_ECB_DECRYPT_START seq=133
2026-04-24T06:50:39.247-04:00 PYRONET_AES_ALT_ECB_RET seq=133 ret=0
2026-04-24T06:50:39.247-04:00 PYRONET_AES_ALT_ECB_ENTER seq=134 ctx=@20002534 mode=0 ecb=@00005a64 in=@20011110 out=@20011120
2026-04-24T06:50:39.248-04:00 PYRONET_AES_ALT_ECB_OP_INIT seq=134
2026-04-24T06:50:39.248-04:00 PYRONET_AES_ALT_ECB_DECRYPT_START seq=134
2026-04-24T06:50:39.248-04:00 PYRONET_AES_ALT_ECB_RET seq=134 ret=0
2026-04-24T06:50:39.248-04:00 PYRONET_AES_ALT_ECB_ENTER seq=135 ctx=@20002534 mode=0 ecb=@00005a64 in=@20011110 out=@20011120
2026-04-24T06:50:39.248-04:00 PYRONET_AES_ALT_ECB_OP_INIT seq=135
2026-04-24T06:50:39.248-04:00 PYRONET_AES_ALT_ECB_DECRYPT_START seq=135
2026-04-24T06:50:39.248-04:00 PYRONET_AES_ALT_ECB_RET seq=135 ret=0
2026-04-24T06:50:39.249-04:00 PYRONET_AES_ALT_ECB_ENTER seq=136 ctx=@20002534 mode=0 ecb=@00005a64 in=@20011110 out=@20011120
2026-04-24T06:50:39.249-04:00 PYRONET_AES_ALT_ECB_OP_INIT seq=136
2026-04-24T06:50:39.249-04:00 PYRONET_AES_ALT_ECB_DECRYPT_START seq=136
2026-04-24T06:50:39.249-04:00 PYRONET_AES_ALT_ECB_RET seq=136 ret=0
2026-04-24T06:50:39.249-04:00 PYRONET_AES_ALT_ECB_ENTER seq=137 ctx=@20002534 mode=0 ecb=@00005a64 in=@20011110 out=@20011120
2026-04-24T06:50:39.249-04:00 PYRONET_AES_ALT_ECB_OP_INIT seq=137
2026-04-24T06:50:39.249-04:00 PYRONET_AES_ALT_ECB_DECRYPT_START seq=137
2026-04-24T06:50:39.249-04:00 PYRONET_AES_ALT_ECB_RET seq=137 ret=0
2026-04-24T06:50:39.250-04:00 PYRONET_AES_ALT_ECB_ENTER seq=138 ctx=@20002534 mode=0 ecb=@00005a64 in=@20011110 out=@20011120
2026-04-24T06:50:39.251-04:00 PYRONET_AES_ALT_ECB_OP_INIT seq=138
2026-04-24T06:50:39.251-04:00 PYRONET_AES_ALT_ECB_DECRYPT_START seq=138
2026-04-24T06:50:39.251-04:00 PYRONET_AES_ALT_ECB_RET seq=138 ret=0
2026-04-24T06:50:39.251-04:00 PYRONET_AES_ALT_ECB_ENTER seq=139 ctx=@20002534 mode=0 ecb=@00005a64 in=@20011110 out=@20011120
2026-04-24T06:50:39.251-04:00 PYRONET_AES_ALT_ECB_OP_INIT seq=139
2026-04-24T06:50:39.251-04:00 PYRONET_AES_ALT_ECB_DECRYPT_START seq=139
2026-04-24T06:50:39.251-04:00 PYRONET_AES_ALT_ECB_RET seq=139 ret=0
2026-04-24T06:50:39.251-04:00 PYRONET_AES_ALT_ECB_ENTER seq=140 ctx=@20002534 mode=0 ecb=@00005a64 in=@20011110 out=@20011120
2026-04-24T06:50:39.251-04:00 PYRONET_AES_ALT_ECB_OP_INIT seq=140
2026-04-24T06:50:39.251-04:00 PYRONET_AES_ALT_ECB_DECRYPT_START seq=140
2026-04-24T06:50:39.251-04:00 PYRONET_AES_ALT_ECB_RET seq=140 ret=0
2026-04-24T06:50:39.251-04:00 PYRONET_AES_ALT_ECB_ENTER seq=141 ctx=@20002534 mode=0 ecb=@00005a64 in=@20011110 out=@20011120
2026-04-24T06:50:39.251-04:00 PYRONET_AES_ALT_ECB_OP_INIT seq=141
2026-04-24T06:50:39.251-04:00 PYRONET_AES_ALT_ECB_DECRYPT_START seq=141
2026-04-24T06:50:39.253-04:00 PYRONET_AES_ALT_ECB_RET seq=141 ret=0
2026-04-24T06:50:39.253-04:00 PYRONET_AES_ALT_ECB_ENTER seq=142 ctx=@20002534 mode=0 ecb=@00005a64 in=@20011110 out=@20011120
2026-04-24T06:50:39.253-04:00 PYRONET_AES_ALT_ECB_OP_INIT seq=142
2026-04-24T06:50:39.253-04:00 PYRONET_AES_ALT_ECB_DECRYPT_START seq=142
2026-04-24T06:50:39.253-04:00 PYRONET_AES_ALT_ECB_RET seq=142 ret=0
2026-04-24T06:50:39.253-04:00 PYRONET_AES_ALT_ECB_ENTER seq=143 ctx=@20002534 mode=0 ecb=@00005a64 in=@20011110 out=@20011120
2026-04-24T06:50:39.253-04:00 PYRONET_AES_ALT_ECB_OP_INIT seq=143
2026-04-24T06:50:39.253-04:00 PYRONET_AES_ALT_ECB_DECRYPT_START seq=143
2026-04-24T06:50:39.254-04:00 PYRONET_AES_ALT_ECB_RET seq=143 ret=0
2026-04-24T06:50:39.254-04:00 PYRONET_AES_ALT_ECB_ENTER seq=144 ctx=@20002534 mode=0 ecb=@00005a64 in=@20011110 out=@20011120
2026-04-24T06:50:39.254-04:00 PYRONET_AES_ALT_ECB_OP_INIT seq=144
2026-04-24T06:50:39.254-04:00 PYRONET_AES_ALT_ECB_DECRYPT_START seq=144
2026-04-24T06:50:39.254-04:00 PYRONET_AES_ALT_ECB_RET seq=144 ret=0
2026-04-24T06:50:39.254-04:00 PYRONET_AES_ALT_ECB_ENTER seq=145 ctx=@20002534 mode=0 ecb=@00005a64 in=@20011110 out=@20011120
2026-04-24T06:50:39.255-04:00 PYRONET_AES_ALT_ECB_OP_INIT seq=145
2026-04-24T06:50:39.255-04:00 PYRONET_AES_ALT_ECB_DECRYPT_START seq=145
2026-04-24T06:50:39.255-04:00 PYRONET_AES_ALT_ECB_RET seq=145 ret=0
2026-04-24T06:50:39.256-04:00 PYRONET_AES_ALT_ECB_ENTER seq=146 ctx=@20002534 mode=0 ecb=@00005a64 in=@20011110 out=@20011120
2026-04-24T06:50:39.256-04:00 PYRONET_AES_ALT_ECB_OP_INIT seq=146
2026-04-24T06:50:39.256-04:00 PYRONET_AES_ALT_ECB_DECRYPT_START seq=146
2026-04-24T06:50:39.256-04:00 PYRONET_AES_ALT_ECB_RET seq=146 ret=0
2026-04-24T06:50:39.256-04:00 PYRONET_AES_ALT_ECB_ENTER seq=147 ctx=@20002534 mode=0 ecb=@00005a64 in=@20011110 out=@20011120
2026-04-24T06:50:39.256-04:00 PYRONET_AES_ALT_ECB_OP_INIT seq=147
2026-04-24T06:50:39.256-04:00 PYRONET_AES_ALT_ECB_DECRYPT_START seq=147
2026-04-24T06:50:39.256-04:00 PYRONET_AES_ALT_ECB_RET seq=147 ret=0
2026-04-24T06:50:39.256-04:00 PYRONET_AES_ALT_ECB_ENTER seq=148 ctx=@20002534 mode=0 ecb=@00005a64 in=@20011110 out=@20011120
2026-04-24T06:50:39.256-04:00 PYRONET_AES_ALT_ECB_OP_INIT seq=148
2026-04-24T06:50:39.256-04:00 PYRONET_AES_ALT_ECB_DECRYPT_START seq=148
2026-04-24T06:50:39.256-04:00 PYRONET_AES_ALT_ECB_RET seq=148 ret=0
2026-04-24T06:50:39.258-04:00 PYRONET_AES_ALT_ECB_ENTER seq=149 ctx=@20002534 mode=0 ecb=@00005a64 in=@20011110 out=@20011120
2026-04-24T06:50:39.258-04:00 PYRONET_AES_ALT_ECB_OP_INIT seq=149
2026-04-24T06:50:39.258-04:00 PYRONET_AES_ALT_ECB_DECRYPT_START seq=149
2026-04-24T06:50:39.258-04:00 PYRONET_AES_ALT_ECB_RET seq=149 ret=0
2026-04-24T06:50:39.258-04:00 PYRONET_AES_ALT_ECB_ENTER seq=150 ctx=@20002534 mode=0 ecb=@00005a64 in=@20011110 out=@20011120
2026-04-24T06:50:39.258-04:00 PYRONET_AES_ALT_ECB_OP_INIT seq=150
2026-04-24T06:50:39.258-04:00 PYRONET_AES_ALT_ECB_DECRYPT_START seq=150
2026-04-24T06:50:39.258-04:00 PYRONET_AES_ALT_ECB_RET seq=150 ret=0
2026-04-24T06:50:39.258-04:00 PYRONET_AES_ALT_ECB_ENTER seq=151 ctx=@20002534 mode=0 ecb=@00005a64 in=@20011110 out=@20011120
2026-04-24T06:50:39.258-04:00 PYRONET_AES_ALT_ECB_OP_INIT seq=151
2026-04-24T06:50:39.258-04:00 PYRONET_AES_ALT_ECB_DECRYPT_START seq=151
2026-04-24T06:50:39.258-04:00 PYRONET_AES_ALT_ECB_RET seq=151 ret=0
2026-04-24T06:50:39.258-04:00 PYRONET_AES_ALT_ECB_ENTER seq=152 ctx=@20002534 mode=0 ecb=@00005a64 in=@20011110 out=@20011120
2026-04-24T06:50:39.258-04:00 PYRONET_AES_ALT_ECB_OP_INIT seq=152
2026-04-24T06:50:39.315-04:00 PYRONET_AES_ALT_ECB_DECRYPT_START seq=152
2026-04-24T06:50:39.315-04:00 PYRONET_AES_ALT_ECB_RET seq=152 ret=0
2026-04-24T06:50:39.315-04:00 PYRONET_AES_ALT_ECB_ENTER seq=153 ctx=@20002534 mode=0 ecb=@00005a64 in=@20011110 out=@20011120
2026-04-24T06:50:39.315-04:00 PYRONET_AES_ALT_ECB_OP_INIT seq=153
2026-04-24T06:50:39.315-04:00 PYRONET_AES_ALT_ECB_DECRYPT_START seq=153
2026-04-24T06:50:39.315-04:00 PYRONET_AES_ALT_ECB_RET seq=153 ret=0
2026-04-24T06:50:39.315-04:00 PYRONET_AES_ALT_FREE_ENTER ctx=@20002534 ref=1 ecb=@00005a64 cbc=@00005a54
2026-04-24T06:50:39.315-04:00 PYRONET_AES_ALT_FREE_DONE ctx=@20002534 ref=0
2026-04-24T06:50:41.074-04:00 PYRONET_WISUN_DIAG host_state=2 router_status=-1 router=- j1=35 j2=4 j3=2 j4=0 j5=0 recv_pa=2 recv_pas=0 recv_pc=0 recv_pcs=0
2026-04-24T06:50:41.074-04:00 PYRONET_WISUN_ADDR host_state=2 ll=fe80::212:4b00:28ed:d802 global=- border_router=-
2026-04-24T06:50:43.579-04:00 PYRONET_TLS_FINISHED library_init=0
2026-04-24T06:50:46.323-04:00 PYRONET_WISUN_DIAG host_state=2 router_status=-1 router=- j1=35 j2=4 j3=7 j4=0 j5=0 recv_pa=2 recv_pas=0 recv_pc=0 recv_pcs=0
2026-04-24T06:50:46.323-04:00 PYRONET_WISUN_ADDR host_state=2 ll=fe80::212:4b00:28ed:d802 global=- border_router=-
2026-04-24T06:50:51.532-04:00 PYRONET_WISUN_DIAG host_state=2 router_status=-1 router=- j1=35 j2=4 j3=13 j4=0 j5=0 recv_pa=2 recv_pas=0 recv_pc=0 recv_pcs=0
2026-04-24T06:50:51.532-04:00 PYRONET_WISUN_ADDR host_state=2 ll=fe80::212:4b00:28ed:d802 global=- border_router=-
2026-04-24T06:50:56.682-04:00 PYRONET_WISUN_DIAG host_state=2 router_status=-1 router=- j1=35 j2=4 j3=18 j4=0 j5=0 recv_pa=2 recv_pas=0 recv_pc=0 recv_pcs=0
2026-04-24T06:50:56.682-04:00 PYRONET_WISUN_ADDR host_state=2 ll=fe80::212:4b00:28ed:d802 global=- border_router=-
2026-04-24T06:51:01.950-04:00 PYRONET_WISUN_DIAG host_state=2 router_status=-1 router=- j1=35 j2=4 j3=23 j4=0 j5=0 recv_pa=2 recv_pas=0 recv_pc=0 recv_pcs=0
2026-04-24T06:51:01.951-04:00 PYRONET_WISUN_ADDR host_state=2 ll=fe80::212:4b00:28ed:d802 global=- border_router=-
2026-04-24T06:51:07.152-04:00 PYRONET_WISUN_DIAG host_state=2 router_status=-1 router=- j1=35 j2=4 j3=28 j4=0 j5=0 recv_pa=2 recv_pas=0 recv_pc=0 recv_pcs=0
2026-04-24T06:51:07.152-04:00 PYRONET_WISUN_ADDR host_state=2 ll=fe80::212:4b00:28ed:d802 global=- border_router=-
2026-04-24T06:51:09.473-04:00 PYRONET_AES_ALT_INIT_ENTER ctx=@20001c54 ref=0 ecb=@00000000 cbc=@00000000
2026-04-24T06:51:09.473-04:00 PYRONET_AES_ALT_INIT_OPEN_START
2026-04-24T06:51:09.473-04:00 PYRONET_AES_ALT_INIT_DRIVER_INIT_START
2026-04-24T06:51:09.473-04:00 PYRONET_AES_ALT_INIT_DRIVER_INIT_DONE
2026-04-24T06:51:09.473-04:00 PYRONET_AES_ALT_INIT_ECB_OPEN handle=@00005a64
2026-04-24T06:51:09.474-04:00 PYRONET_AES_ALT_INIT_CBC_OPEN handle=@00005a54
2026-04-24T06:51:09.474-04:00 PYRONET_AES_ALT_INIT_DONE ctx=@20001c54 ref=1
2026-04-24T06:51:09.474-04:00 PYRONET_AES_ALT_ECB_ENTER seq=154 ctx=@20001c54 mode=0 ecb=@00005a64 in=@20011110 out=@20011120
2026-04-24T06:51:09.474-04:00 PYRONET_AES_ALT_ECB_OP_INIT seq=154
2026-04-24T06:51:09.474-04:00 PYRONET_AES_ALT_ECB_DECRYPT_START seq=154
2026-04-24T06:51:09.474-04:00 PYRONET_AES_ALT_ECB_RET seq=154 ret=0
2026-04-24T06:51:09.474-04:00 PYRONET_AES_ALT_ECB_ENTER seq=155 ctx=@20001c54 mode=0 ecb=@00005a64 in=@20011110 out=@20011120
2026-04-24T06:51:09.474-04:00 PYRONET_AES_ALT_ECB_OP_INIT seq=155
2026-04-24T06:51:09.475-04:00 PYRONET_AES_ALT_ECB_DECRYPT_START seq=155
2026-04-24T06:51:09.477-04:00 PYRONET_AES_ALT_ECB_RET seq=155 ret=0
2026-04-24T06:51:09.478-04:00 PYRONET_AES_ALT_ECB_ENTER seq=156 ctx=@20001c54 mode=0 ecb=@00005a64 in=@20011110 out=@20011120
2026-04-24T06:51:09.478-04:00 PYRONET_AES_ALT_ECB_OP_INIT seq=156
2026-04-24T06:51:09.478-04:00 PYRONET_AES_ALT_ECB_DECRYPT_START seq=156
2026-04-24T06:51:09.478-04:00 PYRONET_AES_ALT_ECB_RET seq=156 ret=0
2026-04-24T06:51:09.478-04:00 PYRONET_AES_ALT_ECB_ENTER seq=157 ctx=@20001c54 mode=0 ecb=@00005a64 in=@20011110 out=@20011120
2026-04-24T06:51:09.478-04:00 PYRONET_AES_ALT_ECB_OP_INIT seq=157
2026-04-24T06:51:09.478-04:00 PYRONET_AES_ALT_ECB_DECRYPT_START seq=157
2026-04-24T06:51:09.478-04:00 PYRONET_AES_ALT_ECB_RET seq=157 ret=0
2026-04-24T06:51:09.478-04:00 PYRONET_AES_ALT_ECB_ENTER seq=158 ctx=@20001c54 mode=0 ecb=@00005a64 in=@20011110 out=@20011120
2026-04-24T06:51:09.479-04:00 PYRONET_AES_ALT_ECB_OP_INIT seq=158
2026-04-24T06:51:09.479-04:00 PYRONET_AES_ALT_ECB_DECRYPT_START seq=158
2026-04-24T06:51:09.479-04:00 PYRONET_AES_ALT_ECB_RET seq=158 ret=0
2026-04-24T06:51:09.479-04:00 PYRONET_AES_ALT_ECB_ENTER seq=159 ctx=@20001c54 mode=0 ecb=@00005a64 in=@20011110 out=@20011120
2026-04-24T06:51:09.481-04:00 PYRONET_AES_ALT_ECB_OP_INIT seq=159
2026-04-24T06:51:09.481-04:00 PYRONET_AES_ALT_ECB_DECRYPT_START seq=159
2026-04-24T06:51:09.481-04:00 PYRONET_AES_ALT_ECB_RET seq=159 ret=0
2026-04-24T06:51:09.482-04:00 PYRONET_AES_ALT_ECB_ENTER seq=160 ctx=@20001c54 mode=0 ecb=@00005a64 in=@20011110 out=@20011120
2026-04-24T06:51:09.482-04:00 PYRONET_AES_ALT_ECB_OP_INIT seq=160
2026-04-24T06:51:09.482-04:00 PYRONET_AES_ALT_ECB_DECRYPT_START seq=160
2026-04-24T06:51:09.482-04:00 PYRONET_AES_ALT_ECB_RET seq=160 ret=0
2026-04-24T06:51:09.482-04:00 PYRONET_AES_ALT_ECB_ENTER seq=161 ctx=@20001c54 mode=0 ecb=@00005a64 in=@20011110 out=@20011120
2026-04-24T06:51:09.482-04:00 PYRONET_AES_ALT_ECB_OP_INIT seq=161
2026-04-24T06:51:09.482-04:00 PYRONET_AES_ALT_ECB_DECRYPT_START seq=161
2026-04-24T06:51:09.482-04:00 PYRONET_AES_ALT_ECB_RET seq=161 ret=0
2026-04-24T06:51:09.482-04:00 PYRONET_AES_ALT_ECB_ENTER seq=162 ctx=@20001c54 mode=0 ecb=@00005a64 in=@20011110 out=@20011120
2026-04-24T06:51:09.482-04:00 PYRONET_AES_ALT_ECB_OP_INIT seq=162
2026-04-24T06:51:09.483-04:00 PYRONET_AES_ALT_ECB_DECRYPT_START seq=162
2026-04-24T06:51:09.483-04:00 PYRONET_AES_ALT_ECB_RET seq=162 ret=0
2026-04-24T06:51:09.485-04:00 PYRONET_AES_ALT_ECB_ENTER seq=163 ctx=@20001c54 mode=0 ecb=@00005a64 in=@20011110 out=@20011120
2026-04-24T06:51:09.485-04:00 PYRONET_AES_ALT_ECB_OP_INIT seq=163
2026-04-24T06:51:09.485-04:00 PYRONET_AES_ALT_ECB_DECRYPT_START seq=163
2026-04-24T06:51:09.485-04:00 PYRONET_AES_ALT_ECB_RET seq=163 ret=0
2026-04-24T06:51:09.485-04:00 PYRONET_AES_ALT_ECB_ENTER seq=164 ctx=@20001c54 mode=0 ecb=@00005a64 in=@20011110 out=@20011120
2026-04-24T06:51:09.485-04:00 PYRONET_AES_ALT_ECB_OP_INIT seq=164
2026-04-24T06:51:09.485-04:00 PYRONET_AES_ALT_ECB_DECRYPT_START seq=164
2026-04-24T06:51:09.485-04:00 PYRONET_AES_ALT_ECB_RET seq=164 ret=0
2026-04-24T06:51:09.486-04:00 PYRONET_AES_ALT_ECB_ENTER seq=165 ctx=@20001c54 mode=0 ecb=@00005a64 in=@20011110 out=@20011120
2026-04-24T06:51:09.486-04:00 PYRONET_AES_ALT_ECB_OP_INIT seq=165
2026-04-24T06:51:09.486-04:00 PYRONET_AES_ALT_ECB_DECRYPT_START seq=165
2026-04-24T06:51:09.486-04:00 PYRONET_AES_ALT_ECB_RET seq=165 ret=0
2026-04-24T06:51:09.486-04:00 PYRONET_AES_ALT_ECB_ENTER seq=166 ctx=@20001c54 mode=0 ecb=@00005a64 in=@20011110 out=@20011120
2026-04-24T06:51:09.486-04:00 PYRONET_AES_ALT_ECB_OP_INIT seq=166
2026-04-24T06:51:09.486-04:00 PYRONET_AES_ALT_ECB_DECRYPT_START seq=166
2026-04-24T06:51:09.488-04:00 PYRONET_AES_ALT_ECB_RET seq=166 ret=0
2026-04-24T06:51:09.488-04:00 PYRONET_AES_ALT_ECB_ENTER seq=167 ctx=@20001c54 mode=0 ecb=@00005a64 in=@20011110 out=@20011120
2026-04-24T06:51:09.488-04:00 PYRONET_AES_ALT_ECB_OP_INIT seq=167
2026-04-24T06:51:09.488-04:00 PYRONET_AES_ALT_ECB_DECRYPT_START seq=167
2026-04-24T06:51:09.488-04:00 PYRONET_AES_ALT_ECB_RET seq=167 ret=0
2026-04-24T06:51:09.488-04:00 PYRONET_AES_ALT_ECB_ENTER seq=168 ctx=@20001c54 mode=0 ecb=@00005a64 in=@20011110 out=@20011120
2026-04-24T06:51:09.488-04:00 PYRONET_AES_ALT_ECB_OP_INIT seq=168
2026-04-24T06:51:09.488-04:00 PYRONET_AES_ALT_ECB_DECRYPT_START seq=168
2026-04-24T06:51:09.488-04:00 PYRONET_AES_ALT_ECB_RET seq=168 ret=0
2026-04-24T06:51:09.488-04:00 PYRONET_AES_ALT_ECB_ENTER seq=169 ctx=@20001c54 mode=0 ecb=@00005a64 in=@20011110 out=@20011120
2026-04-24T06:51:09.489-04:00 PYRONET_AES_ALT_ECB_OP_INIT seq=169
2026-04-24T06:51:09.489-04:00 PYRONET_AES_ALT_ECB_DECRYPT_START seq=169
2026-04-24T06:51:09.489-04:00 PYRONET_AES_ALT_ECB_RET seq=169 ret=0
2026-04-24T06:51:09.489-04:00 PYRONET_AES_ALT_ECB_ENTER seq=170 ctx=@20001c54 mode=0 ecb=@00005a64 in=@20011110 out=@20011120
2026-04-24T06:51:09.490-04:00 PYRONET_AES_ALT_ECB_OP_INIT seq=170
2026-04-24T06:51:09.491-04:00 PYRONET_AES_ALT_ECB_DECRYPT_START seq=170
2026-04-24T06:51:09.491-04:00 PYRONET_AES_ALT_ECB_RET seq=170 ret=0
2026-04-24T06:51:09.491-04:00 PYRONET_AES_ALT_ECB_ENTER seq=171 ctx=@20001c54 mode=0 ecb=@00005a64 in=@20011110 out=@20011120
2026-04-24T06:51:09.491-04:00 PYRONET_AES_ALT_ECB_OP_INIT seq=171
2026-04-24T06:51:09.491-04:00 PYRONET_AES_ALT_ECB_DECRYPT_START seq=171
2026-04-24T06:51:09.491-04:00 PYRONET_AES_ALT_ECB_RET seq=171 ret=0
2026-04-24T06:51:09.491-04:00 PYRONET_AES_ALT_ECB_ENTER seq=172 ctx=@20001c54 mode=0 ecb=@00005a64 in=@20011110 out=@20011120
2026-04-24T06:51:09.491-04:00 PYRONET_AES_ALT_ECB_OP_INIT seq=172
2026-04-24T06:51:09.491-04:00 PYRONET_AES_ALT_ECB_DECRYPT_START seq=172
2026-04-24T06:51:09.491-04:00 PYRONET_AES_ALT_ECB_RET seq=172 ret=0
2026-04-24T06:51:09.491-04:00 PYRONET_AES_ALT_ECB_ENTER seq=173 ctx=@20001c54 mode=0 ecb=@00005a64 in=@20011110 out=@20011120
2026-04-24T06:51:09.491-04:00 PYRONET_AES_ALT_ECB_OP_INIT seq=173
2026-04-24T06:51:09.491-04:00 PYRONET_AES_ALT_ECB_DECRYPT_START seq=173
2026-04-24T06:51:09.492-04:00 PYRONET_AES_ALT_ECB_RET seq=173 ret=0
2026-04-24T06:51:09.493-04:00 PYRONET_AES_ALT_ECB_ENTER seq=174 ctx=@20001c54 mode=0 ecb=@00005a64 in=@20011110 out=@20011120
2026-04-24T06:51:09.493-04:00 PYRONET_AES_ALT_ECB_OP_INIT seq=174
2026-04-24T06:51:09.493-04:00 PYRONET_AES_ALT_ECB_DECRYPT_START seq=174
2026-04-24T06:51:09.494-04:00 PYRONET_AES_ALT_ECB_RET seq=174 ret=0
2026-04-24T06:51:09.494-04:00 PYRONET_AES_ALT_ECB_ENTER seq=175 ctx=@20001c54 mode=0 ecb=@00005a64 in=@20011110 out=@20011120
2026-04-24T06:51:09.494-04:00 PYRONET_AES_ALT_ECB_OP_INIT seq=175
2026-04-24T06:51:09.494-04:00 PYRONET_AES_ALT_ECB_DECRYPT_START seq=175
2026-04-24T06:51:09.494-04:00 PYRONET_AES_ALT_ECB_RET seq=175 ret=0
2026-04-24T06:51:09.494-04:00 PYRONET_AES_ALT_ECB_ENTER seq=176 ctx=@20001c54 mode=0 ecb=@00005a64 in=@20011110 out=@20011120
2026-04-24T06:51:09.494-04:00 PYRONET_AES_ALT_ECB_OP_INIT seq=176
2026-04-24T06:51:09.494-04:00 PYRONET_AES_ALT_ECB_DECRYPT_START seq=176
2026-04-24T06:51:09.494-04:00 PYRONET_AES_ALT_ECB_RET seq=176 ret=0
2026-04-24T06:51:09.494-04:00 PYRONET_AES_ALT_ECB_ENTER seq=177 ctx=@20001c54 mode=0 ecb=@00005a64 in=@20011110 out=@20011120
2026-04-24T06:51:09.494-04:00 PYRONET_AES_ALT_ECB_OP_INIT seq=177
2026-04-24T06:51:09.496-04:00 PYRONET_AES_ALT_ECB_DECRYPT_START seq=177
2026-04-24T06:51:09.496-04:00 PYRONET_AES_ALT_ECB_RET seq=177 ret=0
2026-04-24T06:51:09.496-04:00 PYRONET_AES_ALT_ECB_ENTER seq=178 ctx=@20001c54 mode=0 ecb=@00005a64 in=@20011110 out=@20011120
2026-04-24T06:51:09.496-04:00 PYRONET_AES_ALT_ECB_OP_INIT seq=178
2026-04-24T06:51:09.496-04:00 PYRONET_AES_ALT_ECB_DECRYPT_START seq=178
2026-04-24T06:51:09.496-04:00 PYRONET_AES_ALT_ECB_RET seq=178 ret=0
2026-04-24T06:51:09.496-04:00 PYRONET_AES_ALT_ECB_ENTER seq=179 ctx=@20001c54 mode=0 ecb=@00005a64 in=@20011110 out=@20011120
2026-04-24T06:51:09.496-04:00 PYRONET_AES_ALT_ECB_OP_INIT seq=179
2026-04-24T06:51:09.497-04:00 PYRONET_AES_ALT_ECB_DECRYPT_START seq=179
2026-04-24T06:51:09.497-04:00 PYRONET_AES_ALT_ECB_RET seq=179 ret=0
2026-04-24T06:51:09.497-04:00 PYRONET_AES_ALT_ECB_ENTER seq=180 ctx=@20001c54 mode=0 ecb=@00005a64 in=@20011110 out=@20011120
2026-04-24T06:51:09.497-04:00 PYRONET_AES_ALT_ECB_OP_INIT seq=180
2026-04-24T06:51:09.497-04:00 PYRONET_AES_ALT_ECB_DECRYPT_START seq=180
2026-04-24T06:51:09.497-04:00 PYRONET_AES_ALT_ECB_RET seq=180 ret=0
2026-04-24T06:51:09.499-04:00 PYRONET_AES_ALT_ECB_ENTER seq=181 ctx=@20001c54 mode=0 ecb=@00005a64 in=@20011110 out=@20011120
2026-04-24T06:51:09.499-04:00 PYRONET_AES_ALT_ECB_OP_INIT seq=181
2026-04-24T06:51:09.499-04:00 PYRONET_AES_ALT_ECB_DECRYPT_START seq=181
2026-04-24T06:51:09.499-04:00 PYRONET_AES_ALT_ECB_RET seq=181 ret=0
2026-04-24T06:51:09.499-04:00 PYRONET_AES_ALT_ECB_ENTER seq=182 ctx=@20001c54 mode=0 ecb=@00005a64 in=@20011110 out=@20011120
2026-04-24T06:51:09.499-04:00 PYRONET_AES_ALT_ECB_OP_INIT seq=182
2026-04-24T06:51:09.499-04:00 PYRONET_AES_ALT_ECB_DECRYPT_START seq=182
2026-04-24T06:51:09.499-04:00 PYRONET_AES_ALT_ECB_RET seq=182 ret=0
2026-04-24T06:51:09.499-04:00 PYRONET_AES_ALT_ECB_ENTER seq=183 ctx=@20001c54 mode=0 ecb=@00005a64 in=@20011110 out=@20011120
2026-04-24T06:51:09.499-04:00 PYRONET_AES_ALT_ECB_OP_INIT seq=183
2026-04-24T06:51:09.499-04:00 PYRONET_AES_ALT_ECB_DECRYPT_START seq=183
2026-04-24T06:51:09.499-04:00 PYRONET_AES_ALT_ECB_RET seq=183 ret=0
2026-04-24T06:51:09.499-04:00 PYRONET_AES_ALT_ECB_ENTER seq=184 ctx=@20001c54 mode=0 ecb=@00005a64 in=@20011110 out=@20011120
2026-04-24T06:51:09.499-04:00 PYRONET_AES_ALT_ECB_OP_INIT seq=184
2026-04-24T06:51:09.499-04:00 PYRONET_AES_ALT_ECB_DECRYPT_START seq=184
2026-04-24T06:51:09.499-04:00 PYRONET_AES_ALT_ECB_RET seq=184 ret=0
2026-04-24T06:51:09.501-04:00 PYRONET_AES_ALT_ECB_ENTER seq=185 ctx=@20001c54 mode=0 ecb=@00005a64 in=@20011110 out=@20011120
2026-04-24T06:51:09.501-04:00 PYRONET_AES_ALT_ECB_OP_INIT seq=185
2026-04-24T06:51:09.501-04:00 PYRONET_AES_ALT_ECB_DECRYPT_START seq=185
2026-04-24T06:51:09.501-04:00 PYRONET_AES_ALT_ECB_RET seq=185 ret=0
2026-04-24T06:51:09.501-04:00 PYRONET_AES_ALT_ECB_ENTER seq=186 ctx=@20001c54 mode=0 ecb=@00005a64 in=@20011110 out=@20011120
2026-04-24T06:51:09.501-04:00 PYRONET_AES_ALT_ECB_OP_INIT seq=186
2026-04-24T06:51:09.501-04:00 PYRONET_AES_ALT_ECB_DECRYPT_START seq=186
2026-04-24T06:51:09.501-04:00 PYRONET_AES_ALT_ECB_RET seq=186 ret=0
2026-04-24T06:51:09.501-04:00 PYRONET_AES_ALT_ECB_ENTER seq=187 ctx=@20001c54 mode=0 ecb=@00005a64 in=@20011110 out=@20011120
2026-04-24T06:51:09.501-04:00 PYRONET_AES_ALT_ECB_OP_INIT seq=187
2026-04-24T06:51:09.502-04:00 PYRONET_AES_ALT_ECB_DECRYPT_START seq=187
2026-04-24T06:51:09.502-04:00 PYRONET_AES_ALT_ECB_RET seq=187 ret=0
2026-04-24T06:51:09.502-04:00 PYRONET_AES_ALT_ECB_ENTER seq=188 ctx=@20001c54 mode=0 ecb=@00005a64 in=@20011110 out=@20011120
2026-04-24T06:51:09.559-04:00 PYRONET_AES_ALT_ECB_OP_INIT seq=188
2026-04-24T06:51:09.559-04:00 PYRONET_AES_ALT_ECB_DECRYPT_START seq=188
2026-04-24T06:51:09.559-04:00 PYRONET_AES_ALT_ECB_RET seq=188 ret=0
2026-04-24T06:51:09.559-04:00 PYRONET_AES_ALT_ECB_ENTER seq=189 ctx=@20001c54 mode=0 ecb=@00005a64 in=@20011110 out=@20011120
2026-04-24T06:51:09.559-04:00 PYRONET_AES_ALT_ECB_OP_INIT seq=189
2026-04-24T06:51:09.559-04:00 PYRONET_AES_ALT_ECB_DECRYPT_START seq=189
2026-04-24T06:51:09.559-04:00 PYRONET_AES_ALT_ECB_RET seq=189 ret=0
2026-04-24T06:51:09.560-04:00 PYRONET_AES_ALT_FREE_ENTER ctx=@20001c54 ref=1 ecb=@00005a64 cbc=@00005a54
2026-04-24T06:51:09.560-04:00 PYRONET_AES_ALT_FREE_DONE ctx=@20001c54 ref=0
2026-04-24T06:51:12.406-04:00 PYRONET_WISUN_DIAG host_state=2 router_status=-1 router=- j1=35 j2=4 j3=33 j4=0 j5=0 recv_pa=2 recv_pas=0 recv_pc=0 recv_pcs=0
2026-04-24T06:51:12.407-04:00 PYRONET_WISUN_ADDR host_state=2 ll=fe80::212:4b00:28ed:d802 global=- border_router=-
2026-04-24T06:51:17.676-04:00 PYRONET_WISUN_DIAG host_state=2 router_status=-1 router=- j1=35 j2=4 j3=39 j4=0 j5=0 recv_pa=2 recv_pas=0 recv_pc=0 recv_pcs=0
2026-04-24T06:51:17.676-04:00 PYRONET_WISUN_ADDR host_state=2 ll=fe80::212:4b00:28ed:d802 global=- border_router=-
2026-04-24T06:51:22.842-04:00 PYRONET_WISUN_DIAG host_state=2 router_status=-1 router=- j1=35 j2=4 j3=44 j4=0 j5=0 recv_pa=3 recv_pas=0 recv_pc=0 recv_pcs=0
2026-04-24T06:51:22.842-04:00 PYRONET_WISUN_ADDR host_state=2 ll=fe80::212:4b00:28ed:d802 global=- border_router=-
2026-04-24T06:51:28.124-04:00 PYRONET_WISUN_DIAG host_state=2 router_status=-1 router=- j1=35 j2=4 j3=49 j4=0 j5=0 recv_pa=3 recv_pas=0 recv_pc=0 recv_pcs=0
2026-04-24T06:51:28.124-04:00 PYRONET_WISUN_ADDR host_state=2 ll=fe80::212:4b00:28ed:d802 global=- border_router=-
2026-04-24T06:51:33.267-04:00 PYRONET_WISUN_DIAG host_state=2 router_status=-1 router=- j1=35 j2=4 j3=54 j4=0 j5=0 recv_pa=3 recv_pas=0 recv_pc=0 recv_pcs=0
2026-04-24T06:51:33.267-04:00 PYRONET_WISUN_ADDR host_state=2 ll=fe80::212:4b00:28ed:d802 global=- border_router=-
2026-04-24T06:51:38.529-04:00 PYRONET_WISUN_DIAG host_state=2 router_status=-1 router=- j1=35 j2=4 j3=57 j4=2 j5=0 recv_pa=3 recv_pas=0 recv_pc=1 recv_pcs=0
2026-04-24T06:51:38.529-04:00 PYRONET_WISUN_ADDR host_state=2 ll=fe80::212:4b00:28ed:d802 global=- border_router=-
2026-04-24T06:51:39.205-04:00 PYRONET_AES_ALT_INIT_ENTER ctx=@20001c14 ref=0 ecb=@00000000 cbc=@00000000
2026-04-24T06:51:39.205-04:00 PYRONET_AES_ALT_INIT_OPEN_START
2026-04-24T06:51:39.206-04:00 PYRONET_AES_ALT_INIT_DRIVER_INIT_START
2026-04-24T06:51:39.206-04:00 PYRONET_AES_ALT_INIT_DRIVER_INIT_DONE
2026-04-24T06:51:39.206-04:00 PYRONET_AES_ALT_INIT_ECB_OPEN handle=@00005a64
2026-04-24T06:51:39.206-04:00 PYRONET_AES_ALT_INIT_CBC_OPEN handle=@00005a54
2026-04-24T06:51:39.206-04:00 PYRONET_AES_ALT_INIT_DONE ctx=@20001c14 ref=1
2026-04-24T06:51:39.206-04:00 PYRONET_AES_ALT_ECB_ENTER seq=190 ctx=@20001c14 mode=0 ecb=@00005a64 in=@20011110 out=@20011120
2026-04-24T06:51:39.207-04:00 PYRONET_AES_ALT_ECB_OP_INIT seq=190
2026-04-24T06:51:39.207-04:00 PYRONET_AES_ALT_ECB_DECRYPT_START seq=190
2026-04-24T06:51:39.207-04:00 PYRONET_AES_ALT_ECB_RET seq=190 ret=0
2026-04-24T06:51:39.207-04:00 PYRONET_AES_ALT_ECB_ENTER seq=191 ctx=@20001c14 mode=0 ecb=@00005a64 in=@20011110 out=@20011120
2026-04-24T06:51:39.207-04:00 PYRONET_AES_ALT_ECB_OP_INIT seq=191
2026-04-24T06:51:39.207-04:00 PYRONET_AES_ALT_ECB_DECRYPT_START seq=191
2026-04-24T06:51:39.209-04:00 PYRONET_AES_ALT_ECB_RET seq=191 ret=0
2026-04-24T06:51:39.210-04:00 PYRONET_AES_ALT_ECB_ENTER seq=192 ctx=@20001c14 mode=0 ecb=@00005a64 in=@20011110 out=@20011120
2026-04-24T06:51:39.210-04:00 PYRONET_AES_ALT_ECB_OP_INIT seq=192
2026-04-24T06:51:39.210-04:00 PYRONET_AES_ALT_ECB_DECRYPT_START seq=192
2026-04-24T06:51:39.210-04:00 PYRONET_AES_ALT_ECB_RET seq=192 ret=0
2026-04-24T06:51:39.210-04:00 PYRONET_AES_ALT_ECB_ENTER seq=193 ctx=@20001c14 mode=0 ecb=@00005a64 in=@20011110 out=@20011120
2026-04-24T06:51:39.210-04:00 PYRONET_AES_ALT_ECB_OP_INIT seq=193
2026-04-24T06:51:39.210-04:00 PYRONET_AES_ALT_ECB_DECRYPT_START seq=193
2026-04-24T06:51:39.210-04:00 PYRONET_AES_ALT_ECB_RET seq=193 ret=0
2026-04-24T06:51:39.210-04:00 PYRONET_AES_ALT_ECB_ENTER seq=194 ctx=@20001c14 mode=0 ecb=@00005a64 in=@20011110 out=@20011120
2026-04-24T06:51:39.211-04:00 PYRONET_AES_ALT_ECB_OP_INIT seq=194
2026-04-24T06:51:39.211-04:00 PYRONET_AES_ALT_ECB_DECRYPT_START seq=194
2026-04-24T06:51:39.211-04:00 PYRONET_AES_ALT_ECB_RET seq=194 ret=0
2026-04-24T06:51:39.211-04:00 PYRONET_AES_ALT_ECB_ENTER seq=195 ctx=@20001c14 mode=0 ecb=@00005a64 in=@20011110 out=@20011120
2026-04-24T06:51:39.211-04:00 PYRONET_AES_ALT_ECB_OP_INIT seq=195
2026-04-24T06:51:39.213-04:00 PYRONET_AES_ALT_ECB_DECRYPT_START seq=195
2026-04-24T06:51:39.213-04:00 PYRONET_AES_ALT_ECB_RET seq=195 ret=0
2026-04-24T06:51:39.213-04:00 PYRONET_AES_ALT_ECB_ENTER seq=196 ctx=@20001c14 mode=0 ecb=@00005a64 in=@20011110 out=@20011120
2026-04-24T06:51:39.213-04:00 PYRONET_AES_ALT_ECB_OP_INIT seq=196
2026-04-24T06:51:39.213-04:00 PYRONET_AES_ALT_ECB_DECRYPT_START seq=196
2026-04-24T06:51:39.214-04:00 PYRONET_AES_ALT_ECB_RET seq=196 ret=0
2026-04-24T06:51:39.214-04:00 PYRONET_AES_ALT_ECB_ENTER seq=197 ctx=@20001c14 mode=0 ecb=@00005a64 in=@20011110 out=@20011120
2026-04-24T06:51:39.214-04:00 PYRONET_AES_ALT_ECB_OP_INIT seq=197
2026-04-24T06:51:39.214-04:00 PYRONET_AES_ALT_ECB_DECRYPT_START seq=197
2026-04-24T06:51:39.214-04:00 PYRONET_AES_ALT_ECB_RET seq=197 ret=0
2026-04-24T06:51:39.214-04:00 PYRONET_AES_ALT_ECB_ENTER seq=198 ctx=@20001c14 mode=0 ecb=@00005a64 in=@20011110 out=@20011120
2026-04-24T06:51:39.214-04:00 PYRONET_AES_ALT_ECB_OP_INIT seq=198
2026-04-24T06:51:39.214-04:00 PYRONET_AES_ALT_ECB_DECRYPT_START seq=198
2026-04-24T06:51:39.214-04:00 PYRONET_AES_ALT_ECB_RET seq=198 ret=0
2026-04-24T06:51:39.216-04:00 PYRONET_AES_ALT_ECB_ENTER seq=199 ctx=@20001c14 mode=0 ecb=@00005a64 in=@20011110 out=@20011120
2026-04-24T06:51:39.217-04:00 PYRONET_AES_ALT_ECB_OP_INIT seq=199
2026-04-24T06:51:39.217-04:00 PYRONET_AES_ALT_ECB_DECRYPT_START seq=199
2026-04-24T06:51:39.217-04:00 PYRONET_AES_ALT_ECB_RET seq=199 ret=0
2026-04-24T06:51:39.217-04:00 PYRONET_AES_ALT_ECB_ENTER seq=200 ctx=@20001c14 mode=0 ecb=@00005a64 in=@20011110 out=@20011120
2026-04-24T06:51:39.217-04:00 PYRONET_AES_ALT_ECB_OP_INIT seq=200
2026-04-24T06:51:39.217-04:00 PYRONET_AES_ALT_ECB_DECRYPT_START seq=200
2026-04-24T06:51:39.217-04:00 PYRONET_AES_ALT_ECB_RET seq=200 ret=0
2026-04-24T06:51:39.217-04:00 PYRONET_AES_ALT_ECB_ENTER seq=201 ctx=@20001c14 mode=0 ecb=@00005a64 in=@20011110 out=@20011120
2026-04-24T06:51:39.217-04:00 PYRONET_AES_ALT_ECB_OP_INIT seq=201
2026-04-24T06:51:39.217-04:00 PYRONET_AES_ALT_ECB_DECRYPT_START seq=201
2026-04-24T06:51:39.217-04:00 PYRONET_AES_ALT_ECB_RET seq=201 ret=0
2026-04-24T06:51:39.218-04:00 PYRONET_AES_ALT_ECB_ENTER seq=202 ctx=@20001c14 mode=0 ecb=@00005a64 in=@20011110 out=@20011120
2026-04-24T06:51:39.218-04:00 PYRONET_AES_ALT_ECB_OP_INIT seq=202
2026-04-24T06:51:39.218-04:00 PYRONET_AES_ALT_ECB_DECRYPT_START seq=202
2026-04-24T06:51:39.219-04:00 PYRONET_AES_ALT_ECB_RET seq=202 ret=0
2026-04-24T06:51:39.220-04:00 PYRONET_AES_ALT_ECB_ENTER seq=203 ctx=@20001c14 mode=0 ecb=@00005a64 in=@20011110 out=@20011120
2026-04-24T06:51:39.220-04:00 PYRONET_AES_ALT_ECB_OP_INIT seq=203
2026-04-24T06:51:39.220-04:00 PYRONET_AES_ALT_ECB_DECRYPT_START seq=203
2026-04-24T06:51:39.220-04:00 PYRONET_AES_ALT_ECB_RET seq=203 ret=0
2026-04-24T06:51:39.220-04:00 PYRONET_AES_ALT_ECB_ENTER seq=204 ctx=@20001c14 mode=0 ecb=@00005a64 in=@20011110 out=@20011120
2026-04-24T06:51:39.220-04:00 PYRONET_AES_ALT_ECB_OP_INIT seq=204
2026-04-24T06:51:39.220-04:00 PYRONET_AES_ALT_ECB_DECRYPT_START seq=204
2026-04-24T06:51:39.220-04:00 PYRONET_AES_ALT_ECB_RET seq=204 ret=0
2026-04-24T06:51:39.220-04:00 PYRONET_AES_ALT_ECB_ENTER seq=205 ctx=@20001c14 mode=0 ecb=@00005a64 in=@20011110 out=@20011120
2026-04-24T06:51:39.220-04:00 PYRONET_AES_ALT_ECB_OP_INIT seq=205
2026-04-24T06:51:39.220-04:00 PYRONET_AES_ALT_ECB_DECRYPT_START seq=205
2026-04-24T06:51:39.220-04:00 PYRONET_AES_ALT_ECB_RET seq=205 ret=0
2026-04-24T06:51:39.221-04:00 PYRONET_AES_ALT_ECB_ENTER seq=206 ctx=@20001c14 mode=0 ecb=@00005a64 in=@20011110 out=@20011120
2026-04-24T06:51:39.222-04:00 PYRONET_AES_ALT_ECB_OP_INIT seq=206
2026-04-24T06:51:39.222-04:00 PYRONET_AES_ALT_ECB_DECRYPT_START seq=206
2026-04-24T06:51:39.222-04:00 PYRONET_AES_ALT_ECB_RET seq=206 ret=0
2026-04-24T06:51:39.222-04:00 PYRONET_AES_ALT_ECB_ENTER seq=207 ctx=@20001c14 mode=0 ecb=@00005a64 in=@20011110 out=@20011120
2026-04-24T06:51:39.223-04:00 PYRONET_AES_ALT_ECB_OP_INIT seq=207
2026-04-24T06:51:39.223-04:00 PYRONET_AES_ALT_ECB_DECRYPT_START seq=207
2026-04-24T06:51:39.223-04:00 PYRONET_AES_ALT_ECB_RET seq=207 ret=0
2026-04-24T06:51:39.223-04:00 PYRONET_AES_ALT_ECB_ENTER seq=208 ctx=@20001c14 mode=0 ecb=@00005a64 in=@20011110 out=@20011120
2026-04-24T06:51:39.223-04:00 PYRONET_AES_ALT_ECB_OP_INIT seq=208
2026-04-24T06:51:39.223-04:00 PYRONET_AES_ALT_ECB_DECRYPT_START seq=208
2026-04-24T06:51:39.223-04:00 PYRONET_AES_ALT_ECB_RET seq=208 ret=0
2026-04-24T06:51:39.223-04:00 PYRONET_AES_ALT_ECB_ENTER seq=209 ctx=@20001c14 mode=0 ecb=@00005a64 in=@20011110 out=@20011120
2026-04-24T06:51:39.223-04:00 PYRONET_AES_ALT_ECB_OP_INIT seq=209
2026-04-24T06:51:39.223-04:00 PYRONET_AES_ALT_ECB_DECRYPT_START seq=209
2026-04-24T06:51:39.223-04:00 PYRONET_AES_ALT_ECB_RET seq=209 ret=0
2026-04-24T06:51:39.225-04:00 PYRONET_AES_ALT_ECB_ENTER seq=210 ctx=@20001c14 mode=0 ecb=@00005a64 in=@20011110 out=@20011120
2026-04-24T06:51:39.225-04:00 PYRONET_AES_ALT_ECB_OP_INIT seq=210
2026-04-24T06:51:39.225-04:00 PYRONET_AES_ALT_ECB_DECRYPT_START seq=210
2026-04-24T06:51:39.225-04:00 PYRONET_AES_ALT_ECB_RET seq=210 ret=0
2026-04-24T06:51:39.225-04:00 PYRONET_AES_ALT_ECB_ENTER seq=211 ctx=@20001c14 mode=0 ecb=@00005a64 in=@20011110 out=@20011120
2026-04-24T06:51:39.225-04:00 PYRONET_AES_ALT_ECB_OP_INIT seq=211
2026-04-24T06:51:39.225-04:00 PYRONET_AES_ALT_ECB_DECRYPT_START seq=211
2026-04-24T06:51:39.226-04:00 PYRONET_AES_ALT_ECB_RET seq=211 ret=0
2026-04-24T06:51:39.226-04:00 PYRONET_AES_ALT_ECB_ENTER seq=212 ctx=@20001c14 mode=0 ecb=@00005a64 in=@20011110 out=@20011120
2026-04-24T06:51:39.226-04:00 PYRONET_AES_ALT_ECB_OP_INIT seq=212
2026-04-24T06:51:39.226-04:00 PYRONET_AES_ALT_ECB_DECRYPT_START seq=212
2026-04-24T06:51:39.226-04:00 PYRONET_AES_ALT_ECB_RET seq=212 ret=0
2026-04-24T06:51:39.226-04:00 PYRONET_AES_ALT_ECB_ENTER seq=213 ctx=@20001c14 mode=0 ecb=@00005a64 in=@20011110 out=@20011120
2026-04-24T06:51:39.226-04:00 PYRONET_AES_ALT_ECB_OP_INIT seq=213
2026-04-24T06:51:39.226-04:00 PYRONET_AES_ALT_ECB_DECRYPT_START seq=213
2026-04-24T06:51:39.228-04:00 PYRONET_AES_ALT_ECB_RET seq=213 ret=0
2026-04-24T06:51:39.228-04:00 PYRONET_AES_ALT_ECB_ENTER seq=214 ctx=@20001c14 mode=0 ecb=@00005a64 in=@20011110 out=@20011120
2026-04-24T06:51:39.228-04:00 PYRONET_AES_ALT_ECB_OP_INIT seq=214
2026-04-24T06:51:39.228-04:00 PYRONET_AES_ALT_ECB_DECRYPT_START seq=214
2026-04-24T06:51:39.228-04:00 PYRONET_AES_ALT_ECB_RET seq=214 ret=0
2026-04-24T06:51:39.228-04:00 PYRONET_AES_ALT_ECB_ENTER seq=215 ctx=@20001c14 mode=0 ecb=@00005a64 in=@20011110 out=@20011120
2026-04-24T06:51:39.228-04:00 PYRONET_AES_ALT_ECB_OP_INIT seq=215
2026-04-24T06:51:39.228-04:00 PYRONET_AES_ALT_ECB_DECRYPT_START seq=215
2026-04-24T06:51:39.228-04:00 PYRONET_AES_ALT_ECB_RET seq=215 ret=0
2026-04-24T06:51:39.228-04:00 PYRONET_AES_ALT_ECB_ENTER seq=216 ctx=@20001c14 mode=0 ecb=@00005a64 in=@20011110 out=@20011120
2026-04-24T06:51:39.228-04:00 PYRONET_AES_ALT_ECB_OP_INIT seq=216
2026-04-24T06:51:39.229-04:00 PYRONET_AES_ALT_ECB_DECRYPT_START seq=216
2026-04-24T06:51:39.229-04:00 PYRONET_AES_ALT_ECB_RET seq=216 ret=0
2026-04-24T06:51:39.229-04:00 PYRONET_AES_ALT_ECB_ENTER seq=217 ctx=@20001c14 mode=0 ecb=@00005a64 in=@20011110 out=@20011120
2026-04-24T06:51:39.230-04:00 PYRONET_AES_ALT_ECB_OP_INIT seq=217
2026-04-24T06:51:39.230-04:00 PYRONET_AES_ALT_ECB_DECRYPT_START seq=217
2026-04-24T06:51:39.230-04:00 PYRONET_AES_ALT_ECB_RET seq=217 ret=0
2026-04-24T06:51:39.231-04:00 PYRONET_AES_ALT_ECB_ENTER seq=218 ctx=@20001c14 mode=0 ecb=@00005a64 in=@20011110 out=@20011120
2026-04-24T06:51:39.231-04:00 PYRONET_AES_ALT_ECB_OP_INIT seq=218
2026-04-24T06:51:39.231-04:00 PYRONET_AES_ALT_ECB_DECRYPT_START seq=218
2026-04-24T06:51:39.231-04:00 PYRONET_AES_ALT_ECB_RET seq=218 ret=0
2026-04-24T06:51:39.231-04:00 PYRONET_AES_ALT_ECB_ENTER seq=219 ctx=@20001c14 mode=0 ecb=@00005a64 in=@20011110 out=@20011120
2026-04-24T06:51:39.231-04:00 PYRONET_AES_ALT_ECB_OP_INIT seq=219
2026-04-24T06:51:39.231-04:00 PYRONET_AES_ALT_ECB_DECRYPT_START seq=219
2026-04-24T06:51:39.231-04:00 PYRONET_AES_ALT_ECB_RET seq=219 ret=0
2026-04-24T06:51:39.231-04:00 PYRONET_AES_ALT_ECB_ENTER seq=220 ctx=@20001c14 mode=0 ecb=@00005a64 in=@20011110 out=@20011120
2026-04-24T06:51:39.231-04:00 PYRONET_AES_ALT_ECB_OP_INIT seq=220
2026-04-24T06:51:39.231-04:00 PYRONET_AES_ALT_ECB_DECRYPT_START seq=220
2026-04-24T06:51:39.231-04:00 PYRONET_AES_ALT_ECB_RET seq=220 ret=0
2026-04-24T06:51:39.233-04:00 PYRONET_AES_ALT_ECB_ENTER seq=221 ctx=@20001c14 mode=0 ecb=@00005a64 in=@20011110 out=@20011120
2026-04-24T06:51:39.233-04:00 PYRONET_AES_ALT_ECB_OP_INIT seq=221
2026-04-24T06:51:39.233-04:00 PYRONET_AES_ALT_ECB_DECRYPT_START seq=221
2026-04-24T06:51:39.233-04:00 PYRONET_AES_ALT_ECB_RET seq=221 ret=0
2026-04-24T06:51:39.233-04:00 PYRONET_AES_ALT_ECB_ENTER seq=222 ctx=@20001c14 mode=0 ecb=@00005a64 in=@20011110 out=@20011120
2026-04-24T06:51:39.233-04:00 PYRONET_AES_ALT_ECB_OP_INIT seq=222
2026-04-24T06:51:39.233-04:00 PYRONET_AES_ALT_ECB_DECRYPT_START seq=222
2026-04-24T06:51:39.233-04:00 PYRONET_AES_ALT_ECB_RET seq=222 ret=0
2026-04-24T06:51:39.233-04:00 PYRONET_AES_ALT_ECB_ENTER seq=223 ctx=@20001c14 mode=0 ecb=@00005a64 in=@20011110 out=@20011120
2026-04-24T06:51:39.233-04:00 PYRONET_AES_ALT_ECB_OP_INIT seq=223
2026-04-24T06:51:39.233-04:00 PYRONET_AES_ALT_ECB_DECRYPT_START seq=223
2026-04-24T06:51:39.233-04:00 PYRONET_AES_ALT_ECB_RET seq=223 ret=0
2026-04-24T06:51:39.233-04:00 PYRONET_AES_ALT_ECB_ENTER seq=224 ctx=@20001c14 mode=0 ecb=@00005a64 in=@20011110 out=@20011120
2026-04-24T06:51:39.233-04:00 PYRONET_AES_ALT_ECB_OP_INIT seq=224
2026-04-24T06:51:39.291-04:00 PYRONET_AES_ALT_ECB_DECRYPT_START seq=224
2026-04-24T06:51:39.291-04:00 PYRONET_AES_ALT_ECB_RET seq=224 ret=0
2026-04-24T06:51:39.291-04:00 PYRONET_AES_ALT_ECB_ENTER seq=225 ctx=@20001c14 mode=0 ecb=@00005a64 in=@20011110 out=@20011120
2026-04-24T06:51:39.291-04:00 PYRONET_AES_ALT_ECB_OP_INIT seq=225
2026-04-24T06:51:39.291-04:00 PYRONET_AES_ALT_ECB_DECRYPT_START seq=225
2026-04-24T06:51:39.291-04:00 PYRONET_AES_ALT_ECB_RET seq=225 ret=0
2026-04-24T06:51:39.291-04:00 PYRONET_AES_ALT_FREE_ENTER ctx=@20001c14 ref=1 ecb=@00005a64 cbc=@00005a54
2026-04-24T06:51:39.291-04:00 PYRONET_AES_ALT_FREE_DONE ctx=@20001c14 ref=0
2026-04-24T06:51:43.714-04:00 PYRONET_WISUN_DIAG host_state=2 router_status=-1 router=- j1=35 j2=4 j3=57 j4=7 j5=0 recv_pa=3 recv_pas=0 recv_pc=1 recv_pcs=0
2026-04-24T06:51:43.714-04:00 PYRONET_WISUN_ADDR host_state=2 ll=fe80::212:4b00:28ed:d802 global=- border_router=-
2026-04-24T06:51:48.919-04:00 PYRONET_WISUN_DIAG host_state=2 router_status=-1 router=- j1=35 j2=4 j3=57 j4=13 j5=0 recv_pa=3 recv_pas=0 recv_pc=1 recv_pcs=0
2026-04-24T06:51:48.920-04:00 PYRONET_WISUN_ADDR host_state=2 ll=fe80::212:4b00:28ed:d802 global=- border_router=-
2026-04-24T06:51:54.173-04:00 PYRONET_WISUN_DIAG host_state=2 router_status=-1 router=- j1=35 j2=4 j3=57 j4=18 j5=0 recv_pa=3 recv_pas=0 recv_pc=1 recv_pcs=0
2026-04-24T06:51:54.173-04:00 PYRONET_WISUN_ADDR host_state=2 ll=fe80::212:4b00:28ed:d802 global=- border_router=-
2026-04-24T06:51:59.410-04:00 PYRONET_WISUN_DIAG host_state=2 router_status=-1 router=- j1=35 j2=4 j3=57 j4=23 j5=0 recv_pa=3 recv_pas=0 recv_pc=2 recv_pcs=0
2026-04-24T06:51:59.410-04:00 PYRONET_WISUN_ADDR host_state=2 ll=fe80::212:4b00:28ed:d802 global=- border_router=-
2026-04-24T06:52:04.621-04:00 PYRONET_WISUN_DIAG host_state=2 router_status=-1 router=- j1=35 j2=4 j3=57 j4=28 j5=0 recv_pa=3 recv_pas=0 recv_pc=4 recv_pcs=0
2026-04-24T06:52:04.622-04:00 PYRONET_WISUN_ADDR host_state=2 ll=fe80::212:4b00:28ed:d802 global=fd12:3456::212:4b00:28ed:d802 border_router=-
2026-04-24T06:52:09.801-04:00 PYRONET_WISUN_DIAG host_state=2 router_status=-1 router=- j1=35 j2=4 j3=57 j4=33 j5=0 recv_pa=3 recv_pas=0 recv_pc=4 recv_pcs=0
2026-04-24T06:52:09.801-04:00 PYRONET_WISUN_ADDR host_state=2 ll=fe80::212:4b00:28ed:d802 global=fd12:3456::212:4b00:28ed:d802 border_router=-
2026-04-24T06:52:15.086-04:00 PYRONET_WISUN_DIAG host_state=2 router_status=-1 router=- j1=35 j2=4 j3=57 j4=38 j5=0 recv_pa=4 recv_pas=0 recv_pc=4 recv_pcs=0
2026-04-24T06:52:15.086-04:00 PYRONET_WISUN_ADDR host_state=2 ll=fe80::212:4b00:28ed:d802 global=fd12:3456::212:4b00:28ed:d802 border_router=-
2026-04-24T06:52:15.261-04:00 PYRONET_WISUN_STATUS status=MESH_CONNECTED host_state=2 queue_registration=0
2026-04-24T06:52:15.262-04:00 PYRONET_ROUTER_FALLBACK parent=fe80::8e8b:48ff:fe22:8504
2026-04-24T06:52:15.262-04:00 PYRONET_WISUN_READY reason=1
2026-04-24T06:52:15.262-04:00 HOST_TX type=REGISTRATION_NEEDED seq=5 len=1
2026-04-24T06:52:15.263-04:00 HOST_RX type=SEND_REGISTRATION seq=5 len=13
2026-04-24T06:52:15.263-04:00 HOST_TX type=TX_RESULT seq=6 len=4
2026-04-24T06:52:15.263-04:00 PYRONET_ROUTER_FALLBACK parent=fe80::8e8b:48ff:fe22:8504
2026-04-24T06:52:15.263-04:00 PYRONET_REGISTRATION_SUBMIT node_id=1001
2026-04-24T06:52:15.263-04:00 HOST_TX type=TX_RESULT seq=7 len=4
2026-04-24T06:52:15.375-04:00 HOST_TX type=TX_RESULT seq=8 len=4
2026-04-24T06:52:19.965-04:00 PYRONET_TIME_SYNC_RX unix_time_s=1777027935
2026-04-24T06:52:19.965-04:00 HOST_TX type=TIME_SYNC_UPDATE seq=9 len=4
2026-04-24T06:52:19.966-04:00 HOST_RX type=SEND_SENSOR_REPORT seq=6 len=16
2026-04-24T06:52:19.966-04:00 HOST_TX type=TX_RESULT seq=10 len=4
2026-04-24T06:52:19.966-04:00 PYRONET_ROUTER_FALLBACK parent=fe80::8e8b:48ff:fe22:8504
2026-04-24T06:52:19.966-04:00 HOST_TX type=TX_RESULT seq=11 len=4
2026-04-24T06:53:19.749-04:00 HOST_RX type=SEND_SENSOR_REPORT seq=7 len=16
2026-04-24T06:53:19.860-04:00 HOST_TX type=TX_RESULT seq=12 len=4
2026-04-24T06:53:19.861-04:00 PYRONET_ROUTER_FALLBACK parent=fe80::8e8b:48ff:fe22:8504
2026-04-24T06:53:19.861-04:00 HOST_TX type=TX_RESULT seq=13 len=4
2026-04-24T06:54:19.554-04:00 HOST_RX type=SEND_SENSOR_REPORT seq=8 len=16
2026-04-24T06:54:19.555-04:00 HOST_TX type=TX_RESULT seq=14 len=4
2026-04-24T06:54:19.555-04:00 PYRONET_ROUTER_FALLBACK parent=fe80::8e8b:48ff:fe22:8504
2026-04-24T06:54:19.669-04:00 HOST_TX type=TX_RESULT seq=15 len=4
2026-04-24T06:55:19.390-04:00 HOST_RX type=SEND_SENSOR_REPORT seq=9 len=16
2026-04-24T06:55:19.390-04:00 HOST_TX type=TX_RESULT seq=16 len=4
2026-04-24T06:55:19.391-04:00 PYRONET_ROUTER_FALLBACK parent=fe80::8e8b:48ff:fe22:8504
2026-04-24T06:55:19.391-04:00 HOST_TX type=TX_RESULT seq=17 len=4
2026-04-24T06:56:19.107-04:00 HOST_RX type=SEND_SENSOR_REPORT seq=10 len=16
2026-04-24T06:56:19.107-04:00 HOST_TX type=TX_RESULT seq=18 len=4
2026-04-24T06:56:19.107-04:00 PYRONET_ROUTER_FALLBACK parent=fe80::8e8b:48ff:fe22:8504
2026-04-24T06:56:19.218-04:00 HOST_TX type=TX_RESULT seq=19 len=4
2026-04-24T06:57:18.985-04:00 HOST_RX type=SEND_SENSOR_REPORT seq=11 len=16
2026-04-24T06:57:18.986-04:00 HOST_TX type=TX_RESULT seq=20 len=4
2026-04-24T06:57:18.986-04:00 PYRONET_ROUTER_FALLBACK parent=fe80::8e8b:48ff:fe22:8504
2026-04-24T06:57:18.986-04:00 HOST_TX type=TX_RESULT seq=21 len=4
2026-04-24T06:58:18.752-04:00 HOST_RX type=SEND_SENSOR_REPORT seq=12 len=16
2026-04-24T06:58:18.752-04:00 HOST_TX type=TX_RESULT seq=22 len=4
2026-04-24T06:58:18.752-04:00 PYRONET_ROUTER_FALLBACK parent=fe80::8e8b:48ff:fe22:8504
2026-04-24T06:58:18.752-04:00 HOST_TX type=TX_RESULT seq=23 len=4
2026-04-24T06:59:18.470-04:00 HOST_RX type=SEND_SENSOR_REPORT seq=13 len=16
2026-04-24T06:59:18.470-04:00 HOST_TX type=TX_RESULT seq=24 len=4
2026-04-24T06:59:18.470-04:00 PYRONET_ROUTER_FALLBACK parent=fe80::8e8b:48ff:fe22:8504
2026-04-24T06:59:18.470-04:00 HOST_TX type=TX_RESULT seq=25 len=4
2026-04-24T07:00:18.357-04:00 HOST_RX type=SEND_SENSOR_REPORT seq=14 len=16
2026-04-24T07:00:18.357-04:00 HOST_TX type=TX_RESULT seq=26 len=4
2026-04-24T07:00:18.358-04:00 PYRONET_ROUTER_FALLBACK parent=fe80::8e8b:48ff:fe22:8504
2026-04-24T07:00:18.358-04:00 HOST_TX type=TX_RESULT seq=27 len=4
2026-04-24T07:01:18.067-04:00 HOST_RX type=SEND_SENSOR_REPORT seq=15 len=16
2026-04-24T07:01:18.067-04:00 HOST_TX type=TX_RESULT seq=28 len=4
2026-04-24T07:01:18.068-04:00 PYRONET_ROUTER_FALLBACK parent=fe80::8e8b:48ff:fe22:8504
2026-04-24T07:01:18.068-04:00 HOST_TX type=TX_RESULT seq=29 len=4
2026-04-24T07:02:17.879-04:00 HOST_RX type=SEND_SENSOR_REPORT seq=16 len=16
2026-04-24T07:02:17.879-04:00 HOST_TX type=TX_RESULT seq=30 len=4
2026-04-24T07:02:17.879-04:00 PYRONET_ROUTER_FALLBACK parent=fe80::8e8b:48ff:fe22:8504
2026-04-24T07:02:17.879-04:00 HOST_TX type=TX_RESULT seq=31 len=4
2026-04-24T07:03:17.698-04:00 HOST_RX type=SEND_SENSOR_REPORT seq=17 len=16
2026-04-24T07:03:17.699-04:00 HOST_TX type=TX_RESULT seq=32 len=4
2026-04-24T07:03:17.699-04:00 PYRONET_ROUTER_FALLBACK parent=fe80::8e8b:48ff:fe22:8504
2026-04-24T07:03:17.699-04:00 HOST_TX type=TX_RESULT seq=33 len=4
2026-04-24T07:04:17.400-04:00 HOST_RX type=SEND_SENSOR_REPORT seq=18 len=16
2026-04-24T07:04:17.402-04:00 HOST_TX type=TX_RESULT seq=34 len=4
2026-04-24T07:04:17.515-04:00 PYRONET_ROUTER_FALLBACK parent=fe80::8e8b:48ff:fe22:8504
2026-04-24T07:04:17.515-04:00 HOST_TX type=TX_RESULT seq=35 len=4
2026-04-24T07:05:17.193-04:00 HOST_RX type=SEND_SENSOR_REPORT seq=19 len=16
2026-04-24T07:05:17.195-04:00 HOST_TX type=TX_RESULT seq=36 len=4
2026-04-24T07:05:17.195-04:00 PYRONET_ROUTER_FALLBACK parent=fe80::8e8b:48ff:fe22:8504
2026-04-24T07:05:17.195-04:00 HOST_TX type=TX_RESULT seq=37 len=4
2026-04-24T07:05:33.179-04:00 PYRONET_WISUN_STATUS status=MESH_CONNECTED host_state=3 queue_registration=0
2026-04-24T07:06:16.970-04:00 HOST_RX type=SEND_SENSOR_REPORT seq=20 len=16
2026-04-24T07:06:16.970-04:00 HOST_TX type=TX_RESULT seq=38 len=4
2026-04-24T07:06:16.970-04:00 PYRONET_ROUTER_FALLBACK parent=fe80::8e8b:48ff:fe22:8504
2026-04-24T07:06:16.970-04:00 HOST_TX type=TX_RESULT seq=39 len=4
2026-04-24T07:07:16.822-04:00 HOST_RX type=SEND_SENSOR_REPORT seq=21 len=16
2026-04-24T07:07:16.822-04:00 HOST_TX type=TX_RESULT seq=40 len=4
2026-04-24T07:07:16.823-04:00 PYRONET_ROUTER_FALLBACK parent=fe80::8e8b:48ff:fe22:8504
2026-04-24T07:07:16.823-04:00 HOST_TX type=TX_RESULT seq=41 len=4
2026-04-24T07:08:16.629-04:00 HOST_RX type=SEND_SENSOR_REPORT seq=22 len=16
2026-04-24T07:08:16.629-04:00 HOST_TX type=TX_RESULT seq=42 len=4
2026-04-24T07:08:16.629-04:00 PYRONET_ROUTER_FALLBACK parent=fe80::8e8b:48ff:fe22:8504
2026-04-24T07:08:16.629-04:00 HOST_TX type=TX_RESULT seq=43 len=4
2026-04-24T07:09:16.432-04:00 HOST_RX type=SEND_SENSOR_REPORT seq=23 len=16
2026-04-24T07:09:16.433-04:00 HOST_TX type=TX_RESULT seq=44 len=4
2026-04-24T07:09:16.433-04:00 PYRONET_ROUTER_FALLBACK parent=fe80::8e8b:48ff:fe22:8504
2026-04-24T07:09:16.433-04:00 HOST_TX type=TX_RESULT seq=45 len=4
2026-04-24T07:10:16.141-04:00 HOST_RX type=SEND_SENSOR_REPORT seq=24 len=16
2026-04-24T07:10:16.141-04:00 HOST_TX type=TX_RESULT seq=46 len=4
2026-04-24T07:10:16.141-04:00 PYRONET_ROUTER_FALLBACK parent=fe80::8e8b:48ff:fe22:8504
2026-04-24T07:10:16.142-04:00 HOST_TX type=TX_RESULT seq=47 len=4
2026-04-24T07:11:15.977-04:00 HOST_RX type=SEND_SENSOR_REPORT seq=25 len=16
2026-04-24T07:11:15.978-04:00 HOST_TX type=TX_RESULT seq=48 len=4
2026-04-24T07:11:15.978-04:00 PYRONET_ROUTER_FALLBACK parent=fe80::8e8b:48ff:fe22:8504
2026-04-24T07:11:15.978-04:00 HOST_TX type=TX_RESULT seq=49 len=4
2026-04-24T07:12:15.806-04:00 HOST_RX type=SEND_SENSOR_REPORT seq=26 len=16
2026-04-24T07:12:15.807-04:00 HOST_TX type=TX_RESULT seq=50 len=4
2026-04-24T07:12:15.807-04:00 PYRONET_ROUTER_FALLBACK parent=fe80::8e8b:48ff:fe22:8504
2026-04-24T07:12:15.809-04:00 HOST_TX type=TX_RESULT seq=51 len=4
2026-04-24T07:12:31.935-04:00 LOGGER unexpected_error port=/dev/cu.usbmodemLS41069U4 error=[Errno 6] Device not configured
2026-04-24T07:12:33.941-04:00 LOGGER waiting_for_port glob=/dev/cu.usbmodem*
2026-04-24T07:15:38.884-04:00 LOGGER waiting_for_port glob=/dev/cu.usbmodem*
2026-04-24T07:15:40.887-04:00 LOGGER waiting_for_port glob=/dev/cu.usbmodem*
2026-04-24T07:15:42.896-04:00 LOGGER waiting_for_port glob=/dev/cu.usbmodem*
2026-04-24T07:15:44.901-04:00 LOGGER waiting_for_port glob=/dev/cu.usbmodem*
2026-04-24T07:15:46.912-04:00 LOGGER waiting_for_port glob=/dev/cu.usbmodem*
2026-04-24T07:15:48.918-04:00 LOGGER waiting_for_port glob=/dev/cu.usbmodem*
2026-04-24T07:15:50.929-04:00 LOGGER waiting_for_port glob=/dev/cu.usbmodem*
2026-04-24T07:15:52.935-04:00 LOGGER waiting_for_port glob=/dev/cu.usbmodem*
2026-04-24T07:15:54.941-04:00 LOGGER waiting_for_port glob=/dev/cu.usbmodem*
2026-04-24T07:15:56.944-04:00 LOGGER waiting_for_port glob=/dev/cu.usbmodem*
2026-04-24T07:15:58.949-04:00 LOGGER waiting_for_port glob=/dev/cu.usbmodem*
2026-04-24T07:16:00.952-04:00 LOGGER waiting_for_port glob=/dev/cu.usbmodem*
2026-04-24T07:16:02.963-04:00 LOGGER waiting_for_port glob=/dev/cu.usbmodem*
2026-04-24T07:16:04.974-04:00 LOGGER waiting_for_port glob=/dev/cu.usbmodem*
2026-04-24T07:16:06.980-04:00 LOGGER waiting_for_port glob=/dev/cu.usbmodem*
2026-04-24T07:16:08.986-04:00 LOGGER waiting_for_port glob=/dev/cu.usbmodem*
2026-04-24T07:16:10.993-04:00 LOGGER waiting_for_port glob=/dev/cu.usbmodem*
2026-04-24T07:16:13.003-04:00 LOGGER waiting_for_port glob=/dev/cu.usbmodem*
2026-04-24T07:16:15.011-04:00 LOGGER waiting_for_port glob=/dev/cu.usbmodem*
2026-04-24T07:16:17.018-04:00 LOGGER waiting_for_port glob=/dev/cu.usbmodem*
2026-04-24T07:16:19.023-04:00 LOGGER waiting_for_port glob=/dev/cu.usbmodem*
2026-04-24T07:16:21.025-04:00 LOGGER waiting_for_port glob=/dev/cu.usbmodem*
2026-04-24T07:16:23.027-04:00 LOGGER waiting_for_port glob=/dev/cu.usbmodem*
2026-04-24T07:16:25.037-04:00 LOGGER waiting_for_port glob=/dev/cu.usbmodem*
2026-04-24T07:16:58.328-04:00 LOGGER waiting_for_port glob=/dev/cu.usbmodem*
2026-04-24T07:17:00.331-04:00 LOGGER waiting_for_port glob=/dev/cu.usbmodem*
2026-04-24T07:17:02.337-04:00 LOGGER waiting_for_port glob=/dev/cu.usbmodem*
2026-04-24T07:17:04.345-04:00 LOGGER waiting_for_port glob=/dev/cu.usbmodem*
2026-04-24T07:17:06.350-04:00 LOGGER waiting_for_port glob=/dev/cu.usbmodem*
2026-04-24T07:17:08.353-04:00 LOGGER waiting_for_port glob=/dev/cu.usbmodem*
2026-04-24T07:17:10.363-04:00 LOGGER waiting_for_port glob=/dev/cu.usbmodem*
2026-04-24T07:17:12.373-04:00 LOGGER waiting_for_port glob=/dev/cu.usbmodem*
2026-04-24T07:17:14.376-04:00 LOGGER waiting_for_port glob=/dev/cu.usbmodem*
2026-04-24T07:17:16.384-04:00 LOGGER waiting_for_port glob=/dev/cu.usbmodem*
2026-04-24T07:17:18.390-04:00 LOGGER waiting_for_port glob=/dev/cu.usbmodem*
2026-04-24T07:17:20.397-04:00 LOGGER waiting_for_port glob=/dev/cu.usbmodem*
2026-04-24T07:17:22.408-04:00 LOGGER waiting_for_port glob=/dev/cu.usbmodem*
2026-04-24T07:17:24.411-04:00 LOGGER waiting_for_port glob=/dev/cu.usbmodem*
2026-04-24T07:17:26.417-04:00 LOGGER waiting_for_port glob=/dev/cu.usbmodem*
2026-04-24T07:17:28.420-04:00 LOGGER waiting_for_port glob=/dev/cu.usbmodem*
2026-04-24T07:17:30.433-04:00 LOGGER waiting_for_port glob=/dev/cu.usbmodem*
2026-04-24T07:17:32.437-04:00 LOGGER waiting_for_port glob=/dev/cu.usbmodem*
2026-04-24T07:17:34.449-04:00 LOGGER waiting_for_port glob=/dev/cu.usbmodem*
2026-04-24T07:17:36.456-04:00 LOGGER waiting_for_port glob=/dev/cu.usbmodem*
2026-04-24T07:17:38.461-04:00 LOGGER waiting_for_port glob=/dev/cu.usbmodem*
2026-04-24T07:17:40.463-04:00 LOGGER waiting_for_port glob=/dev/cu.usbmodem*
2026-04-24T07:17:42.464-04:00 LOGGER waiting_for_port glob=/dev/cu.usbmodem*
2026-04-24T07:17:44.476-04:00 LOGGER waiting_for_port glob=/dev/cu.usbmodem*
2026-04-24T07:17:46.482-04:00 LOGGER waiting_for_port glob=/dev/cu.usbmodem*
2026-04-24T07:17:48.489-04:00 LOGGER waiting_for_port glob=/dev/cu.usbmodem*
2026-04-24T07:17:50.499-04:00 LOGGER waiting_for_port glob=/dev/cu.usbmodem*
2026-04-24T07:17:52.502-04:00 LOGGER waiting_for_port glob=/dev/cu.usbmodem*
2026-04-24T07:17:54.512-04:00 LOGGER waiting_for_port glob=/dev/cu.usbmodem*
2026-04-24T07:17:56.524-04:00 LOGGER waiting_for_port glob=/dev/cu.usbmodem*
2026-04-24T07:17:58.528-04:00 LOGGER waiting_for_port glob=/dev/cu.usbmodem*
2026-04-24T07:18:00.532-04:00 LOGGER waiting_for_port glob=/dev/cu.usbmodem*
2026-04-24T07:18:02.539-04:00 LOGGER waiting_for_port glob=/dev/cu.usbmodem*
2026-04-24T07:18:04.544-04:00 LOGGER waiting_for_port glob=/dev/cu.usbmodem*
2026-04-24T07:28:13.047-04:00 LOGGER waiting_for_port glob=/dev/cu.usbmodem*
2026-04-24T07:28:15.054-04:00 LOGGER waiting_for_port glob=/dev/cu.usbmodem*
2026-04-24T07:28:17.057-04:00 LOGGER waiting_for_port glob=/dev/cu.usbmodem*
2026-04-24T07:28:19.062-04:00 LOGGER waiting_for_port glob=/dev/cu.usbmodem*
2026-04-24T07:28:21.066-04:00 LOGGER waiting_for_port glob=/dev/cu.usbmodem*
2026-04-24T07:28:23.067-04:00 LOGGER waiting_for_port glob=/dev/cu.usbmodem*
2026-04-24T07:28:25.072-04:00 LOGGER waiting_for_port glob=/dev/cu.usbmodem*
2026-04-24T07:28:27.076-04:00 LOGGER waiting_for_port glob=/dev/cu.usbmodem*
2026-04-24T07:28:29.083-04:00 LOGGER waiting_for_port glob=/dev/cu.usbmodem*
2026-04-24T07:28:31.095-04:00 LOGGER waiting_for_port glob=/dev/cu.usbmodem*
2026-04-24T07:28:33.102-04:00 LOGGER waiting_for_port glob=/dev/cu.usbmodem*
2026-04-24T07:28:35.108-04:00 LOGGER waiting_for_port glob=/dev/cu.usbmodem*
2026-04-24T07:28:37.114-04:00 LOGGER waiting_for_port glob=/dev/cu.usbmodem*
2026-04-24T07:28:39.126-04:00 LOGGER waiting_for_port glob=/dev/cu.usbmodem*
2026-04-24T07:28:41.134-04:00 LOGGER waiting_for_port glob=/dev/cu.usbmodem*
2026-04-24T07:28:43.142-04:00 LOGGER waiting_for_port glob=/dev/cu.usbmodem*
2026-04-24T07:28:45.148-04:00 LOGGER waiting_for_port glob=/dev/cu.usbmodem*
2026-04-24T07:28:47.155-04:00 LOGGER waiting_for_port glob=/dev/cu.usbmodem*
2026-04-24T07:28:49.160-04:00 LOGGER waiting_for_port glob=/dev/cu.usbmodem*
2026-04-24T07:28:51.164-04:00 LOGGER waiting_for_port glob=/dev/cu.usbmodem*
2026-04-24T07:28:53.177-04:00 LOGGER waiting_for_port glob=/dev/cu.usbmodem*
2026-04-24T07:28:55.180-04:00 LOGGER waiting_for_port glob=/dev/cu.usbmodem*
2026-04-24T07:28:57.189-04:00 LOGGER waiting_for_port glob=/dev/cu.usbmodem*
2026-04-24T07:29:00.287-04:00 LOGGER waiting_for_port glob=/dev/cu.usbmodem*
2026-04-24T07:29:02.299-04:00 LOGGER waiting_for_port glob=/dev/cu.usbmodem*
2026-04-24T07:29:04.303-04:00 LOGGER waiting_for_port glob=/dev/cu.usbmodem*
2026-04-24T07:29:06.307-04:00 LOGGER waiting_for_port glob=/dev/cu.usbmodem*
2026-04-24T07:29:08.314-04:00 LOGGER waiting_for_port glob=/dev/cu.usbmodem*
2026-04-24T07:29:10.319-04:00 LOGGER waiting_for_port glob=/dev/cu.usbmodem*
2026-04-24T07:29:12.322-04:00 LOGGER waiting_for_port glob=/dev/cu.usbmodem*
2026-04-24T07:29:14.334-04:00 LOGGER waiting_for_port glob=/dev/cu.usbmodem*
2026-04-24T07:29:16.338-04:00 LOGGER waiting_for_port glob=/dev/cu.usbmodem*
2026-04-24T07:29:18.354-04:00 LOGGER waiting_for_port glob=/dev/cu.usbmodem*
2026-04-24T07:29:20.362-04:00 LOGGER waiting_for_port glob=/dev/cu.usbmodem*
2026-04-24T07:29:22.373-04:00 LOGGER waiting_for_port glob=/dev/cu.usbmodem*
2026-04-24T07:29:24.384-04:00 LOGGER waiting_for_port glob=/dev/cu.usbmodem*
2026-04-24T07:29:26.393-04:00 LOGGER waiting_for_port glob=/dev/cu.usbmodem*
2026-04-24T07:29:28.400-04:00 LOGGER waiting_for_port glob=/dev/cu.usbmodem*
2026-04-24T07:29:30.402-04:00 LOGGER waiting_for_port glob=/dev/cu.usbmodem*
2026-04-24T07:29:32.413-04:00 LOGGER waiting_for_port glob=/dev/cu.usbmodem*
2026-04-24T07:29:34.418-04:00 LOGGER waiting_for_port glob=/dev/cu.usbmodem*
2026-04-24T07:29:36.420-04:00 LOGGER waiting_for_port glob=/dev/cu.usbmodem*
2026-04-24T07:29:38.432-04:00 LOGGER waiting_for_port glob=/dev/cu.usbmodem*
2026-04-24T07:29:40.444-04:00 LOGGER waiting_for_port glob=/dev/cu.usbmodem*
2026-04-24T07:29:42.450-04:00 LOGGER waiting_for_port glob=/dev/cu.usbmodem*
2026-04-24T07:29:44.462-04:00 LOGGER waiting_for_port glob=/dev/cu.usbmodem*
2026-04-24T07:29:46.469-04:00 LOGGER waiting_for_port glob=/dev/cu.usbmodem*
2026-04-24T07:31:29.692-04:00 LOGGER waiting_for_port glob=/dev/cu.usbmodem*
2026-04-24T07:31:31.698-04:00 LOGGER waiting_for_port glob=/dev/cu.usbmodem*
2026-04-24T07:31:33.704-04:00 LOGGER waiting_for_port glob=/dev/cu.usbmodem*
2026-04-24T07:31:35.711-04:00 LOGGER waiting_for_port glob=/dev/cu.usbmodem*
2026-04-24T07:31:37.718-04:00 LOGGER waiting_for_port glob=/dev/cu.usbmodem*
2026-04-24T07:31:39.730-04:00 LOGGER waiting_for_port glob=/dev/cu.usbmodem*
2026-04-24T07:31:41.737-04:00 LOGGER waiting_for_port glob=/dev/cu.usbmodem*
2026-04-24T07:31:43.743-04:00 LOGGER waiting_for_port glob=/dev/cu.usbmodem*
2026-04-24T07:31:45.754-04:00 LOGGER waiting_for_port glob=/dev/cu.usbmodem*
2026-04-24T07:31:47.760-04:00 LOGGER waiting_for_port glob=/dev/cu.usbmodem*
2026-04-24T07:31:49.763-04:00 LOGGER waiting_for_port glob=/dev/cu.usbmodem*
2026-04-24T07:31:51.768-04:00 LOGGER waiting_for_port glob=/dev/cu.usbmodem*
2026-04-24T07:31:53.774-04:00 LOGGER waiting_for_port glob=/dev/cu.usbmodem*
2026-04-24T07:31:55.786-04:00 LOGGER waiting_for_port glob=/dev/cu.usbmodem*
2026-04-24T07:31:57.792-04:00 LOGGER waiting_for_port glob=/dev/cu.usbmodem*
2026-04-24T07:31:59.799-04:00 LOGGER waiting_for_port glob=/dev/cu.usbmodem*
2026-04-24T07:32:01.805-04:00 LOGGER waiting_for_port glob=/dev/cu.usbmodem*
2026-04-24T07:32:03.817-04:00 LOGGER waiting_for_port glob=/dev/cu.usbmodem*
2026-04-24T07:32:05.819-04:00 LOGGER waiting_for_port glob=/dev/cu.usbmodem*
2026-04-24T07:32:07.826-04:00 LOGGER waiting_for_port glob=/dev/cu.usbmodem*
2026-04-24T07:32:09.837-04:00 LOGGER waiting_for_port glob=/dev/cu.usbmodem*
2026-04-24T07:32:11.844-04:00 LOGGER waiting_for_port glob=/dev/cu.usbmodem*
2026-04-24T07:32:13.851-04:00 LOGGER waiting_for_port glob=/dev/cu.usbmodem*
2026-04-24T07:32:22.911-04:00 LOGGER waiting_for_port glob=/dev/cu.usbmodem*
2026-04-24T07:32:24.922-04:00 LOGGER waiting_for_port glob=/dev/cu.usbmodem*
2026-04-24T07:32:26.931-04:00 LOGGER waiting_for_port glob=/dev/cu.usbmodem*
2026-04-24T07:32:28.943-04:00 LOGGER waiting_for_port glob=/dev/cu.usbmodem*
2026-04-24T07:32:30.954-04:00 LOGGER waiting_for_port glob=/dev/cu.usbmodem*
2026-04-24T07:32:32.963-04:00 LOGGER waiting_for_port glob=/dev/cu.usbmodem*
2026-04-24T07:32:34.971-04:00 LOGGER waiting_for_port glob=/dev/cu.usbmodem*
2026-04-24T07:32:36.975-04:00 LOGGER waiting_for_port glob=/dev/cu.usbmodem*
2026-04-24T07:32:38.987-04:00 LOGGER waiting_for_port glob=/dev/cu.usbmodem*
2026-04-24T07:32:40.992-04:00 LOGGER waiting_for_port glob=/dev/cu.usbmodem*
2026-04-24T07:32:43.004-04:00 LOGGER waiting_for_port glob=/dev/cu.usbmodem*
2026-04-24T07:32:45.008-04:00 LOGGER waiting_for_port glob=/dev/cu.usbmodem*
2026-04-24T07:32:47.020-04:00 LOGGER waiting_for_port glob=/dev/cu.usbmodem*
2026-04-24T07:32:49.023-04:00 LOGGER waiting_for_port glob=/dev/cu.usbmodem*
2026-04-24T07:32:51.034-04:00 LOGGER waiting_for_port glob=/dev/cu.usbmodem*
2026-04-24T07:32:53.037-04:00 LOGGER waiting_for_port glob=/dev/cu.usbmodem*
2026-04-24T07:32:55.045-04:00 LOGGER waiting_for_port glob=/dev/cu.usbmodem*
2026-04-24T07:32:57.051-04:00 LOGGER waiting_for_port glob=/dev/cu.usbmodem*
2026-04-24T07:32:59.056-04:00 LOGGER waiting_for_port glob=/dev/cu.usbmodem*
2026-04-24T07:33:01.066-04:00 LOGGER waiting_for_port glob=/dev/cu.usbmodem*
2026-04-24T07:33:03.078-04:00 LOGGER waiting_for_port glob=/dev/cu.usbmodem*
2026-04-24T07:33:05.081-04:00 LOGGER waiting_for_port glob=/dev/cu.usbmodem*
2026-04-24T07:33:07.093-04:00 LOGGER waiting_for_port glob=/dev/cu.usbmodem*
2026-04-24T07:33:09.100-04:00 LOGGER waiting_for_port glob=/dev/cu.usbmodem*
2026-04-24T07:40:32.501-04:00 LOGGER waiting_for_port glob=/dev/cu.usbmodem*
2026-04-24T07:40:34.510-04:00 LOGGER waiting_for_port glob=/dev/cu.usbmodem*
2026-04-24T07:40:36.514-04:00 LOGGER waiting_for_port glob=/dev/cu.usbmodem*
2026-04-24T07:40:38.525-04:00 LOGGER waiting_for_port glob=/dev/cu.usbmodem*
2026-04-24T07:40:40.540-04:00 LOGGER waiting_for_port glob=/dev/cu.usbmodem*
2026-04-24T07:40:42.545-04:00 LOGGER waiting_for_port glob=/dev/cu.usbmodem*
2026-04-24T07:40:44.554-04:00 LOGGER waiting_for_port glob=/dev/cu.usbmodem*
2026-04-24T07:40:46.563-04:00 LOGGER waiting_for_port glob=/dev/cu.usbmodem*
2026-04-24T07:40:48.572-04:00 LOGGER waiting_for_port glob=/dev/cu.usbmodem*
2026-04-24T07:40:50.574-04:00 LOGGER waiting_for_port glob=/dev/cu.usbmodem*
2026-04-24T07:40:52.582-04:00 LOGGER waiting_for_port glob=/dev/cu.usbmodem*
2026-04-24T07:40:54.585-04:00 LOGGER waiting_for_port glob=/dev/cu.usbmodem*
2026-04-24T07:40:56.592-04:00 LOGGER waiting_for_port glob=/dev/cu.usbmodem*
2026-04-24T07:40:58.595-04:00 LOGGER waiting_for_port glob=/dev/cu.usbmodem*
2026-04-24T07:41:00.605-04:00 LOGGER waiting_for_port glob=/dev/cu.usbmodem*
2026-04-24T07:41:02.610-04:00 LOGGER waiting_for_port glob=/dev/cu.usbmodem*
2026-04-24T07:41:04.613-04:00 LOGGER waiting_for_port glob=/dev/cu.usbmodem*
2026-04-24T07:41:06.618-04:00 LOGGER waiting_for_port glob=/dev/cu.usbmodem*
2026-04-24T07:41:08.623-04:00 LOGGER waiting_for_port glob=/dev/cu.usbmodem*
2026-04-24T07:41:10.631-04:00 LOGGER waiting_for_port glob=/dev/cu.usbmodem*
2026-04-24T07:41:12.637-04:00 LOGGER waiting_for_port glob=/dev/cu.usbmodem*
2026-04-24T07:41:14.641-04:00 LOGGER waiting_for_port glob=/dev/cu.usbmodem*
2026-04-24T07:41:16.652-04:00 LOGGER waiting_for_port glob=/dev/cu.usbmodem*
2026-04-24T07:56:16.362-04:00 LOGGER waiting_for_port glob=/dev/cu.usbmodem*
2026-04-24T07:56:18.362-04:00 LOGGER waiting_for_port glob=/dev/cu.usbmodem*
2026-04-24T07:56:20.364-04:00 LOGGER waiting_for_port glob=/dev/cu.usbmodem*
2026-04-24T07:56:22.365-04:00 LOGGER waiting_for_port glob=/dev/cu.usbmodem*
2026-04-24T07:56:24.367-04:00 LOGGER waiting_for_port glob=/dev/cu.usbmodem*
2026-04-24T07:56:26.376-04:00 LOGGER waiting_for_port glob=/dev/cu.usbmodem*
2026-04-24T07:56:28.382-04:00 LOGGER waiting_for_port glob=/dev/cu.usbmodem*
2026-04-24T07:56:30.387-04:00 LOGGER waiting_for_port glob=/dev/cu.usbmodem*
2026-04-24T07:56:32.393-04:00 LOGGER waiting_for_port glob=/dev/cu.usbmodem*
2026-04-24T07:56:34.397-04:00 LOGGER waiting_for_port glob=/dev/cu.usbmodem*
2026-04-24T07:56:36.400-04:00 LOGGER waiting_for_port glob=/dev/cu.usbmodem*
2026-04-24T07:56:38.408-04:00 LOGGER waiting_for_port glob=/dev/cu.usbmodem*
2026-04-24T07:56:40.412-04:00 LOGGER waiting_for_port glob=/dev/cu.usbmodem*
2026-04-24T07:56:42.424-04:00 LOGGER waiting_for_port glob=/dev/cu.usbmodem*
2026-04-24T07:56:44.432-04:00 LOGGER waiting_for_port glob=/dev/cu.usbmodem*
2026-04-24T07:56:46.440-04:00 LOGGER waiting_for_port glob=/dev/cu.usbmodem*
2026-04-24T07:56:48.443-04:00 LOGGER waiting_for_port glob=/dev/cu.usbmodem*
2026-04-24T07:56:50.454-04:00 LOGGER waiting_for_port glob=/dev/cu.usbmodem*
2026-04-24T07:56:52.464-04:00 LOGGER waiting_for_port glob=/dev/cu.usbmodem*
2026-04-24T07:56:54.476-04:00 LOGGER waiting_for_port glob=/dev/cu.usbmodem*
2026-04-24T07:56:56.481-04:00 LOGGER waiting_for_port glob=/dev/cu.usbmodem*
2026-04-24T07:56:58.490-04:00 LOGGER waiting_for_port glob=/dev/cu.usbmodem*
2026-04-24T07:57:00.499-04:00 LOGGER waiting_for_port glob=/dev/cu.usbmodem*
2026-04-24T07:57:02.504-04:00 LOGGER waiting_for_port glob=/dev/cu.usbmodem*
2026-04-24T07:57:04.510-04:00 LOGGER waiting_for_port glob=/dev/cu.usbmodem*
2026-04-24T07:57:06.519-04:00 LOGGER waiting_for_port glob=/dev/cu.usbmodem*
2026-04-24T07:57:08.530-04:00 LOGGER waiting_for_port glob=/dev/cu.usbmodem*
2026-04-24T07:57:10.535-04:00 LOGGER waiting_for_port glob=/dev/cu.usbmodem*
2026-04-24T07:57:12.542-04:00 LOGGER waiting_for_port glob=/dev/cu.usbmodem*
2026-04-24T07:57:14.554-04:00 LOGGER waiting_for_port glob=/dev/cu.usbmodem*
2026-04-24T07:57:16.560-04:00 LOGGER waiting_for_port glob=/dev/cu.usbmodem*
2026-04-24T07:57:18.566-04:00 LOGGER waiting_for_port glob=/dev/cu.usbmodem*
2026-04-24T07:57:20.570-04:00 LOGGER waiting_for_port glob=/dev/cu.usbmodem*
2026-04-24T07:57:22.576-04:00 LOGGER waiting_for_port glob=/dev/cu.usbmodem*
2026-04-24T07:57:24.583-04:00 LOGGER waiting_for_port glob=/dev/cu.usbmodem*
2026-04-24T07:57:26.594-04:00 LOGGER waiting_for_port glob=/dev/cu.usbmodem*
2026-04-24T07:57:28.606-04:00 LOGGER waiting_for_port glob=/dev/cu.usbmodem*
2026-04-24T07:57:30.612-04:00 LOGGER waiting_for_port glob=/dev/cu.usbmodem*
2026-04-24T07:57:32.618-04:00 LOGGER waiting_for_port glob=/dev/cu.usbmodem*
2026-04-24T07:57:34.626-04:00 LOGGER waiting_for_port glob=/dev/cu.usbmodem*
2026-04-24T07:57:36.637-04:00 LOGGER waiting_for_port glob=/dev/cu.usbmodem*
2026-04-24T07:57:38.649-04:00 LOGGER waiting_for_port glob=/dev/cu.usbmodem*
2026-04-24T07:57:40.655-04:00 LOGGER waiting_for_port glob=/dev/cu.usbmodem*
2026-04-24T07:57:42.661-04:00 LOGGER waiting_for_port glob=/dev/cu.usbmodem*
2026-04-24T07:57:44.668-04:00 LOGGER waiting_for_port glob=/dev/cu.usbmodem*
2026-04-24T07:57:46.674-04:00 LOGGER waiting_for_port glob=/dev/cu.usbmodem*
2026-04-24T07:57:48.687-04:00 LOGGER waiting_for_port glob=/dev/cu.usbmodem*
2026-04-24T07:57:50.697-04:00 LOGGER waiting_for_port glob=/dev/cu.usbmodem*
2026-04-24T07:57:52.701-04:00 LOGGER waiting_for_port glob=/dev/cu.usbmodem*
2026-04-24T07:57:54.706-04:00 LOGGER waiting_for_port glob=/dev/cu.usbmodem*
2026-04-24T07:57:56.713-04:00 LOGGER waiting_for_port glob=/dev/cu.usbmodem*
2026-04-24T07:57:58.720-04:00 LOGGER waiting_for_port glob=/dev/cu.usbmodem*
2026-04-24T07:58:00.727-04:00 LOGGER waiting_for_port glob=/dev/cu.usbmodem*
2026-04-24T07:58:02.739-04:00 LOGGER waiting_for_port glob=/dev/cu.usbmodem*
2026-04-24T07:58:04.744-04:00 LOGGER waiting_for_port glob=/dev/cu.usbmodem*
2026-04-24T07:58:06.750-04:00 LOGGER waiting_for_port glob=/dev/cu.usbmodem*
2026-04-24T07:58:08.757-04:00 LOGGER waiting_for_port glob=/dev/cu.usbmodem*
2026-04-24T07:58:10.764-04:00 LOGGER waiting_for_port glob=/dev/cu.usbmodem*
2026-04-24T07:58:12.766-04:00 LOGGER waiting_for_port glob=/dev/cu.usbmodem*
2026-04-24T07:58:14.773-04:00 LOGGER waiting_for_port glob=/dev/cu.usbmodem*
2026-04-24T07:58:16.782-04:00 LOGGER waiting_for_port glob=/dev/cu.usbmodem*
2026-04-24T07:58:18.786-04:00 LOGGER waiting_for_port glob=/dev/cu.usbmodem*
2026-04-24T07:58:20.790-04:00 LOGGER waiting_for_port glob=/dev/cu.usbmodem*
2026-04-24T07:58:22.793-04:00 LOGGER waiting_for_port glob=/dev/cu.usbmodem*
2026-04-24T07:58:24.799-04:00 LOGGER waiting_for_port glob=/dev/cu.usbmodem*
2026-04-24T07:58:26.806-04:00 LOGGER waiting_for_port glob=/dev/cu.usbmodem*
2026-04-24T07:58:28.812-04:00 LOGGER waiting_for_port glob=/dev/cu.usbmodem*
2026-04-24T07:58:30.819-04:00 LOGGER waiting_for_port glob=/dev/cu.usbmodem*
2026-04-24T07:58:32.822-04:00 LOGGER waiting_for_port glob=/dev/cu.usbmodem*
2026-04-24T07:58:34.824-04:00 LOGGER waiting_for_port glob=/dev/cu.usbmodem*
2026-04-24T07:58:36.834-04:00 LOGGER waiting_for_port glob=/dev/cu.usbmodem*
2026-04-24T07:58:38.844-04:00 LOGGER waiting_for_port glob=/dev/cu.usbmodem*
2026-04-24T07:58:40.848-04:00 LOGGER waiting_for_port glob=/dev/cu.usbmodem*
2026-04-24T07:58:42.857-04:00 LOGGER waiting_for_port glob=/dev/cu.usbmodem*
2026-04-24T07:58:44.860-04:00 LOGGER waiting_for_port glob=/dev/cu.usbmodem*
2026-04-24T07:58:46.863-04:00 LOGGER waiting_for_port glob=/dev/cu.usbmodem*
2026-04-24T07:58:48.875-04:00 LOGGER waiting_for_port glob=/dev/cu.usbmodem*
2026-04-24T07:58:50.882-04:00 LOGGER waiting_for_port glob=/dev/cu.usbmodem*
2026-04-24T07:58:52.893-04:00 LOGGER waiting_for_port glob=/dev/cu.usbmodem*
2026-04-24T07:58:54.898-04:00 LOGGER waiting_for_port glob=/dev/cu.usbmodem*
2026-04-24T07:58:56.904-04:00 LOGGER waiting_for_port glob=/dev/cu.usbmodem*
2026-04-24T07:58:58.907-04:00 LOGGER waiting_for_port glob=/dev/cu.usbmodem*
2026-04-24T07:59:00.919-04:00 LOGGER waiting_for_port glob=/dev/cu.usbmodem*
2026-04-24T07:59:02.929-04:00 LOGGER waiting_for_port glob=/dev/cu.usbmodem*
2026-04-24T07:59:04.936-04:00 LOGGER waiting_for_port glob=/dev/cu.usbmodem*
2026-04-24T07:59:06.947-04:00 LOGGER waiting_for_port glob=/dev/cu.usbmodem*
2026-04-24T07:59:08.950-04:00 LOGGER waiting_for_port glob=/dev/cu.usbmodem*
2026-04-24T07:59:10.955-04:00 LOGGER waiting_for_port glob=/dev/cu.usbmodem*
2026-04-24T07:59:12.957-04:00 LOGGER waiting_for_port glob=/dev/cu.usbmodem*
2026-04-24T07:59:14.965-04:00 LOGGER waiting_for_port glob=/dev/cu.usbmodem*
2026-04-24T07:59:16.976-04:00 LOGGER waiting_for_port glob=/dev/cu.usbmodem*
2026-04-24T07:59:18.985-04:00 LOGGER waiting_for_port glob=/dev/cu.usbmodem*
2026-04-24T07:59:20.994-04:00 LOGGER waiting_for_port glob=/dev/cu.usbmodem*
2026-04-24T07:59:22.999-04:00 LOGGER waiting_for_port glob=/dev/cu.usbmodem*
2026-04-24T07:59:25.010-04:00 LOGGER waiting_for_port glob=/dev/cu.usbmodem*
2026-04-24T07:59:27.022-04:00 LOGGER waiting_for_port glob=/dev/cu.usbmodem*
2026-04-24T07:59:29.024-04:00 LOGGER waiting_for_port glob=/dev/cu.usbmodem*
2026-04-24T07:59:31.027-04:00 LOGGER waiting_for_port glob=/dev/cu.usbmodem*
2026-04-24T07:59:33.034-04:00 LOGGER waiting_for_port glob=/dev/cu.usbmodem*
2026-04-24T07:59:35.045-04:00 LOGGER waiting_for_port glob=/dev/cu.usbmodem*
2026-04-24T07:59:37.048-04:00 LOGGER waiting_for_port glob=/dev/cu.usbmodem*
2026-04-24T07:59:39.055-04:00 LOGGER waiting_for_port glob=/dev/cu.usbmodem*
2026-04-24T07:59:41.062-04:00 LOGGER waiting_for_port glob=/dev/cu.usbmodem*
2026-04-24T07:59:43.070-04:00 LOGGER waiting_for_port glob=/dev/cu.usbmodem*
2026-04-24T07:59:45.075-04:00 LOGGER waiting_for_port glob=/dev/cu.usbmodem*
2026-04-24T07:59:47.087-04:00 LOGGER waiting_for_port glob=/dev/cu.usbmodem*
2026-04-24T07:59:49.093-04:00 LOGGER waiting_for_port glob=/dev/cu.usbmodem*
2026-04-24T07:59:51.095-04:00 LOGGER waiting_for_port glob=/dev/cu.usbmodem*
2026-04-24T07:59:53.106-04:00 LOGGER waiting_for_port glob=/dev/cu.usbmodem*
2026-04-24T07:59:55.116-04:00 LOGGER waiting_for_port glob=/dev/cu.usbmodem*
2026-04-24T07:59:57.126-04:00 LOGGER waiting_for_port glob=/dev/cu.usbmodem*
2026-04-24T07:59:59.132-04:00 LOGGER waiting_for_port glob=/dev/cu.usbmodem*
2026-04-24T08:00:01.143-04:00 LOGGER waiting_for_port glob=/dev/cu.usbmodem*
2026-04-24T08:00:03.150-04:00 LOGGER waiting_for_port glob=/dev/cu.usbmodem*
2026-04-24T08:00:05.161-04:00 LOGGER waiting_for_port glob=/dev/cu.usbmodem*
2026-04-24T08:00:07.165-04:00 LOGGER waiting_for_port glob=/dev/cu.usbmodem*
2026-04-24T08:00:09.170-04:00 LOGGER waiting_for_port glob=/dev/cu.usbmodem*
2026-04-24T08:00:11.175-04:00 LOGGER waiting_for_port glob=/dev/cu.usbmodem*
2026-04-24T08:00:13.179-04:00 LOGGER waiting_for_port glob=/dev/cu.usbmodem*
2026-04-24T08:00:15.189-04:00 LOGGER waiting_for_port glob=/dev/cu.usbmodem*
2026-04-24T08:00:17.197-04:00 LOGGER waiting_for_port glob=/dev/cu.usbmodem*
2026-04-24T08:00:19.204-04:00 LOGGER waiting_for_port glob=/dev/cu.usbmodem*
2026-04-24T08:00:21.208-04:00 LOGGER waiting_for_port glob=/dev/cu.usbmodem*
2026-04-24T08:00:23.215-04:00 LOGGER waiting_for_port glob=/dev/cu.usbmodem*
2026-04-24T08:00:25.225-04:00 LOGGER waiting_for_port glob=/dev/cu.usbmodem*
2026-04-24T08:00:27.235-04:00 LOGGER waiting_for_port glob=/dev/cu.usbmodem*
2026-04-24T08:00:29.237-04:00 LOGGER waiting_for_port glob=/dev/cu.usbmodem*
2026-04-24T08:00:31.241-04:00 LOGGER waiting_for_port glob=/dev/cu.usbmodem*
2026-04-24T08:00:33.242-04:00 LOGGER waiting_for_port glob=/dev/cu.usbmodem*
2026-04-24T08:00:35.247-04:00 LOGGER waiting_for_port glob=/dev/cu.usbmodem*
2026-04-24T08:00:37.257-04:00 LOGGER waiting_for_port glob=/dev/cu.usbmodem*
2026-04-24T08:00:39.262-04:00 LOGGER waiting_for_port glob=/dev/cu.usbmodem*
2026-04-24T08:00:41.265-04:00 LOGGER waiting_for_port glob=/dev/cu.usbmodem*
2026-04-24T08:00:43.267-04:00 LOGGER waiting_for_port glob=/dev/cu.usbmodem*
2026-04-24T08:00:45.273-04:00 LOGGER waiting_for_port glob=/dev/cu.usbmodem*
2026-04-24T08:00:47.275-04:00 LOGGER waiting_for_port glob=/dev/cu.usbmodem*
2026-04-24T08:00:49.286-04:00 LOGGER waiting_for_port glob=/dev/cu.usbmodem*
2026-04-24T08:00:51.289-04:00 LOGGER waiting_for_port glob=/dev/cu.usbmodem*
2026-04-24T08:00:53.294-04:00 LOGGER waiting_for_port glob=/dev/cu.usbmodem*
2026-04-24T08:00:55.300-04:00 LOGGER waiting_for_port glob=/dev/cu.usbmodem*
2026-04-24T08:00:57.308-04:00 LOGGER waiting_for_port glob=/dev/cu.usbmodem*
2026-04-24T08:00:59.315-04:00 LOGGER waiting_for_port glob=/dev/cu.usbmodem*
2026-04-24T08:01:01.323-04:00 LOGGER waiting_for_port glob=/dev/cu.usbmodem*
2026-04-24T08:01:03.334-04:00 LOGGER waiting_for_port glob=/dev/cu.usbmodem*
2026-04-24T08:01:05.345-04:00 LOGGER waiting_for_port glob=/dev/cu.usbmodem*
2026-04-24T08:01:07.357-04:00 LOGGER waiting_for_port glob=/dev/cu.usbmodem*
2026-04-24T08:01:09.367-04:00 LOGGER waiting_for_port glob=/dev/cu.usbmodem*
2026-04-24T08:01:11.368-04:00 LOGGER waiting_for_port glob=/dev/cu.usbmodem*
2026-04-24T08:01:13.380-04:00 LOGGER waiting_for_port glob=/dev/cu.usbmodem*
2026-04-24T08:01:15.390-04:00 LOGGER waiting_for_port glob=/dev/cu.usbmodem*
2026-04-24T08:01:17.401-04:00 LOGGER waiting_for_port glob=/dev/cu.usbmodem*
2026-04-24T08:01:19.407-04:00 LOGGER waiting_for_port glob=/dev/cu.usbmodem*
2026-04-24T08:01:21.410-04:00 LOGGER waiting_for_port glob=/dev/cu.usbmodem*
2026-04-24T08:01:23.414-04:00 LOGGER waiting_for_port glob=/dev/cu.usbmodem*
2026-04-24T08:01:25.423-04:00 LOGGER waiting_for_port glob=/dev/cu.usbmodem*
2026-04-24T08:01:27.429-04:00 LOGGER waiting_for_port glob=/dev/cu.usbmodem*
2026-04-24T08:01:29.435-04:00 LOGGER waiting_for_port glob=/dev/cu.usbmodem*
2026-04-24T08:01:31.440-04:00 LOGGER waiting_for_port glob=/dev/cu.usbmodem*
2026-04-24T08:01:33.451-04:00 LOGGER waiting_for_port glob=/dev/cu.usbmodem*
2026-04-24T08:01:35.461-04:00 LOGGER waiting_for_port glob=/dev/cu.usbmodem*
2026-04-24T08:01:37.470-04:00 LOGGER waiting_for_port glob=/dev/cu.usbmodem*
2026-04-24T08:01:39.482-04:00 LOGGER waiting_for_port glob=/dev/cu.usbmodem*
2026-04-24T08:01:41.488-04:00 LOGGER waiting_for_port glob=/dev/cu.usbmodem*
2026-04-24T08:01:43.495-04:00 LOGGER waiting_for_port glob=/dev/cu.usbmodem*
2026-04-24T08:01:45.504-04:00 LOGGER waiting_for_port glob=/dev/cu.usbmodem*
2026-04-24T08:01:47.516-04:00 LOGGER waiting_for_port glob=/dev/cu.usbmodem*
2026-04-24T08:01:49.521-04:00 LOGGER waiting_for_port glob=/dev/cu.usbmodem*
2026-04-24T08:01:51.528-04:00 LOGGER waiting_for_port glob=/dev/cu.usbmodem*
2026-04-24T08:01:53.537-04:00 LOGGER waiting_for_port glob=/dev/cu.usbmodem*
2026-04-24T08:01:55.545-04:00 LOGGER waiting_for_port glob=/dev/cu.usbmodem*
2026-04-24T08:01:57.558-04:00 LOGGER waiting_for_port glob=/dev/cu.usbmodem*
2026-04-24T08:01:59.561-04:00 LOGGER waiting_for_port glob=/dev/cu.usbmodem*
2026-04-24T08:02:01.566-04:00 LOGGER waiting_for_port glob=/dev/cu.usbmodem*
2026-04-24T08:02:03.578-04:00 LOGGER waiting_for_port glob=/dev/cu.usbmodem*
2026-04-24T08:02:05.584-04:00 LOGGER waiting_for_port glob=/dev/cu.usbmodem*
2026-04-24T08:02:07.590-04:00 LOGGER waiting_for_port glob=/dev/cu.usbmodem*
2026-04-24T08:02:09.599-04:00 LOGGER waiting_for_port glob=/dev/cu.usbmodem*
2026-04-24T08:02:11.605-04:00 LOGGER waiting_for_port glob=/dev/cu.usbmodem*
2026-04-24T08:02:13.613-04:00 LOGGER waiting_for_port glob=/dev/cu.usbmodem*
2026-04-24T08:02:15.619-04:00 LOGGER waiting_for_port glob=/dev/cu.usbmodem*
2026-04-24T08:02:17.625-04:00 LOGGER waiting_for_port glob=/dev/cu.usbmodem*
2026-04-24T08:02:19.635-04:00 LOGGER waiting_for_port glob=/dev/cu.usbmodem*
2026-04-24T08:02:21.647-04:00 LOGGER waiting_for_port glob=/dev/cu.usbmodem*
2026-04-24T08:02:23.658-04:00 LOGGER waiting_for_port glob=/dev/cu.usbmodem*
2026-04-24T08:02:25.668-04:00 LOGGER waiting_for_port glob=/dev/cu.usbmodem*
2026-04-24T08:02:27.672-04:00 LOGGER waiting_for_port glob=/dev/cu.usbmodem*
2026-04-24T08:02:29.674-04:00 LOGGER waiting_for_port glob=/dev/cu.usbmodem*
2026-04-24T08:02:31.681-04:00 LOGGER waiting_for_port glob=/dev/cu.usbmodem*
2026-04-24T08:02:33.687-04:00 LOGGER waiting_for_port glob=/dev/cu.usbmodem*
2026-04-24T08:02:35.699-04:00 LOGGER waiting_for_port glob=/dev/cu.usbmodem*
2026-04-24T08:02:37.705-04:00 LOGGER waiting_for_port glob=/dev/cu.usbmodem*
2026-04-24T08:02:39.717-04:00 LOGGER waiting_for_port glob=/dev/cu.usbmodem*
2026-04-24T08:02:41.723-04:00 LOGGER waiting_for_port glob=/dev/cu.usbmodem*
2026-04-24T08:02:43.726-04:00 LOGGER waiting_for_port glob=/dev/cu.usbmodem*
2026-04-24T08:02:45.733-04:00 LOGGER waiting_for_port glob=/dev/cu.usbmodem*
2026-04-24T08:02:47.745-04:00 LOGGER waiting_for_port glob=/dev/cu.usbmodem*
2026-04-24T08:02:49.749-04:00 LOGGER waiting_for_port glob=/dev/cu.usbmodem*
2026-04-24T08:02:51.761-04:00 LOGGER waiting_for_port glob=/dev/cu.usbmodem*
2026-04-24T08:02:53.764-04:00 LOGGER waiting_for_port glob=/dev/cu.usbmodem*
2026-04-24T08:02:55.771-04:00 LOGGER waiting_for_port glob=/dev/cu.usbmodem*
2026-04-24T08:02:57.783-04:00 LOGGER waiting_for_port glob=/dev/cu.usbmodem*
2026-04-24T08:02:59.786-04:00 LOGGER waiting_for_port glob=/dev/cu.usbmodem*
2026-04-24T08:03:01.796-04:00 LOGGER waiting_for_port glob=/dev/cu.usbmodem*
2026-04-24T08:03:03.808-04:00 LOGGER waiting_for_port glob=/dev/cu.usbmodem*
2026-04-24T08:03:05.815-04:00 LOGGER waiting_for_port glob=/dev/cu.usbmodem*
2026-04-24T08:03:07.825-04:00 LOGGER waiting_for_port glob=/dev/cu.usbmodem*
2026-04-24T08:03:09.832-04:00 LOGGER waiting_for_port glob=/dev/cu.usbmodem*
2026-04-24T08:03:11.837-04:00 LOGGER waiting_for_port glob=/dev/cu.usbmodem*
2026-04-24T08:03:13.846-04:00 LOGGER waiting_for_port glob=/dev/cu.usbmodem*
2026-04-24T08:03:15.854-04:00 LOGGER waiting_for_port glob=/dev/cu.usbmodem*
2026-04-24T08:03:17.865-04:00 LOGGER waiting_for_port glob=/dev/cu.usbmodem*
2026-04-24T08:03:19.872-04:00 LOGGER waiting_for_port glob=/dev/cu.usbmodem*
2026-04-24T08:03:21.880-04:00 LOGGER waiting_for_port glob=/dev/cu.usbmodem*
2026-04-24T08:03:23.883-04:00 LOGGER waiting_for_port glob=/dev/cu.usbmodem*
2026-04-24T08:03:25.895-04:00 LOGGER waiting_for_port glob=/dev/cu.usbmodem*
2026-04-24T08:03:27.901-04:00 LOGGER waiting_for_port glob=/dev/cu.usbmodem*
2026-04-24T08:03:29.913-04:00 LOGGER waiting_for_port glob=/dev/cu.usbmodem*
2026-04-24T08:03:31.920-04:00 LOGGER waiting_for_port glob=/dev/cu.usbmodem*
2026-04-24T08:03:33.931-04:00 LOGGER waiting_for_port glob=/dev/cu.usbmodem*
2026-04-24T08:03:35.941-04:00 LOGGER waiting_for_port glob=/dev/cu.usbmodem*
2026-04-24T08:03:37.952-04:00 LOGGER waiting_for_port glob=/dev/cu.usbmodem*
2026-04-24T08:03:39.962-04:00 LOGGER waiting_for_port glob=/dev/cu.usbmodem*
2026-04-24T08:03:41.974-04:00 LOGGER waiting_for_port glob=/dev/cu.usbmodem*
2026-04-24T08:03:43.980-04:00 LOGGER waiting_for_port glob=/dev/cu.usbmodem*
2026-04-24T08:03:45.990-04:00 LOGGER waiting_for_port glob=/dev/cu.usbmodem*
2026-04-24T08:03:47.997-04:00 LOGGER waiting_for_port glob=/dev/cu.usbmodem*
2026-04-24T08:03:50.002-04:00 LOGGER waiting_for_port glob=/dev/cu.usbmodem*
2026-04-24T08:03:52.005-04:00 LOGGER waiting_for_port glob=/dev/cu.usbmodem*
2026-04-24T08:03:54.011-04:00 LOGGER waiting_for_port glob=/dev/cu.usbmodem*
2026-04-24T08:03:56.013-04:00 LOGGER waiting_for_port glob=/dev/cu.usbmodem*
2026-04-24T08:03:58.025-04:00 LOGGER waiting_for_port glob=/dev/cu.usbmodem*
2026-04-24T08:04:00.034-04:00 LOGGER waiting_for_port glob=/dev/cu.usbmodem*
2026-04-24T08:04:02.036-04:00 LOGGER waiting_for_port glob=/dev/cu.usbmodem*
2026-04-24T08:04:04.043-04:00 LOGGER waiting_for_port glob=/dev/cu.usbmodem*
2026-04-24T08:04:06.049-04:00 LOGGER waiting_for_port glob=/dev/cu.usbmodem*
2026-04-24T08:04:08.060-04:00 LOGGER waiting_for_port glob=/dev/cu.usbmodem*
2026-04-24T08:04:10.070-04:00 LOGGER waiting_for_port glob=/dev/cu.usbmodem*
2026-04-24T08:04:12.079-04:00 LOGGER waiting_for_port glob=/dev/cu.usbmodem*
2026-04-24T08:04:14.089-04:00 LOGGER waiting_for_port glob=/dev/cu.usbmodem*
2026-04-24T08:04:16.096-04:00 LOGGER waiting_for_port glob=/dev/cu.usbmodem*
2026-04-24T08:04:18.108-04:00 LOGGER waiting_for_port glob=/dev/cu.usbmodem*
2026-04-24T08:04:20.111-04:00 LOGGER waiting_for_port glob=/dev/cu.usbmodem*
2026-04-24T08:04:22.123-04:00 LOGGER waiting_for_port glob=/dev/cu.usbmodem*
2026-04-24T08:04:24.128-04:00 LOGGER waiting_for_port glob=/dev/cu.usbmodem*
2026-04-24T08:04:26.135-04:00 LOGGER waiting_for_port glob=/dev/cu.usbmodem*
2026-04-24T08:04:28.142-04:00 LOGGER waiting_for_port glob=/dev/cu.usbmodem*
2026-04-24T08:04:30.144-04:00 LOGGER waiting_for_port glob=/dev/cu.usbmodem*
2026-04-24T08:04:32.157-04:00 LOGGER waiting_for_port glob=/dev/cu.usbmodem*
2026-04-24T08:04:34.163-04:00 LOGGER waiting_for_port glob=/dev/cu.usbmodem*
2026-04-24T08:04:36.174-04:00 LOGGER waiting_for_port glob=/dev/cu.usbmodem*
2026-04-24T08:04:38.176-04:00 LOGGER waiting_for_port glob=/dev/cu.usbmodem*
2026-04-24T08:04:40.180-04:00 LOGGER waiting_for_port glob=/dev/cu.usbmodem*
2026-04-24T08:04:42.186-04:00 LOGGER waiting_for_port glob=/dev/cu.usbmodem*
2026-04-24T08:04:44.192-04:00 LOGGER waiting_for_port glob=/dev/cu.usbmodem*
2026-04-24T08:04:46.204-04:00 LOGGER waiting_for_port glob=/dev/cu.usbmodem*
2026-04-24T08:04:48.210-04:00 LOGGER waiting_for_port glob=/dev/cu.usbmodem*
2026-04-24T08:04:50.212-04:00 LOGGER waiting_for_port glob=/dev/cu.usbmodem*
2026-04-24T08:04:52.218-04:00 LOGGER waiting_for_port glob=/dev/cu.usbmodem*
2026-04-24T08:04:54.225-04:00 LOGGER waiting_for_port glob=/dev/cu.usbmodem*
2026-04-24T08:04:56.228-04:00 LOGGER waiting_for_port glob=/dev/cu.usbmodem*
2026-04-24T08:04:58.239-04:00 LOGGER waiting_for_port glob=/dev/cu.usbmodem*
2026-04-24T08:05:00.250-04:00 LOGGER waiting_for_port glob=/dev/cu.usbmodem*
2026-04-24T08:05:02.261-04:00 LOGGER waiting_for_port glob=/dev/cu.usbmodem*
2026-04-24T08:05:04.267-04:00 LOGGER waiting_for_port glob=/dev/cu.usbmodem*
2026-04-24T08:05:06.271-04:00 LOGGER waiting_for_port glob=/dev/cu.usbmodem*
2026-04-24T08:05:08.275-04:00 LOGGER waiting_for_port glob=/dev/cu.usbmodem*
2026-04-24T08:05:10.280-04:00 LOGGER waiting_for_port glob=/dev/cu.usbmodem*
2026-04-24T08:05:12.291-04:00 LOGGER waiting_for_port glob=/dev/cu.usbmodem*
2026-04-24T08:05:14.296-04:00 LOGGER waiting_for_port glob=/dev/cu.usbmodem*
2026-04-24T08:05:16.302-04:00 LOGGER waiting_for_port glob=/dev/cu.usbmodem*
2026-04-24T08:05:18.310-04:00 LOGGER waiting_for_port glob=/dev/cu.usbmodem*
2026-04-24T08:05:20.313-04:00 LOGGER waiting_for_port glob=/dev/cu.usbmodem*
2026-04-24T08:05:22.322-04:00 LOGGER waiting_for_port glob=/dev/cu.usbmodem*
2026-04-24T08:05:24.332-04:00 LOGGER waiting_for_port glob=/dev/cu.usbmodem*
2026-04-24T08:05:26.343-04:00 LOGGER waiting_for_port glob=/dev/cu.usbmodem*
2026-04-24T08:05:28.354-04:00 LOGGER waiting_for_port glob=/dev/cu.usbmodem*
2026-04-24T08:05:30.360-04:00 LOGGER waiting_for_port glob=/dev/cu.usbmodem*
2026-04-24T08:05:32.366-04:00 LOGGER waiting_for_port glob=/dev/cu.usbmodem*
2026-04-24T08:05:34.377-04:00 LOGGER waiting_for_port glob=/dev/cu.usbmodem*
2026-04-24T08:05:36.383-04:00 LOGGER waiting_for_port glob=/dev/cu.usbmodem*
2026-04-24T08:05:38.394-04:00 LOGGER waiting_for_port glob=/dev/cu.usbmodem*
2026-04-24T08:05:40.399-04:00 LOGGER waiting_for_port glob=/dev/cu.usbmodem*
2026-04-24T08:05:42.408-04:00 LOGGER waiting_for_port glob=/dev/cu.usbmodem*
2026-04-24T08:05:44.410-04:00 LOGGER waiting_for_port glob=/dev/cu.usbmodem*
2026-04-24T08:05:46.421-04:00 LOGGER waiting_for_port glob=/dev/cu.usbmodem*
2026-04-24T08:05:48.432-04:00 LOGGER waiting_for_port glob=/dev/cu.usbmodem*
2026-04-24T08:05:50.438-04:00 LOGGER waiting_for_port glob=/dev/cu.usbmodem*
2026-04-24T08:05:52.450-04:00 LOGGER waiting_for_port glob=/dev/cu.usbmodem*
2026-04-24T08:05:54.457-04:00 LOGGER waiting_for_port glob=/dev/cu.usbmodem*
2026-04-24T08:05:56.459-04:00 LOGGER waiting_for_port glob=/dev/cu.usbmodem*
2026-04-24T08:05:58.466-04:00 LOGGER waiting_for_port glob=/dev/cu.usbmodem*
2026-04-24T08:06:00.469-04:00 LOGGER waiting_for_port glob=/dev/cu.usbmodem*
2026-04-24T08:06:02.481-04:00 LOGGER waiting_for_port glob=/dev/cu.usbmodem*
2026-04-24T08:06:04.492-04:00 LOGGER waiting_for_port glob=/dev/cu.usbmodem*
2026-04-24T08:06:06.503-04:00 LOGGER waiting_for_port glob=/dev/cu.usbmodem*
2026-04-24T08:06:08.505-04:00 LOGGER waiting_for_port glob=/dev/cu.usbmodem*
2026-04-24T08:06:10.513-04:00 LOGGER waiting_for_port glob=/dev/cu.usbmodem*
2026-04-24T08:06:12.521-04:00 LOGGER waiting_for_port glob=/dev/cu.usbmodem*
2026-04-24T08:06:14.531-04:00 LOGGER waiting_for_port glob=/dev/cu.usbmodem*
2026-04-24T08:06:16.537-04:00 LOGGER waiting_for_port glob=/dev/cu.usbmodem*
2026-04-24T08:06:18.548-04:00 LOGGER waiting_for_port glob=/dev/cu.usbmodem*
2026-04-24T08:06:20.553-04:00 LOGGER waiting_for_port glob=/dev/cu.usbmodem*
2026-04-24T08:06:22.561-04:00 LOGGER waiting_for_port glob=/dev/cu.usbmodem*
2026-04-24T08:06:24.570-04:00 LOGGER waiting_for_port glob=/dev/cu.usbmodem*
2026-04-24T08:06:26.574-04:00 LOGGER waiting_for_port glob=/dev/cu.usbmodem*
2026-04-24T08:06:28.586-04:00 LOGGER waiting_for_port glob=/dev/cu.usbmodem*
2026-04-24T08:06:30.589-04:00 LOGGER waiting_for_port glob=/dev/cu.usbmodem*
2026-04-24T08:06:32.595-04:00 LOGGER waiting_for_port glob=/dev/cu.usbmodem*
2026-04-24T08:06:34.600-04:00 LOGGER waiting_for_port glob=/dev/cu.usbmodem*
2026-04-24T08:06:36.605-04:00 LOGGER waiting_for_port glob=/dev/cu.usbmodem*
2026-04-24T08:06:38.609-04:00 LOGGER waiting_for_port glob=/dev/cu.usbmodem*
2026-04-24T08:06:40.619-04:00 LOGGER waiting_for_port glob=/dev/cu.usbmodem*
2026-04-24T08:06:42.621-04:00 LOGGER waiting_for_port glob=/dev/cu.usbmodem*
2026-04-24T08:06:44.628-04:00 LOGGER waiting_for_port glob=/dev/cu.usbmodem*
2026-04-24T08:06:46.639-04:00 LOGGER waiting_for_port glob=/dev/cu.usbmodem*
2026-04-24T08:06:48.643-04:00 LOGGER waiting_for_port glob=/dev/cu.usbmodem*
2026-04-24T08:06:50.652-04:00 LOGGER waiting_for_port glob=/dev/cu.usbmodem*
2026-04-24T08:06:52.662-04:00 LOGGER waiting_for_port glob=/dev/cu.usbmodem*
2026-04-24T08:06:54.670-04:00 LOGGER waiting_for_port glob=/dev/cu.usbmodem*
2026-04-24T08:06:56.674-04:00 LOGGER waiting_for_port glob=/dev/cu.usbmodem*
2026-04-24T08:06:58.676-04:00 LOGGER waiting_for_port glob=/dev/cu.usbmodem*
2026-04-24T08:07:00.687-04:00 LOGGER waiting_for_port glob=/dev/cu.usbmodem*
2026-04-24T08:07:02.698-04:00 LOGGER waiting_for_port glob=/dev/cu.usbmodem*
2026-04-24T08:07:04.704-04:00 LOGGER waiting_for_port glob=/dev/cu.usbmodem*
2026-04-24T08:07:06.708-04:00 LOGGER waiting_for_port glob=/dev/cu.usbmodem*
2026-04-24T08:07:08.716-04:00 LOGGER waiting_for_port glob=/dev/cu.usbmodem*
2026-04-24T08:07:10.727-04:00 LOGGER waiting_for_port glob=/dev/cu.usbmodem*
2026-04-24T08:07:12.730-04:00 LOGGER waiting_for_port glob=/dev/cu.usbmodem*
2026-04-24T08:07:14.739-04:00 LOGGER waiting_for_port glob=/dev/cu.usbmodem*
2026-04-24T08:07:16.750-04:00 LOGGER waiting_for_port glob=/dev/cu.usbmodem*
2026-04-24T08:07:18.752-04:00 LOGGER waiting_for_port glob=/dev/cu.usbmodem*
2026-04-24T08:07:20.764-04:00 LOGGER waiting_for_port glob=/dev/cu.usbmodem*
2026-04-24T08:07:22.775-04:00 LOGGER waiting_for_port glob=/dev/cu.usbmodem*
2026-04-24T08:07:24.778-04:00 LOGGER waiting_for_port glob=/dev/cu.usbmodem*
2026-04-24T08:07:26.788-04:00 LOGGER waiting_for_port glob=/dev/cu.usbmodem*
2026-04-24T08:07:28.793-04:00 LOGGER waiting_for_port glob=/dev/cu.usbmodem*
2026-04-24T08:07:30.799-04:00 LOGGER waiting_for_port glob=/dev/cu.usbmodem*
2026-04-24T08:07:32.800-04:00 LOGGER waiting_for_port glob=/dev/cu.usbmodem*
2026-04-24T08:07:34.805-04:00 LOGGER waiting_for_port glob=/dev/cu.usbmodem*
2026-04-24T08:07:36.807-04:00 LOGGER waiting_for_port glob=/dev/cu.usbmodem*
2026-04-24T08:07:38.816-04:00 LOGGER waiting_for_port glob=/dev/cu.usbmodem*
2026-04-24T08:07:40.827-04:00 LOGGER waiting_for_port glob=/dev/cu.usbmodem*
2026-04-24T08:07:42.831-04:00 LOGGER waiting_for_port glob=/dev/cu.usbmodem*
2026-04-24T08:07:44.835-04:00 LOGGER waiting_for_port glob=/dev/cu.usbmodem*
2026-04-24T08:07:46.846-04:00 LOGGER waiting_for_port glob=/dev/cu.usbmodem*
2026-04-24T08:07:48.850-04:00 LOGGER waiting_for_port glob=/dev/cu.usbmodem*
2026-04-24T08:07:50.861-04:00 LOGGER waiting_for_port glob=/dev/cu.usbmodem*
2026-04-24T08:07:52.865-04:00 LOGGER waiting_for_port glob=/dev/cu.usbmodem*
2026-04-24T08:07:54.877-04:00 LOGGER waiting_for_port glob=/dev/cu.usbmodem*
2026-04-24T08:07:56.885-04:00 LOGGER waiting_for_port glob=/dev/cu.usbmodem*
2026-04-24T08:07:58.890-04:00 LOGGER waiting_for_port glob=/dev/cu.usbmodem*
2026-04-24T08:08:00.897-04:00 LOGGER waiting_for_port glob=/dev/cu.usbmodem*
2026-04-24T08:08:02.903-04:00 LOGGER waiting_for_port glob=/dev/cu.usbmodem*
2026-04-24T08:08:04.909-04:00 LOGGER waiting_for_port glob=/dev/cu.usbmodem*
2026-04-24T08:08:06.920-04:00 LOGGER waiting_for_port glob=/dev/cu.usbmodem*
2026-04-24T08:08:08.931-04:00 LOGGER waiting_for_port glob=/dev/cu.usbmodem*
2026-04-24T08:08:10.936-04:00 LOGGER waiting_for_port glob=/dev/cu.usbmodem*
2026-04-24T08:08:12.938-04:00 LOGGER waiting_for_port glob=/dev/cu.usbmodem*
2026-04-24T08:08:14.941-04:00 LOGGER waiting_for_port glob=/dev/cu.usbmodem*
2026-04-24T08:08:16.949-04:00 LOGGER waiting_for_port glob=/dev/cu.usbmodem*
2026-04-24T08:08:18.958-04:00 LOGGER waiting_for_port glob=/dev/cu.usbmodem*
2026-04-24T08:08:20.963-04:00 LOGGER waiting_for_port glob=/dev/cu.usbmodem*
2026-04-24T08:08:22.973-04:00 LOGGER waiting_for_port glob=/dev/cu.usbmodem*
2026-04-24T08:08:24.977-04:00 LOGGER waiting_for_port glob=/dev/cu.usbmodem*
2026-04-24T08:08:26.984-04:00 LOGGER waiting_for_port glob=/dev/cu.usbmodem*
2026-04-24T08:08:28.990-04:00 LOGGER waiting_for_port glob=/dev/cu.usbmodem*
2026-04-24T08:08:30.991-04:00 LOGGER waiting_for_port glob=/dev/cu.usbmodem*
2026-04-24T08:08:33.002-04:00 LOGGER waiting_for_port glob=/dev/cu.usbmodem*
2026-04-24T08:08:35.013-04:00 LOGGER waiting_for_port glob=/dev/cu.usbmodem*
2026-04-24T08:08:37.018-04:00 LOGGER waiting_for_port glob=/dev/cu.usbmodem*
2026-04-24T08:08:39.029-04:00 LOGGER waiting_for_port glob=/dev/cu.usbmodem*
2026-04-24T08:08:41.031-04:00 LOGGER waiting_for_port glob=/dev/cu.usbmodem*
2026-04-24T08:08:43.039-04:00 LOGGER waiting_for_port glob=/dev/cu.usbmodem*
2026-04-24T08:08:45.045-04:00 LOGGER waiting_for_port glob=/dev/cu.usbmodem*
2026-04-24T08:08:47.056-04:00 LOGGER waiting_for_port glob=/dev/cu.usbmodem*
2026-04-24T08:08:49.065-04:00 LOGGER waiting_for_port glob=/dev/cu.usbmodem*
2026-04-24T08:08:51.071-04:00 LOGGER waiting_for_port glob=/dev/cu.usbmodem*
2026-04-24T08:08:53.076-04:00 LOGGER waiting_for_port glob=/dev/cu.usbmodem*
2026-04-24T08:08:55.087-04:00 LOGGER waiting_for_port glob=/dev/cu.usbmodem*
2026-04-24T08:08:57.095-04:00 LOGGER waiting_for_port glob=/dev/cu.usbmodem*
2026-04-24T08:08:59.097-04:00 LOGGER waiting_for_port glob=/dev/cu.usbmodem*
2026-04-24T08:09:01.101-04:00 LOGGER waiting_for_port glob=/dev/cu.usbmodem*
2026-04-24T08:09:03.104-04:00 LOGGER waiting_for_port glob=/dev/cu.usbmodem*
2026-04-24T08:09:05.110-04:00 LOGGER waiting_for_port glob=/dev/cu.usbmodem*
2026-04-24T08:09:07.119-04:00 LOGGER waiting_for_port glob=/dev/cu.usbmodem*
2026-04-24T08:09:09.130-04:00 LOGGER waiting_for_port glob=/dev/cu.usbmodem*
2026-04-24T08:09:11.136-04:00 LOGGER waiting_for_port glob=/dev/cu.usbmodem*
2026-04-24T08:09:13.138-04:00 LOGGER waiting_for_port glob=/dev/cu.usbmodem*
2026-04-24T08:09:15.146-04:00 LOGGER waiting_for_port glob=/dev/cu.usbmodem*
2026-04-24T08:09:17.148-04:00 LOGGER waiting_for_port glob=/dev/cu.usbmodem*
2026-04-24T08:09:19.159-04:00 LOGGER waiting_for_port glob=/dev/cu.usbmodem*
2026-04-24T08:09:21.164-04:00 LOGGER waiting_for_port glob=/dev/cu.usbmodem*
2026-04-24T08:09:23.167-04:00 LOGGER waiting_for_port glob=/dev/cu.usbmodem*
2026-04-24T08:09:25.172-04:00 LOGGER waiting_for_port glob=/dev/cu.usbmodem*
2026-04-24T08:09:27.175-04:00 LOGGER waiting_for_port glob=/dev/cu.usbmodem*
2026-04-24T08:09:29.187-04:00 LOGGER waiting_for_port glob=/dev/cu.usbmodem*
2026-04-24T08:09:31.193-04:00 LOGGER waiting_for_port glob=/dev/cu.usbmodem*
2026-04-24T08:09:33.203-04:00 LOGGER waiting_for_port glob=/dev/cu.usbmodem*
2026-04-24T08:09:35.210-04:00 LOGGER waiting_for_port glob=/dev/cu.usbmodem*
2026-04-24T08:09:37.216-04:00 LOGGER waiting_for_port glob=/dev/cu.usbmodem*
2026-04-24T08:09:39.227-04:00 LOGGER waiting_for_port glob=/dev/cu.usbmodem*
2026-04-24T08:09:41.237-04:00 LOGGER waiting_for_port glob=/dev/cu.usbmodem*
2026-04-24T08:09:43.245-04:00 LOGGER waiting_for_port glob=/dev/cu.usbmodem*
2026-04-24T08:09:45.249-04:00 LOGGER waiting_for_port glob=/dev/cu.usbmodem*
2026-04-24T08:09:47.254-04:00 LOGGER waiting_for_port glob=/dev/cu.usbmodem*
2026-04-24T08:09:49.263-04:00 LOGGER waiting_for_port glob=/dev/cu.usbmodem*
2026-04-24T08:09:51.272-04:00 LOGGER waiting_for_port glob=/dev/cu.usbmodem*
2026-04-24T08:09:53.278-04:00 LOGGER waiting_for_port glob=/dev/cu.usbmodem*
2026-04-24T08:09:55.283-04:00 LOGGER waiting_for_port glob=/dev/cu.usbmodem*
2026-04-24T08:09:57.290-04:00 LOGGER waiting_for_port glob=/dev/cu.usbmodem*
2026-04-24T08:09:59.295-04:00 LOGGER waiting_for_port glob=/dev/cu.usbmodem*
2026-04-24T08:10:01.303-04:00 LOGGER waiting_for_port glob=/dev/cu.usbmodem*
2026-04-24T08:10:03.308-04:00 LOGGER waiting_for_port glob=/dev/cu.usbmodem*
2026-04-24T08:10:05.311-04:00 LOGGER waiting_for_port glob=/dev/cu.usbmodem*
2026-04-24T08:10:07.315-04:00 LOGGER waiting_for_port glob=/dev/cu.usbmodem*
2026-04-24T08:10:09.324-04:00 LOGGER waiting_for_port glob=/dev/cu.usbmodem*
2026-04-24T08:10:11.331-04:00 LOGGER waiting_for_port glob=/dev/cu.usbmodem*
2026-04-24T08:10:13.338-04:00 LOGGER waiting_for_port glob=/dev/cu.usbmodem*
2026-04-24T08:10:15.345-04:00 LOGGER waiting_for_port glob=/dev/cu.usbmodem*
2026-04-24T08:10:17.351-04:00 LOGGER waiting_for_port glob=/dev/cu.usbmodem*
2026-04-24T08:10:19.357-04:00 LOGGER waiting_for_port glob=/dev/cu.usbmodem*
2026-04-24T08:10:21.361-04:00 LOGGER waiting_for_port glob=/dev/cu.usbmodem*
2026-04-24T08:10:23.367-04:00 LOGGER waiting_for_port glob=/dev/cu.usbmodem*
2026-04-24T08:10:25.373-04:00 LOGGER waiting_for_port glob=/dev/cu.usbmodem*
2026-04-24T08:10:27.379-04:00 LOGGER waiting_for_port glob=/dev/cu.usbmodem*
2026-04-24T08:10:29.385-04:00 LOGGER waiting_for_port glob=/dev/cu.usbmodem*
2026-04-24T08:10:31.396-04:00 LOGGER waiting_for_port glob=/dev/cu.usbmodem*
2026-04-24T08:10:33.398-04:00 LOGGER waiting_for_port glob=/dev/cu.usbmodem*
2026-04-24T08:10:35.405-04:00 LOGGER waiting_for_port glob=/dev/cu.usbmodem*
2026-04-24T08:10:37.415-04:00 LOGGER waiting_for_port glob=/dev/cu.usbmodem*
2026-04-24T08:10:39.416-04:00 LOGGER waiting_for_port glob=/dev/cu.usbmodem*
2026-04-24T08:10:41.427-04:00 LOGGER waiting_for_port glob=/dev/cu.usbmodem*
2026-04-24T08:10:43.435-04:00 LOGGER waiting_for_port glob=/dev/cu.usbmodem*
2026-04-24T08:10:45.442-04:00 LOGGER waiting_for_port glob=/dev/cu.usbmodem*
2026-04-24T08:10:47.451-04:00 LOGGER waiting_for_port glob=/dev/cu.usbmodem*
2026-04-24T08:10:49.453-04:00 LOGGER waiting_for_port glob=/dev/cu.usbmodem*
2026-04-24T08:10:51.461-04:00 LOGGER waiting_for_port glob=/dev/cu.usbmodem*
2026-04-24T08:10:53.470-04:00 LOGGER waiting_for_port glob=/dev/cu.usbmodem*
2026-04-24T08:10:55.479-04:00 LOGGER waiting_for_port glob=/dev/cu.usbmodem*
2026-04-24T08:10:57.488-04:00 LOGGER waiting_for_port glob=/dev/cu.usbmodem*
2026-04-24T08:10:59.491-04:00 LOGGER waiting_for_port glob=/dev/cu.usbmodem*
2026-04-24T08:11:01.498-04:00 LOGGER waiting_for_port glob=/dev/cu.usbmodem*
2026-04-24T08:11:03.506-04:00 LOGGER waiting_for_port glob=/dev/cu.usbmodem*
2026-04-24T08:11:05.511-04:00 LOGGER waiting_for_port glob=/dev/cu.usbmodem*
2026-04-24T08:11:07.515-04:00 LOGGER waiting_for_port glob=/dev/cu.usbmodem*
2026-04-24T08:11:09.521-04:00 LOGGER waiting_for_port glob=/dev/cu.usbmodem*
2026-04-24T08:11:11.533-04:00 LOGGER waiting_for_port glob=/dev/cu.usbmodem*
2026-04-24T08:11:13.537-04:00 LOGGER waiting_for_port glob=/dev/cu.usbmodem*
2026-04-24T08:11:15.543-04:00 LOGGER waiting_for_port glob=/dev/cu.usbmodem*
2026-04-24T08:11:17.550-04:00 LOGGER waiting_for_port glob=/dev/cu.usbmodem*
2026-04-24T08:11:19.556-04:00 LOGGER waiting_for_port glob=/dev/cu.usbmodem*
2026-04-24T08:11:21.567-04:00 LOGGER waiting_for_port glob=/dev/cu.usbmodem*
2026-04-24T08:11:23.573-04:00 LOGGER waiting_for_port glob=/dev/cu.usbmodem*
2026-04-24T08:11:25.583-04:00 LOGGER waiting_for_port glob=/dev/cu.usbmodem*
2026-04-24T08:11:27.586-04:00 LOGGER waiting_for_port glob=/dev/cu.usbmodem*
2026-04-24T08:11:29.589-04:00 LOGGER waiting_for_port glob=/dev/cu.usbmodem*
2026-04-24T08:11:31.596-04:00 LOGGER waiting_for_port glob=/dev/cu.usbmodem*
2026-04-24T08:11:33.598-04:00 LOGGER waiting_for_port glob=/dev/cu.usbmodem*
2026-04-24T08:11:35.606-04:00 LOGGER waiting_for_port glob=/dev/cu.usbmodem*
2026-04-24T08:11:37.607-04:00 LOGGER waiting_for_port glob=/dev/cu.usbmodem*
2026-04-24T08:11:39.619-04:00 LOGGER waiting_for_port glob=/dev/cu.usbmodem*
2026-04-24T08:11:41.624-04:00 LOGGER waiting_for_port glob=/dev/cu.usbmodem*
2026-04-24T08:11:43.628-04:00 LOGGER waiting_for_port glob=/dev/cu.usbmodem*
2026-04-24T08:11:45.638-04:00 LOGGER waiting_for_port glob=/dev/cu.usbmodem*
2026-04-24T08:11:47.644-04:00 LOGGER waiting_for_port glob=/dev/cu.usbmodem*
2026-04-24T08:11:49.652-04:00 LOGGER waiting_for_port glob=/dev/cu.usbmodem*
2026-04-24T08:11:51.655-04:00 LOGGER waiting_for_port glob=/dev/cu.usbmodem*
2026-04-24T08:11:53.661-04:00 LOGGER waiting_for_port glob=/dev/cu.usbmodem*
2026-04-24T08:11:55.669-04:00 LOGGER waiting_for_port glob=/dev/cu.usbmodem*
2026-04-24T08:11:57.673-04:00 LOGGER waiting_for_port glob=/dev/cu.usbmodem*
2026-04-24T08:11:59.675-04:00 LOGGER waiting_for_port glob=/dev/cu.usbmodem*
2026-04-24T08:12:01.680-04:00 LOGGER waiting_for_port glob=/dev/cu.usbmodem*
2026-04-24T08:12:03.684-04:00 LOGGER waiting_for_port glob=/dev/cu.usbmodem*
2026-04-24T08:12:05.687-04:00 LOGGER waiting_for_port glob=/dev/cu.usbmodem*
2026-04-24T08:12:07.694-04:00 LOGGER waiting_for_port glob=/dev/cu.usbmodem*
2026-04-24T08:12:09.698-04:00 LOGGER waiting_for_port glob=/dev/cu.usbmodem*
2026-04-24T08:12:11.704-04:00 LOGGER waiting_for_port glob=/dev/cu.usbmodem*
2026-04-24T08:12:13.711-04:00 LOGGER waiting_for_port glob=/dev/cu.usbmodem*
2026-04-24T08:12:15.718-04:00 LOGGER waiting_for_port glob=/dev/cu.usbmodem*
2026-04-24T08:12:17.720-04:00 LOGGER waiting_for_port glob=/dev/cu.usbmodem*
2026-04-24T08:12:19.725-04:00 LOGGER waiting_for_port glob=/dev/cu.usbmodem*
2026-04-24T08:12:21.736-04:00 LOGGER waiting_for_port glob=/dev/cu.usbmodem*
2026-04-24T08:12:23.744-04:00 LOGGER waiting_for_port glob=/dev/cu.usbmodem*
2026-04-24T08:12:25.753-04:00 LOGGER waiting_for_port glob=/dev/cu.usbmodem*
2026-04-24T08:12:27.764-04:00 LOGGER waiting_for_port glob=/dev/cu.usbmodem*
2026-04-24T08:12:29.773-04:00 LOGGER waiting_for_port glob=/dev/cu.usbmodem*
2026-04-24T08:12:31.776-04:00 LOGGER waiting_for_port glob=/dev/cu.usbmodem*
2026-04-24T08:12:33.780-04:00 LOGGER waiting_for_port glob=/dev/cu.usbmodem*
2026-04-24T08:12:35.786-04:00 LOGGER waiting_for_port glob=/dev/cu.usbmodem*
2026-04-24T08:12:37.793-04:00 LOGGER waiting_for_port glob=/dev/cu.usbmodem*
2026-04-24T08:12:39.803-04:00 LOGGER waiting_for_port glob=/dev/cu.usbmodem*
2026-04-24T08:12:41.810-04:00 LOGGER waiting_for_port glob=/dev/cu.usbmodem*
2026-04-24T08:12:43.816-04:00 LOGGER waiting_for_port glob=/dev/cu.usbmodem*
2026-04-24T08:12:45.822-04:00 LOGGER waiting_for_port glob=/dev/cu.usbmodem*
2026-04-24T08:12:47.829-04:00 LOGGER waiting_for_port glob=/dev/cu.usbmodem*
2026-04-24T08:12:49.840-04:00 LOGGER waiting_for_port glob=/dev/cu.usbmodem*
2026-04-24T08:12:51.845-04:00 LOGGER waiting_for_port glob=/dev/cu.usbmodem*
2026-04-24T08:12:53.849-04:00 LOGGER waiting_for_port glob=/dev/cu.usbmodem*
2026-04-24T08:12:55.856-04:00 LOGGER waiting_for_port glob=/dev/cu.usbmodem*
2026-04-24T08:12:57.860-04:00 LOGGER waiting_for_port glob=/dev/cu.usbmodem*
2026-04-24T08:12:59.866-04:00 LOGGER waiting_for_port glob=/dev/cu.usbmodem*
2026-04-24T08:13:01.869-04:00 LOGGER waiting_for_port glob=/dev/cu.usbmodem*
2026-04-24T08:13:03.881-04:00 LOGGER waiting_for_port glob=/dev/cu.usbmodem*
2026-04-24T08:13:05.890-04:00 LOGGER waiting_for_port glob=/dev/cu.usbmodem*
2026-04-24T08:13:07.901-04:00 LOGGER waiting_for_port glob=/dev/cu.usbmodem*
2026-04-24T08:13:09.904-04:00 LOGGER waiting_for_port glob=/dev/cu.usbmodem*
2026-04-24T08:13:11.914-04:00 LOGGER waiting_for_port glob=/dev/cu.usbmodem*
2026-04-24T08:13:13.926-04:00 LOGGER waiting_for_port glob=/dev/cu.usbmodem*
2026-04-24T08:13:15.930-04:00 LOGGER waiting_for_port glob=/dev/cu.usbmodem*
2026-04-24T08:13:17.942-04:00 LOGGER waiting_for_port glob=/dev/cu.usbmodem*
2026-04-24T08:13:19.949-04:00 LOGGER waiting_for_port glob=/dev/cu.usbmodem*
2026-04-24T08:13:21.959-04:00 LOGGER waiting_for_port glob=/dev/cu.usbmodem*
2026-04-24T08:13:23.966-04:00 LOGGER waiting_for_port glob=/dev/cu.usbmodem*
2026-04-24T08:13:25.977-04:00 LOGGER waiting_for_port glob=/dev/cu.usbmodem*
2026-04-24T08:13:27.980-04:00 LOGGER waiting_for_port glob=/dev/cu.usbmodem*
2026-04-24T08:13:29.990-04:00 LOGGER waiting_for_port glob=/dev/cu.usbmodem*
2026-04-24T08:13:31.995-04:00 LOGGER waiting_for_port glob=/dev/cu.usbmodem*
2026-04-24T08:13:34.002-04:00 LOGGER waiting_for_port glob=/dev/cu.usbmodem*
2026-04-24T08:13:36.009-04:00 LOGGER waiting_for_port glob=/dev/cu.usbmodem*
2026-04-24T08:13:38.015-04:00 LOGGER waiting_for_port glob=/dev/cu.usbmodem*
2026-04-24T08:13:40.020-04:00 LOGGER waiting_for_port glob=/dev/cu.usbmodem*
2026-04-24T08:13:42.027-04:00 LOGGER waiting_for_port glob=/dev/cu.usbmodem*
2026-04-24T08:13:44.029-04:00 LOGGER waiting_for_port glob=/dev/cu.usbmodem*
2026-04-24T08:13:46.040-04:00 LOGGER waiting_for_port glob=/dev/cu.usbmodem*
2026-04-24T08:13:48.046-04:00 LOGGER waiting_for_port glob=/dev/cu.usbmodem*
2026-04-24T08:13:50.052-04:00 LOGGER waiting_for_port glob=/dev/cu.usbmodem*
2026-04-24T08:13:52.062-04:00 LOGGER waiting_for_port glob=/dev/cu.usbmodem*
2026-04-24T08:13:54.068-04:00 LOGGER waiting_for_port glob=/dev/cu.usbmodem*
2026-04-24T08:13:56.078-04:00 LOGGER waiting_for_port glob=/dev/cu.usbmodem*
2026-04-24T08:13:58.090-04:00 LOGGER waiting_for_port glob=/dev/cu.usbmodem*
2026-04-24T08:14:00.096-04:00 LOGGER waiting_for_port glob=/dev/cu.usbmodem*
2026-04-24T08:14:02.098-04:00 LOGGER waiting_for_port glob=/dev/cu.usbmodem*
2026-04-24T08:14:04.106-04:00 LOGGER waiting_for_port glob=/dev/cu.usbmodem*
2026-04-24T08:14:06.111-04:00 LOGGER waiting_for_port glob=/dev/cu.usbmodem*
2026-04-24T08:14:08.123-04:00 LOGGER waiting_for_port glob=/dev/cu.usbmodem*
2026-04-24T08:14:10.125-04:00 LOGGER waiting_for_port glob=/dev/cu.usbmodem*
2026-04-24T08:14:12.137-04:00 LOGGER waiting_for_port glob=/dev/cu.usbmodem*
2026-04-24T08:14:14.144-04:00 LOGGER waiting_for_port glob=/dev/cu.usbmodem*
2026-04-24T08:14:16.154-04:00 LOGGER waiting_for_port glob=/dev/cu.usbmodem*
2026-04-24T08:14:18.164-04:00 LOGGER waiting_for_port glob=/dev/cu.usbmodem*
2026-04-24T08:14:20.176-04:00 LOGGER waiting_for_port glob=/dev/cu.usbmodem*
2026-04-24T08:14:22.180-04:00 LOGGER waiting_for_port glob=/dev/cu.usbmodem*
2026-04-24T08:14:24.187-04:00 LOGGER waiting_for_port glob=/dev/cu.usbmodem*
2026-04-24T08:14:26.191-04:00 LOGGER waiting_for_port glob=/dev/cu.usbmodem*
2026-04-24T08:14:28.203-04:00 LOGGER waiting_for_port glob=/dev/cu.usbmodem*
2026-04-24T08:14:30.216-04:00 LOGGER waiting_for_port glob=/dev/cu.usbmodem*
2026-04-24T08:14:32.219-04:00 LOGGER waiting_for_port glob=/dev/cu.usbmodem*
2026-04-24T08:14:34.227-04:00 LOGGER waiting_for_port glob=/dev/cu.usbmodem*
2026-04-24T08:14:36.232-04:00 LOGGER waiting_for_port glob=/dev/cu.usbmodem*
2026-04-24T08:14:38.244-04:00 LOGGER waiting_for_port glob=/dev/cu.usbmodem*
2026-04-24T08:14:40.256-04:00 LOGGER waiting_for_port glob=/dev/cu.usbmodem*
2026-04-24T08:14:42.259-04:00 LOGGER waiting_for_port glob=/dev/cu.usbmodem*
2026-04-24T08:14:44.263-04:00 LOGGER waiting_for_port glob=/dev/cu.usbmodem*
2026-04-24T08:14:46.271-04:00 LOGGER waiting_for_port glob=/dev/cu.usbmodem*
2026-04-24T08:14:48.276-04:00 LOGGER waiting_for_port glob=/dev/cu.usbmodem*
2026-04-24T08:14:50.285-04:00 LOGGER waiting_for_port glob=/dev/cu.usbmodem*
2026-04-24T08:14:52.289-04:00 LOGGER waiting_for_port glob=/dev/cu.usbmodem*
2026-04-24T08:14:54.293-04:00 LOGGER waiting_for_port glob=/dev/cu.usbmodem*
2026-04-24T08:14:56.298-04:00 LOGGER waiting_for_port glob=/dev/cu.usbmodem*
2026-04-24T08:14:58.308-04:00 LOGGER waiting_for_port glob=/dev/cu.usbmodem*
2026-04-24T08:15:00.318-04:00 LOGGER waiting_for_port glob=/dev/cu.usbmodem*
2026-04-24T08:15:02.325-04:00 LOGGER waiting_for_port glob=/dev/cu.usbmodem*
2026-04-24T08:15:04.332-04:00 LOGGER waiting_for_port glob=/dev/cu.usbmodem*
2026-04-24T08:15:06.337-04:00 LOGGER waiting_for_port glob=/dev/cu.usbmodem*
2026-04-24T08:15:08.341-04:00 LOGGER waiting_for_port glob=/dev/cu.usbmodem*
2026-04-24T08:15:10.353-04:00 LOGGER waiting_for_port glob=/dev/cu.usbmodem*
2026-04-24T08:15:12.365-04:00 LOGGER waiting_for_port glob=/dev/cu.usbmodem*
2026-04-24T08:15:14.375-04:00 LOGGER waiting_for_port glob=/dev/cu.usbmodem*
2026-04-24T08:15:16.387-04:00 LOGGER waiting_for_port glob=/dev/cu.usbmodem*
2026-04-24T08:15:18.399-04:00 LOGGER waiting_for_port glob=/dev/cu.usbmodem*
2026-04-24T08:15:20.408-04:00 LOGGER waiting_for_port glob=/dev/cu.usbmodem*
2026-04-24T08:15:22.420-04:00 LOGGER waiting_for_port glob=/dev/cu.usbmodem*
2026-04-24T08:15:24.432-04:00 LOGGER waiting_for_port glob=/dev/cu.usbmodem*
2026-04-24T08:15:26.443-04:00 LOGGER waiting_for_port glob=/dev/cu.usbmodem*
2026-04-24T08:15:28.455-04:00 LOGGER waiting_for_port glob=/dev/cu.usbmodem*
2026-04-24T08:15:30.460-04:00 LOGGER waiting_for_port glob=/dev/cu.usbmodem*
2026-04-24T08:15:32.465-04:00 LOGGER waiting_for_port glob=/dev/cu.usbmodem*
2026-04-24T08:15:34.473-04:00 LOGGER waiting_for_port glob=/dev/cu.usbmodem*
2026-04-24T08:15:36.478-04:00 LOGGER waiting_for_port glob=/dev/cu.usbmodem*
2026-04-24T08:15:38.486-04:00 LOGGER waiting_for_port glob=/dev/cu.usbmodem*
2026-04-24T08:15:40.496-04:00 LOGGER waiting_for_port glob=/dev/cu.usbmodem*
2026-04-24T08:15:42.506-04:00 LOGGER waiting_for_port glob=/dev/cu.usbmodem*
2026-04-24T08:15:44.513-04:00 LOGGER waiting_for_port glob=/dev/cu.usbmodem*
2026-04-24T08:15:46.522-04:00 LOGGER waiting_for_port glob=/dev/cu.usbmodem*
2026-04-24T08:15:48.525-04:00 LOGGER waiting_for_port glob=/dev/cu.usbmodem*
2026-04-24T08:15:50.532-04:00 LOGGER waiting_for_port glob=/dev/cu.usbmodem*
2026-04-24T08:15:52.541-04:00 LOGGER waiting_for_port glob=/dev/cu.usbmodem*
2026-04-24T08:15:54.552-04:00 LOGGER waiting_for_port glob=/dev/cu.usbmodem*
2026-04-24T08:15:56.557-04:00 LOGGER waiting_for_port glob=/dev/cu.usbmodem*
2026-04-24T08:15:58.565-04:00 LOGGER waiting_for_port glob=/dev/cu.usbmodem*
2026-04-24T08:16:00.570-04:00 LOGGER waiting_for_port glob=/dev/cu.usbmodem*
2026-04-24T08:16:02.577-04:00 LOGGER waiting_for_port glob=/dev/cu.usbmodem*
2026-04-24T08:16:04.588-04:00 LOGGER waiting_for_port glob=/dev/cu.usbmodem*
2026-04-24T08:16:06.595-04:00 LOGGER waiting_for_port glob=/dev/cu.usbmodem*
2026-04-24T08:16:08.597-04:00 LOGGER waiting_for_port glob=/dev/cu.usbmodem*
2026-04-24T08:16:10.604-04:00 LOGGER waiting_for_port glob=/dev/cu.usbmodem*
2026-04-24T08:16:12.616-04:00 LOGGER waiting_for_port glob=/dev/cu.usbmodem*
2026-04-24T08:16:14.620-04:00 LOGGER waiting_for_port glob=/dev/cu.usbmodem*
2026-04-24T08:16:16.628-04:00 LOGGER waiting_for_port glob=/dev/cu.usbmodem*
2026-04-24T08:16:18.637-04:00 LOGGER waiting_for_port glob=/dev/cu.usbmodem*
2026-04-24T08:16:20.640-04:00 LOGGER waiting_for_port glob=/dev/cu.usbmodem*
2026-04-24T08:16:22.647-04:00 LOGGER waiting_for_port glob=/dev/cu.usbmodem*
2026-04-24T08:16:24.659-04:00 LOGGER waiting_for_port glob=/dev/cu.usbmodem*
2026-04-24T08:16:26.670-04:00 LOGGER waiting_for_port glob=/dev/cu.usbmodem*
2026-04-24T08:16:28.682-04:00 LOGGER waiting_for_port glob=/dev/cu.usbmodem*
2026-04-24T08:16:30.686-04:00 LOGGER waiting_for_port glob=/dev/cu.usbmodem*
2026-04-24T08:16:32.698-04:00 LOGGER waiting_for_port glob=/dev/cu.usbmodem*
2026-04-24T08:16:34.704-04:00 LOGGER waiting_for_port glob=/dev/cu.usbmodem*
2026-04-24T08:16:36.712-04:00 LOGGER waiting_for_port glob=/dev/cu.usbmodem*
2026-04-24T08:16:38.716-04:00 LOGGER waiting_for_port glob=/dev/cu.usbmodem*
2026-04-24T08:16:40.728-04:00 LOGGER waiting_for_port glob=/dev/cu.usbmodem*
2026-04-24T08:16:42.735-04:00 LOGGER waiting_for_port glob=/dev/cu.usbmodem*
2026-04-24T08:16:44.741-04:00 LOGGER waiting_for_port glob=/dev/cu.usbmodem*
2026-04-24T08:16:46.752-04:00 LOGGER waiting_for_port glob=/dev/cu.usbmodem*
2026-04-24T08:16:48.754-04:00 LOGGER waiting_for_port glob=/dev/cu.usbmodem*
2026-04-24T08:16:50.766-04:00 LOGGER waiting_for_port glob=/dev/cu.usbmodem*
2026-04-24T08:16:52.773-04:00 LOGGER waiting_for_port glob=/dev/cu.usbmodem*
2026-04-24T08:16:54.782-04:00 LOGGER waiting_for_port glob=/dev/cu.usbmodem*
2026-04-24T08:16:56.794-04:00 LOGGER waiting_for_port glob=/dev/cu.usbmodem*
2026-04-24T08:16:58.804-04:00 LOGGER waiting_for_port glob=/dev/cu.usbmodem*
2026-04-24T08:17:00.812-04:00 LOGGER waiting_for_port glob=/dev/cu.usbmodem*
2026-04-24T08:17:02.822-04:00 LOGGER waiting_for_port glob=/dev/cu.usbmodem*
2026-04-24T08:17:04.825-04:00 LOGGER waiting_for_port glob=/dev/cu.usbmodem*
2026-04-24T08:17:06.830-04:00 LOGGER waiting_for_port glob=/dev/cu.usbmodem*
2026-04-24T08:17:08.841-04:00 LOGGER waiting_for_port glob=/dev/cu.usbmodem*
2026-04-24T08:17:10.850-04:00 LOGGER waiting_for_port glob=/dev/cu.usbmodem*
2026-04-24T08:17:12.862-04:00 LOGGER waiting_for_port glob=/dev/cu.usbmodem*
2026-04-24T08:17:14.867-04:00 LOGGER waiting_for_port glob=/dev/cu.usbmodem*
2026-04-24T08:17:16.879-04:00 LOGGER waiting_for_port glob=/dev/cu.usbmodem*
2026-04-24T08:17:18.886-04:00 LOGGER waiting_for_port glob=/dev/cu.usbmodem*
2026-04-24T08:17:20.893-04:00 LOGGER waiting_for_port glob=/dev/cu.usbmodem*
2026-04-24T08:17:22.900-04:00 LOGGER waiting_for_port glob=/dev/cu.usbmodem*
2026-04-24T08:17:24.906-04:00 LOGGER waiting_for_port glob=/dev/cu.usbmodem*
2026-04-24T08:17:26.916-04:00 LOGGER waiting_for_port glob=/dev/cu.usbmodem*
2026-04-24T08:17:28.921-04:00 LOGGER waiting_for_port glob=/dev/cu.usbmodem*
2026-04-24T08:17:30.931-04:00 LOGGER waiting_for_port glob=/dev/cu.usbmodem*
2026-04-24T08:17:32.933-04:00 LOGGER waiting_for_port glob=/dev/cu.usbmodem*
2026-04-24T08:17:34.942-04:00 LOGGER waiting_for_port glob=/dev/cu.usbmodem*
2026-04-24T08:17:36.949-04:00 LOGGER waiting_for_port glob=/dev/cu.usbmodem*
2026-04-24T08:17:38.956-04:00 LOGGER waiting_for_port glob=/dev/cu.usbmodem*
2026-04-24T08:17:40.964-04:00 LOGGER waiting_for_port glob=/dev/cu.usbmodem*
2026-04-24T08:17:42.973-04:00 LOGGER waiting_for_port glob=/dev/cu.usbmodem*
2026-04-24T08:17:44.978-04:00 LOGGER waiting_for_port glob=/dev/cu.usbmodem*
2026-04-24T08:17:46.990-04:00 LOGGER waiting_for_port glob=/dev/cu.usbmodem*
2026-04-24T08:17:48.997-04:00 LOGGER waiting_for_port glob=/dev/cu.usbmodem*
2026-04-24T08:17:51.006-04:00 LOGGER waiting_for_port glob=/dev/cu.usbmodem*
2026-04-24T08:17:53.013-04:00 LOGGER waiting_for_port glob=/dev/cu.usbmodem*
2026-04-24T08:17:55.018-04:00 LOGGER waiting_for_port glob=/dev/cu.usbmodem*
2026-04-24T08:17:57.025-04:00 LOGGER waiting_for_port glob=/dev/cu.usbmodem*
2026-04-24T08:17:59.033-04:00 LOGGER waiting_for_port glob=/dev/cu.usbmodem*
2026-04-24T08:18:01.038-04:00 LOGGER waiting_for_port glob=/dev/cu.usbmodem*
2026-04-24T08:18:03.046-04:00 LOGGER waiting_for_port glob=/dev/cu.usbmodem*
2026-04-24T08:18:05.051-04:00 LOGGER waiting_for_port glob=/dev/cu.usbmodem*
2026-04-24T08:18:07.063-04:00 LOGGER waiting_for_port glob=/dev/cu.usbmodem*
2026-04-24T08:18:09.070-04:00 LOGGER waiting_for_port glob=/dev/cu.usbmodem*
2026-04-24T08:18:11.075-04:00 LOGGER waiting_for_port glob=/dev/cu.usbmodem*
2026-04-24T08:18:13.082-04:00 LOGGER waiting_for_port glob=/dev/cu.usbmodem*
2026-04-24T08:18:15.090-04:00 LOGGER waiting_for_port glob=/dev/cu.usbmodem*
2026-04-24T08:18:17.094-04:00 LOGGER waiting_for_port glob=/dev/cu.usbmodem*
2026-04-24T08:18:19.098-04:00 LOGGER waiting_for_port glob=/dev/cu.usbmodem*
2026-04-24T08:18:21.102-04:00 LOGGER waiting_for_port glob=/dev/cu.usbmodem*
2026-04-24T08:18:23.109-04:00 LOGGER waiting_for_port glob=/dev/cu.usbmodem*
2026-04-24T08:18:25.121-04:00 LOGGER waiting_for_port glob=/dev/cu.usbmodem*
2026-04-24T08:18:27.129-04:00 LOGGER waiting_for_port glob=/dev/cu.usbmodem*
2026-04-24T08:18:29.141-04:00 LOGGER waiting_for_port glob=/dev/cu.usbmodem*
2026-04-24T08:18:31.148-04:00 LOGGER waiting_for_port glob=/dev/cu.usbmodem*
2026-04-24T08:18:33.153-04:00 LOGGER waiting_for_port glob=/dev/cu.usbmodem*
2026-04-24T08:18:35.163-04:00 LOGGER waiting_for_port glob=/dev/cu.usbmodem*
2026-04-24T08:18:37.170-04:00 LOGGER waiting_for_port glob=/dev/cu.usbmodem*
2026-04-24T08:18:39.175-04:00 LOGGER waiting_for_port glob=/dev/cu.usbmodem*
2026-04-24T08:18:41.181-04:00 LOGGER waiting_for_port glob=/dev/cu.usbmodem*
2026-04-24T08:18:43.192-04:00 LOGGER waiting_for_port glob=/dev/cu.usbmodem*
2026-04-24T08:18:45.204-04:00 LOGGER waiting_for_port glob=/dev/cu.usbmodem*
2026-04-24T08:18:47.216-04:00 LOGGER waiting_for_port glob=/dev/cu.usbmodem*
2026-04-24T08:18:49.226-04:00 LOGGER waiting_for_port glob=/dev/cu.usbmodem*
2026-04-24T08:18:51.230-04:00 LOGGER waiting_for_port glob=/dev/cu.usbmodem*
2026-04-24T08:18:53.237-04:00 LOGGER waiting_for_port glob=/dev/cu.usbmodem*
2026-04-24T08:18:55.244-04:00 LOGGER waiting_for_port glob=/dev/cu.usbmodem*
2026-04-24T08:18:57.254-04:00 LOGGER waiting_for_port glob=/dev/cu.usbmodem*
2026-04-24T08:18:59.260-04:00 LOGGER waiting_for_port glob=/dev/cu.usbmodem*
2026-04-24T08:19:01.264-04:00 LOGGER waiting_for_port glob=/dev/cu.usbmodem*
2026-04-24T08:19:03.271-04:00 LOGGER waiting_for_port glob=/dev/cu.usbmodem*
2026-04-24T08:19:05.281-04:00 LOGGER waiting_for_port glob=/dev/cu.usbmodem*
2026-04-24T08:19:07.291-04:00 LOGGER waiting_for_port glob=/dev/cu.usbmodem*
2026-04-24T08:19:09.297-04:00 LOGGER waiting_for_port glob=/dev/cu.usbmodem*
2026-04-24T08:19:11.304-04:00 LOGGER waiting_for_port glob=/dev/cu.usbmodem*
2026-04-24T08:19:13.313-04:00 LOGGER waiting_for_port glob=/dev/cu.usbmodem*
2026-04-24T08:19:15.321-04:00 LOGGER waiting_for_port glob=/dev/cu.usbmodem*
2026-04-24T08:19:17.333-04:00 LOGGER waiting_for_port glob=/dev/cu.usbmodem*
2026-04-24T08:19:19.345-04:00 LOGGER waiting_for_port glob=/dev/cu.usbmodem*
2026-04-24T08:19:21.357-04:00 LOGGER waiting_for_port glob=/dev/cu.usbmodem*
2026-04-24T08:19:23.369-04:00 LOGGER waiting_for_port glob=/dev/cu.usbmodem*
2026-04-24T08:19:25.376-04:00 LOGGER waiting_for_port glob=/dev/cu.usbmodem*
2026-04-24T08:19:27.383-04:00 LOGGER waiting_for_port glob=/dev/cu.usbmodem*
2026-04-24T08:19:29.386-04:00 LOGGER waiting_for_port glob=/dev/cu.usbmodem*
2026-04-24T08:19:31.392-04:00 LOGGER waiting_for_port glob=/dev/cu.usbmodem*
2026-04-24T08:19:33.404-04:00 LOGGER waiting_for_port glob=/dev/cu.usbmodem*
2026-04-24T08:19:35.411-04:00 LOGGER waiting_for_port glob=/dev/cu.usbmodem*
2026-04-24T08:19:37.423-04:00 LOGGER waiting_for_port glob=/dev/cu.usbmodem*
2026-04-24T08:19:39.434-04:00 LOGGER waiting_for_port glob=/dev/cu.usbmodem*
2026-04-24T08:19:41.442-04:00 LOGGER waiting_for_port glob=/dev/cu.usbmodem*
2026-04-24T08:19:43.453-04:00 LOGGER waiting_for_port glob=/dev/cu.usbmodem*
2026-04-24T08:19:45.458-04:00 LOGGER waiting_for_port glob=/dev/cu.usbmodem*
2026-04-24T08:19:47.468-04:00 LOGGER waiting_for_port glob=/dev/cu.usbmodem*
2026-04-24T08:19:49.474-04:00 LOGGER waiting_for_port glob=/dev/cu.usbmodem*
2026-04-24T08:19:51.485-04:00 LOGGER waiting_for_port glob=/dev/cu.usbmodem*
2026-04-24T08:19:53.489-04:00 LOGGER waiting_for_port glob=/dev/cu.usbmodem*
2026-04-24T08:19:55.500-04:00 LOGGER waiting_for_port glob=/dev/cu.usbmodem*
2026-04-24T08:19:57.507-04:00 LOGGER waiting_for_port glob=/dev/cu.usbmodem*
2026-04-24T08:19:59.514-04:00 LOGGER waiting_for_port glob=/dev/cu.usbmodem*
2026-04-24T08:20:01.524-04:00 LOGGER waiting_for_port glob=/dev/cu.usbmodem*
2026-04-24T08:20:03.536-04:00 LOGGER waiting_for_port glob=/dev/cu.usbmodem*
2026-04-24T08:20:05.546-04:00 LOGGER waiting_for_port glob=/dev/cu.usbmodem*
2026-04-24T08:20:07.553-04:00 LOGGER waiting_for_port glob=/dev/cu.usbmodem*
2026-04-24T08:20:09.559-04:00 LOGGER waiting_for_port glob=/dev/cu.usbmodem*
2026-04-24T08:20:11.570-04:00 LOGGER waiting_for_port glob=/dev/cu.usbmodem*
2026-04-24T08:20:13.574-04:00 LOGGER waiting_for_port glob=/dev/cu.usbmodem*
2026-04-24T08:20:15.586-04:00 LOGGER waiting_for_port glob=/dev/cu.usbmodem*
2026-04-24T08:20:17.593-04:00 LOGGER waiting_for_port glob=/dev/cu.usbmodem*
2026-04-24T08:20:19.600-04:00 LOGGER waiting_for_port glob=/dev/cu.usbmodem*
2026-04-24T08:20:21.607-04:00 LOGGER waiting_for_port glob=/dev/cu.usbmodem*
2026-04-24T08:20:23.614-04:00 LOGGER waiting_for_port glob=/dev/cu.usbmodem*
2026-04-24T08:20:25.625-04:00 LOGGER waiting_for_port glob=/dev/cu.usbmodem*
2026-04-24T08:20:27.636-04:00 LOGGER waiting_for_port glob=/dev/cu.usbmodem*
2026-04-24T08:20:29.648-04:00 LOGGER waiting_for_port glob=/dev/cu.usbmodem*
2026-04-24T08:20:31.656-04:00 LOGGER waiting_for_port glob=/dev/cu.usbmodem*
2026-04-24T08:20:33.664-04:00 LOGGER waiting_for_port glob=/dev/cu.usbmodem*
2026-04-24T08:20:35.674-04:00 LOGGER waiting_for_port glob=/dev/cu.usbmodem*
2026-04-24T08:20:37.679-04:00 LOGGER waiting_for_port glob=/dev/cu.usbmodem*
2026-04-24T08:20:39.684-04:00 LOGGER waiting_for_port glob=/dev/cu.usbmodem*
2026-04-24T08:20:41.694-04:00 LOGGER waiting_for_port glob=/dev/cu.usbmodem*
2026-04-24T08:20:43.701-04:00 LOGGER waiting_for_port glob=/dev/cu.usbmodem*
2026-04-24T08:20:45.706-04:00 LOGGER waiting_for_port glob=/dev/cu.usbmodem*
2026-04-24T08:20:47.713-04:00 LOGGER waiting_for_port glob=/dev/cu.usbmodem*
2026-04-24T08:20:49.725-04:00 LOGGER waiting_for_port glob=/dev/cu.usbmodem*
2026-04-24T08:20:51.731-04:00 LOGGER waiting_for_port glob=/dev/cu.usbmodem*
2026-04-24T08:20:53.735-04:00 LOGGER waiting_for_port glob=/dev/cu.usbmodem*
2026-04-24T08:20:55.746-04:00 LOGGER waiting_for_port glob=/dev/cu.usbmodem*
2026-04-24T08:20:57.751-04:00 LOGGER waiting_for_port glob=/dev/cu.usbmodem*
2026-04-24T08:20:59.757-04:00 LOGGER waiting_for_port glob=/dev/cu.usbmodem*
2026-04-24T08:21:01.768-04:00 LOGGER waiting_for_port glob=/dev/cu.usbmodem*
2026-04-24T08:21:03.775-04:00 LOGGER waiting_for_port glob=/dev/cu.usbmodem*
2026-04-24T08:21:05.787-04:00 LOGGER waiting_for_port glob=/dev/cu.usbmodem*
2026-04-24T08:21:07.793-04:00 LOGGER waiting_for_port glob=/dev/cu.usbmodem*
2026-04-24T08:21:09.806-04:00 LOGGER waiting_for_port glob=/dev/cu.usbmodem*
2026-04-24T08:21:11.812-04:00 LOGGER waiting_for_port glob=/dev/cu.usbmodem*
2026-04-24T08:21:13.821-04:00 LOGGER waiting_for_port glob=/dev/cu.usbmodem*
2026-04-24T08:21:15.827-04:00 LOGGER waiting_for_port glob=/dev/cu.usbmodem*
2026-04-24T08:21:17.834-04:00 LOGGER waiting_for_port glob=/dev/cu.usbmodem*
2026-04-24T08:21:19.837-04:00 LOGGER waiting_for_port glob=/dev/cu.usbmodem*
2026-04-24T08:21:21.843-04:00 LOGGER waiting_for_port glob=/dev/cu.usbmodem*
2026-04-24T08:21:23.850-04:00 LOGGER waiting_for_port glob=/dev/cu.usbmodem*
2026-04-24T08:21:25.854-04:00 LOGGER waiting_for_port glob=/dev/cu.usbmodem*
2026-04-24T08:21:27.861-04:00 LOGGER waiting_for_port glob=/dev/cu.usbmodem*
2026-04-24T08:21:29.866-04:00 LOGGER waiting_for_port glob=/dev/cu.usbmodem*
2026-04-24T08:21:31.870-04:00 LOGGER waiting_for_port glob=/dev/cu.usbmodem*
2026-04-24T08:21:33.873-04:00 LOGGER waiting_for_port glob=/dev/cu.usbmodem*
2026-04-24T08:21:35.879-04:00 LOGGER waiting_for_port glob=/dev/cu.usbmodem*
2026-04-24T08:21:37.891-04:00 LOGGER waiting_for_port glob=/dev/cu.usbmodem*
2026-04-24T08:21:39.901-04:00 LOGGER waiting_for_port glob=/dev/cu.usbmodem*
2026-04-24T08:21:41.911-04:00 LOGGER waiting_for_port glob=/dev/cu.usbmodem*
2026-04-24T08:21:43.918-04:00 LOGGER waiting_for_port glob=/dev/cu.usbmodem*
2026-04-24T08:21:45.921-04:00 LOGGER waiting_for_port glob=/dev/cu.usbmodem*
2026-04-24T08:21:47.927-04:00 LOGGER waiting_for_port glob=/dev/cu.usbmodem*
2026-04-24T08:21:49.935-04:00 LOGGER waiting_for_port glob=/dev/cu.usbmodem*
2026-04-24T08:21:51.945-04:00 LOGGER waiting_for_port glob=/dev/cu.usbmodem*
2026-04-24T08:21:53.957-04:00 LOGGER waiting_for_port glob=/dev/cu.usbmodem*
2026-04-24T08:21:55.967-04:00 LOGGER waiting_for_port glob=/dev/cu.usbmodem*
2026-04-24T08:21:57.975-04:00 LOGGER waiting_for_port glob=/dev/cu.usbmodem*
2026-04-24T08:21:59.987-04:00 LOGGER waiting_for_port glob=/dev/cu.usbmodem*
2026-04-24T08:22:01.993-04:00 LOGGER waiting_for_port glob=/dev/cu.usbmodem*
2026-04-24T08:22:04.004-04:00 LOGGER waiting_for_port glob=/dev/cu.usbmodem*
2026-04-24T08:22:06.012-04:00 LOGGER waiting_for_port glob=/dev/cu.usbmodem*
2026-04-24T08:22:08.017-04:00 LOGGER waiting_for_port glob=/dev/cu.usbmodem*
2026-04-24T08:22:10.026-04:00 LOGGER waiting_for_port glob=/dev/cu.usbmodem*
2026-04-24T08:22:12.032-04:00 LOGGER waiting_for_port glob=/dev/cu.usbmodem*
2026-04-24T08:22:14.036-04:00 LOGGER waiting_for_port glob=/dev/cu.usbmodem*
2026-04-24T08:22:16.043-04:00 LOGGER waiting_for_port glob=/dev/cu.usbmodem*
2026-04-24T08:22:18.050-04:00 LOGGER waiting_for_port glob=/dev/cu.usbmodem*
2026-04-24T08:22:20.062-04:00 LOGGER waiting_for_port glob=/dev/cu.usbmodem*
2026-04-24T08:22:22.071-04:00 LOGGER waiting_for_port glob=/dev/cu.usbmodem*
2026-04-24T08:22:24.083-04:00 LOGGER waiting_for_port glob=/dev/cu.usbmodem*
2026-04-24T08:22:26.092-04:00 LOGGER waiting_for_port glob=/dev/cu.usbmodem*
2026-04-24T08:22:28.096-04:00 LOGGER waiting_for_port glob=/dev/cu.usbmodem*
2026-04-24T08:22:30.101-04:00 LOGGER waiting_for_port glob=/dev/cu.usbmodem*
2026-04-24T08:22:32.113-04:00 LOGGER waiting_for_port glob=/dev/cu.usbmodem*
2026-04-24T08:22:34.115-04:00 LOGGER waiting_for_port glob=/dev/cu.usbmodem*
2026-04-24T08:22:36.122-04:00 LOGGER waiting_for_port glob=/dev/cu.usbmodem*
2026-04-24T08:22:38.131-04:00 LOGGER waiting_for_port glob=/dev/cu.usbmodem*
2026-04-24T08:22:40.143-04:00 LOGGER waiting_for_port glob=/dev/cu.usbmodem*
2026-04-24T08:22:42.155-04:00 LOGGER waiting_for_port glob=/dev/cu.usbmodem*
2026-04-24T08:22:44.167-04:00 LOGGER waiting_for_port glob=/dev/cu.usbmodem*
2026-04-24T08:22:46.174-04:00 LOGGER waiting_for_port glob=/dev/cu.usbmodem*
2026-04-24T08:22:48.186-04:00 LOGGER waiting_for_port glob=/dev/cu.usbmodem*
2026-04-24T08:22:50.189-04:00 LOGGER waiting_for_port glob=/dev/cu.usbmodem*
2026-04-24T08:22:52.197-04:00 LOGGER waiting_for_port glob=/dev/cu.usbmodem*
2026-04-24T08:22:54.204-04:00 LOGGER waiting_for_port glob=/dev/cu.usbmodem*
2026-04-24T08:22:56.211-04:00 LOGGER waiting_for_port glob=/dev/cu.usbmodem*
2026-04-24T08:22:58.214-04:00 LOGGER waiting_for_port glob=/dev/cu.usbmodem*
2026-04-24T08:23:00.221-04:00 LOGGER waiting_for_port glob=/dev/cu.usbmodem*
2026-04-24T08:23:02.233-04:00 LOGGER waiting_for_port glob=/dev/cu.usbmodem*
2026-04-24T08:23:04.239-04:00 LOGGER waiting_for_port glob=/dev/cu.usbmodem*
2026-04-24T08:23:06.246-04:00 LOGGER waiting_for_port glob=/dev/cu.usbmodem*
2026-04-24T08:23:08.253-04:00 LOGGER waiting_for_port glob=/dev/cu.usbmodem*
2026-04-24T08:23:10.257-04:00 LOGGER waiting_for_port glob=/dev/cu.usbmodem*
2026-04-24T08:23:12.267-04:00 LOGGER waiting_for_port glob=/dev/cu.usbmodem*
2026-04-24T08:23:14.270-04:00 LOGGER waiting_for_port glob=/dev/cu.usbmodem*
2026-04-24T08:23:16.277-04:00 LOGGER waiting_for_port glob=/dev/cu.usbmodem*
2026-04-24T08:23:18.279-04:00 LOGGER waiting_for_port glob=/dev/cu.usbmodem*
2026-04-24T08:23:20.283-04:00 LOGGER waiting_for_port glob=/dev/cu.usbmodem*
2026-04-24T08:23:22.285-04:00 LOGGER waiting_for_port glob=/dev/cu.usbmodem*
2026-04-24T08:23:24.295-04:00 LOGGER waiting_for_port glob=/dev/cu.usbmodem*
2026-04-24T08:23:26.302-04:00 LOGGER waiting_for_port glob=/dev/cu.usbmodem*
2026-04-24T08:23:28.311-04:00 LOGGER waiting_for_port glob=/dev/cu.usbmodem*
2026-04-24T08:23:30.316-04:00 LOGGER waiting_for_port glob=/dev/cu.usbmodem*
2026-04-24T08:23:32.322-04:00 LOGGER waiting_for_port glob=/dev/cu.usbmodem*
2026-04-24T08:23:34.330-04:00 LOGGER waiting_for_port glob=/dev/cu.usbmodem*
2026-04-24T08:23:36.332-04:00 LOGGER waiting_for_port glob=/dev/cu.usbmodem*
2026-04-24T08:23:38.338-04:00 LOGGER waiting_for_port glob=/dev/cu.usbmodem*
2026-04-24T08:23:40.347-04:00 LOGGER waiting_for_port glob=/dev/cu.usbmodem*
2026-04-24T08:23:42.352-04:00 LOGGER waiting_for_port glob=/dev/cu.usbmodem*
2026-04-24T08:23:44.364-04:00 LOGGER waiting_for_port glob=/dev/cu.usbmodem*
2026-04-24T08:23:46.369-04:00 LOGGER waiting_for_port glob=/dev/cu.usbmodem*
2026-04-24T08:23:48.381-04:00 LOGGER waiting_for_port glob=/dev/cu.usbmodem*
2026-04-24T08:23:50.393-04:00 LOGGER waiting_for_port glob=/dev/cu.usbmodem*
2026-04-24T08:23:52.403-04:00 LOGGER waiting_for_port glob=/dev/cu.usbmodem*
2026-04-24T08:23:54.410-04:00 LOGGER waiting_for_port glob=/dev/cu.usbmodem*
2026-04-24T08:23:56.421-04:00 LOGGER waiting_for_port glob=/dev/cu.usbmodem*
2026-04-24T08:23:58.425-04:00 LOGGER waiting_for_port glob=/dev/cu.usbmodem*
2026-04-24T08:24:00.426-04:00 LOGGER waiting_for_port glob=/dev/cu.usbmodem*
2026-04-24T08:24:02.434-04:00 LOGGER waiting_for_port glob=/dev/cu.usbmodem*
2026-04-24T08:24:04.444-04:00 LOGGER waiting_for_port glob=/dev/cu.usbmodem*
2026-04-24T08:24:06.451-04:00 LOGGER waiting_for_port glob=/dev/cu.usbmodem*
2026-04-24T08:24:08.459-04:00 LOGGER waiting_for_port glob=/dev/cu.usbmodem*
2026-04-24T08:24:10.463-04:00 LOGGER waiting_for_port glob=/dev/cu.usbmodem*
2026-04-24T08:24:12.468-04:00 LOGGER waiting_for_port glob=/dev/cu.usbmodem*
2026-04-24T08:24:14.480-04:00 LOGGER waiting_for_port glob=/dev/cu.usbmodem*
2026-04-24T08:24:16.485-04:00 LOGGER waiting_for_port glob=/dev/cu.usbmodem*
2026-04-24T08:24:18.491-04:00 LOGGER waiting_for_port glob=/dev/cu.usbmodem*
2026-04-24T08:24:20.503-04:00 LOGGER waiting_for_port glob=/dev/cu.usbmodem*
2026-04-24T08:24:22.509-04:00 LOGGER waiting_for_port glob=/dev/cu.usbmodem*
2026-04-24T08:24:24.516-04:00 LOGGER waiting_for_port glob=/dev/cu.usbmodem*
2026-04-24T08:24:26.525-04:00 LOGGER waiting_for_port glob=/dev/cu.usbmodem*
2026-04-24T08:24:28.537-04:00 LOGGER waiting_for_port glob=/dev/cu.usbmodem*
2026-04-24T08:24:30.544-04:00 LOGGER waiting_for_port glob=/dev/cu.usbmodem*
2026-04-24T08:24:32.552-04:00 LOGGER waiting_for_port glob=/dev/cu.usbmodem*
2026-04-24T08:24:34.558-04:00 LOGGER waiting_for_port glob=/dev/cu.usbmodem*
2026-04-24T08:24:36.567-04:00 LOGGER waiting_for_port glob=/dev/cu.usbmodem*
2026-04-24T08:24:38.579-04:00 LOGGER waiting_for_port glob=/dev/cu.usbmodem*
2026-04-24T08:24:40.587-04:00 LOGGER waiting_for_port glob=/dev/cu.usbmodem*
2026-04-24T08:24:42.591-04:00 LOGGER waiting_for_port glob=/dev/cu.usbmodem*
2026-04-24T08:24:44.598-04:00 LOGGER waiting_for_port glob=/dev/cu.usbmodem*
2026-04-24T08:24:46.609-04:00 LOGGER waiting_for_port glob=/dev/cu.usbmodem*
2026-04-24T08:24:48.618-04:00 LOGGER waiting_for_port glob=/dev/cu.usbmodem*
2026-04-24T08:24:50.624-04:00 LOGGER waiting_for_port glob=/dev/cu.usbmodem*
2026-04-24T08:24:52.633-04:00 LOGGER waiting_for_port glob=/dev/cu.usbmodem*
2026-04-24T08:24:54.638-04:00 LOGGER waiting_for_port glob=/dev/cu.usbmodem*
2026-04-24T08:24:56.650-04:00 LOGGER waiting_for_port glob=/dev/cu.usbmodem*
2026-04-24T08:24:58.656-04:00 LOGGER waiting_for_port glob=/dev/cu.usbmodem*
2026-04-24T08:25:00.661-04:00 LOGGER waiting_for_port glob=/dev/cu.usbmodem*
2026-04-24T08:25:02.667-04:00 LOGGER waiting_for_port glob=/dev/cu.usbmodem*
2026-04-24T08:25:04.672-04:00 LOGGER waiting_for_port glob=/dev/cu.usbmodem*
2026-04-24T08:25:06.680-04:00 LOGGER waiting_for_port glob=/dev/cu.usbmodem*
2026-04-24T08:25:08.692-04:00 LOGGER waiting_for_port glob=/dev/cu.usbmodem*
2026-04-24T08:25:10.693-04:00 LOGGER waiting_for_port glob=/dev/cu.usbmodem*
2026-04-24T08:25:12.703-04:00 LOGGER waiting_for_port glob=/dev/cu.usbmodem*
2026-04-24T08:25:14.708-04:00 LOGGER waiting_for_port glob=/dev/cu.usbmodem*
2026-04-24T08:25:16.711-04:00 LOGGER waiting_for_port glob=/dev/cu.usbmodem*
2026-04-24T08:25:18.713-04:00 LOGGER waiting_for_port glob=/dev/cu.usbmodem*
2026-04-24T08:25:20.718-04:00 LOGGER waiting_for_port glob=/dev/cu.usbmodem*
2026-04-24T08:25:22.720-04:00 LOGGER waiting_for_port glob=/dev/cu.usbmodem*
2026-04-24T08:25:24.729-04:00 LOGGER waiting_for_port glob=/dev/cu.usbmodem*
2026-04-24T08:25:26.738-04:00 LOGGER waiting_for_port glob=/dev/cu.usbmodem*
2026-04-24T08:25:28.747-04:00 LOGGER waiting_for_port glob=/dev/cu.usbmodem*
2026-04-24T08:25:30.752-04:00 LOGGER waiting_for_port glob=/dev/cu.usbmodem*
2026-04-24T08:25:32.763-04:00 LOGGER waiting_for_port glob=/dev/cu.usbmodem*
2026-04-24T08:25:34.775-04:00 LOGGER waiting_for_port glob=/dev/cu.usbmodem*
2026-04-24T08:25:36.777-04:00 LOGGER waiting_for_port glob=/dev/cu.usbmodem*
2026-04-24T08:25:38.784-04:00 LOGGER waiting_for_port glob=/dev/cu.usbmodem*
2026-04-24T08:25:40.791-04:00 LOGGER waiting_for_port glob=/dev/cu.usbmodem*
2026-04-24T08:25:42.800-04:00 LOGGER waiting_for_port glob=/dev/cu.usbmodem*
2026-04-24T08:25:44.805-04:00 LOGGER waiting_for_port glob=/dev/cu.usbmodem*
2026-04-24T08:25:46.817-04:00 LOGGER waiting_for_port glob=/dev/cu.usbmodem*
2026-04-24T08:25:48.828-04:00 LOGGER waiting_for_port glob=/dev/cu.usbmodem*
2026-04-24T08:25:50.840-04:00 LOGGER waiting_for_port glob=/dev/cu.usbmodem*
2026-04-24T08:25:52.849-04:00 LOGGER waiting_for_port glob=/dev/cu.usbmodem*
2026-04-24T08:25:54.852-04:00 LOGGER waiting_for_port glob=/dev/cu.usbmodem*
2026-04-24T08:25:56.857-04:00 LOGGER waiting_for_port glob=/dev/cu.usbmodem*
2026-04-24T08:25:58.863-04:00 LOGGER waiting_for_port glob=/dev/cu.usbmodem*
2026-04-24T08:26:00.869-04:00 LOGGER waiting_for_port glob=/dev/cu.usbmodem*
2026-04-24T08:26:02.878-04:00 LOGGER waiting_for_port glob=/dev/cu.usbmodem*
2026-04-24T08:26:04.883-04:00 LOGGER waiting_for_port glob=/dev/cu.usbmodem*
2026-04-24T08:26:06.895-04:00 LOGGER waiting_for_port glob=/dev/cu.usbmodem*
2026-04-24T08:26:08.897-04:00 LOGGER waiting_for_port glob=/dev/cu.usbmodem*
2026-04-24T08:26:10.905-04:00 LOGGER waiting_for_port glob=/dev/cu.usbmodem*
2026-04-24T08:26:12.912-04:00 LOGGER waiting_for_port glob=/dev/cu.usbmodem*
2026-04-24T08:26:14.922-04:00 LOGGER waiting_for_port glob=/dev/cu.usbmodem*
2026-04-24T08:26:16.928-04:00 LOGGER waiting_for_port glob=/dev/cu.usbmodem*
2026-04-24T08:26:18.936-04:00 LOGGER waiting_for_port glob=/dev/cu.usbmodem*
2026-04-24T08:26:20.948-04:00 LOGGER waiting_for_port glob=/dev/cu.usbmodem*
2026-04-24T08:26:22.955-04:00 LOGGER waiting_for_port glob=/dev/cu.usbmodem*
2026-04-24T08:26:24.961-04:00 LOGGER waiting_for_port glob=/dev/cu.usbmodem*
2026-04-24T08:26:26.972-04:00 LOGGER waiting_for_port glob=/dev/cu.usbmodem*
2026-04-24T08:26:28.983-04:00 LOGGER waiting_for_port glob=/dev/cu.usbmodem*
2026-04-24T08:26:30.990-04:00 LOGGER waiting_for_port glob=/dev/cu.usbmodem*
2026-04-24T08:26:33.002-04:00 LOGGER waiting_for_port glob=/dev/cu.usbmodem*
2026-04-24T08:26:35.014-04:00 LOGGER waiting_for_port glob=/dev/cu.usbmodem*
2026-04-24T08:26:37.026-04:00 LOGGER waiting_for_port glob=/dev/cu.usbmodem*
2026-04-24T08:26:39.035-04:00 LOGGER waiting_for_port glob=/dev/cu.usbmodem*
2026-04-24T08:26:41.042-04:00 LOGGER waiting_for_port glob=/dev/cu.usbmodem*
2026-04-24T08:26:43.051-04:00 LOGGER waiting_for_port glob=/dev/cu.usbmodem*
2026-04-24T08:26:45.063-04:00 LOGGER waiting_for_port glob=/dev/cu.usbmodem*
2026-04-24T08:26:47.067-04:00 LOGGER waiting_for_port glob=/dev/cu.usbmodem*
2026-04-24T08:26:49.075-04:00 LOGGER waiting_for_port glob=/dev/cu.usbmodem*
2026-04-24T08:26:51.078-04:00 LOGGER waiting_for_port glob=/dev/cu.usbmodem*
2026-04-24T08:26:53.090-04:00 LOGGER waiting_for_port glob=/dev/cu.usbmodem*
2026-04-24T08:26:55.097-04:00 LOGGER waiting_for_port glob=/dev/cu.usbmodem*
2026-04-24T08:26:57.109-04:00 LOGGER waiting_for_port glob=/dev/cu.usbmodem*
2026-04-24T08:26:59.114-04:00 LOGGER waiting_for_port glob=/dev/cu.usbmodem*
2026-04-24T08:27:01.118-04:00 LOGGER waiting_for_port glob=/dev/cu.usbmodem*
2026-04-24T08:27:03.125-04:00 LOGGER waiting_for_port glob=/dev/cu.usbmodem*
2026-04-24T08:27:05.130-04:00 LOGGER waiting_for_port glob=/dev/cu.usbmodem*
2026-04-24T08:27:07.135-04:00 LOGGER waiting_for_port glob=/dev/cu.usbmodem*
2026-04-24T08:27:09.142-04:00 LOGGER waiting_for_port glob=/dev/cu.usbmodem*
2026-04-24T08:27:11.154-04:00 LOGGER waiting_for_port glob=/dev/cu.usbmodem*
2026-04-24T08:27:13.158-04:00 LOGGER waiting_for_port glob=/dev/cu.usbmodem*
2026-04-24T08:27:15.165-04:00 LOGGER waiting_for_port glob=/dev/cu.usbmodem*
2026-04-24T08:27:17.169-04:00 LOGGER waiting_for_port glob=/dev/cu.usbmodem*
2026-04-24T08:27:19.181-04:00 LOGGER waiting_for_port glob=/dev/cu.usbmodem*
2026-04-24T08:27:21.192-04:00 LOGGER waiting_for_port glob=/dev/cu.usbmodem*
2026-04-24T08:27:23.198-04:00 LOGGER waiting_for_port glob=/dev/cu.usbmodem*
2026-04-24T08:27:25.205-04:00 LOGGER waiting_for_port glob=/dev/cu.usbmodem*
2026-04-24T08:27:27.214-04:00 LOGGER waiting_for_port glob=/dev/cu.usbmodem*
2026-04-24T08:27:29.220-04:00 LOGGER waiting_for_port glob=/dev/cu.usbmodem*
2026-04-24T08:27:31.232-04:00 LOGGER waiting_for_port glob=/dev/cu.usbmodem*
2026-04-24T08:27:33.242-04:00 LOGGER waiting_for_port glob=/dev/cu.usbmodem*
2026-04-24T08:27:35.249-04:00 LOGGER waiting_for_port glob=/dev/cu.usbmodem*
2026-04-24T08:27:37.255-04:00 LOGGER waiting_for_port glob=/dev/cu.usbmodem*
2026-04-24T08:27:39.260-04:00 LOGGER waiting_for_port glob=/dev/cu.usbmodem*
2026-04-24T08:27:41.265-04:00 LOGGER waiting_for_port glob=/dev/cu.usbmodem*
2026-04-24T08:27:43.277-04:00 LOGGER waiting_for_port glob=/dev/cu.usbmodem*
2026-04-24T08:27:45.281-04:00 LOGGER waiting_for_port glob=/dev/cu.usbmodem*
2026-04-24T08:27:47.284-04:00 LOGGER waiting_for_port glob=/dev/cu.usbmodem*
2026-04-24T08:27:49.289-04:00 LOGGER waiting_for_port glob=/dev/cu.usbmodem*
2026-04-24T08:27:51.297-04:00 LOGGER waiting_for_port glob=/dev/cu.usbmodem*
2026-04-24T08:27:53.307-04:00 LOGGER waiting_for_port glob=/dev/cu.usbmodem*
2026-04-24T08:27:55.314-04:00 LOGGER waiting_for_port glob=/dev/cu.usbmodem*
2026-04-24T08:27:57.326-04:00 LOGGER waiting_for_port glob=/dev/cu.usbmodem*
2026-04-24T08:27:59.330-04:00 LOGGER waiting_for_port glob=/dev/cu.usbmodem*
2026-04-24T08:28:01.334-04:00 LOGGER waiting_for_port glob=/dev/cu.usbmodem*
2026-04-24T08:28:03.344-04:00 LOGGER waiting_for_port glob=/dev/cu.usbmodem*
2026-04-24T08:28:05.354-04:00 LOGGER waiting_for_port glob=/dev/cu.usbmodem*
2026-04-24T08:28:07.359-04:00 LOGGER waiting_for_port glob=/dev/cu.usbmodem*
2026-04-24T08:28:09.362-04:00 LOGGER waiting_for_port glob=/dev/cu.usbmodem*
2026-04-24T08:28:11.374-04:00 LOGGER waiting_for_port glob=/dev/cu.usbmodem*
2026-04-24T08:28:13.379-04:00 LOGGER waiting_for_port glob=/dev/cu.usbmodem*
2026-04-24T08:28:15.388-04:00 LOGGER waiting_for_port glob=/dev/cu.usbmodem*
2026-04-24T08:28:17.395-04:00 LOGGER waiting_for_port glob=/dev/cu.usbmodem*
2026-04-24T08:28:19.404-04:00 LOGGER waiting_for_port glob=/dev/cu.usbmodem*
2026-04-24T08:28:21.415-04:00 LOGGER waiting_for_port glob=/dev/cu.usbmodem*
2026-04-24T08:28:23.427-04:00 LOGGER waiting_for_port glob=/dev/cu.usbmodem*
2026-04-24T08:28:25.431-04:00 LOGGER waiting_for_port glob=/dev/cu.usbmodem*
2026-04-24T08:28:27.438-04:00 LOGGER waiting_for_port glob=/dev/cu.usbmodem*
2026-04-24T08:28:29.445-04:00 LOGGER waiting_for_port glob=/dev/cu.usbmodem*
2026-04-24T08:28:31.456-04:00 LOGGER waiting_for_port glob=/dev/cu.usbmodem*
2026-04-24T08:28:33.461-04:00 LOGGER waiting_for_port glob=/dev/cu.usbmodem*
2026-04-24T08:28:35.470-04:00 LOGGER waiting_for_port glob=/dev/cu.usbmodem*
2026-04-24T08:28:37.481-04:00 LOGGER waiting_for_port glob=/dev/cu.usbmodem*
2026-04-24T08:28:39.488-04:00 LOGGER waiting_for_port glob=/dev/cu.usbmodem*
2026-04-24T08:28:41.493-04:00 LOGGER waiting_for_port glob=/dev/cu.usbmodem*
2026-04-24T08:28:43.499-04:00 LOGGER waiting_for_port glob=/dev/cu.usbmodem*
2026-04-24T08:28:45.504-04:00 LOGGER waiting_for_port glob=/dev/cu.usbmodem*
2026-04-24T08:28:47.507-04:00 LOGGER waiting_for_port glob=/dev/cu.usbmodem*
2026-04-24T08:28:49.519-04:00 LOGGER waiting_for_port glob=/dev/cu.usbmodem*
2026-04-24T08:28:51.526-04:00 LOGGER waiting_for_port glob=/dev/cu.usbmodem*
2026-04-24T08:28:53.534-04:00 LOGGER waiting_for_port glob=/dev/cu.usbmodem*
2026-04-24T08:28:55.544-04:00 LOGGER waiting_for_port glob=/dev/cu.usbmodem*
2026-04-24T08:28:57.548-04:00 LOGGER waiting_for_port glob=/dev/cu.usbmodem*
2026-04-24T08:28:59.559-04:00 LOGGER waiting_for_port glob=/dev/cu.usbmodem*
2026-04-24T08:29:01.568-04:00 LOGGER waiting_for_port glob=/dev/cu.usbmodem*
2026-04-24T08:29:03.580-04:00 LOGGER waiting_for_port glob=/dev/cu.usbmodem*
2026-04-24T08:29:05.587-04:00 LOGGER waiting_for_port glob=/dev/cu.usbmodem*
2026-04-24T08:29:07.588-04:00 LOGGER waiting_for_port glob=/dev/cu.usbmodem*
2026-04-24T08:29:09.591-04:00 LOGGER waiting_for_port glob=/dev/cu.usbmodem*
2026-04-24T08:29:11.596-04:00 LOGGER waiting_for_port glob=/dev/cu.usbmodem*
2026-04-24T08:29:13.607-04:00 LOGGER waiting_for_port glob=/dev/cu.usbmodem*
2026-04-24T08:29:15.614-04:00 LOGGER waiting_for_port glob=/dev/cu.usbmodem*
2026-04-24T08:29:17.620-04:00 LOGGER waiting_for_port glob=/dev/cu.usbmodem*
2026-04-24T08:29:19.630-04:00 LOGGER waiting_for_port glob=/dev/cu.usbmodem*
2026-04-24T08:29:21.641-04:00 LOGGER waiting_for_port glob=/dev/cu.usbmodem*
2026-04-24T08:29:23.648-04:00 LOGGER waiting_for_port glob=/dev/cu.usbmodem*
2026-04-24T08:29:25.654-04:00 LOGGER waiting_for_port glob=/dev/cu.usbmodem*
2026-04-24T08:29:27.664-04:00 LOGGER waiting_for_port glob=/dev/cu.usbmodem*
2026-04-24T08:29:29.675-04:00 LOGGER waiting_for_port glob=/dev/cu.usbmodem*
2026-04-24T08:29:31.680-04:00 LOGGER waiting_for_port glob=/dev/cu.usbmodem*
2026-04-24T08:29:33.692-04:00 LOGGER waiting_for_port glob=/dev/cu.usbmodem*
2026-04-24T08:29:35.704-04:00 LOGGER waiting_for_port glob=/dev/cu.usbmodem*
2026-04-24T08:29:37.713-04:00 LOGGER waiting_for_port glob=/dev/cu.usbmodem*
2026-04-24T08:29:39.723-04:00 LOGGER waiting_for_port glob=/dev/cu.usbmodem*
2026-04-24T08:29:41.728-04:00 LOGGER waiting_for_port glob=/dev/cu.usbmodem*
2026-04-24T08:29:43.736-04:00 LOGGER waiting_for_port glob=/dev/cu.usbmodem*
2026-04-24T08:29:45.748-04:00 LOGGER waiting_for_port glob=/dev/cu.usbmodem*
2026-04-24T08:29:47.753-04:00 LOGGER waiting_for_port glob=/dev/cu.usbmodem*
2026-04-24T08:29:49.760-04:00 LOGGER waiting_for_port glob=/dev/cu.usbmodem*
2026-04-24T08:29:51.768-04:00 LOGGER waiting_for_port glob=/dev/cu.usbmodem*
2026-04-24T08:29:53.776-04:00 LOGGER waiting_for_port glob=/dev/cu.usbmodem*
2026-04-24T08:29:55.784-04:00 LOGGER waiting_for_port glob=/dev/cu.usbmodem*
2026-04-24T08:29:57.791-04:00 LOGGER waiting_for_port glob=/dev/cu.usbmodem*
2026-04-24T08:29:59.794-04:00 LOGGER waiting_for_port glob=/dev/cu.usbmodem*
2026-04-24T08:30:01.802-04:00 LOGGER waiting_for_port glob=/dev/cu.usbmodem*
2026-04-24T08:30:03.808-04:00 LOGGER waiting_for_port glob=/dev/cu.usbmodem*
2026-04-24T08:30:05.815-04:00 LOGGER waiting_for_port glob=/dev/cu.usbmodem*
2026-04-24T08:30:07.821-04:00 LOGGER waiting_for_port glob=/dev/cu.usbmodem*
2026-04-24T08:30:09.827-04:00 LOGGER waiting_for_port glob=/dev/cu.usbmodem*
2026-04-24T08:30:11.837-04:00 LOGGER waiting_for_port glob=/dev/cu.usbmodem*
2026-04-24T08:30:13.845-04:00 LOGGER waiting_for_port glob=/dev/cu.usbmodem*
2026-04-24T08:30:15.854-04:00 LOGGER waiting_for_port glob=/dev/cu.usbmodem*
2026-04-24T08:30:17.861-04:00 LOGGER waiting_for_port glob=/dev/cu.usbmodem*
2026-04-24T08:30:19.873-04:00 LOGGER waiting_for_port glob=/dev/cu.usbmodem*
2026-04-24T08:30:21.880-04:00 LOGGER waiting_for_port glob=/dev/cu.usbmodem*
2026-04-24T08:30:23.888-04:00 LOGGER waiting_for_port glob=/dev/cu.usbmodem*
2026-04-24T08:30:25.892-04:00 LOGGER waiting_for_port glob=/dev/cu.usbmodem*
2026-04-24T08:30:27.901-04:00 LOGGER waiting_for_port glob=/dev/cu.usbmodem*
2026-04-24T08:30:29.907-04:00 LOGGER waiting_for_port glob=/dev/cu.usbmodem*
2026-04-24T08:30:31.915-04:00 LOGGER waiting_for_port glob=/dev/cu.usbmodem*
2026-04-24T08:30:33.923-04:00 LOGGER waiting_for_port glob=/dev/cu.usbmodem*
2026-04-24T08:30:35.935-04:00 LOGGER waiting_for_port glob=/dev/cu.usbmodem*
2026-04-24T08:30:37.940-04:00 LOGGER waiting_for_port glob=/dev/cu.usbmodem*
2026-04-24T08:30:39.950-04:00 LOGGER waiting_for_port glob=/dev/cu.usbmodem*
2026-04-24T08:30:41.957-04:00 LOGGER waiting_for_port glob=/dev/cu.usbmodem*
2026-04-24T08:30:43.969-04:00 LOGGER waiting_for_port glob=/dev/cu.usbmodem*
2026-04-24T08:30:45.976-04:00 LOGGER waiting_for_port glob=/dev/cu.usbmodem*
2026-04-24T08:30:47.985-04:00 LOGGER waiting_for_port glob=/dev/cu.usbmodem*
2026-04-24T08:30:49.994-04:00 LOGGER waiting_for_port glob=/dev/cu.usbmodem*
2026-04-24T08:30:52.000-04:00 LOGGER waiting_for_port glob=/dev/cu.usbmodem*
2026-04-24T08:30:54.008-04:00 LOGGER waiting_for_port glob=/dev/cu.usbmodem*
2026-04-24T08:30:56.020-04:00 LOGGER waiting_for_port glob=/dev/cu.usbmodem*
2026-04-24T08:30:58.027-04:00 LOGGER waiting_for_port glob=/dev/cu.usbmodem*
2026-04-24T08:31:00.033-04:00 LOGGER waiting_for_port glob=/dev/cu.usbmodem*
2026-04-24T08:31:02.035-04:00 LOGGER waiting_for_port glob=/dev/cu.usbmodem*
2026-04-24T08:31:04.043-04:00 LOGGER waiting_for_port glob=/dev/cu.usbmodem*
2026-04-24T08:31:06.048-04:00 LOGGER waiting_for_port glob=/dev/cu.usbmodem*
2026-04-24T08:31:08.053-04:00 LOGGER waiting_for_port glob=/dev/cu.usbmodem*
2026-04-24T08:31:10.060-04:00 LOGGER waiting_for_port glob=/dev/cu.usbmodem*
2026-04-24T08:31:12.068-04:00 LOGGER waiting_for_port glob=/dev/cu.usbmodem*
2026-04-24T08:31:14.081-04:00 LOGGER waiting_for_port glob=/dev/cu.usbmodem*
2026-04-24T08:31:16.084-04:00 LOGGER waiting_for_port glob=/dev/cu.usbmodem*
2026-04-24T08:31:18.093-04:00 LOGGER waiting_for_port glob=/dev/cu.usbmodem*
2026-04-24T08:31:20.101-04:00 LOGGER waiting_for_port glob=/dev/cu.usbmodem*
2026-04-24T08:31:22.107-04:00 LOGGER waiting_for_port glob=/dev/cu.usbmodem*
2026-04-24T08:31:24.117-04:00 LOGGER waiting_for_port glob=/dev/cu.usbmodem*
2026-04-24T08:31:26.124-04:00 LOGGER waiting_for_port glob=/dev/cu.usbmodem*
2026-04-24T08:31:28.130-04:00 LOGGER waiting_for_port glob=/dev/cu.usbmodem*
2026-04-24T08:31:30.142-04:00 LOGGER waiting_for_port glob=/dev/cu.usbmodem*
2026-04-24T08:31:32.147-04:00 LOGGER waiting_for_port glob=/dev/cu.usbmodem*
2026-04-24T08:31:34.150-04:00 LOGGER waiting_for_port glob=/dev/cu.usbmodem*
2026-04-24T08:31:36.159-04:00 LOGGER waiting_for_port glob=/dev/cu.usbmodem*
2026-04-24T08:31:38.162-04:00 LOGGER waiting_for_port glob=/dev/cu.usbmodem*
2026-04-24T08:31:40.169-04:00 LOGGER waiting_for_port glob=/dev/cu.usbmodem*
2026-04-24T08:31:42.178-04:00 LOGGER waiting_for_port glob=/dev/cu.usbmodem*
2026-04-24T08:31:44.184-04:00 LOGGER waiting_for_port glob=/dev/cu.usbmodem*
2026-04-24T08:31:46.190-04:00 LOGGER waiting_for_port glob=/dev/cu.usbmodem*
2026-04-24T08:31:48.199-04:00 LOGGER waiting_for_port glob=/dev/cu.usbmodem*
2026-04-24T08:31:50.209-04:00 LOGGER waiting_for_port glob=/dev/cu.usbmodem*
2026-04-24T08:31:52.215-04:00 LOGGER waiting_for_port glob=/dev/cu.usbmodem*
2026-04-24T08:31:54.218-04:00 LOGGER waiting_for_port glob=/dev/cu.usbmodem*
2026-04-24T08:31:56.225-04:00 LOGGER waiting_for_port glob=/dev/cu.usbmodem*
2026-04-24T08:31:58.235-04:00 LOGGER waiting_for_port glob=/dev/cu.usbmodem*
2026-04-24T08:32:00.242-04:00 LOGGER waiting_for_port glob=/dev/cu.usbmodem*
2026-04-24T08:32:02.247-04:00 LOGGER waiting_for_port glob=/dev/cu.usbmodem*
2026-04-24T08:32:04.257-04:00 LOGGER waiting_for_port glob=/dev/cu.usbmodem*
2026-04-24T08:32:06.268-04:00 LOGGER waiting_for_port glob=/dev/cu.usbmodem*
2026-04-24T08:32:08.275-04:00 LOGGER waiting_for_port glob=/dev/cu.usbmodem*
2026-04-24T08:32:10.284-04:00 LOGGER waiting_for_port glob=/dev/cu.usbmodem*
2026-04-24T08:32:12.291-04:00 LOGGER waiting_for_port glob=/dev/cu.usbmodem*
2026-04-24T08:32:14.296-04:00 LOGGER waiting_for_port glob=/dev/cu.usbmodem*
2026-04-24T08:32:16.300-04:00 LOGGER waiting_for_port glob=/dev/cu.usbmodem*
2026-04-24T08:32:18.307-04:00 LOGGER waiting_for_port glob=/dev/cu.usbmodem*
2026-04-24T08:32:20.317-04:00 LOGGER waiting_for_port glob=/dev/cu.usbmodem*
2026-04-24T08:32:22.321-04:00 LOGGER waiting_for_port glob=/dev/cu.usbmodem*
2026-04-24T08:32:24.330-04:00 LOGGER waiting_for_port glob=/dev/cu.usbmodem*
2026-04-24T08:32:26.342-04:00 LOGGER waiting_for_port glob=/dev/cu.usbmodem*
2026-04-24T08:32:28.349-04:00 LOGGER waiting_for_port glob=/dev/cu.usbmodem*
2026-04-24T08:32:30.356-04:00 LOGGER waiting_for_port glob=/dev/cu.usbmodem*
2026-04-24T08:32:32.363-04:00 LOGGER waiting_for_port glob=/dev/cu.usbmodem*
2026-04-24T08:32:34.370-04:00 LOGGER waiting_for_port glob=/dev/cu.usbmodem*
2026-04-24T08:32:36.377-04:00 LOGGER waiting_for_port glob=/dev/cu.usbmodem*
2026-04-24T08:32:38.389-04:00 LOGGER waiting_for_port glob=/dev/cu.usbmodem*
2026-04-24T08:32:40.395-04:00 LOGGER waiting_for_port glob=/dev/cu.usbmodem*
2026-04-24T08:32:42.407-04:00 LOGGER waiting_for_port glob=/dev/cu.usbmodem*
2026-04-24T08:32:44.412-04:00 LOGGER waiting_for_port glob=/dev/cu.usbmodem*
2026-04-24T08:32:46.418-04:00 LOGGER waiting_for_port glob=/dev/cu.usbmodem*
2026-04-24T08:32:48.422-04:00 LOGGER waiting_for_port glob=/dev/cu.usbmodem*
2026-04-24T08:32:50.423-04:00 LOGGER waiting_for_port glob=/dev/cu.usbmodem*
2026-04-24T08:32:52.430-04:00 LOGGER waiting_for_port glob=/dev/cu.usbmodem*
2026-04-24T08:32:54.441-04:00 LOGGER waiting_for_port glob=/dev/cu.usbmodem*
2026-04-24T08:32:56.445-04:00 LOGGER waiting_for_port glob=/dev/cu.usbmodem*
2026-04-24T08:32:58.452-04:00 LOGGER waiting_for_port glob=/dev/cu.usbmodem*
2026-04-24T08:33:00.462-04:00 LOGGER waiting_for_port glob=/dev/cu.usbmodem*
2026-04-24T08:33:02.469-04:00 LOGGER waiting_for_port glob=/dev/cu.usbmodem*
2026-04-24T08:33:04.477-04:00 LOGGER waiting_for_port glob=/dev/cu.usbmodem*
2026-04-24T08:33:06.483-04:00 LOGGER waiting_for_port glob=/dev/cu.usbmodem*
2026-04-24T08:33:08.494-04:00 LOGGER waiting_for_port glob=/dev/cu.usbmodem*
2026-04-24T08:33:10.506-04:00 LOGGER waiting_for_port glob=/dev/cu.usbmodem*
2026-04-24T08:33:12.512-04:00 LOGGER waiting_for_port glob=/dev/cu.usbmodem*
2026-04-24T08:33:14.520-04:00 LOGGER waiting_for_port glob=/dev/cu.usbmodem*
2026-04-24T08:33:16.527-04:00 LOGGER waiting_for_port glob=/dev/cu.usbmodem*
2026-04-24T08:33:18.538-04:00 LOGGER waiting_for_port glob=/dev/cu.usbmodem*
2026-04-24T08:33:20.544-04:00 LOGGER waiting_for_port glob=/dev/cu.usbmodem*
2026-04-24T08:33:22.552-04:00 LOGGER waiting_for_port glob=/dev/cu.usbmodem*
2026-04-24T08:33:24.559-04:00 LOGGER waiting_for_port glob=/dev/cu.usbmodem*
2026-04-24T08:33:26.571-04:00 LOGGER waiting_for_port glob=/dev/cu.usbmodem*
2026-04-24T08:33:28.576-04:00 LOGGER waiting_for_port glob=/dev/cu.usbmodem*
2026-04-24T08:33:30.585-04:00 LOGGER waiting_for_port glob=/dev/cu.usbmodem*
2026-04-24T08:33:32.589-04:00 LOGGER waiting_for_port glob=/dev/cu.usbmodem*
2026-04-24T08:33:34.592-04:00 LOGGER waiting_for_port glob=/dev/cu.usbmodem*
2026-04-24T08:33:36.597-04:00 LOGGER waiting_for_port glob=/dev/cu.usbmodem*
2026-04-24T08:33:38.607-04:00 LOGGER waiting_for_port glob=/dev/cu.usbmodem*
2026-04-24T08:33:40.619-04:00 LOGGER waiting_for_port glob=/dev/cu.usbmodem*
2026-04-24T08:33:42.627-04:00 LOGGER waiting_for_port glob=/dev/cu.usbmodem*
2026-04-24T08:33:44.631-04:00 LOGGER waiting_for_port glob=/dev/cu.usbmodem*
2026-04-24T08:33:46.642-04:00 LOGGER waiting_for_port glob=/dev/cu.usbmodem*
2026-04-24T08:33:48.649-04:00 LOGGER waiting_for_port glob=/dev/cu.usbmodem*
2026-04-24T08:33:50.656-04:00 LOGGER waiting_for_port glob=/dev/cu.usbmodem*
2026-04-24T08:33:52.664-04:00 LOGGER waiting_for_port glob=/dev/cu.usbmodem*
2026-04-24T08:33:54.674-04:00 LOGGER waiting_for_port glob=/dev/cu.usbmodem*
2026-04-24T08:33:56.676-04:00 LOGGER waiting_for_port glob=/dev/cu.usbmodem*
2026-04-24T08:33:58.688-04:00 LOGGER waiting_for_port glob=/dev/cu.usbmodem*
2026-04-24T08:34:00.694-04:00 LOGGER waiting_for_port glob=/dev/cu.usbmodem*
2026-04-24T08:34:02.697-04:00 LOGGER waiting_for_port glob=/dev/cu.usbmodem*
2026-04-24T08:34:04.707-04:00 LOGGER waiting_for_port glob=/dev/cu.usbmodem*
2026-04-24T08:34:06.717-04:00 LOGGER waiting_for_port glob=/dev/cu.usbmodem*
2026-04-24T08:34:08.723-04:00 LOGGER waiting_for_port glob=/dev/cu.usbmodem*
2026-04-24T08:34:10.730-04:00 LOGGER waiting_for_port glob=/dev/cu.usbmodem*
2026-04-24T08:34:12.739-04:00 LOGGER waiting_for_port glob=/dev/cu.usbmodem*
2026-04-24T08:34:14.746-04:00 LOGGER waiting_for_port glob=/dev/cu.usbmodem*
2026-04-24T08:34:16.756-04:00 LOGGER waiting_for_port glob=/dev/cu.usbmodem*
2026-04-24T08:34:18.766-04:00 LOGGER waiting_for_port glob=/dev/cu.usbmodem*
2026-04-24T08:34:20.770-04:00 LOGGER waiting_for_port glob=/dev/cu.usbmodem*
2026-04-24T08:34:22.779-04:00 LOGGER waiting_for_port glob=/dev/cu.usbmodem*
2026-04-24T08:34:24.781-04:00 LOGGER waiting_for_port glob=/dev/cu.usbmodem*
2026-04-24T08:34:26.793-04:00 LOGGER waiting_for_port glob=/dev/cu.usbmodem*
2026-04-24T08:34:28.799-04:00 LOGGER waiting_for_port glob=/dev/cu.usbmodem*
2026-04-24T08:34:30.803-04:00 LOGGER waiting_for_port glob=/dev/cu.usbmodem*
2026-04-24T08:34:32.813-04:00 LOGGER waiting_for_port glob=/dev/cu.usbmodem*
2026-04-24T08:34:34.821-04:00 LOGGER waiting_for_port glob=/dev/cu.usbmodem*
2026-04-24T08:34:36.832-04:00 LOGGER waiting_for_port glob=/dev/cu.usbmodem*
2026-04-24T08:34:38.836-04:00 LOGGER waiting_for_port glob=/dev/cu.usbmodem*
2026-04-24T08:34:40.845-04:00 LOGGER waiting_for_port glob=/dev/cu.usbmodem*
2026-04-24T08:34:42.853-04:00 LOGGER waiting_for_port glob=/dev/cu.usbmodem*
2026-04-24T08:34:44.864-04:00 LOGGER waiting_for_port glob=/dev/cu.usbmodem*
2026-04-24T08:34:46.874-04:00 LOGGER waiting_for_port glob=/dev/cu.usbmodem*
2026-04-24T08:34:48.881-04:00 LOGGER waiting_for_port glob=/dev/cu.usbmodem*
2026-04-24T08:34:50.893-04:00 LOGGER waiting_for_port glob=/dev/cu.usbmodem*
2026-04-24T08:34:52.900-04:00 LOGGER waiting_for_port glob=/dev/cu.usbmodem*
2026-04-24T08:34:54.906-04:00 LOGGER waiting_for_port glob=/dev/cu.usbmodem*
2026-04-24T08:34:56.913-04:00 LOGGER waiting_for_port glob=/dev/cu.usbmodem*
2026-04-24T08:34:58.919-04:00 LOGGER waiting_for_port glob=/dev/cu.usbmodem*
2026-04-24T08:35:00.924-04:00 LOGGER waiting_for_port glob=/dev/cu.usbmodem*
2026-04-24T08:35:02.930-04:00 LOGGER waiting_for_port glob=/dev/cu.usbmodem*
2026-04-24T08:35:04.940-04:00 LOGGER waiting_for_port glob=/dev/cu.usbmodem*
2026-04-24T08:35:06.952-04:00 LOGGER waiting_for_port glob=/dev/cu.usbmodem*
2026-04-24T08:35:08.964-04:00 LOGGER waiting_for_port glob=/dev/cu.usbmodem*
2026-04-24T08:35:10.969-04:00 LOGGER waiting_for_port glob=/dev/cu.usbmodem*
2026-04-24T08:35:12.978-04:00 LOGGER waiting_for_port glob=/dev/cu.usbmodem*
2026-04-24T08:35:14.985-04:00 LOGGER waiting_for_port glob=/dev/cu.usbmodem*
2026-04-24T08:35:16.989-04:00 LOGGER waiting_for_port glob=/dev/cu.usbmodem*
2026-04-24T08:35:18.996-04:00 LOGGER waiting_for_port glob=/dev/cu.usbmodem*
2026-04-24T08:35:21.002-04:00 LOGGER waiting_for_port glob=/dev/cu.usbmodem*
2026-04-24T08:35:23.009-04:00 LOGGER waiting_for_port glob=/dev/cu.usbmodem*
2026-04-24T08:35:25.018-04:00 LOGGER waiting_for_port glob=/dev/cu.usbmodem*
2026-04-24T08:35:27.025-04:00 LOGGER waiting_for_port glob=/dev/cu.usbmodem*
2026-04-24T08:35:29.034-04:00 LOGGER waiting_for_port glob=/dev/cu.usbmodem*
2026-04-24T08:35:31.040-04:00 LOGGER waiting_for_port glob=/dev/cu.usbmodem*
2026-04-24T08:35:33.051-04:00 LOGGER waiting_for_port glob=/dev/cu.usbmodem*
2026-04-24T08:35:35.063-04:00 LOGGER waiting_for_port glob=/dev/cu.usbmodem*
2026-04-24T08:35:37.070-04:00 LOGGER waiting_for_port glob=/dev/cu.usbmodem*
2026-04-24T08:35:39.078-04:00 LOGGER waiting_for_port glob=/dev/cu.usbmodem*
2026-04-24T08:35:41.084-04:00 LOGGER waiting_for_port glob=/dev/cu.usbmodem*
2026-04-24T08:35:43.094-04:00 LOGGER waiting_for_port glob=/dev/cu.usbmodem*
2026-04-24T08:35:45.102-04:00 LOGGER waiting_for_port glob=/dev/cu.usbmodem*
2026-04-24T08:35:47.108-04:00 LOGGER waiting_for_port glob=/dev/cu.usbmodem*
2026-04-24T08:35:49.117-04:00 LOGGER waiting_for_port glob=/dev/cu.usbmodem*
2026-04-24T08:35:51.124-04:00 LOGGER waiting_for_port glob=/dev/cu.usbmodem*
2026-04-24T08:35:53.133-04:00 LOGGER waiting_for_port glob=/dev/cu.usbmodem*
2026-04-24T08:35:55.141-04:00 LOGGER waiting_for_port glob=/dev/cu.usbmodem*
2026-04-24T08:35:57.150-04:00 LOGGER waiting_for_port glob=/dev/cu.usbmodem*
2026-04-24T08:35:59.160-04:00 LOGGER waiting_for_port glob=/dev/cu.usbmodem*
2026-04-24T08:36:01.165-04:00 LOGGER waiting_for_port glob=/dev/cu.usbmodem*
2026-04-24T08:36:03.171-04:00 LOGGER waiting_for_port glob=/dev/cu.usbmodem*
2026-04-24T08:36:05.178-04:00 LOGGER waiting_for_port glob=/dev/cu.usbmodem*
2026-04-24T08:36:07.180-04:00 LOGGER waiting_for_port glob=/dev/cu.usbmodem*
2026-04-24T08:36:09.182-04:00 LOGGER waiting_for_port glob=/dev/cu.usbmodem*
2026-04-24T08:36:11.186-04:00 LOGGER waiting_for_port glob=/dev/cu.usbmodem*
2026-04-24T08:36:13.192-04:00 LOGGER waiting_for_port glob=/dev/cu.usbmodem*
2026-04-24T08:36:15.203-04:00 LOGGER waiting_for_port glob=/dev/cu.usbmodem*
2026-04-24T08:36:17.209-04:00 LOGGER waiting_for_port glob=/dev/cu.usbmodem*
2026-04-24T08:36:19.215-04:00 LOGGER waiting_for_port glob=/dev/cu.usbmodem*
2026-04-24T08:36:21.225-04:00 LOGGER waiting_for_port glob=/dev/cu.usbmodem*
2026-04-24T08:36:23.232-04:00 LOGGER waiting_for_port glob=/dev/cu.usbmodem*
2026-04-24T08:36:25.236-04:00 LOGGER waiting_for_port glob=/dev/cu.usbmodem*
2026-04-24T08:36:27.244-04:00 LOGGER waiting_for_port glob=/dev/cu.usbmodem*
2026-04-24T08:36:29.253-04:00 LOGGER waiting_for_port glob=/dev/cu.usbmodem*
2026-04-24T08:36:31.257-04:00 LOGGER waiting_for_port glob=/dev/cu.usbmodem*
2026-04-24T08:36:33.264-04:00 LOGGER waiting_for_port glob=/dev/cu.usbmodem*
2026-04-24T08:36:35.268-04:00 LOGGER waiting_for_port glob=/dev/cu.usbmodem*
2026-04-24T08:36:37.272-04:00 LOGGER waiting_for_port glob=/dev/cu.usbmodem*
2026-04-24T08:36:39.279-04:00 LOGGER waiting_for_port glob=/dev/cu.usbmodem*
2026-04-24T08:36:41.288-04:00 LOGGER waiting_for_port glob=/dev/cu.usbmodem*
2026-04-24T08:36:43.299-04:00 LOGGER waiting_for_port glob=/dev/cu.usbmodem*
2026-04-24T08:36:45.311-04:00 LOGGER waiting_for_port glob=/dev/cu.usbmodem*
2026-04-24T08:36:47.323-04:00 LOGGER waiting_for_port glob=/dev/cu.usbmodem*
2026-04-24T08:36:49.326-04:00 LOGGER waiting_for_port glob=/dev/cu.usbmodem*
2026-04-24T08:36:51.332-04:00 LOGGER waiting_for_port glob=/dev/cu.usbmodem*
2026-04-24T08:36:53.335-04:00 LOGGER waiting_for_port glob=/dev/cu.usbmodem*
2026-04-24T08:36:55.346-04:00 LOGGER waiting_for_port glob=/dev/cu.usbmodem*
2026-04-24T08:36:57.356-04:00 LOGGER waiting_for_port glob=/dev/cu.usbmodem*
2026-04-24T08:36:59.362-04:00 LOGGER waiting_for_port glob=/dev/cu.usbmodem*
2026-04-24T08:37:01.373-04:00 LOGGER waiting_for_port glob=/dev/cu.usbmodem*
2026-04-24T08:37:03.385-04:00 LOGGER waiting_for_port glob=/dev/cu.usbmodem*
2026-04-24T08:37:05.392-04:00 LOGGER waiting_for_port glob=/dev/cu.usbmodem*
2026-04-24T08:37:07.398-04:00 LOGGER waiting_for_port glob=/dev/cu.usbmodem*
2026-04-24T08:37:09.410-04:00 LOGGER waiting_for_port glob=/dev/cu.usbmodem*
2026-04-24T08:37:11.414-04:00 LOGGER waiting_for_port glob=/dev/cu.usbmodem*
2026-04-24T08:37:13.421-04:00 LOGGER waiting_for_port glob=/dev/cu.usbmodem*
2026-04-24T08:37:15.426-04:00 LOGGER waiting_for_port glob=/dev/cu.usbmodem*
2026-04-24T08:37:17.431-04:00 LOGGER waiting_for_port glob=/dev/cu.usbmodem*
2026-04-24T08:37:19.439-04:00 LOGGER waiting_for_port glob=/dev/cu.usbmodem*
2026-04-24T08:37:21.442-04:00 LOGGER waiting_for_port glob=/dev/cu.usbmodem*
2026-04-24T08:37:23.453-04:00 LOGGER waiting_for_port glob=/dev/cu.usbmodem*
2026-04-24T08:37:25.457-04:00 LOGGER waiting_for_port glob=/dev/cu.usbmodem*
2026-04-24T08:37:27.462-04:00 LOGGER waiting_for_port glob=/dev/cu.usbmodem*
2026-04-24T08:37:29.468-04:00 LOGGER waiting_for_port glob=/dev/cu.usbmodem*
2026-04-24T08:37:31.477-04:00 LOGGER waiting_for_port glob=/dev/cu.usbmodem*
2026-04-24T08:37:33.484-04:00 LOGGER waiting_for_port glob=/dev/cu.usbmodem*
2026-04-24T08:37:35.494-04:00 LOGGER waiting_for_port glob=/dev/cu.usbmodem*
2026-04-24T08:37:37.500-04:00 LOGGER waiting_for_port glob=/dev/cu.usbmodem*
2026-04-24T08:37:39.507-04:00 LOGGER waiting_for_port glob=/dev/cu.usbmodem*
2026-04-24T08:37:41.512-04:00 LOGGER waiting_for_port glob=/dev/cu.usbmodem*
2026-04-24T08:37:43.519-04:00 LOGGER waiting_for_port glob=/dev/cu.usbmodem*
2026-04-24T08:37:45.530-04:00 LOGGER waiting_for_port glob=/dev/cu.usbmodem*
2026-04-24T08:37:47.532-04:00 LOGGER waiting_for_port glob=/dev/cu.usbmodem*
2026-04-24T08:37:49.539-04:00 LOGGER waiting_for_port glob=/dev/cu.usbmodem*
2026-04-24T08:37:51.544-04:00 LOGGER waiting_for_port glob=/dev/cu.usbmodem*
2026-04-24T08:37:53.556-04:00 LOGGER waiting_for_port glob=/dev/cu.usbmodem*
2026-04-24T08:37:55.563-04:00 LOGGER waiting_for_port glob=/dev/cu.usbmodem*
2026-04-24T08:37:57.566-04:00 LOGGER waiting_for_port glob=/dev/cu.usbmodem*
2026-04-24T08:37:59.574-04:00 LOGGER waiting_for_port glob=/dev/cu.usbmodem*
2026-04-24T08:38:01.585-04:00 LOGGER waiting_for_port glob=/dev/cu.usbmodem*
2026-04-24T08:38:03.596-04:00 LOGGER waiting_for_port glob=/dev/cu.usbmodem*
2026-04-24T08:38:05.608-04:00 LOGGER waiting_for_port glob=/dev/cu.usbmodem*
2026-04-24T08:38:07.614-04:00 LOGGER waiting_for_port glob=/dev/cu.usbmodem*
2026-04-24T08:38:09.618-04:00 LOGGER waiting_for_port glob=/dev/cu.usbmodem*
2026-04-24T08:38:11.622-04:00 LOGGER waiting_for_port glob=/dev/cu.usbmodem*
2026-04-24T08:38:13.631-04:00 LOGGER waiting_for_port glob=/dev/cu.usbmodem*
2026-04-24T08:38:15.643-04:00 LOGGER waiting_for_port glob=/dev/cu.usbmodem*
2026-04-24T08:38:17.652-04:00 LOGGER waiting_for_port glob=/dev/cu.usbmodem*
2026-04-24T08:38:19.656-04:00 LOGGER waiting_for_port glob=/dev/cu.usbmodem*
2026-04-24T08:38:21.668-04:00 LOGGER waiting_for_port glob=/dev/cu.usbmodem*
2026-04-24T08:38:23.675-04:00 LOGGER waiting_for_port glob=/dev/cu.usbmodem*
2026-04-24T08:38:25.682-04:00 LOGGER waiting_for_port glob=/dev/cu.usbmodem*
2026-04-24T08:38:27.687-04:00 LOGGER waiting_for_port glob=/dev/cu.usbmodem*
2026-04-24T08:38:29.695-04:00 LOGGER waiting_for_port glob=/dev/cu.usbmodem*
2026-04-24T08:38:31.706-04:00 LOGGER waiting_for_port glob=/dev/cu.usbmodem*
2026-04-24T08:38:33.717-04:00 LOGGER waiting_for_port glob=/dev/cu.usbmodem*
2026-04-24T08:38:35.724-04:00 LOGGER waiting_for_port glob=/dev/cu.usbmodem*
2026-04-24T08:38:37.731-04:00 LOGGER waiting_for_port glob=/dev/cu.usbmodem*
2026-04-24T08:38:39.737-04:00 LOGGER waiting_for_port glob=/dev/cu.usbmodem*
2026-04-24T08:38:41.743-04:00 LOGGER waiting_for_port glob=/dev/cu.usbmodem*
2026-04-24T08:38:43.749-04:00 LOGGER waiting_for_port glob=/dev/cu.usbmodem*
2026-04-24T08:38:45.756-04:00 LOGGER waiting_for_port glob=/dev/cu.usbmodem*
2026-04-24T08:38:47.766-04:00 LOGGER waiting_for_port glob=/dev/cu.usbmodem*
2026-04-24T08:38:49.772-04:00 LOGGER waiting_for_port glob=/dev/cu.usbmodem*
2026-04-24T08:38:51.783-04:00 LOGGER waiting_for_port glob=/dev/cu.usbmodem*
2026-04-24T08:38:53.789-04:00 LOGGER waiting_for_port glob=/dev/cu.usbmodem*
2026-04-24T08:38:55.798-04:00 LOGGER waiting_for_port glob=/dev/cu.usbmodem*
2026-04-24T08:38:57.805-04:00 LOGGER waiting_for_port glob=/dev/cu.usbmodem*
2026-04-24T08:38:59.812-04:00 LOGGER waiting_for_port glob=/dev/cu.usbmodem*
2026-04-24T08:39:01.816-04:00 LOGGER waiting_for_port glob=/dev/cu.usbmodem*
2026-04-24T08:39:03.821-04:00 LOGGER waiting_for_port glob=/dev/cu.usbmodem*
2026-04-24T08:39:05.828-04:00 LOGGER waiting_for_port glob=/dev/cu.usbmodem*
2026-04-24T08:39:07.840-04:00 LOGGER waiting_for_port glob=/dev/cu.usbmodem*
2026-04-24T08:39:09.851-04:00 LOGGER waiting_for_port glob=/dev/cu.usbmodem*
2026-04-24T08:39:11.855-04:00 LOGGER waiting_for_port glob=/dev/cu.usbmodem*
2026-04-24T08:39:13.867-04:00 LOGGER waiting_for_port glob=/dev/cu.usbmodem*
2026-04-24T08:39:15.875-04:00 LOGGER waiting_for_port glob=/dev/cu.usbmodem*
2026-04-24T08:39:17.882-04:00 LOGGER waiting_for_port glob=/dev/cu.usbmodem*
2026-04-24T08:39:19.888-04:00 LOGGER waiting_for_port glob=/dev/cu.usbmodem*
2026-04-24T08:39:21.894-04:00 LOGGER waiting_for_port glob=/dev/cu.usbmodem*
2026-04-24T08:39:23.906-04:00 LOGGER waiting_for_port glob=/dev/cu.usbmodem*
2026-04-24T08:39:25.918-04:00 LOGGER waiting_for_port glob=/dev/cu.usbmodem*
2026-04-24T08:39:27.922-04:00 LOGGER waiting_for_port glob=/dev/cu.usbmodem*
2026-04-24T08:39:29.934-04:00 LOGGER waiting_for_port glob=/dev/cu.usbmodem*
2026-04-24T08:39:31.941-04:00 LOGGER waiting_for_port glob=/dev/cu.usbmodem*
2026-04-24T08:39:33.953-04:00 LOGGER waiting_for_port glob=/dev/cu.usbmodem*
2026-04-24T08:39:35.959-04:00 LOGGER waiting_for_port glob=/dev/cu.usbmodem*
2026-04-24T08:39:37.969-04:00 LOGGER waiting_for_port glob=/dev/cu.usbmodem*
2026-04-24T08:39:39.976-04:00 LOGGER waiting_for_port glob=/dev/cu.usbmodem*
2026-04-24T08:39:41.982-04:00 LOGGER waiting_for_port glob=/dev/cu.usbmodem*
2026-04-24T08:39:43.988-04:00 LOGGER waiting_for_port glob=/dev/cu.usbmodem*
2026-04-24T08:39:45.990-04:00 LOGGER waiting_for_port glob=/dev/cu.usbmodem*
2026-04-24T08:39:48.002-04:00 LOGGER waiting_for_port glob=/dev/cu.usbmodem*
2026-04-24T08:39:50.009-04:00 LOGGER waiting_for_port glob=/dev/cu.usbmodem*
2026-04-24T08:39:52.012-04:00 LOGGER waiting_for_port glob=/dev/cu.usbmodem*
2026-04-24T08:39:54.017-04:00 LOGGER waiting_for_port glob=/dev/cu.usbmodem*
2026-04-24T08:39:56.023-04:00 LOGGER waiting_for_port glob=/dev/cu.usbmodem*
2026-04-24T08:39:58.032-04:00 LOGGER waiting_for_port glob=/dev/cu.usbmodem*
2026-04-24T08:40:00.045-04:00 LOGGER waiting_for_port glob=/dev/cu.usbmodem*
2026-04-24T08:40:02.051-04:00 LOGGER waiting_for_port glob=/dev/cu.usbmodem*
2026-04-24T08:40:04.063-04:00 LOGGER waiting_for_port glob=/dev/cu.usbmodem*
2026-04-24T08:40:06.069-04:00 LOGGER waiting_for_port glob=/dev/cu.usbmodem*
2026-04-24T08:40:08.081-04:00 LOGGER waiting_for_port glob=/dev/cu.usbmodem*
2026-04-24T08:40:10.088-04:00 LOGGER waiting_for_port glob=/dev/cu.usbmodem*
2026-04-24T08:40:12.090-04:00 LOGGER waiting_for_port glob=/dev/cu.usbmodem*
2026-04-24T08:40:14.094-04:00 LOGGER waiting_for_port glob=/dev/cu.usbmodem*
2026-04-24T08:40:16.100-04:00 LOGGER waiting_for_port glob=/dev/cu.usbmodem*
2026-04-24T08:40:18.110-04:00 LOGGER waiting_for_port glob=/dev/cu.usbmodem*
2026-04-24T08:40:20.117-04:00 LOGGER waiting_for_port glob=/dev/cu.usbmodem*
2026-04-24T08:40:22.120-04:00 LOGGER waiting_for_port glob=/dev/cu.usbmodem*
2026-04-24T08:40:24.126-04:00 LOGGER waiting_for_port glob=/dev/cu.usbmodem*
2026-04-24T08:40:26.135-04:00 LOGGER waiting_for_port glob=/dev/cu.usbmodem*
2026-04-24T08:40:28.142-04:00 LOGGER waiting_for_port glob=/dev/cu.usbmodem*
2026-04-24T08:40:30.149-04:00 LOGGER waiting_for_port glob=/dev/cu.usbmodem*
2026-04-24T08:40:32.156-04:00 LOGGER waiting_for_port glob=/dev/cu.usbmodem*
2026-04-24T08:40:34.166-04:00 LOGGER waiting_for_port glob=/dev/cu.usbmodem*
2026-04-24T08:40:36.168-04:00 LOGGER waiting_for_port glob=/dev/cu.usbmodem*
2026-04-24T08:40:38.180-04:00 LOGGER waiting_for_port glob=/dev/cu.usbmodem*
2026-04-24T08:40:40.190-04:00 LOGGER waiting_for_port glob=/dev/cu.usbmodem*
2026-04-24T08:40:42.196-04:00 LOGGER waiting_for_port glob=/dev/cu.usbmodem*
2026-04-24T08:40:44.208-04:00 LOGGER waiting_for_port glob=/dev/cu.usbmodem*
2026-04-24T08:40:46.220-04:00 LOGGER waiting_for_port glob=/dev/cu.usbmodem*
2026-04-24T08:40:48.223-04:00 LOGGER waiting_for_port glob=/dev/cu.usbmodem*
2026-04-24T08:40:50.232-04:00 LOGGER waiting_for_port glob=/dev/cu.usbmodem*
2026-04-24T08:40:52.237-04:00 LOGGER waiting_for_port glob=/dev/cu.usbmodem*
2026-04-24T08:40:54.248-04:00 LOGGER waiting_for_port glob=/dev/cu.usbmodem*
2026-04-24T08:40:56.252-04:00 LOGGER waiting_for_port glob=/dev/cu.usbmodem*
2026-04-24T08:40:58.264-04:00 LOGGER waiting_for_port glob=/dev/cu.usbmodem*
2026-04-24T08:41:00.276-04:00 LOGGER waiting_for_port glob=/dev/cu.usbmodem*
2026-04-24T08:41:02.281-04:00 LOGGER waiting_for_port glob=/dev/cu.usbmodem*
2026-04-24T08:41:04.291-04:00 LOGGER waiting_for_port glob=/dev/cu.usbmodem*
2026-04-24T08:41:06.294-04:00 LOGGER waiting_for_port glob=/dev/cu.usbmodem*
2026-04-24T08:41:08.300-04:00 LOGGER waiting_for_port glob=/dev/cu.usbmodem*
2026-04-24T08:41:10.307-04:00 LOGGER waiting_for_port glob=/dev/cu.usbmodem*
2026-04-24T08:41:12.319-04:00 LOGGER waiting_for_port glob=/dev/cu.usbmodem*
2026-04-24T08:41:14.331-04:00 LOGGER waiting_for_port glob=/dev/cu.usbmodem*
2026-04-24T08:41:16.339-04:00 LOGGER waiting_for_port glob=/dev/cu.usbmodem*
2026-04-24T08:41:18.351-04:00 LOGGER waiting_for_port glob=/dev/cu.usbmodem*
2026-04-24T08:41:20.358-04:00 LOGGER waiting_for_port glob=/dev/cu.usbmodem*
2026-04-24T08:41:22.366-04:00 LOGGER waiting_for_port glob=/dev/cu.usbmodem*
2026-04-24T08:41:24.378-04:00 LOGGER waiting_for_port glob=/dev/cu.usbmodem*
2026-04-24T08:41:26.381-04:00 LOGGER waiting_for_port glob=/dev/cu.usbmodem*
2026-04-24T08:41:28.388-04:00 LOGGER waiting_for_port glob=/dev/cu.usbmodem*
2026-04-24T08:41:30.392-04:00 LOGGER waiting_for_port glob=/dev/cu.usbmodem*
2026-04-24T08:41:32.401-04:00 LOGGER waiting_for_port glob=/dev/cu.usbmodem*
2026-04-24T08:41:34.409-04:00 LOGGER waiting_for_port glob=/dev/cu.usbmodem*
2026-04-24T08:41:36.417-04:00 LOGGER waiting_for_port glob=/dev/cu.usbmodem*
2026-04-24T08:41:38.421-04:00 LOGGER waiting_for_port glob=/dev/cu.usbmodem*
2026-04-24T08:41:40.430-04:00 LOGGER waiting_for_port glob=/dev/cu.usbmodem*
2026-04-24T08:41:42.437-04:00 LOGGER waiting_for_port glob=/dev/cu.usbmodem*
2026-04-24T08:41:44.449-04:00 LOGGER waiting_for_port glob=/dev/cu.usbmodem*
2026-04-24T08:41:46.455-04:00 LOGGER waiting_for_port glob=/dev/cu.usbmodem*
2026-04-24T08:41:48.459-04:00 LOGGER waiting_for_port glob=/dev/cu.usbmodem*
2026-04-24T08:41:50.464-04:00 LOGGER waiting_for_port glob=/dev/cu.usbmodem*
2026-04-24T08:41:52.474-04:00 LOGGER waiting_for_port glob=/dev/cu.usbmodem*
2026-04-24T08:41:54.481-04:00 LOGGER waiting_for_port glob=/dev/cu.usbmodem*
2026-04-24T08:41:56.487-04:00 LOGGER waiting_for_port glob=/dev/cu.usbmodem*
2026-04-24T08:41:58.493-04:00 LOGGER waiting_for_port glob=/dev/cu.usbmodem*
2026-04-24T08:42:00.504-04:00 LOGGER waiting_for_port glob=/dev/cu.usbmodem*
2026-04-24T08:42:02.511-04:00 LOGGER waiting_for_port glob=/dev/cu.usbmodem*
2026-04-24T08:42:04.523-04:00 LOGGER waiting_for_port glob=/dev/cu.usbmodem*
2026-04-24T08:42:06.526-04:00 LOGGER waiting_for_port glob=/dev/cu.usbmodem*
2026-04-24T08:42:08.538-04:00 LOGGER waiting_for_port glob=/dev/cu.usbmodem*
2026-04-24T08:42:10.549-04:00 LOGGER waiting_for_port glob=/dev/cu.usbmodem*
2026-04-24T08:42:12.560-04:00 LOGGER waiting_for_port glob=/dev/cu.usbmodem*
2026-04-24T08:42:14.571-04:00 LOGGER waiting_for_port glob=/dev/cu.usbmodem*
2026-04-24T08:42:16.576-04:00 LOGGER waiting_for_port glob=/dev/cu.usbmodem*
2026-04-24T08:42:18.588-04:00 LOGGER waiting_for_port glob=/dev/cu.usbmodem*
2026-04-24T08:42:20.594-04:00 LOGGER waiting_for_port glob=/dev/cu.usbmodem*
2026-04-24T08:42:22.602-04:00 LOGGER waiting_for_port glob=/dev/cu.usbmodem*
2026-04-24T08:42:24.613-04:00 LOGGER waiting_for_port glob=/dev/cu.usbmodem*
2026-04-24T08:42:26.620-04:00 LOGGER waiting_for_port glob=/dev/cu.usbmodem*
2026-04-24T08:42:28.625-04:00 LOGGER waiting_for_port glob=/dev/cu.usbmodem*
2026-04-24T08:42:30.636-04:00 LOGGER waiting_for_port glob=/dev/cu.usbmodem*
2026-04-24T08:42:32.646-04:00 LOGGER waiting_for_port glob=/dev/cu.usbmodem*
2026-04-24T08:42:34.652-04:00 LOGGER waiting_for_port glob=/dev/cu.usbmodem*
2026-04-24T08:42:36.657-04:00 LOGGER waiting_for_port glob=/dev/cu.usbmodem*
2026-04-24T08:42:38.669-04:00 LOGGER waiting_for_port glob=/dev/cu.usbmodem*
2026-04-24T08:42:40.676-04:00 LOGGER waiting_for_port glob=/dev/cu.usbmodem*
2026-04-24T08:42:42.681-04:00 LOGGER waiting_for_port glob=/dev/cu.usbmodem*
2026-04-24T08:42:44.693-04:00 LOGGER waiting_for_port glob=/dev/cu.usbmodem*
2026-04-24T08:42:46.698-04:00 LOGGER waiting_for_port glob=/dev/cu.usbmodem*
2026-04-24T08:42:48.705-04:00 LOGGER waiting_for_port glob=/dev/cu.usbmodem*
2026-04-24T08:42:50.708-04:00 LOGGER waiting_for_port glob=/dev/cu.usbmodem*
2026-04-24T08:42:52.718-04:00 LOGGER waiting_for_port glob=/dev/cu.usbmodem*
2026-04-24T08:42:54.730-04:00 LOGGER waiting_for_port glob=/dev/cu.usbmodem*
2026-04-24T08:42:56.735-04:00 LOGGER waiting_for_port glob=/dev/cu.usbmodem*
2026-04-24T08:42:58.738-04:00 LOGGER waiting_for_port glob=/dev/cu.usbmodem*
2026-04-24T08:43:00.743-04:00 LOGGER waiting_for_port glob=/dev/cu.usbmodem*
2026-04-24T08:43:02.750-04:00 LOGGER waiting_for_port glob=/dev/cu.usbmodem*
2026-04-24T08:43:04.762-04:00 LOGGER waiting_for_port glob=/dev/cu.usbmodem*
2026-04-24T08:43:06.767-04:00 LOGGER waiting_for_port glob=/dev/cu.usbmodem*
2026-04-24T08:43:08.771-04:00 LOGGER waiting_for_port glob=/dev/cu.usbmodem*
2026-04-24T08:43:10.778-04:00 LOGGER waiting_for_port glob=/dev/cu.usbmodem*
2026-04-24T08:43:12.783-04:00 LOGGER waiting_for_port glob=/dev/cu.usbmodem*
2026-04-24T08:43:14.789-04:00 LOGGER waiting_for_port glob=/dev/cu.usbmodem*
2026-04-24T08:43:16.792-04:00 LOGGER waiting_for_port glob=/dev/cu.usbmodem*
2026-04-24T08:43:18.799-04:00 LOGGER waiting_for_port glob=/dev/cu.usbmodem*
2026-04-24T08:43:20.810-04:00 LOGGER waiting_for_port glob=/dev/cu.usbmodem*
2026-04-24T08:43:22.817-04:00 LOGGER waiting_for_port glob=/dev/cu.usbmodem*
2026-04-24T08:43:24.822-04:00 LOGGER waiting_for_port glob=/dev/cu.usbmodem*
2026-04-24T08:43:26.834-04:00 LOGGER waiting_for_port glob=/dev/cu.usbmodem*
2026-04-24T08:43:28.839-04:00 LOGGER waiting_for_port glob=/dev/cu.usbmodem*
2026-04-24T08:43:30.842-04:00 LOGGER waiting_for_port glob=/dev/cu.usbmodem*
2026-04-24T08:43:32.849-04:00 LOGGER waiting_for_port glob=/dev/cu.usbmodem*
2026-04-24T08:43:34.858-04:00 LOGGER waiting_for_port glob=/dev/cu.usbmodem*
2026-04-24T08:43:36.865-04:00 LOGGER waiting_for_port glob=/dev/cu.usbmodem*
2026-04-24T08:43:38.871-04:00 LOGGER waiting_for_port glob=/dev/cu.usbmodem*
2026-04-24T08:43:40.878-04:00 LOGGER waiting_for_port glob=/dev/cu.usbmodem*
2026-04-24T08:43:42.881-04:00 LOGGER waiting_for_port glob=/dev/cu.usbmodem*
2026-04-24T08:43:44.888-04:00 LOGGER waiting_for_port glob=/dev/cu.usbmodem*
2026-04-24T08:43:46.895-04:00 LOGGER waiting_for_port glob=/dev/cu.usbmodem*
2026-04-24T08:43:48.906-04:00 LOGGER waiting_for_port glob=/dev/cu.usbmodem*
2026-04-24T08:43:50.914-04:00 LOGGER waiting_for_port glob=/dev/cu.usbmodem*
2026-04-24T08:43:52.926-04:00 LOGGER waiting_for_port glob=/dev/cu.usbmodem*
2026-04-24T08:43:54.937-04:00 LOGGER waiting_for_port glob=/dev/cu.usbmodem*
2026-04-24T08:43:56.946-04:00 LOGGER waiting_for_port glob=/dev/cu.usbmodem*
2026-04-24T08:43:58.958-04:00 LOGGER waiting_for_port glob=/dev/cu.usbmodem*
2026-04-24T08:44:00.969-04:00 LOGGER waiting_for_port glob=/dev/cu.usbmodem*
2026-04-24T08:44:02.979-04:00 LOGGER waiting_for_port glob=/dev/cu.usbmodem*
2026-04-24T08:44:04.986-04:00 LOGGER waiting_for_port glob=/dev/cu.usbmodem*
2026-04-24T08:44:06.991-04:00 LOGGER waiting_for_port glob=/dev/cu.usbmodem*
2026-04-24T08:44:09.002-04:00 LOGGER waiting_for_port glob=/dev/cu.usbmodem*
2026-04-24T08:44:11.009-04:00 LOGGER waiting_for_port glob=/dev/cu.usbmodem*
2026-04-24T08:44:13.016-04:00 LOGGER waiting_for_port glob=/dev/cu.usbmodem*
2026-04-24T08:44:15.028-04:00 LOGGER waiting_for_port glob=/dev/cu.usbmodem*
2026-04-24T08:44:17.035-04:00 LOGGER waiting_for_port glob=/dev/cu.usbmodem*
2026-04-24T08:44:19.047-04:00 LOGGER waiting_for_port glob=/dev/cu.usbmodem*
2026-04-24T08:44:21.054-04:00 LOGGER waiting_for_port glob=/dev/cu.usbmodem*
2026-04-24T08:44:23.060-04:00 LOGGER waiting_for_port glob=/dev/cu.usbmodem*
2026-04-24T08:44:25.066-04:00 LOGGER waiting_for_port glob=/dev/cu.usbmodem*
2026-04-24T08:44:27.077-04:00 LOGGER waiting_for_port glob=/dev/cu.usbmodem*
2026-04-24T08:44:29.084-04:00 LOGGER waiting_for_port glob=/dev/cu.usbmodem*
2026-04-24T08:44:31.096-04:00 LOGGER waiting_for_port glob=/dev/cu.usbmodem*
2026-04-24T08:44:33.102-04:00 LOGGER waiting_for_port glob=/dev/cu.usbmodem*
2026-04-24T08:44:35.108-04:00 LOGGER waiting_for_port glob=/dev/cu.usbmodem*
2026-04-24T08:44:37.120-04:00 LOGGER waiting_for_port glob=/dev/cu.usbmodem*
2026-04-24T08:44:39.123-04:00 LOGGER waiting_for_port glob=/dev/cu.usbmodem*
2026-04-24T08:44:41.134-04:00 LOGGER waiting_for_port glob=/dev/cu.usbmodem*
2026-04-24T08:44:43.146-04:00 LOGGER waiting_for_port glob=/dev/cu.usbmodem*
2026-04-24T08:44:45.158-04:00 LOGGER waiting_for_port glob=/dev/cu.usbmodem*
2026-04-24T08:44:47.167-04:00 LOGGER waiting_for_port glob=/dev/cu.usbmodem*
2026-04-24T08:44:49.170-04:00 LOGGER waiting_for_port glob=/dev/cu.usbmodem*
2026-04-24T08:44:51.176-04:00 LOGGER waiting_for_port glob=/dev/cu.usbmodem*
2026-04-24T08:44:53.182-04:00 LOGGER waiting_for_port glob=/dev/cu.usbmodem*
2026-04-24T08:44:55.187-04:00 LOGGER waiting_for_port glob=/dev/cu.usbmodem*
2026-04-24T08:44:57.198-04:00 LOGGER waiting_for_port glob=/dev/cu.usbmodem*
2026-04-24T08:44:59.201-04:00 LOGGER waiting_for_port glob=/dev/cu.usbmodem*
2026-04-24T08:45:01.209-04:00 LOGGER waiting_for_port glob=/dev/cu.usbmodem*
2026-04-24T08:45:03.214-04:00 LOGGER waiting_for_port glob=/dev/cu.usbmodem*
2026-04-24T08:45:05.222-04:00 LOGGER waiting_for_port glob=/dev/cu.usbmodem*
2026-04-24T08:45:07.232-04:00 LOGGER waiting_for_port glob=/dev/cu.usbmodem*
2026-04-24T08:45:09.244-04:00 LOGGER waiting_for_port glob=/dev/cu.usbmodem*
2026-04-24T08:45:11.249-04:00 LOGGER waiting_for_port glob=/dev/cu.usbmodem*
2026-04-24T08:45:13.258-04:00 LOGGER waiting_for_port glob=/dev/cu.usbmodem*
2026-04-24T08:45:15.265-04:00 LOGGER waiting_for_port glob=/dev/cu.usbmodem*
2026-04-24T08:45:17.271-04:00 LOGGER waiting_for_port glob=/dev/cu.usbmodem*
2026-04-24T08:45:19.275-04:00 LOGGER waiting_for_port glob=/dev/cu.usbmodem*
2026-04-24T08:45:21.286-04:00 LOGGER waiting_for_port glob=/dev/cu.usbmodem*
2026-04-24T08:45:23.291-04:00 LOGGER waiting_for_port glob=/dev/cu.usbmodem*
2026-04-24T08:45:25.301-04:00 LOGGER waiting_for_port glob=/dev/cu.usbmodem*
2026-04-24T08:45:27.313-04:00 LOGGER waiting_for_port glob=/dev/cu.usbmodem*
2026-04-24T08:45:29.319-04:00 LOGGER waiting_for_port glob=/dev/cu.usbmodem*
2026-04-24T08:45:31.325-04:00 LOGGER waiting_for_port glob=/dev/cu.usbmodem*
2026-04-24T08:45:33.329-04:00 LOGGER waiting_for_port glob=/dev/cu.usbmodem*
2026-04-24T08:45:35.341-04:00 LOGGER waiting_for_port glob=/dev/cu.usbmodem*
2026-04-24T08:45:37.347-04:00 LOGGER waiting_for_port glob=/dev/cu.usbmodem*
2026-04-24T08:45:39.350-04:00 LOGGER waiting_for_port glob=/dev/cu.usbmodem*
2026-04-24T08:45:41.362-04:00 LOGGER waiting_for_port glob=/dev/cu.usbmodem*
2026-04-24T08:45:43.365-04:00 LOGGER waiting_for_port glob=/dev/cu.usbmodem*
2026-04-24T08:45:45.371-04:00 LOGGER waiting_for_port glob=/dev/cu.usbmodem*
2026-04-24T08:45:47.379-04:00 LOGGER waiting_for_port glob=/dev/cu.usbmodem*
2026-04-24T08:45:49.389-04:00 LOGGER waiting_for_port glob=/dev/cu.usbmodem*
2026-04-24T08:45:51.395-04:00 LOGGER waiting_for_port glob=/dev/cu.usbmodem*
2026-04-24T08:45:53.403-04:00 LOGGER waiting_for_port glob=/dev/cu.usbmodem*
2026-04-24T08:45:55.406-04:00 LOGGER waiting_for_port glob=/dev/cu.usbmodem*
2026-04-24T08:45:57.412-04:00 LOGGER waiting_for_port glob=/dev/cu.usbmodem*
2026-04-24T08:45:59.419-04:00 LOGGER waiting_for_port glob=/dev/cu.usbmodem*
2026-04-24T08:46:01.426-04:00 LOGGER waiting_for_port glob=/dev/cu.usbmodem*
2026-04-24T08:46:03.429-04:00 LOGGER waiting_for_port glob=/dev/cu.usbmodem*
2026-04-24T08:46:05.434-04:00 LOGGER waiting_for_port glob=/dev/cu.usbmodem*
2026-04-24T08:46:07.442-04:00 LOGGER waiting_for_port glob=/dev/cu.usbmodem*
2026-04-24T08:46:09.445-04:00 LOGGER waiting_for_port glob=/dev/cu.usbmodem*
2026-04-24T08:46:11.448-04:00 LOGGER waiting_for_port glob=/dev/cu.usbmodem*
2026-04-24T08:46:13.455-04:00 LOGGER waiting_for_port glob=/dev/cu.usbmodem*
2026-04-24T08:46:15.466-04:00 LOGGER waiting_for_port glob=/dev/cu.usbmodem*
2026-04-24T08:46:17.478-04:00 LOGGER waiting_for_port glob=/dev/cu.usbmodem*
2026-04-24T08:46:19.488-04:00 LOGGER waiting_for_port glob=/dev/cu.usbmodem*
2026-04-24T08:46:21.500-04:00 LOGGER waiting_for_port glob=/dev/cu.usbmodem*
2026-04-24T08:46:23.509-04:00 LOGGER waiting_for_port glob=/dev/cu.usbmodem*
2026-04-24T08:46:25.516-04:00 LOGGER waiting_for_port glob=/dev/cu.usbmodem*
2026-04-24T08:46:27.520-04:00 LOGGER waiting_for_port glob=/dev/cu.usbmodem*
2026-04-24T08:46:29.531-04:00 LOGGER waiting_for_port glob=/dev/cu.usbmodem*
2026-04-24T08:46:31.542-04:00 LOGGER waiting_for_port glob=/dev/cu.usbmodem*
2026-04-24T08:46:33.547-04:00 LOGGER waiting_for_port glob=/dev/cu.usbmodem*
2026-04-24T08:46:35.556-04:00 LOGGER waiting_for_port glob=/dev/cu.usbmodem*
2026-04-24T08:46:37.564-04:00 LOGGER waiting_for_port glob=/dev/cu.usbmodem*
2026-04-24T08:46:39.576-04:00 LOGGER waiting_for_port glob=/dev/cu.usbmodem*
2026-04-24T08:46:41.583-04:00 LOGGER waiting_for_port glob=/dev/cu.usbmodem*
2026-04-24T08:46:43.587-04:00 LOGGER waiting_for_port glob=/dev/cu.usbmodem*
2026-04-24T08:46:45.593-04:00 LOGGER waiting_for_port glob=/dev/cu.usbmodem*
2026-04-24T08:46:47.600-04:00 LOGGER waiting_for_port glob=/dev/cu.usbmodem*
2026-04-24T08:46:49.605-04:00 LOGGER waiting_for_port glob=/dev/cu.usbmodem*
2026-04-24T08:46:51.610-04:00 LOGGER waiting_for_port glob=/dev/cu.usbmodem*
2026-04-24T08:46:53.617-04:00 LOGGER waiting_for_port glob=/dev/cu.usbmodem*
2026-04-24T08:46:55.622-04:00 LOGGER waiting_for_port glob=/dev/cu.usbmodem*
2026-04-24T08:46:57.628-04:00 LOGGER waiting_for_port glob=/dev/cu.usbmodem*
2026-04-24T08:46:59.635-04:00 LOGGER waiting_for_port glob=/dev/cu.usbmodem*
2026-04-24T08:47:01.642-04:00 LOGGER waiting_for_port glob=/dev/cu.usbmodem*
2026-04-24T08:47:03.654-04:00 LOGGER waiting_for_port glob=/dev/cu.usbmodem*
2026-04-24T08:47:05.664-04:00 LOGGER waiting_for_port glob=/dev/cu.usbmodem*
2026-04-24T08:47:07.678-04:00 LOGGER waiting_for_port glob=/dev/cu.usbmodem*
2026-04-24T08:47:09.688-04:00 LOGGER waiting_for_port glob=/dev/cu.usbmodem*
2026-04-24T08:47:11.700-04:00 LOGGER waiting_for_port glob=/dev/cu.usbmodem*
2026-04-24T08:47:13.704-04:00 LOGGER waiting_for_port glob=/dev/cu.usbmodem*
2026-04-24T08:47:15.710-04:00 LOGGER waiting_for_port glob=/dev/cu.usbmodem*
2026-04-24T08:47:17.720-04:00 LOGGER waiting_for_port glob=/dev/cu.usbmodem*
2026-04-24T08:47:19.729-04:00 LOGGER waiting_for_port glob=/dev/cu.usbmodem*
2026-04-24T08:47:21.740-04:00 LOGGER waiting_for_port glob=/dev/cu.usbmodem*
2026-04-24T08:47:23.742-04:00 LOGGER waiting_for_port glob=/dev/cu.usbmodem*
2026-04-24T08:47:25.754-04:00 LOGGER waiting_for_port glob=/dev/cu.usbmodem*
2026-04-24T08:47:27.757-04:00 LOGGER waiting_for_port glob=/dev/cu.usbmodem*
2026-04-24T08:47:29.764-04:00 LOGGER waiting_for_port glob=/dev/cu.usbmodem*
2026-04-24T08:47:31.769-04:00 LOGGER waiting_for_port glob=/dev/cu.usbmodem*
2026-04-24T08:47:33.778-04:00 LOGGER waiting_for_port glob=/dev/cu.usbmodem*
2026-04-24T08:47:35.785-04:00 LOGGER waiting_for_port glob=/dev/cu.usbmodem*
2026-04-24T08:47:37.790-04:00 LOGGER waiting_for_port glob=/dev/cu.usbmodem*
2026-04-24T08:47:39.799-04:00 LOGGER waiting_for_port glob=/dev/cu.usbmodem*
2026-04-24T08:47:41.810-04:00 LOGGER waiting_for_port glob=/dev/cu.usbmodem*
2026-04-24T08:47:43.817-04:00 LOGGER waiting_for_port glob=/dev/cu.usbmodem*
2026-04-24T08:47:45.822-04:00 LOGGER waiting_for_port glob=/dev/cu.usbmodem*
2026-04-24T08:47:47.832-04:00 LOGGER waiting_for_port glob=/dev/cu.usbmodem*
2026-04-24T08:47:49.844-04:00 LOGGER waiting_for_port glob=/dev/cu.usbmodem*
2026-04-24T08:47:51.855-04:00 LOGGER waiting_for_port glob=/dev/cu.usbmodem*
2026-04-24T08:47:53.861-04:00 LOGGER waiting_for_port glob=/dev/cu.usbmodem*
2026-04-24T08:47:55.873-04:00 LOGGER waiting_for_port glob=/dev/cu.usbmodem*
2026-04-24T08:47:57.885-04:00 LOGGER waiting_for_port glob=/dev/cu.usbmodem*
2026-04-24T08:47:59.892-04:00 LOGGER waiting_for_port glob=/dev/cu.usbmodem*
2026-04-24T08:48:01.899-04:00 LOGGER waiting_for_port glob=/dev/cu.usbmodem*
2026-04-24T08:48:03.904-04:00 LOGGER waiting_for_port glob=/dev/cu.usbmodem*
2026-04-24T08:48:05.916-04:00 LOGGER waiting_for_port glob=/dev/cu.usbmodem*
2026-04-24T08:48:07.924-04:00 LOGGER waiting_for_port glob=/dev/cu.usbmodem*
2026-04-24T08:48:09.927-04:00 LOGGER waiting_for_port glob=/dev/cu.usbmodem*
2026-04-24T08:48:11.937-04:00 LOGGER waiting_for_port glob=/dev/cu.usbmodem*
2026-04-24T08:48:13.949-04:00 LOGGER waiting_for_port glob=/dev/cu.usbmodem*
2026-04-24T08:48:15.956-04:00 LOGGER waiting_for_port glob=/dev/cu.usbmodem*
2026-04-24T08:48:17.960-04:00 LOGGER waiting_for_port glob=/dev/cu.usbmodem*
2026-04-24T08:48:19.970-04:00 LOGGER waiting_for_port glob=/dev/cu.usbmodem*
2026-04-24T08:48:21.982-04:00 LOGGER waiting_for_port glob=/dev/cu.usbmodem*
2026-04-24T08:48:23.992-04:00 LOGGER waiting_for_port glob=/dev/cu.usbmodem*
2026-04-24T08:48:26.000-04:00 LOGGER waiting_for_port glob=/dev/cu.usbmodem*
2026-04-24T08:48:28.011-04:00 LOGGER waiting_for_port glob=/dev/cu.usbmodem*
2026-04-24T08:48:30.015-04:00 LOGGER waiting_for_port glob=/dev/cu.usbmodem*
2026-04-24T08:48:32.025-04:00 LOGGER waiting_for_port glob=/dev/cu.usbmodem*
2026-04-24T08:48:34.029-04:00 LOGGER waiting_for_port glob=/dev/cu.usbmodem*
2026-04-24T08:48:36.039-04:00 LOGGER waiting_for_port glob=/dev/cu.usbmodem*
2026-04-24T08:48:38.050-04:00 LOGGER waiting_for_port glob=/dev/cu.usbmodem*
2026-04-24T08:48:40.056-04:00 LOGGER waiting_for_port glob=/dev/cu.usbmodem*
2026-04-24T08:48:42.059-04:00 LOGGER waiting_for_port glob=/dev/cu.usbmodem*
2026-04-24T08:48:44.071-04:00 LOGGER waiting_for_port glob=/dev/cu.usbmodem*
2026-04-24T08:48:46.076-04:00 LOGGER waiting_for_port glob=/dev/cu.usbmodem*
2026-04-24T08:48:48.078-04:00 LOGGER waiting_for_port glob=/dev/cu.usbmodem*
2026-04-24T08:48:50.090-04:00 LOGGER waiting_for_port glob=/dev/cu.usbmodem*
2026-04-24T08:48:52.101-04:00 LOGGER waiting_for_port glob=/dev/cu.usbmodem*
2026-04-24T08:48:54.110-04:00 LOGGER waiting_for_port glob=/dev/cu.usbmodem*
2026-04-24T08:48:56.118-04:00 LOGGER waiting_for_port glob=/dev/cu.usbmodem*
2026-04-24T08:48:58.127-04:00 LOGGER waiting_for_port glob=/dev/cu.usbmodem*
2026-04-24T08:49:00.139-04:00 LOGGER waiting_for_port glob=/dev/cu.usbmodem*
2026-04-24T08:49:02.151-04:00 LOGGER waiting_for_port glob=/dev/cu.usbmodem*
2026-04-24T08:49:04.160-04:00 LOGGER waiting_for_port glob=/dev/cu.usbmodem*
2026-04-24T08:49:06.172-04:00 LOGGER waiting_for_port glob=/dev/cu.usbmodem*
2026-04-24T08:49:08.184-04:00 LOGGER waiting_for_port glob=/dev/cu.usbmodem*
2026-04-24T08:49:10.190-04:00 LOGGER waiting_for_port glob=/dev/cu.usbmodem*
2026-04-24T08:49:12.200-04:00 LOGGER waiting_for_port glob=/dev/cu.usbmodem*
2026-04-24T08:49:14.207-04:00 LOGGER waiting_for_port glob=/dev/cu.usbmodem*
2026-04-24T08:49:16.215-04:00 LOGGER waiting_for_port glob=/dev/cu.usbmodem*
2026-04-24T08:49:18.222-04:00 LOGGER waiting_for_port glob=/dev/cu.usbmodem*
2026-04-24T08:49:20.227-04:00 LOGGER waiting_for_port glob=/dev/cu.usbmodem*
2026-04-24T08:49:22.239-04:00 LOGGER waiting_for_port glob=/dev/cu.usbmodem*
2026-04-24T08:49:24.251-04:00 LOGGER waiting_for_port glob=/dev/cu.usbmodem*
2026-04-24T08:49:26.258-04:00 LOGGER waiting_for_port glob=/dev/cu.usbmodem*
2026-04-24T08:49:28.268-04:00 LOGGER waiting_for_port glob=/dev/cu.usbmodem*
2026-04-24T08:49:30.271-04:00 LOGGER waiting_for_port glob=/dev/cu.usbmodem*
2026-04-24T08:49:32.275-04:00 LOGGER waiting_for_port glob=/dev/cu.usbmodem*
2026-04-24T08:49:34.282-04:00 LOGGER waiting_for_port glob=/dev/cu.usbmodem*
2026-04-24T08:49:36.289-04:00 LOGGER waiting_for_port glob=/dev/cu.usbmodem*
2026-04-24T08:49:38.296-04:00 LOGGER waiting_for_port glob=/dev/cu.usbmodem*
2026-04-24T08:49:40.308-04:00 LOGGER waiting_for_port glob=/dev/cu.usbmodem*
2026-04-24T08:49:42.312-04:00 LOGGER waiting_for_port glob=/dev/cu.usbmodem*
2026-04-24T08:49:44.319-04:00 LOGGER waiting_for_port glob=/dev/cu.usbmodem*
2026-04-24T08:49:46.322-04:00 LOGGER waiting_for_port glob=/dev/cu.usbmodem*
2026-04-24T08:49:48.334-04:00 LOGGER waiting_for_port glob=/dev/cu.usbmodem*
2026-04-24T08:49:50.340-04:00 LOGGER waiting_for_port glob=/dev/cu.usbmodem*
2026-04-24T08:49:52.347-04:00 LOGGER waiting_for_port glob=/dev/cu.usbmodem*
2026-04-24T08:49:54.354-04:00 LOGGER waiting_for_port glob=/dev/cu.usbmodem*
2026-04-24T08:49:56.364-04:00 LOGGER waiting_for_port glob=/dev/cu.usbmodem*
2026-04-24T08:49:58.370-04:00 LOGGER waiting_for_port glob=/dev/cu.usbmodem*
2026-04-24T08:50:00.379-04:00 LOGGER waiting_for_port glob=/dev/cu.usbmodem*
2026-04-24T08:50:02.384-04:00 LOGGER waiting_for_port glob=/dev/cu.usbmodem*
2026-04-24T08:50:04.387-04:00 LOGGER waiting_for_port glob=/dev/cu.usbmodem*
2026-04-24T08:50:06.393-04:00 LOGGER waiting_for_port glob=/dev/cu.usbmodem*
2026-04-24T08:50:08.405-04:00 LOGGER waiting_for_port glob=/dev/cu.usbmodem*
2026-04-24T08:50:10.417-04:00 LOGGER waiting_for_port glob=/dev/cu.usbmodem*
2026-04-24T08:50:12.429-04:00 LOGGER waiting_for_port glob=/dev/cu.usbmodem*
2026-04-24T08:50:14.439-04:00 LOGGER waiting_for_port glob=/dev/cu.usbmodem*
2026-04-24T08:50:16.446-04:00 LOGGER waiting_for_port glob=/dev/cu.usbmodem*
2026-04-24T08:50:18.452-04:00 LOGGER waiting_for_port glob=/dev/cu.usbmodem*
2026-04-24T08:50:20.460-04:00 LOGGER waiting_for_port glob=/dev/cu.usbmodem*
2026-04-24T08:50:22.468-04:00 LOGGER waiting_for_port glob=/dev/cu.usbmodem*
2026-04-24T08:50:24.474-04:00 LOGGER waiting_for_port glob=/dev/cu.usbmodem*
2026-04-24T08:50:26.478-04:00 LOGGER waiting_for_port glob=/dev/cu.usbmodem*
2026-04-24T08:50:28.489-04:00 LOGGER waiting_for_port glob=/dev/cu.usbmodem*
2026-04-24T08:50:30.495-04:00 LOGGER waiting_for_port glob=/dev/cu.usbmodem*
2026-04-24T08:50:32.506-04:00 LOGGER waiting_for_port glob=/dev/cu.usbmodem*
2026-04-24T08:50:34.517-04:00 LOGGER waiting_for_port glob=/dev/cu.usbmodem*
2026-04-24T08:50:36.524-04:00 LOGGER waiting_for_port glob=/dev/cu.usbmodem*
2026-04-24T08:50:38.528-04:00 LOGGER waiting_for_port glob=/dev/cu.usbmodem*
2026-04-24T08:50:40.531-04:00 LOGGER waiting_for_port glob=/dev/cu.usbmodem*
2026-04-24T08:50:42.538-04:00 LOGGER waiting_for_port glob=/dev/cu.usbmodem*
2026-04-24T08:50:44.550-04:00 LOGGER waiting_for_port glob=/dev/cu.usbmodem*
2026-04-24T08:50:46.561-04:00 LOGGER waiting_for_port glob=/dev/cu.usbmodem*
2026-04-24T08:50:48.564-04:00 LOGGER waiting_for_port glob=/dev/cu.usbmodem*
2026-04-24T08:50:50.576-04:00 LOGGER waiting_for_port glob=/dev/cu.usbmodem*
2026-04-24T08:50:52.582-04:00 LOGGER waiting_for_port glob=/dev/cu.usbmodem*
2026-04-24T08:50:54.594-04:00 LOGGER waiting_for_port glob=/dev/cu.usbmodem*
2026-04-24T08:50:56.605-04:00 LOGGER waiting_for_port glob=/dev/cu.usbmodem*
2026-04-24T08:50:58.607-04:00 LOGGER waiting_for_port glob=/dev/cu.usbmodem*
2026-04-24T08:51:00.616-04:00 LOGGER waiting_for_port glob=/dev/cu.usbmodem*
2026-04-24T08:51:02.620-04:00 LOGGER waiting_for_port glob=/dev/cu.usbmodem*
2026-04-24T08:51:04.627-04:00 LOGGER waiting_for_port glob=/dev/cu.usbmodem*
2026-04-24T08:51:06.635-04:00 LOGGER waiting_for_port glob=/dev/cu.usbmodem*
2026-04-24T08:51:08.639-04:00 LOGGER waiting_for_port glob=/dev/cu.usbmodem*
2026-04-24T08:51:10.645-04:00 LOGGER waiting_for_port glob=/dev/cu.usbmodem*
2026-04-24T08:51:12.649-04:00 LOGGER waiting_for_port glob=/dev/cu.usbmodem*
2026-04-24T08:51:14.656-04:00 LOGGER waiting_for_port glob=/dev/cu.usbmodem*
2026-04-24T08:51:16.667-04:00 LOGGER waiting_for_port glob=/dev/cu.usbmodem*
2026-04-24T08:51:18.677-04:00 LOGGER waiting_for_port glob=/dev/cu.usbmodem*
2026-04-24T08:51:20.682-04:00 LOGGER waiting_for_port glob=/dev/cu.usbmodem*
2026-04-24T08:51:22.686-04:00 LOGGER waiting_for_port glob=/dev/cu.usbmodem*
2026-04-24T08:51:24.693-04:00 LOGGER waiting_for_port glob=/dev/cu.usbmodem*
2026-04-24T08:51:26.700-04:00 LOGGER waiting_for_port glob=/dev/cu.usbmodem*
2026-04-24T08:51:28.712-04:00 LOGGER waiting_for_port glob=/dev/cu.usbmodem*
2026-04-24T08:51:30.724-04:00 LOGGER waiting_for_port glob=/dev/cu.usbmodem*
2026-04-24T08:51:32.728-04:00 LOGGER waiting_for_port glob=/dev/cu.usbmodem*
2026-04-24T08:51:34.733-04:00 LOGGER waiting_for_port glob=/dev/cu.usbmodem*
2026-04-24T08:51:36.742-04:00 LOGGER waiting_for_port glob=/dev/cu.usbmodem*
2026-04-24T08:51:38.754-04:00 LOGGER waiting_for_port glob=/dev/cu.usbmodem*
2026-04-24T08:51:40.766-04:00 LOGGER waiting_for_port glob=/dev/cu.usbmodem*
2026-04-24T08:51:42.772-04:00 LOGGER waiting_for_port glob=/dev/cu.usbmodem*
2026-04-24T08:51:44.783-04:00 LOGGER waiting_for_port glob=/dev/cu.usbmodem*
2026-04-24T08:51:46.792-04:00 LOGGER waiting_for_port glob=/dev/cu.usbmodem*
2026-04-24T08:51:48.799-04:00 LOGGER waiting_for_port glob=/dev/cu.usbmodem*
2026-04-24T08:51:50.807-04:00 LOGGER waiting_for_port glob=/dev/cu.usbmodem*
2026-04-24T08:51:52.813-04:00 LOGGER waiting_for_port glob=/dev/cu.usbmodem*
2026-04-24T08:51:54.820-04:00 LOGGER waiting_for_port glob=/dev/cu.usbmodem*
2026-04-24T08:51:56.824-04:00 LOGGER waiting_for_port glob=/dev/cu.usbmodem*
2026-04-24T08:51:58.829-04:00 LOGGER waiting_for_port glob=/dev/cu.usbmodem*
2026-04-24T08:52:00.832-04:00 LOGGER waiting_for_port glob=/dev/cu.usbmodem*
2026-04-24T08:52:02.835-04:00 LOGGER waiting_for_port glob=/dev/cu.usbmodem*
2026-04-24T08:52:04.840-04:00 LOGGER waiting_for_port glob=/dev/cu.usbmodem*
2026-04-24T08:52:06.849-04:00 LOGGER waiting_for_port glob=/dev/cu.usbmodem*
2026-04-24T08:52:08.855-04:00 LOGGER waiting_for_port glob=/dev/cu.usbmodem*
2026-04-24T08:52:10.863-04:00 LOGGER waiting_for_port glob=/dev/cu.usbmodem*
2026-04-24T08:52:12.868-04:00 LOGGER waiting_for_port glob=/dev/cu.usbmodem*
2026-04-24T08:52:14.873-04:00 LOGGER waiting_for_port glob=/dev/cu.usbmodem*
2026-04-24T08:52:16.879-04:00 LOGGER waiting_for_port glob=/dev/cu.usbmodem*
2026-04-24T08:52:18.888-04:00 LOGGER waiting_for_port glob=/dev/cu.usbmodem*
2026-04-24T08:52:20.900-04:00 LOGGER waiting_for_port glob=/dev/cu.usbmodem*
2026-04-24T08:52:22.911-04:00 LOGGER waiting_for_port glob=/dev/cu.usbmodem*
2026-04-24T08:52:24.914-04:00 LOGGER waiting_for_port glob=/dev/cu.usbmodem*
2026-04-24T08:52:26.921-04:00 LOGGER waiting_for_port glob=/dev/cu.usbmodem*
2026-04-24T08:52:28.932-04:00 LOGGER waiting_for_port glob=/dev/cu.usbmodem*
2026-04-24T08:52:30.938-04:00 LOGGER waiting_for_port glob=/dev/cu.usbmodem*
2026-04-24T08:52:32.945-04:00 LOGGER waiting_for_port glob=/dev/cu.usbmodem*
2026-04-24T08:52:34.950-04:00 LOGGER waiting_for_port glob=/dev/cu.usbmodem*
2026-04-24T08:52:36.954-04:00 LOGGER waiting_for_port glob=/dev/cu.usbmodem*
2026-04-24T08:52:38.966-04:00 LOGGER waiting_for_port glob=/dev/cu.usbmodem*
2026-04-24T08:52:40.970-04:00 LOGGER waiting_for_port glob=/dev/cu.usbmodem*
2026-04-24T08:52:42.980-04:00 LOGGER waiting_for_port glob=/dev/cu.usbmodem*
2026-04-24T08:52:44.992-04:00 LOGGER waiting_for_port glob=/dev/cu.usbmodem*
2026-04-24T08:52:47.003-04:00 LOGGER waiting_for_port glob=/dev/cu.usbmodem*
2026-04-24T08:52:49.012-04:00 LOGGER waiting_for_port glob=/dev/cu.usbmodem*
2026-04-24T08:52:51.021-04:00 LOGGER waiting_for_port glob=/dev/cu.usbmodem*
2026-04-24T08:52:53.032-04:00 LOGGER waiting_for_port glob=/dev/cu.usbmodem*
2026-04-24T08:52:55.036-04:00 LOGGER waiting_for_port glob=/dev/cu.usbmodem*
2026-04-24T08:52:57.047-04:00 LOGGER waiting_for_port glob=/dev/cu.usbmodem*
2026-04-24T08:52:59.054-04:00 LOGGER waiting_for_port glob=/dev/cu.usbmodem*
2026-04-24T08:53:01.065-04:00 LOGGER waiting_for_port glob=/dev/cu.usbmodem*
2026-04-24T08:53:03.077-04:00 LOGGER waiting_for_port glob=/dev/cu.usbmodem*
2026-04-24T08:53:05.085-04:00 LOGGER waiting_for_port glob=/dev/cu.usbmodem*
2026-04-24T08:53:07.092-04:00 LOGGER waiting_for_port glob=/dev/cu.usbmodem*
2026-04-24T08:53:09.102-04:00 LOGGER waiting_for_port glob=/dev/cu.usbmodem*
2026-04-24T08:53:11.109-04:00 LOGGER waiting_for_port glob=/dev/cu.usbmodem*
2026-04-24T08:53:13.118-04:00 LOGGER waiting_for_port glob=/dev/cu.usbmodem*
2026-04-24T08:53:15.125-04:00 LOGGER waiting_for_port glob=/dev/cu.usbmodem*
2026-04-24T08:53:17.128-04:00 LOGGER waiting_for_port glob=/dev/cu.usbmodem*
2026-04-24T08:53:19.135-04:00 LOGGER waiting_for_port glob=/dev/cu.usbmodem*
2026-04-24T08:53:21.141-04:00 LOGGER waiting_for_port glob=/dev/cu.usbmodem*
2026-04-24T08:53:23.151-04:00 LOGGER waiting_for_port glob=/dev/cu.usbmodem*
2026-04-24T08:53:25.163-04:00 LOGGER waiting_for_port glob=/dev/cu.usbmodem*
2026-04-24T08:53:27.170-04:00 LOGGER waiting_for_port glob=/dev/cu.usbmodem*
2026-04-24T08:53:29.178-04:00 LOGGER waiting_for_port glob=/dev/cu.usbmodem*
2026-04-24T08:53:31.187-04:00 LOGGER waiting_for_port glob=/dev/cu.usbmodem*
2026-04-24T08:53:33.193-04:00 LOGGER waiting_for_port glob=/dev/cu.usbmodem*
2026-04-24T08:53:35.200-04:00 LOGGER waiting_for_port glob=/dev/cu.usbmodem*
2026-04-24T08:53:37.205-04:00 LOGGER waiting_for_port glob=/dev/cu.usbmodem*
2026-04-24T08:53:39.217-04:00 LOGGER waiting_for_port glob=/dev/cu.usbmodem*
2026-04-24T08:53:41.220-04:00 LOGGER waiting_for_port glob=/dev/cu.usbmodem*
2026-04-24T08:53:43.230-04:00 LOGGER waiting_for_port glob=/dev/cu.usbmodem*
2026-04-24T08:53:45.237-04:00 LOGGER waiting_for_port glob=/dev/cu.usbmodem*
2026-04-24T08:53:47.239-04:00 LOGGER waiting_for_port glob=/dev/cu.usbmodem*
2026-04-24T08:53:49.244-04:00 LOGGER waiting_for_port glob=/dev/cu.usbmodem*
2026-04-24T08:53:51.252-04:00 LOGGER waiting_for_port glob=/dev/cu.usbmodem*
2026-04-24T08:53:53.259-04:00 LOGGER waiting_for_port glob=/dev/cu.usbmodem*
2026-04-24T08:53:55.265-04:00 LOGGER waiting_for_port glob=/dev/cu.usbmodem*
2026-04-24T08:53:57.272-04:00 LOGGER waiting_for_port glob=/dev/cu.usbmodem*
2026-04-24T08:53:59.277-04:00 LOGGER waiting_for_port glob=/dev/cu.usbmodem*
2026-04-24T08:54:01.282-04:00 LOGGER waiting_for_port glob=/dev/cu.usbmodem*
2026-04-24T08:54:03.286-04:00 LOGGER waiting_for_port glob=/dev/cu.usbmodem*
2026-04-24T08:54:05.292-04:00 LOGGER waiting_for_port glob=/dev/cu.usbmodem*
2026-04-24T08:54:07.300-04:00 LOGGER waiting_for_port glob=/dev/cu.usbmodem*
2026-04-24T08:54:09.312-04:00 LOGGER waiting_for_port glob=/dev/cu.usbmodem*
2026-04-24T08:54:11.319-04:00 LOGGER waiting_for_port glob=/dev/cu.usbmodem*
2026-04-24T08:54:13.328-04:00 LOGGER waiting_for_port glob=/dev/cu.usbmodem*
2026-04-24T08:54:15.332-04:00 LOGGER waiting_for_port glob=/dev/cu.usbmodem*
2026-04-24T08:54:17.334-04:00 LOGGER waiting_for_port glob=/dev/cu.usbmodem*
2026-04-24T08:54:19.342-04:00 LOGGER waiting_for_port glob=/dev/cu.usbmodem*
2026-04-24T08:54:21.354-04:00 LOGGER waiting_for_port glob=/dev/cu.usbmodem*
2026-04-24T08:54:23.366-04:00 LOGGER waiting_for_port glob=/dev/cu.usbmodem*
2026-04-24T08:54:25.377-04:00 LOGGER waiting_for_port glob=/dev/cu.usbmodem*
2026-04-24T08:54:27.383-04:00 LOGGER waiting_for_port glob=/dev/cu.usbmodem*
2026-04-24T08:54:29.389-04:00 LOGGER waiting_for_port glob=/dev/cu.usbmodem*
2026-04-24T08:54:31.401-04:00 LOGGER waiting_for_port glob=/dev/cu.usbmodem*
2026-04-24T08:54:33.407-04:00 LOGGER waiting_for_port glob=/dev/cu.usbmodem*
2026-04-24T08:54:35.413-04:00 LOGGER waiting_for_port glob=/dev/cu.usbmodem*
2026-04-24T08:54:37.423-04:00 LOGGER waiting_for_port glob=/dev/cu.usbmodem*
2026-04-24T08:54:39.433-04:00 LOGGER waiting_for_port glob=/dev/cu.usbmodem*
2026-04-24T08:54:41.440-04:00 LOGGER waiting_for_port glob=/dev/cu.usbmodem*
2026-04-24T08:54:43.450-04:00 LOGGER waiting_for_port glob=/dev/cu.usbmodem*
2026-04-24T08:54:45.459-04:00 LOGGER waiting_for_port glob=/dev/cu.usbmodem*
2026-04-24T08:54:47.471-04:00 LOGGER waiting_for_port glob=/dev/cu.usbmodem*
2026-04-24T08:54:49.479-04:00 LOGGER waiting_for_port glob=/dev/cu.usbmodem*
2026-04-24T08:54:51.485-04:00 LOGGER waiting_for_port glob=/dev/cu.usbmodem*
2026-04-24T08:54:53.489-04:00 LOGGER waiting_for_port glob=/dev/cu.usbmodem*
2026-04-24T08:54:55.501-04:00 LOGGER waiting_for_port glob=/dev/cu.usbmodem*
2026-04-24T08:54:57.513-04:00 LOGGER waiting_for_port glob=/dev/cu.usbmodem*
2026-04-24T08:54:59.523-04:00 LOGGER waiting_for_port glob=/dev/cu.usbmodem*
2026-04-24T08:55:01.531-04:00 LOGGER waiting_for_port glob=/dev/cu.usbmodem*
2026-04-24T08:55:03.542-04:00 LOGGER waiting_for_port glob=/dev/cu.usbmodem*
2026-04-24T08:55:05.552-04:00 LOGGER waiting_for_port glob=/dev/cu.usbmodem*
2026-04-24T08:55:07.561-04:00 LOGGER waiting_for_port glob=/dev/cu.usbmodem*
2026-04-24T08:55:09.571-04:00 LOGGER waiting_for_port glob=/dev/cu.usbmodem*
2026-04-24T08:55:11.576-04:00 LOGGER waiting_for_port glob=/dev/cu.usbmodem*
2026-04-24T08:55:13.582-04:00 LOGGER waiting_for_port glob=/dev/cu.usbmodem*
2026-04-24T08:55:15.588-04:00 LOGGER waiting_for_port glob=/dev/cu.usbmodem*
2026-04-24T08:55:17.593-04:00 LOGGER waiting_for_port glob=/dev/cu.usbmodem*
2026-04-24T08:55:19.602-04:00 LOGGER waiting_for_port glob=/dev/cu.usbmodem*
2026-04-24T08:55:21.614-04:00 LOGGER waiting_for_port glob=/dev/cu.usbmodem*
2026-04-24T08:55:23.625-04:00 LOGGER waiting_for_port glob=/dev/cu.usbmodem*
2026-04-24T08:55:25.631-04:00 LOGGER waiting_for_port glob=/dev/cu.usbmodem*
2026-04-24T08:55:27.638-04:00 LOGGER waiting_for_port glob=/dev/cu.usbmodem*
2026-04-24T08:55:29.643-04:00 LOGGER waiting_for_port glob=/dev/cu.usbmodem*
2026-04-24T08:55:31.650-04:00 LOGGER waiting_for_port glob=/dev/cu.usbmodem*
2026-04-24T08:55:33.662-04:00 LOGGER waiting_for_port glob=/dev/cu.usbmodem*
2026-04-24T08:55:35.664-04:00 LOGGER waiting_for_port glob=/dev/cu.usbmodem*
2026-04-24T08:55:37.671-04:00 LOGGER waiting_for_port glob=/dev/cu.usbmodem*
2026-04-24T08:55:39.678-04:00 LOGGER waiting_for_port glob=/dev/cu.usbmodem*
2026-04-24T08:55:41.685-04:00 LOGGER waiting_for_port glob=/dev/cu.usbmodem*
2026-04-24T08:55:43.696-04:00 LOGGER waiting_for_port glob=/dev/cu.usbmodem*
2026-04-24T08:55:45.702-04:00 LOGGER waiting_for_port glob=/dev/cu.usbmodem*
2026-04-24T08:55:47.710-04:00 LOGGER waiting_for_port glob=/dev/cu.usbmodem*
2026-04-24T08:55:49.712-04:00 LOGGER waiting_for_port glob=/dev/cu.usbmodem*
2026-04-24T08:55:51.719-04:00 LOGGER waiting_for_port glob=/dev/cu.usbmodem*
2026-04-24T08:55:53.724-04:00 LOGGER waiting_for_port glob=/dev/cu.usbmodem*
2026-04-24T08:55:55.731-04:00 LOGGER waiting_for_port glob=/dev/cu.usbmodem*
2026-04-24T08:55:57.743-04:00 LOGGER waiting_for_port glob=/dev/cu.usbmodem*
2026-04-24T08:55:59.748-04:00 LOGGER waiting_for_port glob=/dev/cu.usbmodem*
2026-04-24T08:56:01.751-04:00 LOGGER waiting_for_port glob=/dev/cu.usbmodem*
2026-04-24T08:56:03.763-04:00 LOGGER waiting_for_port glob=/dev/cu.usbmodem*
2026-04-24T08:56:05.771-04:00 LOGGER waiting_for_port glob=/dev/cu.usbmodem*
2026-04-24T08:56:07.780-04:00 LOGGER waiting_for_port glob=/dev/cu.usbmodem*
2026-04-24T08:56:09.791-04:00 LOGGER waiting_for_port glob=/dev/cu.usbmodem*
2026-04-24T08:56:11.802-04:00 LOGGER waiting_for_port glob=/dev/cu.usbmodem*
2026-04-24T08:56:13.807-04:00 LOGGER waiting_for_port glob=/dev/cu.usbmodem*
2026-04-24T08:56:15.817-04:00 LOGGER waiting_for_port glob=/dev/cu.usbmodem*
2026-04-24T08:56:17.827-04:00 LOGGER waiting_for_port glob=/dev/cu.usbmodem*
2026-04-24T08:56:19.832-04:00 LOGGER waiting_for_port glob=/dev/cu.usbmodem*
2026-04-24T08:56:21.842-04:00 LOGGER waiting_for_port glob=/dev/cu.usbmodem*
2026-04-24T08:56:23.851-04:00 LOGGER waiting_for_port glob=/dev/cu.usbmodem*
2026-04-24T08:56:25.858-04:00 LOGGER waiting_for_port glob=/dev/cu.usbmodem*
2026-04-24T08:56:27.866-04:00 LOGGER waiting_for_port glob=/dev/cu.usbmodem*
2026-04-24T08:56:29.878-04:00 LOGGER waiting_for_port glob=/dev/cu.usbmodem*
2026-04-24T08:56:31.884-04:00 LOGGER waiting_for_port glob=/dev/cu.usbmodem*
2026-04-24T08:56:33.889-04:00 LOGGER waiting_for_port glob=/dev/cu.usbmodem*
2026-04-24T08:56:35.897-04:00 LOGGER waiting_for_port glob=/dev/cu.usbmodem*
2026-04-24T08:56:37.906-04:00 LOGGER waiting_for_port glob=/dev/cu.usbmodem*
2026-04-24T08:56:39.918-04:00 LOGGER waiting_for_port glob=/dev/cu.usbmodem*
2026-04-24T08:56:41.924-04:00 LOGGER waiting_for_port glob=/dev/cu.usbmodem*
2026-04-24T08:56:43.931-04:00 LOGGER waiting_for_port glob=/dev/cu.usbmodem*
2026-04-24T08:56:45.943-04:00 LOGGER waiting_for_port glob=/dev/cu.usbmodem*
2026-04-24T08:56:47.955-04:00 LOGGER waiting_for_port glob=/dev/cu.usbmodem*
2026-04-24T08:56:49.961-04:00 LOGGER waiting_for_port glob=/dev/cu.usbmodem*
2026-04-24T08:56:51.964-04:00 LOGGER waiting_for_port glob=/dev/cu.usbmodem*
2026-04-24T08:56:53.974-04:00 LOGGER waiting_for_port glob=/dev/cu.usbmodem*
2026-04-24T08:56:55.986-04:00 LOGGER waiting_for_port glob=/dev/cu.usbmodem*
2026-04-24T08:56:57.998-04:00 LOGGER waiting_for_port glob=/dev/cu.usbmodem*
2026-04-24T08:57:00.007-04:00 LOGGER waiting_for_port glob=/dev/cu.usbmodem*
2026-04-24T08:57:02.018-04:00 LOGGER waiting_for_port glob=/dev/cu.usbmodem*
2026-04-24T08:57:04.028-04:00 LOGGER waiting_for_port glob=/dev/cu.usbmodem*
2026-04-24T08:57:06.035-04:00 LOGGER waiting_for_port glob=/dev/cu.usbmodem*
2026-04-24T08:57:08.041-04:00 LOGGER waiting_for_port glob=/dev/cu.usbmodem*
2026-04-24T08:57:10.046-04:00 LOGGER waiting_for_port glob=/dev/cu.usbmodem*
2026-04-24T08:57:12.055-04:00 LOGGER waiting_for_port glob=/dev/cu.usbmodem*
2026-04-24T08:57:14.058-04:00 LOGGER waiting_for_port glob=/dev/cu.usbmodem*
2026-04-24T08:57:16.061-04:00 LOGGER waiting_for_port glob=/dev/cu.usbmodem*
2026-04-24T08:57:18.064-04:00 LOGGER waiting_for_port glob=/dev/cu.usbmodem*
2026-04-24T08:57:20.067-04:00 LOGGER waiting_for_port glob=/dev/cu.usbmodem*
2026-04-24T08:57:22.071-04:00 LOGGER waiting_for_port glob=/dev/cu.usbmodem*
2026-04-24T08:57:24.074-04:00 LOGGER waiting_for_port glob=/dev/cu.usbmodem*
2026-04-24T08:57:26.075-04:00 LOGGER waiting_for_port glob=/dev/cu.usbmodem*
2026-04-24T08:57:28.085-04:00 LOGGER waiting_for_port glob=/dev/cu.usbmodem*
2026-04-24T08:57:30.095-04:00 LOGGER waiting_for_port glob=/dev/cu.usbmodem*
2026-04-24T08:57:32.105-04:00 LOGGER waiting_for_port glob=/dev/cu.usbmodem*
2026-04-24T08:57:34.112-04:00 LOGGER waiting_for_port glob=/dev/cu.usbmodem*
2026-04-24T08:57:36.117-04:00 LOGGER waiting_for_port glob=/dev/cu.usbmodem*
2026-04-24T08:57:38.119-04:00 LOGGER waiting_for_port glob=/dev/cu.usbmodem*
2026-04-24T08:57:40.121-04:00 LOGGER waiting_for_port glob=/dev/cu.usbmodem*
2026-04-24T08:57:42.133-04:00 LOGGER waiting_for_port glob=/dev/cu.usbmodem*
2026-04-24T08:57:44.140-04:00 LOGGER waiting_for_port glob=/dev/cu.usbmodem*
2026-04-24T08:57:46.150-04:00 LOGGER waiting_for_port glob=/dev/cu.usbmodem*
2026-04-24T08:57:48.162-04:00 LOGGER waiting_for_port glob=/dev/cu.usbmodem*
2026-04-24T08:57:50.171-04:00 LOGGER waiting_for_port glob=/dev/cu.usbmodem*
2026-04-24T08:57:52.181-04:00 LOGGER waiting_for_port glob=/dev/cu.usbmodem*
2026-04-24T08:57:54.192-04:00 LOGGER waiting_for_port glob=/dev/cu.usbmodem*
2026-04-24T08:57:56.204-04:00 LOGGER waiting_for_port glob=/dev/cu.usbmodem*
2026-04-24T08:57:58.213-04:00 LOGGER waiting_for_port glob=/dev/cu.usbmodem*
2026-04-24T08:58:00.224-04:00 LOGGER waiting_for_port glob=/dev/cu.usbmodem*
2026-04-24T08:58:02.234-04:00 LOGGER waiting_for_port glob=/dev/cu.usbmodem*
2026-04-24T08:58:04.238-04:00 LOGGER waiting_for_port glob=/dev/cu.usbmodem*
2026-04-24T08:58:06.248-04:00 LOGGER waiting_for_port glob=/dev/cu.usbmodem*
2026-04-24T08:58:08.253-04:00 LOGGER waiting_for_port glob=/dev/cu.usbmodem*
2026-04-24T08:58:10.264-04:00 LOGGER waiting_for_port glob=/dev/cu.usbmodem*
2026-04-24T08:58:12.272-04:00 LOGGER waiting_for_port glob=/dev/cu.usbmodem*
2026-04-24T08:58:14.277-04:00 LOGGER waiting_for_port glob=/dev/cu.usbmodem*
2026-04-24T08:58:16.280-04:00 LOGGER waiting_for_port glob=/dev/cu.usbmodem*
2026-04-24T08:58:18.291-04:00 LOGGER waiting_for_port glob=/dev/cu.usbmodem*
2026-04-24T08:58:20.296-04:00 LOGGER waiting_for_port glob=/dev/cu.usbmodem*
2026-04-24T08:58:22.301-04:00 LOGGER waiting_for_port glob=/dev/cu.usbmodem*
2026-04-24T08:58:24.304-04:00 LOGGER waiting_for_port glob=/dev/cu.usbmodem*
2026-04-24T08:58:26.306-04:00 LOGGER waiting_for_port glob=/dev/cu.usbmodem*
2026-04-24T08:58:28.312-04:00 LOGGER waiting_for_port glob=/dev/cu.usbmodem*
2026-04-24T08:58:30.323-04:00 LOGGER waiting_for_port glob=/dev/cu.usbmodem*
2026-04-24T08:58:32.331-04:00 LOGGER waiting_for_port glob=/dev/cu.usbmodem*
2026-04-24T08:58:34.336-04:00 LOGGER waiting_for_port glob=/dev/cu.usbmodem*
2026-04-24T08:58:36.341-04:00 LOGGER waiting_for_port glob=/dev/cu.usbmodem*
2026-04-24T08:58:38.347-04:00 LOGGER waiting_for_port glob=/dev/cu.usbmodem*
2026-04-24T08:58:40.349-04:00 LOGGER waiting_for_port glob=/dev/cu.usbmodem*
2026-04-24T08:58:42.354-04:00 LOGGER waiting_for_port glob=/dev/cu.usbmodem*
2026-04-24T08:58:44.365-04:00 LOGGER waiting_for_port glob=/dev/cu.usbmodem*
2026-04-24T08:58:46.372-04:00 LOGGER waiting_for_port glob=/dev/cu.usbmodem*
2026-04-24T08:58:48.382-04:00 LOGGER waiting_for_port glob=/dev/cu.usbmodem*
2026-04-24T08:58:50.393-04:00 LOGGER waiting_for_port glob=/dev/cu.usbmodem*
2026-04-24T08:58:52.398-04:00 LOGGER waiting_for_port glob=/dev/cu.usbmodem*
2026-04-24T08:58:54.404-04:00 LOGGER waiting_for_port glob=/dev/cu.usbmodem*
2026-04-24T08:58:56.407-04:00 LOGGER waiting_for_port glob=/dev/cu.usbmodem*
2026-04-24T08:58:58.412-04:00 LOGGER waiting_for_port glob=/dev/cu.usbmodem*
2026-04-24T08:59:00.418-04:00 LOGGER waiting_for_port glob=/dev/cu.usbmodem*
2026-04-24T08:59:02.425-04:00 LOGGER waiting_for_port glob=/dev/cu.usbmodem*
2026-04-24T08:59:04.435-04:00 LOGGER waiting_for_port glob=/dev/cu.usbmodem*
2026-04-24T08:59:06.442-04:00 LOGGER waiting_for_port glob=/dev/cu.usbmodem*
2026-04-24T08:59:08.453-04:00 LOGGER waiting_for_port glob=/dev/cu.usbmodem*
2026-04-24T08:59:10.459-04:00 LOGGER waiting_for_port glob=/dev/cu.usbmodem*
2026-04-24T08:59:12.464-04:00 LOGGER waiting_for_port glob=/dev/cu.usbmodem*
2026-04-24T08:59:14.469-04:00 LOGGER waiting_for_port glob=/dev/cu.usbmodem*
2026-04-24T08:59:16.475-04:00 LOGGER waiting_for_port glob=/dev/cu.usbmodem*
2026-04-24T08:59:18.486-04:00 LOGGER waiting_for_port glob=/dev/cu.usbmodem*
2026-04-24T08:59:20.497-04:00 LOGGER waiting_for_port glob=/dev/cu.usbmodem*
2026-04-24T08:59:22.499-04:00 LOGGER waiting_for_port glob=/dev/cu.usbmodem*
2026-04-24T08:59:24.507-04:00 LOGGER waiting_for_port glob=/dev/cu.usbmodem*
2026-04-24T08:59:26.514-04:00 LOGGER waiting_for_port glob=/dev/cu.usbmodem*
2026-04-24T08:59:28.525-04:00 LOGGER waiting_for_port glob=/dev/cu.usbmodem*
2026-04-24T08:59:30.530-04:00 LOGGER waiting_for_port glob=/dev/cu.usbmodem*
2026-04-24T08:59:32.533-04:00 LOGGER waiting_for_port glob=/dev/cu.usbmodem*
2026-04-24T08:59:34.538-04:00 LOGGER waiting_for_port glob=/dev/cu.usbmodem*
2026-04-24T08:59:36.542-04:00 LOGGER waiting_for_port glob=/dev/cu.usbmodem*
2026-04-24T08:59:38.545-04:00 LOGGER waiting_for_port glob=/dev/cu.usbmodem*
2026-04-24T08:59:40.552-04:00 LOGGER waiting_for_port glob=/dev/cu.usbmodem*
2026-04-24T08:59:42.563-04:00 LOGGER waiting_for_port glob=/dev/cu.usbmodem*
2026-04-24T08:59:44.569-04:00 LOGGER waiting_for_port glob=/dev/cu.usbmodem*
2026-04-24T08:59:46.579-04:00 LOGGER waiting_for_port glob=/dev/cu.usbmodem*
2026-04-24T08:59:48.589-04:00 LOGGER waiting_for_port glob=/dev/cu.usbmodem*
2026-04-24T08:59:50.599-04:00 LOGGER waiting_for_port glob=/dev/cu.usbmodem*
2026-04-24T08:59:52.605-04:00 LOGGER waiting_for_port glob=/dev/cu.usbmodem*
2026-04-24T08:59:54.613-04:00 LOGGER waiting_for_port glob=/dev/cu.usbmodem*
2026-04-24T08:59:56.622-04:00 LOGGER waiting_for_port glob=/dev/cu.usbmodem*
2026-04-24T08:59:58.629-04:00 LOGGER waiting_for_port glob=/dev/cu.usbmodem*
2026-04-24T09:00:00.634-04:00 LOGGER waiting_for_port glob=/dev/cu.usbmodem*
2026-04-24T09:00:02.642-04:00 LOGGER waiting_for_port glob=/dev/cu.usbmodem*
2026-04-24T09:00:04.650-04:00 LOGGER waiting_for_port glob=/dev/cu.usbmodem*
2026-04-24T09:00:06.657-04:00 LOGGER waiting_for_port glob=/dev/cu.usbmodem*
2026-04-24T09:00:08.662-04:00 LOGGER waiting_for_port glob=/dev/cu.usbmodem*
2026-04-24T09:00:10.669-04:00 LOGGER waiting_for_port glob=/dev/cu.usbmodem*
2026-04-24T09:00:12.672-04:00 LOGGER waiting_for_port glob=/dev/cu.usbmodem*
2026-04-24T09:00:14.677-04:00 LOGGER waiting_for_port glob=/dev/cu.usbmodem*
2026-04-24T09:00:16.681-04:00 LOGGER waiting_for_port glob=/dev/cu.usbmodem*
2026-04-24T09:00:18.688-04:00 LOGGER waiting_for_port glob=/dev/cu.usbmodem*
2026-04-24T09:00:20.695-04:00 LOGGER waiting_for_port glob=/dev/cu.usbmodem*
2026-04-24T09:00:22.697-04:00 LOGGER waiting_for_port glob=/dev/cu.usbmodem*
2026-04-24T09:00:24.701-04:00 LOGGER waiting_for_port glob=/dev/cu.usbmodem*
2026-04-24T09:00:26.708-04:00 LOGGER waiting_for_port glob=/dev/cu.usbmodem*
2026-04-24T09:00:28.714-04:00 LOGGER waiting_for_port glob=/dev/cu.usbmodem*
2026-04-24T09:00:30.725-04:00 LOGGER waiting_for_port glob=/dev/cu.usbmodem*
2026-04-24T09:00:32.728-04:00 LOGGER waiting_for_port glob=/dev/cu.usbmodem*
2026-04-24T09:00:34.736-04:00 LOGGER waiting_for_port glob=/dev/cu.usbmodem*
2026-04-24T09:00:36.744-04:00 LOGGER waiting_for_port glob=/dev/cu.usbmodem*
2026-04-24T09:00:38.749-04:00 LOGGER waiting_for_port glob=/dev/cu.usbmodem*
2026-04-24T09:00:40.759-04:00 LOGGER waiting_for_port glob=/dev/cu.usbmodem*
2026-04-24T09:00:42.769-04:00 LOGGER waiting_for_port glob=/dev/cu.usbmodem*
2026-04-24T09:00:44.774-04:00 LOGGER waiting_for_port glob=/dev/cu.usbmodem*
2026-04-24T09:00:46.780-04:00 LOGGER waiting_for_port glob=/dev/cu.usbmodem*
2026-04-24T09:00:48.785-04:00 LOGGER waiting_for_port glob=/dev/cu.usbmodem*
2026-04-24T09:00:50.793-04:00 LOGGER waiting_for_port glob=/dev/cu.usbmodem*
2026-04-24T09:00:52.802-04:00 LOGGER waiting_for_port glob=/dev/cu.usbmodem*
2026-04-24T09:00:54.813-04:00 LOGGER waiting_for_port glob=/dev/cu.usbmodem*
2026-04-24T09:00:56.824-04:00 LOGGER waiting_for_port glob=/dev/cu.usbmodem*
2026-04-24T09:00:58.828-04:00 LOGGER waiting_for_port glob=/dev/cu.usbmodem*
2026-04-24T09:01:00.835-04:00 LOGGER waiting_for_port glob=/dev/cu.usbmodem*
2026-04-24T09:01:02.844-04:00 LOGGER waiting_for_port glob=/dev/cu.usbmodem*
2026-04-24T09:01:04.855-04:00 LOGGER waiting_for_port glob=/dev/cu.usbmodem*
2026-04-24T09:01:06.861-04:00 LOGGER waiting_for_port glob=/dev/cu.usbmodem*
2026-04-24T09:01:08.872-04:00 LOGGER waiting_for_port glob=/dev/cu.usbmodem*
2026-04-24T09:01:10.884-04:00 LOGGER waiting_for_port glob=/dev/cu.usbmodem*
2026-04-24T09:01:12.888-04:00 LOGGER waiting_for_port glob=/dev/cu.usbmodem*
2026-04-24T09:01:14.896-04:00 LOGGER waiting_for_port glob=/dev/cu.usbmodem*
2026-04-24T09:01:16.900-04:00 LOGGER waiting_for_port glob=/dev/cu.usbmodem*
2026-04-24T09:01:18.907-04:00 LOGGER waiting_for_port glob=/dev/cu.usbmodem*
2026-04-24T09:01:20.918-04:00 LOGGER waiting_for_port glob=/dev/cu.usbmodem*
2026-04-24T09:01:22.919-04:00 LOGGER waiting_for_port glob=/dev/cu.usbmodem*
2026-04-24T09:01:24.928-04:00 LOGGER waiting_for_port glob=/dev/cu.usbmodem*
2026-04-24T09:01:26.934-04:00 LOGGER waiting_for_port glob=/dev/cu.usbmodem*
2026-04-24T09:01:28.941-04:00 LOGGER waiting_for_port glob=/dev/cu.usbmodem*
2026-04-24T09:01:30.943-04:00 LOGGER waiting_for_port glob=/dev/cu.usbmodem*
2026-04-24T09:01:32.949-04:00 LOGGER waiting_for_port glob=/dev/cu.usbmodem*
2026-04-24T09:01:34.958-04:00 LOGGER waiting_for_port glob=/dev/cu.usbmodem*
2026-04-24T09:01:36.969-04:00 LOGGER waiting_for_port glob=/dev/cu.usbmodem*
2026-04-24T09:01:38.978-04:00 LOGGER waiting_for_port glob=/dev/cu.usbmodem*
2026-04-24T09:01:40.982-04:00 LOGGER waiting_for_port glob=/dev/cu.usbmodem*
2026-04-24T09:01:42.988-04:00 LOGGER waiting_for_port glob=/dev/cu.usbmodem*
2026-04-24T09:01:44.999-04:00 LOGGER waiting_for_port glob=/dev/cu.usbmodem*
2026-04-24T09:01:47.005-04:00 LOGGER waiting_for_port glob=/dev/cu.usbmodem*
2026-04-24T09:01:49.013-04:00 LOGGER waiting_for_port glob=/dev/cu.usbmodem*
2026-04-24T09:01:51.018-04:00 LOGGER waiting_for_port glob=/dev/cu.usbmodem*
2026-04-24T09:01:53.024-04:00 LOGGER waiting_for_port glob=/dev/cu.usbmodem*
2026-04-24T09:01:55.028-04:00 LOGGER waiting_for_port glob=/dev/cu.usbmodem*
2026-04-24T09:01:57.032-04:00 LOGGER waiting_for_port glob=/dev/cu.usbmodem*
2026-04-24T09:01:59.035-04:00 LOGGER waiting_for_port glob=/dev/cu.usbmodem*
2026-04-24T09:02:01.044-04:00 LOGGER waiting_for_port glob=/dev/cu.usbmodem*
2026-04-24T09:02:03.050-04:00 LOGGER waiting_for_port glob=/dev/cu.usbmodem*
2026-04-24T09:02:05.051-04:00 LOGGER waiting_for_port glob=/dev/cu.usbmodem*
2026-04-24T09:02:07.053-04:00 LOGGER waiting_for_port glob=/dev/cu.usbmodem*
2026-04-24T09:02:09.057-04:00 LOGGER waiting_for_port glob=/dev/cu.usbmodem*
2026-04-24T09:02:11.063-04:00 LOGGER waiting_for_port glob=/dev/cu.usbmodem*
2026-04-24T09:02:13.067-04:00 LOGGER waiting_for_port glob=/dev/cu.usbmodem*
2026-04-24T09:02:15.073-04:00 LOGGER waiting_for_port glob=/dev/cu.usbmodem*
2026-04-24T09:02:17.080-04:00 LOGGER waiting_for_port glob=/dev/cu.usbmodem*
2026-04-24T09:02:19.082-04:00 LOGGER waiting_for_port glob=/dev/cu.usbmodem*
2026-04-24T09:02:21.092-04:00 LOGGER waiting_for_port glob=/dev/cu.usbmodem*
2026-04-24T09:02:23.095-04:00 LOGGER waiting_for_port glob=/dev/cu.usbmodem*
2026-04-24T09:02:25.103-04:00 LOGGER waiting_for_port glob=/dev/cu.usbmodem*
2026-04-24T09:02:27.114-04:00 LOGGER waiting_for_port glob=/dev/cu.usbmodem*
2026-04-24T09:02:29.123-04:00 LOGGER waiting_for_port glob=/dev/cu.usbmodem*
2026-04-24T09:02:31.129-04:00 LOGGER waiting_for_port glob=/dev/cu.usbmodem*
2026-04-24T09:02:33.138-04:00 LOGGER waiting_for_port glob=/dev/cu.usbmodem*
2026-04-24T09:02:35.150-04:00 LOGGER waiting_for_port glob=/dev/cu.usbmodem*
2026-04-24T09:02:37.158-04:00 LOGGER waiting_for_port glob=/dev/cu.usbmodem*
2026-04-24T09:02:39.167-04:00 LOGGER waiting_for_port glob=/dev/cu.usbmodem*
2026-04-24T09:02:41.178-04:00 LOGGER waiting_for_port glob=/dev/cu.usbmodem*
2026-04-24T09:02:43.189-04:00 LOGGER waiting_for_port glob=/dev/cu.usbmodem*
2026-04-24T09:02:45.196-04:00 LOGGER waiting_for_port glob=/dev/cu.usbmodem*
2026-04-24T09:02:47.202-04:00 LOGGER waiting_for_port glob=/dev/cu.usbmodem*
2026-04-24T09:02:49.205-04:00 LOGGER waiting_for_port glob=/dev/cu.usbmodem*
2026-04-24T09:02:51.211-04:00 LOGGER waiting_for_port glob=/dev/cu.usbmodem*
2026-04-24T09:02:53.219-04:00 LOGGER waiting_for_port glob=/dev/cu.usbmodem*
2026-04-24T09:02:55.225-04:00 LOGGER waiting_for_port glob=/dev/cu.usbmodem*
2026-04-24T09:02:57.228-04:00 LOGGER waiting_for_port glob=/dev/cu.usbmodem*
2026-04-24T09:02:59.237-04:00 LOGGER waiting_for_port glob=/dev/cu.usbmodem*
2026-04-24T09:03:01.241-04:00 LOGGER waiting_for_port glob=/dev/cu.usbmodem*
2026-04-24T09:03:03.246-04:00 LOGGER waiting_for_port glob=/dev/cu.usbmodem*
2026-04-24T09:03:05.254-04:00 LOGGER waiting_for_port glob=/dev/cu.usbmodem*
2026-04-24T09:03:07.260-04:00 LOGGER waiting_for_port glob=/dev/cu.usbmodem*
2026-04-24T09:03:09.267-04:00 LOGGER waiting_for_port glob=/dev/cu.usbmodem*
2026-04-24T09:03:11.271-04:00 LOGGER waiting_for_port glob=/dev/cu.usbmodem*
2026-04-24T09:03:13.277-04:00 LOGGER waiting_for_port glob=/dev/cu.usbmodem*
2026-04-24T09:03:15.288-04:00 LOGGER waiting_for_port glob=/dev/cu.usbmodem*
2026-04-24T09:03:17.294-04:00 LOGGER waiting_for_port glob=/dev/cu.usbmodem*
2026-04-24T09:03:19.304-04:00 LOGGER waiting_for_port glob=/dev/cu.usbmodem*
2026-04-24T09:03:21.309-04:00 LOGGER waiting_for_port glob=/dev/cu.usbmodem*
2026-04-24T09:03:23.315-04:00 LOGGER waiting_for_port glob=/dev/cu.usbmodem*
2026-04-24T09:03:25.326-04:00 LOGGER waiting_for_port glob=/dev/cu.usbmodem*
2026-04-24T09:03:27.332-04:00 LOGGER waiting_for_port glob=/dev/cu.usbmodem*
2026-04-24T09:03:29.338-04:00 LOGGER waiting_for_port glob=/dev/cu.usbmodem*
2026-04-24T09:03:31.342-04:00 LOGGER waiting_for_port glob=/dev/cu.usbmodem*
2026-04-24T09:03:33.353-04:00 LOGGER waiting_for_port glob=/dev/cu.usbmodem*
2026-04-24T09:03:35.357-04:00 LOGGER waiting_for_port glob=/dev/cu.usbmodem*
2026-04-24T09:03:37.361-04:00 LOGGER waiting_for_port glob=/dev/cu.usbmodem*
2026-04-24T09:03:39.371-04:00 LOGGER waiting_for_port glob=/dev/cu.usbmodem*
2026-04-24T09:03:41.375-04:00 LOGGER waiting_for_port glob=/dev/cu.usbmodem*
2026-04-24T09:03:43.386-04:00 LOGGER waiting_for_port glob=/dev/cu.usbmodem*
2026-04-24T09:03:45.392-04:00 LOGGER waiting_for_port glob=/dev/cu.usbmodem*
2026-04-24T09:03:47.393-04:00 LOGGER waiting_for_port glob=/dev/cu.usbmodem*
2026-04-24T09:03:49.404-04:00 LOGGER waiting_for_port glob=/dev/cu.usbmodem*
2026-04-24T09:03:51.408-04:00 LOGGER waiting_for_port glob=/dev/cu.usbmodem*
2026-04-24T09:03:53.418-04:00 LOGGER waiting_for_port glob=/dev/cu.usbmodem*
2026-04-24T09:03:55.428-04:00 LOGGER waiting_for_port glob=/dev/cu.usbmodem*
2026-04-24T09:03:57.432-04:00 LOGGER waiting_for_port glob=/dev/cu.usbmodem*
2026-04-24T09:03:59.440-04:00 LOGGER waiting_for_port glob=/dev/cu.usbmodem*
2026-04-24T09:04:01.446-04:00 LOGGER waiting_for_port glob=/dev/cu.usbmodem*
2026-04-24T09:04:03.450-04:00 LOGGER waiting_for_port glob=/dev/cu.usbmodem*
2026-04-24T09:04:05.451-04:00 LOGGER waiting_for_port glob=/dev/cu.usbmodem*
2026-04-24T09:04:07.458-04:00 LOGGER waiting_for_port glob=/dev/cu.usbmodem*
2026-04-24T09:04:09.462-04:00 LOGGER waiting_for_port glob=/dev/cu.usbmodem*
2026-04-24T09:04:11.465-04:00 LOGGER waiting_for_port glob=/dev/cu.usbmodem*
2026-04-24T09:04:13.467-04:00 LOGGER waiting_for_port glob=/dev/cu.usbmodem*
2026-04-24T09:04:15.474-04:00 LOGGER waiting_for_port glob=/dev/cu.usbmodem*
2026-04-24T09:04:17.486-04:00 LOGGER waiting_for_port glob=/dev/cu.usbmodem*
2026-04-24T09:04:19.490-04:00 LOGGER waiting_for_port glob=/dev/cu.usbmodem*
2026-04-24T09:04:21.501-04:00 LOGGER waiting_for_port glob=/dev/cu.usbmodem*
2026-04-24T09:04:23.507-04:00 LOGGER waiting_for_port glob=/dev/cu.usbmodem*
2026-04-24T09:04:25.517-04:00 LOGGER waiting_for_port glob=/dev/cu.usbmodem*
2026-04-24T09:04:27.528-04:00 LOGGER waiting_for_port glob=/dev/cu.usbmodem*
2026-04-24T09:04:29.538-04:00 LOGGER waiting_for_port glob=/dev/cu.usbmodem*
2026-04-24T09:04:31.547-04:00 LOGGER waiting_for_port glob=/dev/cu.usbmodem*
2026-04-24T09:04:33.553-04:00 LOGGER waiting_for_port glob=/dev/cu.usbmodem*
2026-04-24T09:04:35.559-04:00 LOGGER waiting_for_port glob=/dev/cu.usbmodem*
2026-04-24T09:04:37.564-04:00 LOGGER waiting_for_port glob=/dev/cu.usbmodem*
2026-04-24T09:04:39.565-04:00 LOGGER waiting_for_port glob=/dev/cu.usbmodem*
2026-04-24T09:04:41.571-04:00 LOGGER waiting_for_port glob=/dev/cu.usbmodem*
2026-04-24T09:04:43.582-04:00 LOGGER waiting_for_port glob=/dev/cu.usbmodem*
2026-04-24T09:04:45.586-04:00 LOGGER waiting_for_port glob=/dev/cu.usbmodem*
2026-04-24T09:04:47.594-04:00 LOGGER waiting_for_port glob=/dev/cu.usbmodem*
2026-04-24T09:04:49.604-04:00 LOGGER waiting_for_port glob=/dev/cu.usbmodem*
2026-04-24T09:04:51.611-04:00 LOGGER waiting_for_port glob=/dev/cu.usbmodem*
2026-04-24T09:04:53.620-04:00 LOGGER waiting_for_port glob=/dev/cu.usbmodem*
2026-04-24T09:04:55.623-04:00 LOGGER waiting_for_port glob=/dev/cu.usbmodem*
2026-04-24T09:04:57.634-04:00 LOGGER waiting_for_port glob=/dev/cu.usbmodem*
2026-04-24T09:04:59.640-04:00 LOGGER waiting_for_port glob=/dev/cu.usbmodem*
2026-04-24T09:05:01.644-04:00 LOGGER waiting_for_port glob=/dev/cu.usbmodem*
2026-04-24T09:05:03.654-04:00 LOGGER waiting_for_port glob=/dev/cu.usbmodem*
2026-04-24T09:05:05.660-04:00 LOGGER waiting_for_port glob=/dev/cu.usbmodem*
2026-04-24T09:05:07.671-04:00 LOGGER waiting_for_port glob=/dev/cu.usbmodem*
2026-04-24T09:05:09.681-04:00 LOGGER waiting_for_port glob=/dev/cu.usbmodem*
2026-04-24T09:05:11.690-04:00 LOGGER waiting_for_port glob=/dev/cu.usbmodem*
2026-04-24T09:05:13.697-04:00 LOGGER waiting_for_port glob=/dev/cu.usbmodem*
2026-04-24T09:05:15.702-04:00 LOGGER waiting_for_port glob=/dev/cu.usbmodem*
2026-04-24T09:05:17.706-04:00 LOGGER waiting_for_port glob=/dev/cu.usbmodem*
2026-04-24T09:05:19.711-04:00 LOGGER waiting_for_port glob=/dev/cu.usbmodem*
2026-04-24T09:05:21.719-04:00 LOGGER waiting_for_port glob=/dev/cu.usbmodem*
2026-04-24T09:05:23.725-04:00 LOGGER waiting_for_port glob=/dev/cu.usbmodem*
2026-04-24T09:05:25.735-04:00 LOGGER waiting_for_port glob=/dev/cu.usbmodem*
2026-04-24T09:05:27.746-04:00 LOGGER waiting_for_port glob=/dev/cu.usbmodem*
2026-04-24T09:05:29.753-04:00 LOGGER waiting_for_port glob=/dev/cu.usbmodem*
2026-04-24T09:05:31.764-04:00 LOGGER waiting_for_port glob=/dev/cu.usbmodem*
2026-04-24T09:05:33.773-04:00 LOGGER waiting_for_port glob=/dev/cu.usbmodem*
2026-04-24T09:05:35.784-04:00 LOGGER waiting_for_port glob=/dev/cu.usbmodem*
2026-04-24T09:05:37.790-04:00 LOGGER waiting_for_port glob=/dev/cu.usbmodem*
2026-04-24T09:05:39.801-04:00 LOGGER waiting_for_port glob=/dev/cu.usbmodem*
2026-04-24T09:05:41.807-04:00 LOGGER waiting_for_port glob=/dev/cu.usbmodem*
2026-04-24T09:05:43.813-04:00 LOGGER waiting_for_port glob=/dev/cu.usbmodem*
2026-04-24T09:05:45.817-04:00 LOGGER waiting_for_port glob=/dev/cu.usbmodem*
2026-04-24T09:05:47.827-04:00 LOGGER waiting_for_port glob=/dev/cu.usbmodem*
2026-04-24T09:05:49.833-04:00 LOGGER waiting_for_port glob=/dev/cu.usbmodem*
2026-04-24T09:05:51.836-04:00 LOGGER waiting_for_port glob=/dev/cu.usbmodem*
2026-04-24T09:05:53.839-04:00 LOGGER waiting_for_port glob=/dev/cu.usbmodem*
2026-04-24T09:05:55.842-04:00 LOGGER waiting_for_port glob=/dev/cu.usbmodem*
2026-04-24T09:05:57.850-04:00 LOGGER waiting_for_port glob=/dev/cu.usbmodem*
2026-04-24T09:05:59.852-04:00 LOGGER waiting_for_port glob=/dev/cu.usbmodem*
2026-04-24T09:06:01.860-04:00 LOGGER waiting_for_port glob=/dev/cu.usbmodem*
2026-04-24T09:06:03.870-04:00 LOGGER waiting_for_port glob=/dev/cu.usbmodem*
2026-04-24T09:06:05.875-04:00 LOGGER waiting_for_port glob=/dev/cu.usbmodem*
2026-04-24T09:06:07.878-04:00 LOGGER waiting_for_port glob=/dev/cu.usbmodem*
2026-04-24T09:06:09.882-04:00 LOGGER waiting_for_port glob=/dev/cu.usbmodem*
2026-04-24T09:06:11.888-04:00 LOGGER waiting_for_port glob=/dev/cu.usbmodem*
2026-04-24T09:06:13.899-04:00 LOGGER waiting_for_port glob=/dev/cu.usbmodem*
2026-04-24T09:06:15.901-04:00 LOGGER waiting_for_port glob=/dev/cu.usbmodem*
2026-04-24T09:06:17.905-04:00 LOGGER waiting_for_port glob=/dev/cu.usbmodem*
2026-04-24T09:06:19.912-04:00 LOGGER waiting_for_port glob=/dev/cu.usbmodem*
2026-04-24T09:06:21.917-04:00 LOGGER waiting_for_port glob=/dev/cu.usbmodem*
2026-04-24T09:06:23.922-04:00 LOGGER waiting_for_port glob=/dev/cu.usbmodem*
2026-04-24T09:06:25.933-04:00 LOGGER waiting_for_port glob=/dev/cu.usbmodem*
2026-04-24T09:06:27.945-04:00 LOGGER waiting_for_port glob=/dev/cu.usbmodem*
2026-04-24T09:06:29.957-04:00 LOGGER waiting_for_port glob=/dev/cu.usbmodem*
2026-04-24T09:06:31.969-04:00 LOGGER waiting_for_port glob=/dev/cu.usbmodem*
2026-04-24T09:06:33.981-04:00 LOGGER waiting_for_port glob=/dev/cu.usbmodem*
2026-04-24T09:06:35.988-04:00 LOGGER waiting_for_port glob=/dev/cu.usbmodem*
2026-04-24T09:06:37.998-04:00 LOGGER waiting_for_port glob=/dev/cu.usbmodem*
2026-04-24T09:06:40.000-04:00 LOGGER waiting_for_port glob=/dev/cu.usbmodem*
2026-04-24T09:06:42.010-04:00 LOGGER waiting_for_port glob=/dev/cu.usbmodem*
2026-04-24T09:06:44.022-04:00 LOGGER waiting_for_port glob=/dev/cu.usbmodem*
2026-04-24T09:06:46.030-04:00 LOGGER waiting_for_port glob=/dev/cu.usbmodem*
2026-04-24T09:06:48.041-04:00 LOGGER waiting_for_port glob=/dev/cu.usbmodem*
2026-04-24T09:06:50.047-04:00 LOGGER waiting_for_port glob=/dev/cu.usbmodem*
2026-04-24T09:06:52.053-04:00 LOGGER waiting_for_port glob=/dev/cu.usbmodem*
2026-04-24T09:06:54.057-04:00 LOGGER waiting_for_port glob=/dev/cu.usbmodem*
2026-04-24T09:06:56.063-04:00 LOGGER waiting_for_port glob=/dev/cu.usbmodem*
2026-04-24T09:06:58.071-04:00 LOGGER waiting_for_port glob=/dev/cu.usbmodem*
2026-04-24T09:07:00.077-04:00 LOGGER waiting_for_port glob=/dev/cu.usbmodem*
2026-04-24T09:07:02.089-04:00 LOGGER waiting_for_port glob=/dev/cu.usbmodem*
2026-04-24T09:07:04.092-04:00 LOGGER waiting_for_port glob=/dev/cu.usbmodem*
2026-04-24T09:07:06.096-04:00 LOGGER waiting_for_port glob=/dev/cu.usbmodem*
2026-04-24T09:07:08.099-04:00 LOGGER waiting_for_port glob=/dev/cu.usbmodem*
2026-04-24T09:07:10.106-04:00 LOGGER waiting_for_port glob=/dev/cu.usbmodem*
2026-04-24T09:07:12.110-04:00 LOGGER waiting_for_port glob=/dev/cu.usbmodem*
2026-04-24T09:07:14.113-04:00 LOGGER waiting_for_port glob=/dev/cu.usbmodem*
2026-04-24T09:07:16.123-04:00 LOGGER waiting_for_port glob=/dev/cu.usbmodem*
2026-04-24T09:07:18.129-04:00 LOGGER waiting_for_port glob=/dev/cu.usbmodem*
2026-04-24T09:07:20.137-04:00 LOGGER waiting_for_port glob=/dev/cu.usbmodem*
2026-04-24T09:07:22.149-04:00 LOGGER waiting_for_port glob=/dev/cu.usbmodem*
2026-04-24T09:07:24.161-04:00 LOGGER waiting_for_port glob=/dev/cu.usbmodem*
2026-04-24T09:07:26.172-04:00 LOGGER waiting_for_port glob=/dev/cu.usbmodem*
2026-04-24T09:07:28.184-04:00 LOGGER waiting_for_port glob=/dev/cu.usbmodem*
2026-04-24T09:07:30.192-04:00 LOGGER waiting_for_port glob=/dev/cu.usbmodem*
2026-04-24T09:07:32.204-04:00 LOGGER waiting_for_port glob=/dev/cu.usbmodem*
2026-04-24T09:07:34.211-04:00 LOGGER waiting_for_port glob=/dev/cu.usbmodem*
2026-04-24T09:07:36.221-04:00 LOGGER waiting_for_port glob=/dev/cu.usbmodem*
2026-04-24T09:07:38.227-04:00 LOGGER waiting_for_port glob=/dev/cu.usbmodem*
2026-04-24T09:07:40.235-04:00 LOGGER waiting_for_port glob=/dev/cu.usbmodem*
2026-04-24T09:07:42.244-04:00 LOGGER waiting_for_port glob=/dev/cu.usbmodem*
2026-04-24T09:07:44.255-04:00 LOGGER waiting_for_port glob=/dev/cu.usbmodem*
2026-04-24T09:07:46.260-04:00 LOGGER waiting_for_port glob=/dev/cu.usbmodem*
2026-04-24T09:07:48.268-04:00 LOGGER waiting_for_port glob=/dev/cu.usbmodem*
2026-04-24T09:07:50.275-04:00 LOGGER waiting_for_port glob=/dev/cu.usbmodem*
2026-04-24T09:07:52.280-04:00 LOGGER waiting_for_port glob=/dev/cu.usbmodem*
2026-04-24T09:07:54.288-04:00 LOGGER waiting_for_port glob=/dev/cu.usbmodem*
2026-04-24T09:07:56.293-04:00 LOGGER waiting_for_port glob=/dev/cu.usbmodem*
2026-04-24T09:07:58.304-04:00 LOGGER waiting_for_port glob=/dev/cu.usbmodem*
2026-04-24T09:08:00.312-04:00 LOGGER waiting_for_port glob=/dev/cu.usbmodem*
2026-04-24T09:08:02.318-04:00 LOGGER waiting_for_port glob=/dev/cu.usbmodem*
2026-04-24T09:08:04.326-04:00 LOGGER waiting_for_port glob=/dev/cu.usbmodem*
2026-04-24T09:08:06.329-04:00 LOGGER waiting_for_port glob=/dev/cu.usbmodem*
2026-04-24T09:08:08.336-04:00 LOGGER waiting_for_port glob=/dev/cu.usbmodem*
2026-04-24T09:08:10.340-04:00 LOGGER waiting_for_port glob=/dev/cu.usbmodem*
2026-04-24T09:08:12.343-04:00 LOGGER waiting_for_port glob=/dev/cu.usbmodem*
2026-04-24T09:08:14.349-04:00 LOGGER waiting_for_port glob=/dev/cu.usbmodem*
2026-04-24T09:08:16.355-04:00 LOGGER waiting_for_port glob=/dev/cu.usbmodem*
2026-04-24T09:08:18.362-04:00 LOGGER waiting_for_port glob=/dev/cu.usbmodem*
2026-04-24T09:08:20.373-04:00 LOGGER waiting_for_port glob=/dev/cu.usbmodem*
2026-04-24T09:08:22.385-04:00 LOGGER waiting_for_port glob=/dev/cu.usbmodem*
2026-04-24T09:08:24.397-04:00 LOGGER waiting_for_port glob=/dev/cu.usbmodem*
2026-04-24T09:08:26.403-04:00 LOGGER waiting_for_port glob=/dev/cu.usbmodem*
2026-04-24T09:08:28.413-04:00 LOGGER waiting_for_port glob=/dev/cu.usbmodem*
2026-04-24T09:08:30.424-04:00 LOGGER waiting_for_port glob=/dev/cu.usbmodem*
2026-04-24T09:08:32.431-04:00 LOGGER waiting_for_port glob=/dev/cu.usbmodem*
2026-04-24T09:08:34.440-04:00 LOGGER waiting_for_port glob=/dev/cu.usbmodem*
2026-04-24T09:08:36.444-04:00 LOGGER waiting_for_port glob=/dev/cu.usbmodem*
2026-04-24T09:08:38.446-04:00 LOGGER waiting_for_port glob=/dev/cu.usbmodem*
2026-04-24T09:08:40.452-04:00 LOGGER waiting_for_port glob=/dev/cu.usbmodem*
2026-04-24T09:08:42.458-04:00 LOGGER waiting_for_port glob=/dev/cu.usbmodem*
2026-04-24T09:08:44.470-04:00 LOGGER waiting_for_port glob=/dev/cu.usbmodem*
2026-04-24T09:08:46.474-04:00 LOGGER waiting_for_port glob=/dev/cu.usbmodem*
2026-04-24T09:08:48.484-04:00 LOGGER waiting_for_port glob=/dev/cu.usbmodem*
2026-04-24T09:08:50.490-04:00 LOGGER waiting_for_port glob=/dev/cu.usbmodem*
2026-04-24T09:08:52.496-04:00 LOGGER waiting_for_port glob=/dev/cu.usbmodem*
2026-04-24T09:08:54.506-04:00 LOGGER waiting_for_port glob=/dev/cu.usbmodem*
2026-04-24T09:08:56.516-04:00 LOGGER waiting_for_port glob=/dev/cu.usbmodem*
2026-04-24T09:08:58.522-04:00 LOGGER waiting_for_port glob=/dev/cu.usbmodem*
2026-04-24T09:09:00.526-04:00 LOGGER waiting_for_port glob=/dev/cu.usbmodem*
2026-04-24T09:09:02.532-04:00 LOGGER waiting_for_port glob=/dev/cu.usbmodem*
2026-04-24T09:09:04.537-04:00 LOGGER waiting_for_port glob=/dev/cu.usbmodem*
2026-04-24T09:09:06.545-04:00 LOGGER waiting_for_port glob=/dev/cu.usbmodem*
2026-04-24T09:09:08.555-04:00 LOGGER waiting_for_port glob=/dev/cu.usbmodem*
2026-04-24T09:09:10.560-04:00 LOGGER waiting_for_port glob=/dev/cu.usbmodem*
2026-04-24T09:09:12.571-04:00 LOGGER waiting_for_port glob=/dev/cu.usbmodem*
2026-04-24T09:09:14.581-04:00 LOGGER waiting_for_port glob=/dev/cu.usbmodem*
2026-04-24T09:09:16.584-04:00 LOGGER waiting_for_port glob=/dev/cu.usbmodem*
2026-04-24T09:09:18.590-04:00 LOGGER waiting_for_port glob=/dev/cu.usbmodem*
2026-04-24T09:09:20.599-04:00 LOGGER waiting_for_port glob=/dev/cu.usbmodem*
2026-04-24T09:09:22.604-04:00 LOGGER waiting_for_port glob=/dev/cu.usbmodem*
2026-04-24T09:09:24.612-04:00 LOGGER waiting_for_port glob=/dev/cu.usbmodem*
2026-04-24T09:09:26.617-04:00 LOGGER waiting_for_port glob=/dev/cu.usbmodem*
2026-04-24T09:09:28.624-04:00 LOGGER waiting_for_port glob=/dev/cu.usbmodem*
2026-04-24T09:09:30.632-04:00 LOGGER waiting_for_port glob=/dev/cu.usbmodem*
2026-04-24T09:09:32.643-04:00 LOGGER waiting_for_port glob=/dev/cu.usbmodem*
2026-04-24T09:09:34.652-04:00 LOGGER waiting_for_port glob=/dev/cu.usbmodem*
2026-04-24T09:09:36.659-04:00 LOGGER waiting_for_port glob=/dev/cu.usbmodem*
2026-04-24T09:09:38.665-04:00 LOGGER waiting_for_port glob=/dev/cu.usbmodem*
2026-04-24T09:09:40.669-04:00 LOGGER waiting_for_port glob=/dev/cu.usbmodem*
2026-04-24T09:09:42.676-04:00 LOGGER waiting_for_port glob=/dev/cu.usbmodem*
2026-04-24T09:09:44.686-04:00 LOGGER waiting_for_port glob=/dev/cu.usbmodem*
2026-04-24T09:09:46.690-04:00 LOGGER waiting_for_port glob=/dev/cu.usbmodem*
2026-04-24T09:09:48.692-04:00 LOGGER waiting_for_port glob=/dev/cu.usbmodem*
2026-04-24T09:09:50.701-04:00 LOGGER waiting_for_port glob=/dev/cu.usbmodem*
2026-04-24T09:09:52.706-04:00 LOGGER waiting_for_port glob=/dev/cu.usbmodem*
2026-04-24T09:09:54.718-04:00 LOGGER waiting_for_port glob=/dev/cu.usbmodem*
2026-04-24T09:09:56.722-04:00 LOGGER waiting_for_port glob=/dev/cu.usbmodem*
2026-04-24T09:09:58.732-04:00 LOGGER waiting_for_port glob=/dev/cu.usbmodem*
2026-04-24T09:10:00.739-04:00 LOGGER waiting_for_port glob=/dev/cu.usbmodem*
2026-04-24T09:10:02.745-04:00 LOGGER waiting_for_port glob=/dev/cu.usbmodem*
2026-04-24T09:10:04.757-04:00 LOGGER waiting_for_port glob=/dev/cu.usbmodem*
2026-04-24T09:10:06.765-04:00 LOGGER waiting_for_port glob=/dev/cu.usbmodem*
2026-04-24T09:10:08.768-04:00 LOGGER waiting_for_port glob=/dev/cu.usbmodem*
2026-04-24T09:10:10.770-04:00 LOGGER waiting_for_port glob=/dev/cu.usbmodem*
2026-04-24T09:10:12.782-04:00 LOGGER waiting_for_port glob=/dev/cu.usbmodem*
2026-04-24T09:10:14.789-04:00 LOGGER waiting_for_port glob=/dev/cu.usbmodem*
2026-04-24T09:10:16.799-04:00 LOGGER waiting_for_port glob=/dev/cu.usbmodem*
2026-04-24T09:10:18.806-04:00 LOGGER waiting_for_port glob=/dev/cu.usbmodem*
2026-04-24T09:10:20.814-04:00 LOGGER waiting_for_port glob=/dev/cu.usbmodem*
2026-04-24T09:10:22.818-04:00 LOGGER waiting_for_port glob=/dev/cu.usbmodem*
2026-04-24T09:10:24.821-04:00 LOGGER waiting_for_port glob=/dev/cu.usbmodem*
2026-04-24T09:10:26.833-04:00 LOGGER waiting_for_port glob=/dev/cu.usbmodem*
2026-04-24T09:10:28.839-04:00 LOGGER waiting_for_port glob=/dev/cu.usbmodem*
2026-04-24T09:10:30.844-04:00 LOGGER waiting_for_port glob=/dev/cu.usbmodem*
2026-04-24T09:10:32.848-04:00 LOGGER waiting_for_port glob=/dev/cu.usbmodem*
2026-04-24T09:10:34.853-04:00 LOGGER waiting_for_port glob=/dev/cu.usbmodem*
2026-04-24T09:10:36.862-04:00 LOGGER waiting_for_port glob=/dev/cu.usbmodem*
2026-04-24T09:10:38.871-04:00 LOGGER waiting_for_port glob=/dev/cu.usbmodem*
2026-04-24T09:10:40.882-04:00 LOGGER waiting_for_port glob=/dev/cu.usbmodem*
2026-04-24T09:10:42.894-04:00 LOGGER waiting_for_port glob=/dev/cu.usbmodem*
2026-04-24T09:10:44.901-04:00 LOGGER waiting_for_port glob=/dev/cu.usbmodem*
2026-04-24T09:10:46.908-04:00 LOGGER waiting_for_port glob=/dev/cu.usbmodem*
2026-04-24T09:10:48.912-04:00 LOGGER waiting_for_port glob=/dev/cu.usbmodem*
2026-04-24T09:10:50.915-04:00 LOGGER waiting_for_port glob=/dev/cu.usbmodem*
2026-04-24T09:10:52.926-04:00 LOGGER waiting_for_port glob=/dev/cu.usbmodem*
2026-04-24T09:10:54.932-04:00 LOGGER waiting_for_port glob=/dev/cu.usbmodem*
2026-04-24T09:10:56.935-04:00 LOGGER waiting_for_port glob=/dev/cu.usbmodem*
2026-04-24T09:10:58.941-04:00 LOGGER waiting_for_port glob=/dev/cu.usbmodem*
2026-04-24T09:11:00.949-04:00 LOGGER waiting_for_port glob=/dev/cu.usbmodem*
2026-04-24T09:11:02.956-04:00 LOGGER waiting_for_port glob=/dev/cu.usbmodem*
2026-04-24T09:11:04.964-04:00 LOGGER waiting_for_port glob=/dev/cu.usbmodem*
2026-04-24T09:11:06.976-04:00 LOGGER waiting_for_port glob=/dev/cu.usbmodem*
2026-04-24T09:11:08.987-04:00 LOGGER waiting_for_port glob=/dev/cu.usbmodem*
2026-04-24T09:11:10.999-04:00 LOGGER waiting_for_port glob=/dev/cu.usbmodem*
2026-04-24T09:11:13.004-04:00 LOGGER waiting_for_port glob=/dev/cu.usbmodem*
2026-04-24T09:11:15.013-04:00 LOGGER waiting_for_port glob=/dev/cu.usbmodem*
2026-04-24T09:11:17.017-04:00 LOGGER waiting_for_port glob=/dev/cu.usbmodem*
2026-04-24T09:11:19.029-04:00 LOGGER waiting_for_port glob=/dev/cu.usbmodem*
2026-04-24T09:11:21.033-04:00 LOGGER waiting_for_port glob=/dev/cu.usbmodem*
2026-04-24T09:11:23.038-04:00 LOGGER waiting_for_port glob=/dev/cu.usbmodem*
2026-04-24T09:11:25.046-04:00 LOGGER waiting_for_port glob=/dev/cu.usbmodem*
2026-04-24T09:11:27.051-04:00 LOGGER waiting_for_port glob=/dev/cu.usbmodem*
2026-04-24T09:11:29.056-04:00 LOGGER waiting_for_port glob=/dev/cu.usbmodem*
2026-04-24T09:11:31.065-04:00 LOGGER waiting_for_port glob=/dev/cu.usbmodem*
2026-04-24T09:11:33.075-04:00 LOGGER waiting_for_port glob=/dev/cu.usbmodem*
2026-04-24T09:11:35.082-04:00 LOGGER waiting_for_port glob=/dev/cu.usbmodem*
2026-04-24T09:11:37.089-04:00 LOGGER waiting_for_port glob=/dev/cu.usbmodem*
2026-04-24T09:11:39.099-04:00 LOGGER waiting_for_port glob=/dev/cu.usbmodem*
2026-04-24T09:11:41.106-04:00 LOGGER waiting_for_port glob=/dev/cu.usbmodem*
2026-04-24T09:11:43.114-04:00 LOGGER waiting_for_port glob=/dev/cu.usbmodem*
2026-04-24T09:11:45.125-04:00 LOGGER waiting_for_port glob=/dev/cu.usbmodem*
2026-04-24T09:11:47.132-04:00 LOGGER waiting_for_port glob=/dev/cu.usbmodem*
2026-04-24T09:11:49.142-04:00 LOGGER waiting_for_port glob=/dev/cu.usbmodem*
2026-04-24T09:11:51.154-04:00 LOGGER waiting_for_port glob=/dev/cu.usbmodem*
2026-04-24T09:11:53.165-04:00 LOGGER waiting_for_port glob=/dev/cu.usbmodem*
2026-04-24T09:11:55.171-04:00 LOGGER waiting_for_port glob=/dev/cu.usbmodem*
2026-04-24T09:11:57.182-04:00 LOGGER waiting_for_port glob=/dev/cu.usbmodem*
2026-04-24T09:11:59.188-04:00 LOGGER waiting_for_port glob=/dev/cu.usbmodem*
2026-04-24T09:12:01.192-04:00 LOGGER waiting_for_port glob=/dev/cu.usbmodem*
2026-04-24T09:12:03.201-04:00 LOGGER waiting_for_port glob=/dev/cu.usbmodem*
2026-04-24T09:12:05.210-04:00 LOGGER waiting_for_port glob=/dev/cu.usbmodem*
2026-04-24T09:12:07.216-04:00 LOGGER waiting_for_port glob=/dev/cu.usbmodem*
2026-04-24T09:12:09.220-04:00 LOGGER waiting_for_port glob=/dev/cu.usbmodem*
2026-04-24T09:12:11.231-04:00 LOGGER waiting_for_port glob=/dev/cu.usbmodem*
2026-04-24T09:12:13.243-04:00 LOGGER waiting_for_port glob=/dev/cu.usbmodem*
2026-04-24T09:12:15.255-04:00 LOGGER waiting_for_port glob=/dev/cu.usbmodem*
2026-04-24T09:12:17.260-04:00 LOGGER waiting_for_port glob=/dev/cu.usbmodem*
2026-04-24T09:12:19.263-04:00 LOGGER waiting_for_port glob=/dev/cu.usbmodem*
2026-04-24T09:12:21.273-04:00 LOGGER waiting_for_port glob=/dev/cu.usbmodem*
2026-04-24T09:12:23.280-04:00 LOGGER waiting_for_port glob=/dev/cu.usbmodem*
2026-04-24T09:12:25.289-04:00 LOGGER waiting_for_port glob=/dev/cu.usbmodem*
2026-04-24T09:12:27.295-04:00 LOGGER waiting_for_port glob=/dev/cu.usbmodem*
2026-04-24T09:12:29.307-04:00 LOGGER waiting_for_port glob=/dev/cu.usbmodem*
2026-04-24T09:12:31.317-04:00 LOGGER waiting_for_port glob=/dev/cu.usbmodem*
2026-04-24T09:12:33.322-04:00 LOGGER waiting_for_port glob=/dev/cu.usbmodem*
2026-04-24T09:12:35.326-04:00 LOGGER waiting_for_port glob=/dev/cu.usbmodem*
2026-04-24T09:12:37.336-04:00 LOGGER waiting_for_port glob=/dev/cu.usbmodem*
2026-04-24T09:12:39.348-04:00 LOGGER waiting_for_port glob=/dev/cu.usbmodem*
2026-04-24T09:12:41.360-04:00 LOGGER waiting_for_port glob=/dev/cu.usbmodem*
2026-04-24T09:12:43.372-04:00 LOGGER waiting_for_port glob=/dev/cu.usbmodem*
2026-04-24T09:12:45.375-04:00 LOGGER waiting_for_port glob=/dev/cu.usbmodem*
2026-04-24T09:12:47.382-04:00 LOGGER waiting_for_port glob=/dev/cu.usbmodem*
2026-04-24T09:12:49.394-04:00 LOGGER waiting_for_port glob=/dev/cu.usbmodem*
2026-04-24T09:12:51.399-04:00 LOGGER waiting_for_port glob=/dev/cu.usbmodem*
2026-04-24T09:12:53.406-04:00 LOGGER waiting_for_port glob=/dev/cu.usbmodem*
2026-04-24T09:12:55.412-04:00 LOGGER waiting_for_port glob=/dev/cu.usbmodem*
2026-04-24T09:12:57.418-04:00 LOGGER waiting_for_port glob=/dev/cu.usbmodem*
2026-04-24T09:12:59.428-04:00 LOGGER waiting_for_port glob=/dev/cu.usbmodem*
2026-04-24T09:13:01.437-04:00 LOGGER waiting_for_port glob=/dev/cu.usbmodem*
2026-04-24T09:13:03.449-04:00 LOGGER waiting_for_port glob=/dev/cu.usbmodem*
2026-04-24T09:13:05.461-04:00 LOGGER waiting_for_port glob=/dev/cu.usbmodem*
2026-04-24T09:13:07.473-04:00 LOGGER waiting_for_port glob=/dev/cu.usbmodem*
2026-04-24T09:13:09.480-04:00 LOGGER waiting_for_port glob=/dev/cu.usbmodem*
2026-04-24T09:13:11.486-04:00 LOGGER waiting_for_port glob=/dev/cu.usbmodem*
2026-04-24T09:13:13.488-04:00 LOGGER waiting_for_port glob=/dev/cu.usbmodem*
2026-04-24T09:13:15.499-04:00 LOGGER waiting_for_port glob=/dev/cu.usbmodem*
2026-04-24T09:13:17.506-04:00 LOGGER waiting_for_port glob=/dev/cu.usbmodem*
2026-04-24T09:13:19.518-04:00 LOGGER waiting_for_port glob=/dev/cu.usbmodem*
2026-04-24T09:13:21.524-04:00 LOGGER waiting_for_port glob=/dev/cu.usbmodem*
2026-04-24T09:13:23.529-04:00 LOGGER waiting_for_port glob=/dev/cu.usbmodem*
2026-04-24T09:13:25.538-04:00 LOGGER waiting_for_port glob=/dev/cu.usbmodem*
2026-04-24T09:13:27.550-04:00 LOGGER waiting_for_port glob=/dev/cu.usbmodem*
2026-04-24T09:13:29.563-04:00 LOGGER waiting_for_port glob=/dev/cu.usbmodem*
2026-04-24T09:13:31.569-04:00 LOGGER waiting_for_port glob=/dev/cu.usbmodem*
2026-04-24T09:13:33.581-04:00 LOGGER waiting_for_port glob=/dev/cu.usbmodem*
2026-04-24T09:13:35.593-04:00 LOGGER waiting_for_port glob=/dev/cu.usbmodem*
2026-04-24T09:13:37.604-04:00 LOGGER waiting_for_port glob=/dev/cu.usbmodem*
2026-04-24T09:13:39.611-04:00 LOGGER waiting_for_port glob=/dev/cu.usbmodem*
2026-04-24T09:13:41.621-04:00 LOGGER waiting_for_port glob=/dev/cu.usbmodem*
2026-04-24T09:13:43.633-04:00 LOGGER waiting_for_port glob=/dev/cu.usbmodem*
2026-04-24T09:13:45.641-04:00 LOGGER waiting_for_port glob=/dev/cu.usbmodem*
2026-04-24T09:13:47.644-04:00 LOGGER waiting_for_port glob=/dev/cu.usbmodem*
2026-04-24T09:13:49.654-04:00 LOGGER waiting_for_port glob=/dev/cu.usbmodem*
2026-04-24T09:13:51.666-04:00 LOGGER waiting_for_port glob=/dev/cu.usbmodem*
2026-04-24T09:13:53.672-04:00 LOGGER waiting_for_port glob=/dev/cu.usbmodem*
2026-04-24T09:13:55.678-04:00 LOGGER waiting_for_port glob=/dev/cu.usbmodem*
2026-04-24T09:13:57.684-04:00 LOGGER waiting_for_port glob=/dev/cu.usbmodem*
2026-04-24T09:13:59.690-04:00 LOGGER waiting_for_port glob=/dev/cu.usbmodem*
2026-04-24T09:14:01.700-04:00 LOGGER waiting_for_port glob=/dev/cu.usbmodem*
2026-04-24T09:14:03.707-04:00 LOGGER waiting_for_port glob=/dev/cu.usbmodem*
2026-04-24T09:14:05.711-04:00 LOGGER waiting_for_port glob=/dev/cu.usbmodem*
2026-04-24T09:14:07.723-04:00 LOGGER waiting_for_port glob=/dev/cu.usbmodem*
2026-04-24T09:14:09.729-04:00 LOGGER waiting_for_port glob=/dev/cu.usbmodem*
2026-04-24T09:14:11.736-04:00 LOGGER waiting_for_port glob=/dev/cu.usbmodem*
2026-04-24T09:14:13.743-04:00 LOGGER waiting_for_port glob=/dev/cu.usbmodem*
2026-04-24T09:14:15.751-04:00 LOGGER waiting_for_port glob=/dev/cu.usbmodem*
2026-04-24T09:14:17.757-04:00 LOGGER waiting_for_port glob=/dev/cu.usbmodem*
2026-04-24T09:14:19.761-04:00 LOGGER waiting_for_port glob=/dev/cu.usbmodem*
2026-04-24T09:14:21.768-04:00 LOGGER waiting_for_port glob=/dev/cu.usbmodem*
2026-04-24T09:14:23.771-04:00 LOGGER waiting_for_port glob=/dev/cu.usbmodem*
2026-04-24T09:14:25.774-04:00 LOGGER waiting_for_port glob=/dev/cu.usbmodem*
2026-04-24T09:14:27.784-04:00 LOGGER waiting_for_port glob=/dev/cu.usbmodem*
2026-04-24T09:14:29.795-04:00 LOGGER waiting_for_port glob=/dev/cu.usbmodem*
2026-04-24T09:14:31.801-04:00 LOGGER waiting_for_port glob=/dev/cu.usbmodem*
2026-04-24T09:14:33.809-04:00 LOGGER waiting_for_port glob=/dev/cu.usbmodem*
2026-04-24T09:14:35.817-04:00 LOGGER waiting_for_port glob=/dev/cu.usbmodem*
2026-04-24T09:14:37.824-04:00 LOGGER waiting_for_port glob=/dev/cu.usbmodem*
2026-04-24T09:14:39.830-04:00 LOGGER waiting_for_port glob=/dev/cu.usbmodem*
2026-04-24T09:14:41.835-04:00 LOGGER waiting_for_port glob=/dev/cu.usbmodem*
2026-04-24T09:14:43.846-04:00 LOGGER waiting_for_port glob=/dev/cu.usbmodem*
2026-04-24T09:14:45.854-04:00 LOGGER waiting_for_port glob=/dev/cu.usbmodem*
2026-04-24T09:14:47.860-04:00 LOGGER waiting_for_port glob=/dev/cu.usbmodem*
2026-04-24T09:14:49.866-04:00 LOGGER waiting_for_port glob=/dev/cu.usbmodem*
2026-04-24T09:14:51.878-04:00 LOGGER waiting_for_port glob=/dev/cu.usbmodem*
2026-04-24T09:14:53.883-04:00 LOGGER waiting_for_port glob=/dev/cu.usbmodem*
2026-04-24T09:14:55.889-04:00 LOGGER waiting_for_port glob=/dev/cu.usbmodem*
2026-04-24T09:14:57.897-04:00 LOGGER waiting_for_port glob=/dev/cu.usbmodem*
2026-04-24T09:14:59.899-04:00 LOGGER waiting_for_port glob=/dev/cu.usbmodem*
2026-04-24T09:15:01.909-04:00 LOGGER waiting_for_port glob=/dev/cu.usbmodem*
2026-04-24T09:15:03.916-04:00 LOGGER waiting_for_port glob=/dev/cu.usbmodem*
2026-04-24T09:15:05.923-04:00 LOGGER waiting_for_port glob=/dev/cu.usbmodem*
2026-04-24T09:15:07.932-04:00 LOGGER waiting_for_port glob=/dev/cu.usbmodem*
2026-04-24T09:15:09.944-04:00 LOGGER waiting_for_port glob=/dev/cu.usbmodem*
2026-04-24T09:15:11.949-04:00 LOGGER waiting_for_port glob=/dev/cu.usbmodem*
2026-04-24T09:15:13.952-04:00 LOGGER waiting_for_port glob=/dev/cu.usbmodem*
2026-04-24T09:15:15.957-04:00 LOGGER waiting_for_port glob=/dev/cu.usbmodem*
2026-04-24T09:15:17.962-04:00 LOGGER waiting_for_port glob=/dev/cu.usbmodem*
2026-04-24T09:15:19.970-04:00 LOGGER waiting_for_port glob=/dev/cu.usbmodem*
2026-04-24T09:15:21.976-04:00 LOGGER waiting_for_port glob=/dev/cu.usbmodem*
2026-04-24T09:15:23.980-04:00 LOGGER waiting_for_port glob=/dev/cu.usbmodem*
2026-04-24T09:15:25.990-04:00 LOGGER waiting_for_port glob=/dev/cu.usbmodem*
2026-04-24T09:15:27.994-04:00 LOGGER waiting_for_port glob=/dev/cu.usbmodem*
2026-04-24T09:15:30.004-04:00 LOGGER waiting_for_port glob=/dev/cu.usbmodem*
2026-04-24T09:15:32.011-04:00 LOGGER waiting_for_port glob=/dev/cu.usbmodem*
2026-04-24T09:15:34.017-04:00 LOGGER waiting_for_port glob=/dev/cu.usbmodem*
2026-04-24T09:15:36.024-04:00 LOGGER waiting_for_port glob=/dev/cu.usbmodem*
2026-04-24T09:15:38.034-04:00 LOGGER waiting_for_port glob=/dev/cu.usbmodem*
2026-04-24T09:15:40.046-04:00 LOGGER waiting_for_port glob=/dev/cu.usbmodem*
2026-04-24T09:15:42.057-04:00 LOGGER waiting_for_port glob=/dev/cu.usbmodem*
2026-04-24T09:15:44.063-04:00 LOGGER waiting_for_port glob=/dev/cu.usbmodem*
2026-04-24T09:15:46.067-04:00 LOGGER waiting_for_port glob=/dev/cu.usbmodem*
2026-04-24T09:15:48.073-04:00 LOGGER waiting_for_port glob=/dev/cu.usbmodem*
2026-04-24T09:15:50.083-04:00 LOGGER waiting_for_port glob=/dev/cu.usbmodem*
2026-04-24T09:15:52.093-04:00 LOGGER waiting_for_port glob=/dev/cu.usbmodem*
2026-04-24T09:15:54.097-04:00 LOGGER waiting_for_port glob=/dev/cu.usbmodem*
2026-04-24T09:15:56.103-04:00 LOGGER waiting_for_port glob=/dev/cu.usbmodem*
2026-04-24T09:15:58.112-04:00 LOGGER waiting_for_port glob=/dev/cu.usbmodem*
2026-04-24T09:16:00.118-04:00 LOGGER waiting_for_port glob=/dev/cu.usbmodem*
2026-04-24T09:16:02.128-04:00 LOGGER waiting_for_port glob=/dev/cu.usbmodem*
2026-04-24T09:16:04.140-04:00 LOGGER waiting_for_port glob=/dev/cu.usbmodem*
2026-04-24T09:16:06.144-04:00 LOGGER waiting_for_port glob=/dev/cu.usbmodem*
2026-04-24T09:16:08.156-04:00 LOGGER waiting_for_port glob=/dev/cu.usbmodem*
2026-04-24T09:16:10.163-04:00 LOGGER waiting_for_port glob=/dev/cu.usbmodem*
2026-04-24T09:16:12.170-04:00 LOGGER waiting_for_port glob=/dev/cu.usbmodem*
2026-04-24T09:16:14.172-04:00 LOGGER waiting_for_port glob=/dev/cu.usbmodem*
2026-04-24T09:16:16.183-04:00 LOGGER waiting_for_port glob=/dev/cu.usbmodem*
2026-04-24T09:16:18.185-04:00 LOGGER waiting_for_port glob=/dev/cu.usbmodem*
2026-04-24T09:16:20.195-04:00 LOGGER waiting_for_port glob=/dev/cu.usbmodem*
2026-04-24T09:16:22.200-04:00 LOGGER waiting_for_port glob=/dev/cu.usbmodem*
2026-04-24T09:16:24.207-04:00 LOGGER waiting_for_port glob=/dev/cu.usbmodem*
2026-04-24T09:16:26.214-04:00 LOGGER waiting_for_port glob=/dev/cu.usbmodem*
2026-04-24T09:16:28.221-04:00 LOGGER waiting_for_port glob=/dev/cu.usbmodem*
2026-04-24T09:16:30.228-04:00 LOGGER waiting_for_port glob=/dev/cu.usbmodem*
2026-04-24T09:16:32.230-04:00 LOGGER waiting_for_port glob=/dev/cu.usbmodem*
2026-04-24T09:16:34.240-04:00 LOGGER waiting_for_port glob=/dev/cu.usbmodem*
2026-04-24T09:16:36.246-04:00 LOGGER waiting_for_port glob=/dev/cu.usbmodem*
2026-04-24T09:16:38.250-04:00 LOGGER waiting_for_port glob=/dev/cu.usbmodem*
2026-04-24T09:16:40.257-04:00 LOGGER waiting_for_port glob=/dev/cu.usbmodem*
2026-04-24T09:16:42.259-04:00 LOGGER waiting_for_port glob=/dev/cu.usbmodem*
2026-04-24T09:16:44.266-04:00 LOGGER waiting_for_port glob=/dev/cu.usbmodem*
2026-04-24T09:16:46.277-04:00 LOGGER waiting_for_port glob=/dev/cu.usbmodem*
2026-04-24T09:16:48.286-04:00 LOGGER waiting_for_port glob=/dev/cu.usbmodem*
2026-04-24T09:16:50.292-04:00 LOGGER waiting_for_port glob=/dev/cu.usbmodem*
2026-04-24T09:16:52.303-04:00 LOGGER waiting_for_port glob=/dev/cu.usbmodem*
2026-04-24T09:16:54.309-04:00 LOGGER waiting_for_port glob=/dev/cu.usbmodem*
2026-04-24T09:16:56.319-04:00 LOGGER waiting_for_port glob=/dev/cu.usbmodem*
2026-04-24T09:16:58.321-04:00 LOGGER waiting_for_port glob=/dev/cu.usbmodem*
2026-04-24T09:17:00.333-04:00 LOGGER waiting_for_port glob=/dev/cu.usbmodem*
2026-04-24T09:17:02.341-04:00 LOGGER waiting_for_port glob=/dev/cu.usbmodem*
2026-04-24T09:17:04.352-04:00 LOGGER waiting_for_port glob=/dev/cu.usbmodem*
2026-04-24T09:17:06.357-04:00 LOGGER waiting_for_port glob=/dev/cu.usbmodem*
2026-04-24T09:17:08.361-04:00 LOGGER waiting_for_port glob=/dev/cu.usbmodem*
2026-04-24T09:17:10.369-04:00 LOGGER waiting_for_port glob=/dev/cu.usbmodem*
2026-04-24T09:17:12.378-04:00 LOGGER waiting_for_port glob=/dev/cu.usbmodem*
2026-04-24T09:17:14.385-04:00 LOGGER waiting_for_port glob=/dev/cu.usbmodem*
2026-04-24T09:17:16.394-04:00 LOGGER waiting_for_port glob=/dev/cu.usbmodem*
2026-04-24T09:17:18.406-04:00 LOGGER waiting_for_port glob=/dev/cu.usbmodem*
2026-04-24T09:17:20.412-04:00 LOGGER waiting_for_port glob=/dev/cu.usbmodem*
2026-04-24T09:17:22.419-04:00 LOGGER waiting_for_port glob=/dev/cu.usbmodem*
2026-04-24T09:17:24.431-04:00 LOGGER waiting_for_port glob=/dev/cu.usbmodem*
2026-04-24T09:17:26.441-04:00 LOGGER waiting_for_port glob=/dev/cu.usbmodem*
2026-04-24T09:17:28.450-04:00 LOGGER waiting_for_port glob=/dev/cu.usbmodem*
2026-04-24T09:17:30.459-04:00 LOGGER waiting_for_port glob=/dev/cu.usbmodem*
2026-04-24T09:17:32.471-04:00 LOGGER waiting_for_port glob=/dev/cu.usbmodem*
2026-04-24T09:17:34.478-04:00 LOGGER waiting_for_port glob=/dev/cu.usbmodem*
2026-04-24T09:17:36.489-04:00 LOGGER waiting_for_port glob=/dev/cu.usbmodem*
2026-04-24T09:17:38.495-04:00 LOGGER waiting_for_port glob=/dev/cu.usbmodem*
2026-04-24T09:17:40.501-04:00 LOGGER waiting_for_port glob=/dev/cu.usbmodem*
2026-04-24T09:17:42.505-04:00 LOGGER waiting_for_port glob=/dev/cu.usbmodem*
2026-04-24T09:17:44.513-04:00 LOGGER waiting_for_port glob=/dev/cu.usbmodem*
2026-04-24T09:17:46.522-04:00 LOGGER waiting_for_port glob=/dev/cu.usbmodem*
2026-04-24T09:17:48.529-04:00 LOGGER waiting_for_port glob=/dev/cu.usbmodem*
2026-04-24T09:17:50.538-04:00 LOGGER waiting_for_port glob=/dev/cu.usbmodem*
2026-04-24T09:17:52.546-04:00 LOGGER waiting_for_port glob=/dev/cu.usbmodem*
2026-04-24T09:17:54.551-04:00 LOGGER waiting_for_port glob=/dev/cu.usbmodem*
2026-04-24T09:17:56.555-04:00 LOGGER waiting_for_port glob=/dev/cu.usbmodem*
2026-04-24T09:17:58.567-04:00 LOGGER waiting_for_port glob=/dev/cu.usbmodem*
2026-04-24T09:18:00.575-04:00 LOGGER waiting_for_port glob=/dev/cu.usbmodem*
2026-04-24T09:18:02.583-04:00 LOGGER waiting_for_port glob=/dev/cu.usbmodem*
2026-04-24T09:18:04.594-04:00 LOGGER waiting_for_port glob=/dev/cu.usbmodem*
2026-04-24T09:18:06.604-04:00 LOGGER waiting_for_port glob=/dev/cu.usbmodem*
2026-04-24T09:18:08.614-04:00 LOGGER waiting_for_port glob=/dev/cu.usbmodem*
2026-04-24T09:18:10.626-04:00 LOGGER waiting_for_port glob=/dev/cu.usbmodem*
2026-04-24T09:18:12.637-04:00 LOGGER waiting_for_port glob=/dev/cu.usbmodem*
2026-04-24T09:18:14.645-04:00 LOGGER waiting_for_port glob=/dev/cu.usbmodem*
2026-04-24T09:18:16.654-04:00 LOGGER waiting_for_port glob=/dev/cu.usbmodem*
2026-04-24T09:18:18.666-04:00 LOGGER waiting_for_port glob=/dev/cu.usbmodem*
2026-04-24T09:18:20.669-04:00 LOGGER waiting_for_port glob=/dev/cu.usbmodem*
2026-04-24T09:18:22.680-04:00 LOGGER waiting_for_port glob=/dev/cu.usbmodem*
2026-04-24T09:18:24.685-04:00 LOGGER waiting_for_port glob=/dev/cu.usbmodem*
2026-04-24T09:18:26.689-04:00 LOGGER waiting_for_port glob=/dev/cu.usbmodem*
2026-04-24T09:18:28.696-04:00 LOGGER waiting_for_port glob=/dev/cu.usbmodem*
2026-04-24T09:18:30.702-04:00 LOGGER waiting_for_port glob=/dev/cu.usbmodem*
2026-04-24T09:18:32.710-04:00 LOGGER waiting_for_port glob=/dev/cu.usbmodem*
2026-04-24T09:18:34.723-04:00 LOGGER waiting_for_port glob=/dev/cu.usbmodem*
2026-04-24T09:18:36.734-04:00 LOGGER waiting_for_port glob=/dev/cu.usbmodem*
2026-04-24T09:18:38.743-04:00 LOGGER waiting_for_port glob=/dev/cu.usbmodem*
2026-04-24T09:18:40.755-04:00 LOGGER waiting_for_port glob=/dev/cu.usbmodem*
2026-04-24T09:18:42.765-04:00 LOGGER waiting_for_port glob=/dev/cu.usbmodem*
2026-04-24T09:18:44.769-04:00 LOGGER waiting_for_port glob=/dev/cu.usbmodem*
2026-04-24T09:18:46.773-04:00 LOGGER waiting_for_port glob=/dev/cu.usbmodem*
2026-04-24T09:18:48.785-04:00 LOGGER waiting_for_port glob=/dev/cu.usbmodem*
2026-04-24T09:18:50.797-04:00 LOGGER waiting_for_port glob=/dev/cu.usbmodem*
2026-04-24T09:18:52.804-04:00 LOGGER waiting_for_port glob=/dev/cu.usbmodem*
2026-04-24T09:18:54.814-04:00 LOGGER waiting_for_port glob=/dev/cu.usbmodem*
2026-04-24T09:18:56.821-04:00 LOGGER waiting_for_port glob=/dev/cu.usbmodem*
2026-04-24T09:18:58.828-04:00 LOGGER waiting_for_port glob=/dev/cu.usbmodem*
2026-04-24T09:19:00.840-04:00 LOGGER waiting_for_port glob=/dev/cu.usbmodem*
2026-04-24T09:19:02.846-04:00 LOGGER waiting_for_port glob=/dev/cu.usbmodem*
2026-04-24T09:19:04.858-04:00 LOGGER waiting_for_port glob=/dev/cu.usbmodem*
2026-04-24T09:19:06.867-04:00 LOGGER waiting_for_port glob=/dev/cu.usbmodem*
2026-04-24T09:19:08.878-04:00 LOGGER waiting_for_port glob=/dev/cu.usbmodem*
2026-04-24T09:19:10.883-04:00 LOGGER waiting_for_port glob=/dev/cu.usbmodem*
2026-04-24T09:19:12.895-04:00 LOGGER waiting_for_port glob=/dev/cu.usbmodem*
2026-04-24T09:19:14.903-04:00 LOGGER waiting_for_port glob=/dev/cu.usbmodem*
2026-04-24T09:19:16.915-04:00 LOGGER waiting_for_port glob=/dev/cu.usbmodem*
2026-04-24T09:19:18.920-04:00 LOGGER waiting_for_port glob=/dev/cu.usbmodem*
2026-04-24T09:19:20.923-04:00 LOGGER waiting_for_port glob=/dev/cu.usbmodem*
2026-04-24T09:19:22.932-04:00 LOGGER waiting_for_port glob=/dev/cu.usbmodem*
2026-04-24T09:19:24.938-04:00 LOGGER waiting_for_port glob=/dev/cu.usbmodem*
2026-04-24T09:19:26.941-04:00 LOGGER waiting_for_port glob=/dev/cu.usbmodem*
2026-04-24T09:19:28.953-04:00 LOGGER waiting_for_port glob=/dev/cu.usbmodem*
2026-04-24T09:19:30.965-04:00 LOGGER waiting_for_port glob=/dev/cu.usbmodem*
2026-04-24T09:19:32.969-04:00 LOGGER waiting_for_port glob=/dev/cu.usbmodem*
2026-04-24T09:19:34.975-04:00 LOGGER waiting_for_port glob=/dev/cu.usbmodem*
2026-04-24T09:19:36.978-04:00 LOGGER waiting_for_port glob=/dev/cu.usbmodem*
2026-04-24T09:19:38.986-04:00 LOGGER waiting_for_port glob=/dev/cu.usbmodem*
2026-04-24T09:19:40.998-04:00 LOGGER waiting_for_port glob=/dev/cu.usbmodem*
2026-04-24T09:19:43.001-04:00 LOGGER waiting_for_port glob=/dev/cu.usbmodem*
2026-04-24T09:19:45.011-04:00 LOGGER waiting_for_port glob=/dev/cu.usbmodem*
2026-04-24T09:19:47.019-04:00 LOGGER waiting_for_port glob=/dev/cu.usbmodem*
2026-04-24T09:19:49.031-04:00 LOGGER waiting_for_port glob=/dev/cu.usbmodem*
2026-04-24T09:19:51.038-04:00 LOGGER waiting_for_port glob=/dev/cu.usbmodem*
2026-04-24T09:19:53.048-04:00 LOGGER waiting_for_port glob=/dev/cu.usbmodem*
2026-04-24T09:19:55.055-04:00 LOGGER waiting_for_port glob=/dev/cu.usbmodem*
2026-04-24T09:19:57.067-04:00 LOGGER waiting_for_port glob=/dev/cu.usbmodem*
2026-04-24T09:19:59.070-04:00 LOGGER waiting_for_port glob=/dev/cu.usbmodem*
2026-04-24T09:20:01.077-04:00 LOGGER waiting_for_port glob=/dev/cu.usbmodem*
2026-04-24T09:20:03.081-04:00 LOGGER waiting_for_port glob=/dev/cu.usbmodem*
2026-04-24T09:20:05.089-04:00 LOGGER waiting_for_port glob=/dev/cu.usbmodem*
2026-04-24T09:20:07.099-04:00 LOGGER waiting_for_port glob=/dev/cu.usbmodem*
2026-04-24T09:20:09.105-04:00 LOGGER waiting_for_port glob=/dev/cu.usbmodem*
2026-04-24T09:20:11.117-04:00 LOGGER waiting_for_port glob=/dev/cu.usbmodem*
2026-04-24T09:20:13.122-04:00 LOGGER waiting_for_port glob=/dev/cu.usbmodem*
2026-04-24T09:20:15.134-04:00 LOGGER waiting_for_port glob=/dev/cu.usbmodem*
2026-04-24T09:20:17.137-04:00 LOGGER waiting_for_port glob=/dev/cu.usbmodem*
2026-04-24T09:20:19.146-04:00 LOGGER waiting_for_port glob=/dev/cu.usbmodem*
2026-04-24T09:20:21.158-04:00 LOGGER waiting_for_port glob=/dev/cu.usbmodem*
2026-04-24T09:20:23.161-04:00 LOGGER waiting_for_port glob=/dev/cu.usbmodem*
2026-04-24T09:20:25.169-04:00 LOGGER waiting_for_port glob=/dev/cu.usbmodem*
2026-04-24T09:20:27.180-04:00 LOGGER waiting_for_port glob=/dev/cu.usbmodem*
2026-04-24T09:20:29.185-04:00 LOGGER waiting_for_port glob=/dev/cu.usbmodem*
2026-04-24T09:20:31.191-04:00 LOGGER waiting_for_port glob=/dev/cu.usbmodem*
2026-04-24T09:20:33.194-04:00 LOGGER waiting_for_port glob=/dev/cu.usbmodem*
2026-04-24T09:20:35.206-04:00 LOGGER waiting_for_port glob=/dev/cu.usbmodem*
2026-04-24T09:20:37.218-04:00 LOGGER waiting_for_port glob=/dev/cu.usbmodem*
2026-04-24T09:20:39.229-04:00 LOGGER waiting_for_port glob=/dev/cu.usbmodem*
2026-04-24T09:20:41.236-04:00 LOGGER waiting_for_port glob=/dev/cu.usbmodem*
2026-04-24T09:20:43.242-04:00 LOGGER waiting_for_port glob=/dev/cu.usbmodem*
2026-04-24T09:20:45.248-04:00 LOGGER waiting_for_port glob=/dev/cu.usbmodem*
2026-04-24T09:20:47.256-04:00 LOGGER waiting_for_port glob=/dev/cu.usbmodem*
2026-04-24T09:20:49.260-04:00 LOGGER waiting_for_port glob=/dev/cu.usbmodem*
2026-04-24T09:20:51.267-04:00 LOGGER waiting_for_port glob=/dev/cu.usbmodem*
2026-04-24T09:20:53.279-04:00 LOGGER waiting_for_port glob=/dev/cu.usbmodem*
2026-04-24T09:20:55.286-04:00 LOGGER waiting_for_port glob=/dev/cu.usbmodem*
2026-04-24T09:20:57.291-04:00 LOGGER waiting_for_port glob=/dev/cu.usbmodem*
2026-04-24T09:20:59.303-04:00 LOGGER waiting_for_port glob=/dev/cu.usbmodem*
2026-04-24T09:21:01.313-04:00 LOGGER waiting_for_port glob=/dev/cu.usbmodem*
2026-04-24T09:21:03.325-04:00 LOGGER waiting_for_port glob=/dev/cu.usbmodem*
2026-04-24T09:21:05.329-04:00 LOGGER waiting_for_port glob=/dev/cu.usbmodem*
2026-04-24T09:21:07.341-04:00 LOGGER waiting_for_port glob=/dev/cu.usbmodem*
2026-04-24T09:21:09.349-04:00 LOGGER waiting_for_port glob=/dev/cu.usbmodem*
2026-04-24T09:21:11.352-04:00 LOGGER waiting_for_port glob=/dev/cu.usbmodem*
2026-04-24T09:21:13.358-04:00 LOGGER waiting_for_port glob=/dev/cu.usbmodem*
2026-04-24T09:21:15.361-04:00 LOGGER waiting_for_port glob=/dev/cu.usbmodem*
2026-04-24T09:21:17.372-04:00 LOGGER waiting_for_port glob=/dev/cu.usbmodem*
2026-04-24T09:21:19.378-04:00 LOGGER waiting_for_port glob=/dev/cu.usbmodem*
2026-04-24T09:21:21.389-04:00 LOGGER waiting_for_port glob=/dev/cu.usbmodem*
2026-04-24T09:21:23.401-04:00 LOGGER waiting_for_port glob=/dev/cu.usbmodem*
2026-04-24T09:21:25.407-04:00 LOGGER waiting_for_port glob=/dev/cu.usbmodem*
2026-04-24T09:21:27.409-04:00 LOGGER waiting_for_port glob=/dev/cu.usbmodem*
2026-04-24T09:21:29.418-04:00 LOGGER waiting_for_port glob=/dev/cu.usbmodem*
2026-04-24T09:21:31.424-04:00 LOGGER waiting_for_port glob=/dev/cu.usbmodem*
2026-04-24T09:21:33.432-04:00 LOGGER waiting_for_port glob=/dev/cu.usbmodem*
2026-04-24T09:21:35.444-04:00 LOGGER waiting_for_port glob=/dev/cu.usbmodem*
2026-04-24T09:21:37.454-04:00 LOGGER waiting_for_port glob=/dev/cu.usbmodem*
2026-04-24T09:21:39.459-04:00 LOGGER waiting_for_port glob=/dev/cu.usbmodem*
2026-04-24T09:21:41.470-04:00 LOGGER waiting_for_port glob=/dev/cu.usbmodem*
2026-04-24T09:21:43.474-04:00 LOGGER waiting_for_port glob=/dev/cu.usbmodem*
2026-04-24T09:21:45.484-04:00 LOGGER waiting_for_port glob=/dev/cu.usbmodem*
2026-04-24T09:21:47.492-04:00 LOGGER waiting_for_port glob=/dev/cu.usbmodem*
2026-04-24T09:21:49.495-04:00 LOGGER waiting_for_port glob=/dev/cu.usbmodem*
2026-04-24T09:21:51.507-04:00 LOGGER waiting_for_port glob=/dev/cu.usbmodem*
2026-04-24T09:21:53.514-04:00 LOGGER waiting_for_port glob=/dev/cu.usbmodem*
2026-04-24T09:21:55.522-04:00 LOGGER waiting_for_port glob=/dev/cu.usbmodem*
2026-04-24T09:21:57.529-04:00 LOGGER waiting_for_port glob=/dev/cu.usbmodem*
2026-04-24T09:21:59.533-04:00 LOGGER waiting_for_port glob=/dev/cu.usbmodem*
2026-04-24T09:22:01.539-04:00 LOGGER waiting_for_port glob=/dev/cu.usbmodem*
2026-04-24T09:22:03.547-04:00 LOGGER waiting_for_port glob=/dev/cu.usbmodem*
2026-04-24T09:22:05.559-04:00 LOGGER waiting_for_port glob=/dev/cu.usbmodem*
2026-04-24T09:22:07.570-04:00 LOGGER waiting_for_port glob=/dev/cu.usbmodem*
2026-04-24T09:22:09.572-04:00 LOGGER waiting_for_port glob=/dev/cu.usbmodem*
2026-04-24T09:22:11.579-04:00 LOGGER waiting_for_port glob=/dev/cu.usbmodem*
2026-04-24T09:22:13.588-04:00 LOGGER waiting_for_port glob=/dev/cu.usbmodem*
2026-04-24T09:22:15.596-04:00 LOGGER waiting_for_port glob=/dev/cu.usbmodem*
2026-04-24T09:22:17.605-04:00 LOGGER waiting_for_port glob=/dev/cu.usbmodem*
2026-04-24T09:22:19.616-04:00 LOGGER waiting_for_port glob=/dev/cu.usbmodem*
2026-04-24T09:22:21.621-04:00 LOGGER waiting_for_port glob=/dev/cu.usbmodem*
2026-04-24T09:22:23.631-04:00 LOGGER waiting_for_port glob=/dev/cu.usbmodem*
2026-04-24T09:22:25.639-04:00 LOGGER waiting_for_port glob=/dev/cu.usbmodem*
2026-04-24T09:22:27.646-04:00 LOGGER waiting_for_port glob=/dev/cu.usbmodem*
2026-04-24T09:22:29.658-04:00 LOGGER waiting_for_port glob=/dev/cu.usbmodem*
2026-04-24T09:22:31.665-04:00 LOGGER waiting_for_port glob=/dev/cu.usbmodem*
2026-04-24T09:22:33.671-04:00 LOGGER waiting_for_port glob=/dev/cu.usbmodem*
2026-04-24T09:22:35.679-04:00 LOGGER waiting_for_port glob=/dev/cu.usbmodem*
2026-04-24T09:22:37.686-04:00 LOGGER waiting_for_port glob=/dev/cu.usbmodem*
2026-04-24T09:22:39.698-04:00 LOGGER waiting_for_port glob=/dev/cu.usbmodem*
2026-04-24T09:22:41.703-04:00 LOGGER waiting_for_port glob=/dev/cu.usbmodem*
2026-04-24T09:22:43.715-04:00 LOGGER waiting_for_port glob=/dev/cu.usbmodem*
2026-04-24T09:22:45.722-04:00 LOGGER waiting_for_port glob=/dev/cu.usbmodem*
2026-04-24T09:22:47.728-04:00 LOGGER waiting_for_port glob=/dev/cu.usbmodem*
2026-04-24T09:22:49.735-04:00 LOGGER waiting_for_port glob=/dev/cu.usbmodem*
2026-04-24T09:22:51.742-04:00 LOGGER waiting_for_port glob=/dev/cu.usbmodem*
2026-04-24T09:22:53.747-04:00 LOGGER waiting_for_port glob=/dev/cu.usbmodem*
2026-04-24T09:22:55.758-04:00 LOGGER waiting_for_port glob=/dev/cu.usbmodem*
2026-04-24T09:22:57.769-04:00 LOGGER waiting_for_port glob=/dev/cu.usbmodem*
2026-04-24T09:22:59.775-04:00 LOGGER waiting_for_port glob=/dev/cu.usbmodem*
2026-04-24T09:23:01.786-04:00 LOGGER waiting_for_port glob=/dev/cu.usbmodem*
2026-04-24T09:23:03.797-04:00 LOGGER waiting_for_port glob=/dev/cu.usbmodem*
2026-04-24T09:23:05.804-04:00 LOGGER waiting_for_port glob=/dev/cu.usbmodem*
2026-04-24T09:23:07.808-04:00 LOGGER waiting_for_port glob=/dev/cu.usbmodem*
2026-04-24T09:23:09.820-04:00 LOGGER waiting_for_port glob=/dev/cu.usbmodem*
2026-04-24T09:23:11.826-04:00 LOGGER waiting_for_port glob=/dev/cu.usbmodem*
2026-04-24T09:23:13.838-04:00 LOGGER waiting_for_port glob=/dev/cu.usbmodem*
2026-04-24T09:23:15.845-04:00 LOGGER waiting_for_port glob=/dev/cu.usbmodem*
2026-04-24T09:23:17.851-04:00 LOGGER waiting_for_port glob=/dev/cu.usbmodem*
2026-04-24T09:23:19.859-04:00 LOGGER waiting_for_port glob=/dev/cu.usbmodem*
2026-04-24T09:23:21.866-04:00 LOGGER waiting_for_port glob=/dev/cu.usbmodem*
2026-04-24T09:23:23.873-04:00 LOGGER waiting_for_port glob=/dev/cu.usbmodem*
2026-04-24T09:23:25.880-04:00 LOGGER waiting_for_port glob=/dev/cu.usbmodem*
2026-04-24T09:23:27.888-04:00 LOGGER waiting_for_port glob=/dev/cu.usbmodem*
2026-04-24T09:23:29.900-04:00 LOGGER waiting_for_port glob=/dev/cu.usbmodem*
2026-04-24T09:23:31.909-04:00 LOGGER waiting_for_port glob=/dev/cu.usbmodem*
2026-04-24T09:23:33.912-04:00 LOGGER waiting_for_port glob=/dev/cu.usbmodem*
2026-04-24T09:23:35.919-04:00 LOGGER waiting_for_port glob=/dev/cu.usbmodem*
2026-04-24T09:23:37.928-04:00 LOGGER waiting_for_port glob=/dev/cu.usbmodem*
2026-04-24T09:23:39.940-04:00 LOGGER waiting_for_port glob=/dev/cu.usbmodem*
2026-04-24T09:23:41.944-04:00 LOGGER waiting_for_port glob=/dev/cu.usbmodem*
2026-04-24T09:23:43.956-04:00 LOGGER waiting_for_port glob=/dev/cu.usbmodem*
2026-04-24T09:23:45.965-04:00 LOGGER waiting_for_port glob=/dev/cu.usbmodem*
2026-04-24T09:23:47.968-04:00 LOGGER waiting_for_port glob=/dev/cu.usbmodem*
2026-04-24T09:23:49.975-04:00 LOGGER waiting_for_port glob=/dev/cu.usbmodem*
2026-04-24T09:23:51.981-04:00 LOGGER waiting_for_port glob=/dev/cu.usbmodem*
2026-04-24T09:23:53.993-04:00 LOGGER waiting_for_port glob=/dev/cu.usbmodem*
2026-04-24T09:23:56.002-04:00 LOGGER waiting_for_port glob=/dev/cu.usbmodem*
2026-04-24T09:23:58.005-04:00 LOGGER waiting_for_port glob=/dev/cu.usbmodem*
2026-04-24T09:24:00.015-04:00 LOGGER waiting_for_port glob=/dev/cu.usbmodem*
2026-04-24T09:24:02.027-04:00 LOGGER waiting_for_port glob=/dev/cu.usbmodem*
2026-04-24T09:24:04.029-04:00 LOGGER waiting_for_port glob=/dev/cu.usbmodem*
2026-04-24T09:24:06.041-04:00 LOGGER waiting_for_port glob=/dev/cu.usbmodem*
2026-04-24T09:24:08.048-04:00 LOGGER waiting_for_port glob=/dev/cu.usbmodem*
2026-04-24T09:24:10.055-04:00 LOGGER waiting_for_port glob=/dev/cu.usbmodem*
2026-04-24T09:24:12.059-04:00 LOGGER waiting_for_port glob=/dev/cu.usbmodem*
2026-04-24T09:24:14.064-04:00 LOGGER waiting_for_port glob=/dev/cu.usbmodem*
2026-04-24T09:24:16.067-04:00 LOGGER waiting_for_port glob=/dev/cu.usbmodem*
2026-04-24T09:24:18.075-04:00 LOGGER waiting_for_port glob=/dev/cu.usbmodem*
2026-04-24T09:24:20.086-04:00 LOGGER waiting_for_port glob=/dev/cu.usbmodem*
2026-04-24T09:24:22.092-04:00 LOGGER waiting_for_port glob=/dev/cu.usbmodem*
2026-04-24T09:24:24.099-04:00 LOGGER waiting_for_port glob=/dev/cu.usbmodem*
2026-04-24T09:24:26.103-04:00 LOGGER waiting_for_port glob=/dev/cu.usbmodem*
2026-04-24T09:24:28.110-04:00 LOGGER waiting_for_port glob=/dev/cu.usbmodem*
2026-04-24T09:24:30.113-04:00 LOGGER waiting_for_port glob=/dev/cu.usbmodem*
2026-04-24T09:24:32.123-04:00 LOGGER waiting_for_port glob=/dev/cu.usbmodem*
2026-04-24T09:24:34.129-04:00 LOGGER waiting_for_port glob=/dev/cu.usbmodem*
2026-04-24T09:24:36.140-04:00 LOGGER waiting_for_port glob=/dev/cu.usbmodem*
2026-04-24T09:24:38.145-04:00 LOGGER waiting_for_port glob=/dev/cu.usbmodem*
2026-04-24T09:24:40.150-04:00 LOGGER waiting_for_port glob=/dev/cu.usbmodem*
2026-04-24T09:24:42.157-04:00 LOGGER waiting_for_port glob=/dev/cu.usbmodem*
2026-04-24T09:24:44.161-04:00 LOGGER waiting_for_port glob=/dev/cu.usbmodem*
2026-04-24T09:24:46.166-04:00 LOGGER waiting_for_port glob=/dev/cu.usbmodem*
2026-04-24T09:24:48.178-04:00 LOGGER waiting_for_port glob=/dev/cu.usbmodem*
2026-04-24T09:24:50.183-04:00 LOGGER waiting_for_port glob=/dev/cu.usbmodem*
2026-04-24T09:24:52.192-04:00 LOGGER waiting_for_port glob=/dev/cu.usbmodem*
2026-04-24T09:24:54.198-04:00 LOGGER waiting_for_port glob=/dev/cu.usbmodem*
2026-04-24T09:24:56.206-04:00 LOGGER waiting_for_port glob=/dev/cu.usbmodem*
2026-04-24T09:24:58.218-04:00 LOGGER waiting_for_port glob=/dev/cu.usbmodem*
2026-04-24T09:25:00.229-04:00 LOGGER waiting_for_port glob=/dev/cu.usbmodem*
2026-04-24T09:25:02.241-04:00 LOGGER waiting_for_port glob=/dev/cu.usbmodem*
2026-04-24T09:25:04.253-04:00 LOGGER waiting_for_port glob=/dev/cu.usbmodem*
2026-04-24T09:25:06.261-04:00 LOGGER waiting_for_port glob=/dev/cu.usbmodem*
2026-04-24T09:25:08.271-04:00 LOGGER waiting_for_port glob=/dev/cu.usbmodem*
2026-04-24T09:25:10.273-04:00 LOGGER waiting_for_port glob=/dev/cu.usbmodem*
2026-04-24T09:25:12.279-04:00 LOGGER waiting_for_port glob=/dev/cu.usbmodem*
2026-04-24T09:25:14.283-04:00 LOGGER waiting_for_port glob=/dev/cu.usbmodem*
2026-04-24T09:25:16.287-04:00 LOGGER waiting_for_port glob=/dev/cu.usbmodem*
2026-04-24T09:25:18.292-04:00 LOGGER waiting_for_port glob=/dev/cu.usbmodem*
2026-04-24T09:25:20.299-04:00 LOGGER waiting_for_port glob=/dev/cu.usbmodem*
2026-04-24T09:25:22.307-04:00 LOGGER waiting_for_port glob=/dev/cu.usbmodem*
2026-04-24T09:25:24.312-04:00 LOGGER waiting_for_port glob=/dev/cu.usbmodem*
2026-04-24T09:25:26.318-04:00 LOGGER waiting_for_port glob=/dev/cu.usbmodem*
2026-04-24T09:25:28.329-04:00 LOGGER waiting_for_port glob=/dev/cu.usbmodem*
2026-04-24T09:25:30.334-04:00 LOGGER waiting_for_port glob=/dev/cu.usbmodem*
2026-04-24T09:25:32.345-04:00 LOGGER waiting_for_port glob=/dev/cu.usbmodem*
2026-04-24T09:25:34.356-04:00 LOGGER waiting_for_port glob=/dev/cu.usbmodem*
2026-04-24T09:25:36.359-04:00 LOGGER waiting_for_port glob=/dev/cu.usbmodem*
2026-04-24T09:25:38.362-04:00 LOGGER waiting_for_port glob=/dev/cu.usbmodem*
2026-04-24T09:25:40.369-04:00 LOGGER waiting_for_port glob=/dev/cu.usbmodem*
2026-04-24T09:25:42.381-04:00 LOGGER waiting_for_port glob=/dev/cu.usbmodem*
2026-04-24T09:25:44.389-04:00 LOGGER waiting_for_port glob=/dev/cu.usbmodem*
2026-04-24T09:25:46.400-04:00 LOGGER waiting_for_port glob=/dev/cu.usbmodem*
2026-04-24T09:25:48.405-04:00 LOGGER waiting_for_port glob=/dev/cu.usbmodem*
2026-04-24T09:25:50.412-04:00 LOGGER waiting_for_port glob=/dev/cu.usbmodem*
2026-04-24T09:25:52.424-04:00 LOGGER waiting_for_port glob=/dev/cu.usbmodem*
2026-04-24T09:25:54.434-04:00 LOGGER waiting_for_port glob=/dev/cu.usbmodem*
2026-04-24T09:25:56.440-04:00 LOGGER waiting_for_port glob=/dev/cu.usbmodem*
2026-04-24T09:25:58.450-04:00 LOGGER waiting_for_port glob=/dev/cu.usbmodem*
2026-04-24T09:26:00.462-04:00 LOGGER waiting_for_port glob=/dev/cu.usbmodem*
2026-04-24T09:26:02.467-04:00 LOGGER waiting_for_port glob=/dev/cu.usbmodem*
2026-04-24T09:26:04.474-04:00 LOGGER waiting_for_port glob=/dev/cu.usbmodem*
2026-04-24T09:26:06.486-04:00 LOGGER waiting_for_port glob=/dev/cu.usbmodem*
2026-04-24T09:26:08.495-04:00 LOGGER waiting_for_port glob=/dev/cu.usbmodem*
2026-04-24T09:26:10.507-04:00 LOGGER waiting_for_port glob=/dev/cu.usbmodem*
2026-04-24T09:26:12.512-04:00 LOGGER waiting_for_port glob=/dev/cu.usbmodem*
2026-04-24T09:26:14.519-04:00 LOGGER waiting_for_port glob=/dev/cu.usbmodem*
2026-04-24T09:26:16.525-04:00 LOGGER waiting_for_port glob=/dev/cu.usbmodem*
2026-04-24T09:26:18.537-04:00 LOGGER waiting_for_port glob=/dev/cu.usbmodem*
2026-04-24T09:26:20.540-04:00 LOGGER waiting_for_port glob=/dev/cu.usbmodem*
2026-04-24T09:26:22.544-04:00 LOGGER waiting_for_port glob=/dev/cu.usbmodem*
2026-04-24T09:26:24.556-04:00 LOGGER waiting_for_port glob=/dev/cu.usbmodem*
2026-04-24T09:26:26.566-04:00 LOGGER waiting_for_port glob=/dev/cu.usbmodem*
2026-04-24T09:26:28.572-04:00 LOGGER waiting_for_port glob=/dev/cu.usbmodem*
2026-04-24T09:26:30.578-04:00 LOGGER waiting_for_port glob=/dev/cu.usbmodem*
2026-04-24T09:26:32.585-04:00 LOGGER waiting_for_port glob=/dev/cu.usbmodem*
2026-04-24T09:26:34.592-04:00 LOGGER waiting_for_port glob=/dev/cu.usbmodem*
2026-04-24T09:26:36.601-04:00 LOGGER waiting_for_port glob=/dev/cu.usbmodem*
2026-04-24T09:26:38.606-04:00 LOGGER waiting_for_port glob=/dev/cu.usbmodem*
2026-04-24T09:26:40.612-04:00 LOGGER waiting_for_port glob=/dev/cu.usbmodem*
2026-04-24T09:26:42.624-04:00 LOGGER waiting_for_port glob=/dev/cu.usbmodem*
2026-04-24T09:26:44.631-04:00 LOGGER waiting_for_port glob=/dev/cu.usbmodem*
2026-04-24T09:26:46.642-04:00 LOGGER waiting_for_port glob=/dev/cu.usbmodem*
2026-04-24T09:26:48.649-04:00 LOGGER waiting_for_port glob=/dev/cu.usbmodem*
2026-04-24T09:26:50.661-04:00 LOGGER waiting_for_port glob=/dev/cu.usbmodem*
2026-04-24T09:26:52.663-04:00 LOGGER waiting_for_port glob=/dev/cu.usbmodem*
2026-04-24T09:26:54.670-04:00 LOGGER waiting_for_port glob=/dev/cu.usbmodem*
2026-04-24T09:26:56.681-04:00 LOGGER waiting_for_port glob=/dev/cu.usbmodem*
2026-04-24T09:26:58.693-04:00 LOGGER waiting_for_port glob=/dev/cu.usbmodem*
2026-04-24T09:27:00.704-04:00 LOGGER waiting_for_port glob=/dev/cu.usbmodem*
2026-04-24T09:27:02.715-04:00 LOGGER waiting_for_port glob=/dev/cu.usbmodem*
2026-04-24T09:27:04.720-04:00 LOGGER waiting_for_port glob=/dev/cu.usbmodem*
2026-04-24T09:27:06.731-04:00 LOGGER waiting_for_port glob=/dev/cu.usbmodem*
2026-04-24T09:27:08.736-04:00 LOGGER waiting_for_port glob=/dev/cu.usbmodem*
2026-04-24T09:27:10.748-04:00 LOGGER waiting_for_port glob=/dev/cu.usbmodem*
2026-04-24T09:27:12.754-04:00 LOGGER waiting_for_port glob=/dev/cu.usbmodem*
2026-04-24T09:27:14.762-04:00 LOGGER waiting_for_port glob=/dev/cu.usbmodem*
2026-04-24T09:27:16.770-04:00 LOGGER waiting_for_port glob=/dev/cu.usbmodem*
2026-04-24T09:27:18.778-04:00 LOGGER waiting_for_port glob=/dev/cu.usbmodem*
2026-04-24T09:27:20.784-04:00 LOGGER waiting_for_port glob=/dev/cu.usbmodem*
2026-04-24T09:27:22.796-04:00 LOGGER waiting_for_port glob=/dev/cu.usbmodem*
2026-04-24T09:27:24.801-04:00 LOGGER waiting_for_port glob=/dev/cu.usbmodem*
2026-04-24T09:27:26.812-04:00 LOGGER waiting_for_port glob=/dev/cu.usbmodem*
2026-04-24T09:27:28.820-04:00 LOGGER waiting_for_port glob=/dev/cu.usbmodem*
2026-04-24T09:27:30.827-04:00 LOGGER waiting_for_port glob=/dev/cu.usbmodem*
2026-04-24T09:27:32.835-04:00 LOGGER waiting_for_port glob=/dev/cu.usbmodem*
2026-04-24T09:27:34.845-04:00 LOGGER waiting_for_port glob=/dev/cu.usbmodem*
2026-04-24T09:27:36.850-04:00 LOGGER waiting_for_port glob=/dev/cu.usbmodem*
2026-04-24T09:27:38.862-04:00 LOGGER waiting_for_port glob=/dev/cu.usbmodem*
2026-04-24T09:27:40.865-04:00 LOGGER waiting_for_port glob=/dev/cu.usbmodem*
2026-04-24T09:27:42.874-04:00 LOGGER waiting_for_port glob=/dev/cu.usbmodem*
2026-04-24T09:27:44.880-04:00 LOGGER waiting_for_port glob=/dev/cu.usbmodem*
2026-04-24T09:27:46.887-04:00 LOGGER waiting_for_port glob=/dev/cu.usbmodem*
2026-04-24T09:27:48.890-04:00 LOGGER waiting_for_port glob=/dev/cu.usbmodem*
2026-04-24T09:27:50.896-04:00 LOGGER waiting_for_port glob=/dev/cu.usbmodem*
2026-04-24T09:27:52.905-04:00 LOGGER waiting_for_port glob=/dev/cu.usbmodem*
2026-04-24T09:27:54.916-04:00 LOGGER waiting_for_port glob=/dev/cu.usbmodem*
2026-04-24T09:27:56.927-04:00 LOGGER waiting_for_port glob=/dev/cu.usbmodem*
2026-04-24T09:27:58.932-04:00 LOGGER waiting_for_port glob=/dev/cu.usbmodem*
2026-04-24T09:28:00.944-04:00 LOGGER waiting_for_port glob=/dev/cu.usbmodem*
2026-04-24T09:28:02.950-04:00 LOGGER waiting_for_port glob=/dev/cu.usbmodem*
2026-04-24T09:28:04.959-04:00 LOGGER waiting_for_port glob=/dev/cu.usbmodem*
2026-04-24T09:28:06.969-04:00 LOGGER waiting_for_port glob=/dev/cu.usbmodem*
2026-04-24T09:28:08.981-04:00 LOGGER waiting_for_port glob=/dev/cu.usbmodem*
2026-04-24T09:28:10.991-04:00 LOGGER waiting_for_port glob=/dev/cu.usbmodem*
2026-04-24T09:28:12.998-04:00 LOGGER waiting_for_port glob=/dev/cu.usbmodem*
2026-04-24T09:28:15.004-04:00 LOGGER waiting_for_port glob=/dev/cu.usbmodem*
2026-04-24T09:28:17.013-04:00 LOGGER waiting_for_port glob=/dev/cu.usbmodem*
2026-04-24T09:28:19.020-04:00 LOGGER waiting_for_port glob=/dev/cu.usbmodem*
2026-04-24T09:28:21.032-04:00 LOGGER waiting_for_port glob=/dev/cu.usbmodem*
2026-04-24T09:28:23.037-04:00 LOGGER waiting_for_port glob=/dev/cu.usbmodem*
2026-04-24T09:28:25.042-04:00 LOGGER waiting_for_port glob=/dev/cu.usbmodem*
2026-04-24T09:28:27.052-04:00 LOGGER waiting_for_port glob=/dev/cu.usbmodem*
2026-04-24T09:28:29.058-04:00 LOGGER waiting_for_port glob=/dev/cu.usbmodem*
2026-04-24T09:28:31.066-04:00 LOGGER waiting_for_port glob=/dev/cu.usbmodem*
2026-04-24T09:28:33.073-04:00 LOGGER waiting_for_port glob=/dev/cu.usbmodem*
2026-04-24T09:28:35.081-04:00 LOGGER waiting_for_port glob=/dev/cu.usbmodem*
2026-04-24T09:28:37.083-04:00 LOGGER waiting_for_port glob=/dev/cu.usbmodem*
2026-04-24T09:28:39.092-04:00 LOGGER waiting_for_port glob=/dev/cu.usbmodem*
2026-04-24T09:28:41.100-04:00 LOGGER waiting_for_port glob=/dev/cu.usbmodem*
2026-04-24T09:28:43.110-04:00 LOGGER waiting_for_port glob=/dev/cu.usbmodem*
2026-04-24T09:28:45.115-04:00 LOGGER waiting_for_port glob=/dev/cu.usbmodem*
2026-04-24T09:28:47.123-04:00 LOGGER waiting_for_port glob=/dev/cu.usbmodem*
2026-04-24T09:28:49.127-04:00 LOGGER waiting_for_port glob=/dev/cu.usbmodem*
2026-04-24T09:28:51.136-04:00 LOGGER waiting_for_port glob=/dev/cu.usbmodem*
2026-04-24T09:28:53.145-04:00 LOGGER waiting_for_port glob=/dev/cu.usbmodem*
2026-04-24T09:28:55.152-04:00 LOGGER waiting_for_port glob=/dev/cu.usbmodem*
2026-04-24T09:28:57.157-04:00 LOGGER waiting_for_port glob=/dev/cu.usbmodem*
2026-04-24T09:28:59.167-04:00 LOGGER waiting_for_port glob=/dev/cu.usbmodem*
2026-04-24T09:29:01.176-04:00 LOGGER waiting_for_port glob=/dev/cu.usbmodem*
2026-04-24T09:29:03.179-04:00 LOGGER waiting_for_port glob=/dev/cu.usbmodem*
2026-04-24T09:29:05.191-04:00 LOGGER waiting_for_port glob=/dev/cu.usbmodem*
2026-04-24T09:29:07.203-04:00 LOGGER waiting_for_port glob=/dev/cu.usbmodem*
2026-04-24T09:29:09.215-04:00 LOGGER waiting_for_port glob=/dev/cu.usbmodem*
2026-04-24T09:29:11.220-04:00 LOGGER waiting_for_port glob=/dev/cu.usbmodem*
2026-04-24T09:29:13.228-04:00 LOGGER waiting_for_port glob=/dev/cu.usbmodem*
2026-04-24T09:29:15.234-04:00 LOGGER waiting_for_port glob=/dev/cu.usbmodem*
2026-04-24T09:29:17.246-04:00 LOGGER waiting_for_port glob=/dev/cu.usbmodem*
2026-04-24T09:29:19.249-04:00 LOGGER waiting_for_port glob=/dev/cu.usbmodem*
2026-04-24T09:29:21.261-04:00 LOGGER waiting_for_port glob=/dev/cu.usbmodem*
2026-04-24T09:29:23.271-04:00 LOGGER waiting_for_port glob=/dev/cu.usbmodem*
2026-04-24T09:29:25.283-04:00 LOGGER waiting_for_port glob=/dev/cu.usbmodem*
2026-04-24T09:29:27.295-04:00 LOGGER waiting_for_port glob=/dev/cu.usbmodem*
2026-04-24T09:29:29.301-04:00 LOGGER waiting_for_port glob=/dev/cu.usbmodem*
2026-04-24T09:29:31.311-04:00 LOGGER waiting_for_port glob=/dev/cu.usbmodem*
2026-04-24T09:29:33.321-04:00 LOGGER waiting_for_port glob=/dev/cu.usbmodem*
2026-04-24T09:29:35.326-04:00 LOGGER waiting_for_port glob=/dev/cu.usbmodem*
2026-04-24T09:29:37.328-04:00 LOGGER waiting_for_port glob=/dev/cu.usbmodem*
2026-04-24T09:29:39.337-04:00 LOGGER waiting_for_port glob=/dev/cu.usbmodem*
2026-04-24T09:29:41.340-04:00 LOGGER waiting_for_port glob=/dev/cu.usbmodem*
2026-04-24T09:29:43.351-04:00 LOGGER waiting_for_port glob=/dev/cu.usbmodem*
2026-04-24T09:29:45.357-04:00 LOGGER waiting_for_port glob=/dev/cu.usbmodem*
2026-04-24T09:29:47.365-04:00 LOGGER waiting_for_port glob=/dev/cu.usbmodem*
2026-04-24T09:29:49.370-04:00 LOGGER waiting_for_port glob=/dev/cu.usbmodem*
2026-04-24T09:29:51.382-04:00 LOGGER waiting_for_port glob=/dev/cu.usbmodem*
2026-04-24T09:29:53.393-04:00 LOGGER waiting_for_port glob=/dev/cu.usbmodem*
2026-04-24T09:29:55.404-04:00 LOGGER waiting_for_port glob=/dev/cu.usbmodem*
2026-04-24T09:29:57.410-04:00 LOGGER waiting_for_port glob=/dev/cu.usbmodem*
2026-04-24T09:29:59.421-04:00 LOGGER waiting_for_port glob=/dev/cu.usbmodem*
2026-04-24T09:30:01.426-04:00 LOGGER waiting_for_port glob=/dev/cu.usbmodem*
2026-04-24T09:30:03.438-04:00 LOGGER waiting_for_port glob=/dev/cu.usbmodem*
2026-04-24T09:30:05.446-04:00 LOGGER waiting_for_port glob=/dev/cu.usbmodem*
2026-04-24T09:30:07.455-04:00 LOGGER waiting_for_port glob=/dev/cu.usbmodem*
2026-04-24T09:30:09.462-04:00 LOGGER waiting_for_port glob=/dev/cu.usbmodem*
2026-04-24T09:30:11.470-04:00 LOGGER waiting_for_port glob=/dev/cu.usbmodem*
2026-04-24T09:30:13.478-04:00 LOGGER waiting_for_port glob=/dev/cu.usbmodem*
2026-04-24T09:30:15.485-04:00 LOGGER waiting_for_port glob=/dev/cu.usbmodem*
2026-04-24T09:30:17.488-04:00 LOGGER waiting_for_port glob=/dev/cu.usbmodem*
2026-04-24T09:30:19.494-04:00 LOGGER waiting_for_port glob=/dev/cu.usbmodem*
2026-04-24T09:30:21.506-04:00 LOGGER waiting_for_port glob=/dev/cu.usbmodem*
2026-04-24T09:30:23.510-04:00 LOGGER waiting_for_port glob=/dev/cu.usbmodem*
2026-04-24T09:30:25.515-04:00 LOGGER waiting_for_port glob=/dev/cu.usbmodem*
2026-04-24T09:30:27.523-04:00 LOGGER waiting_for_port glob=/dev/cu.usbmodem*
2026-04-24T09:30:29.535-04:00 LOGGER waiting_for_port glob=/dev/cu.usbmodem*
2026-04-24T09:30:31.547-04:00 LOGGER waiting_for_port glob=/dev/cu.usbmodem*
2026-04-24T09:30:33.550-04:00 LOGGER waiting_for_port glob=/dev/cu.usbmodem*
2026-04-24T09:30:35.555-04:00 LOGGER waiting_for_port glob=/dev/cu.usbmodem*
2026-04-24T09:30:37.562-04:00 LOGGER waiting_for_port glob=/dev/cu.usbmodem*
2026-04-24T09:30:39.573-04:00 LOGGER waiting_for_port glob=/dev/cu.usbmodem*
2026-04-24T09:30:41.583-04:00 LOGGER waiting_for_port glob=/dev/cu.usbmodem*
2026-04-24T09:30:43.588-04:00 LOGGER waiting_for_port glob=/dev/cu.usbmodem*
2026-04-24T09:30:45.594-04:00 LOGGER waiting_for_port glob=/dev/cu.usbmodem*
2026-04-24T09:30:47.606-04:00 LOGGER waiting_for_port glob=/dev/cu.usbmodem*
2026-04-24T09:30:49.609-04:00 LOGGER waiting_for_port glob=/dev/cu.usbmodem*
2026-04-24T09:30:51.616-04:00 LOGGER waiting_for_port glob=/dev/cu.usbmodem*
2026-04-24T09:30:53.623-04:00 LOGGER waiting_for_port glob=/dev/cu.usbmodem*
2026-04-24T09:30:55.634-04:00 LOGGER waiting_for_port glob=/dev/cu.usbmodem*
2026-04-24T09:30:57.641-04:00 LOGGER waiting_for_port glob=/dev/cu.usbmodem*
2026-04-24T09:30:59.652-04:00 LOGGER waiting_for_port glob=/dev/cu.usbmodem*
2026-04-24T09:31:01.657-04:00 LOGGER waiting_for_port glob=/dev/cu.usbmodem*
2026-04-24T09:31:03.665-04:00 LOGGER waiting_for_port glob=/dev/cu.usbmodem*
2026-04-24T09:31:05.671-04:00 LOGGER waiting_for_port glob=/dev/cu.usbmodem*
2026-04-24T09:31:07.675-04:00 LOGGER waiting_for_port glob=/dev/cu.usbmodem*
2026-04-24T09:31:09.679-04:00 LOGGER waiting_for_port glob=/dev/cu.usbmodem*
2026-04-24T09:31:11.686-04:00 LOGGER waiting_for_port glob=/dev/cu.usbmodem*
2026-04-24T09:31:13.688-04:00 LOGGER waiting_for_port glob=/dev/cu.usbmodem*
2026-04-24T09:31:15.698-04:00 LOGGER waiting_for_port glob=/dev/cu.usbmodem*
2026-04-24T09:31:17.705-04:00 LOGGER waiting_for_port glob=/dev/cu.usbmodem*
2026-04-24T09:31:19.715-04:00 LOGGER waiting_for_port glob=/dev/cu.usbmodem*
2026-04-24T09:31:21.723-04:00 LOGGER waiting_for_port glob=/dev/cu.usbmodem*
2026-04-24T09:31:23.726-04:00 LOGGER waiting_for_port glob=/dev/cu.usbmodem*
2026-04-24T09:31:25.733-04:00 LOGGER waiting_for_port glob=/dev/cu.usbmodem*
2026-04-24T09:31:27.739-04:00 LOGGER waiting_for_port glob=/dev/cu.usbmodem*
2026-04-24T09:31:29.745-04:00 LOGGER waiting_for_port glob=/dev/cu.usbmodem*
2026-04-24T09:31:31.753-04:00 LOGGER waiting_for_port glob=/dev/cu.usbmodem*
2026-04-24T09:31:33.759-04:00 LOGGER waiting_for_port glob=/dev/cu.usbmodem*
2026-04-24T09:31:35.769-04:00 LOGGER waiting_for_port glob=/dev/cu.usbmodem*
2026-04-24T09:31:37.771-04:00 LOGGER waiting_for_port glob=/dev/cu.usbmodem*
2026-04-24T09:31:39.783-04:00 LOGGER waiting_for_port glob=/dev/cu.usbmodem*
2026-04-24T09:31:41.790-04:00 LOGGER waiting_for_port glob=/dev/cu.usbmodem*
2026-04-24T09:31:43.797-04:00 LOGGER waiting_for_port glob=/dev/cu.usbmodem*
2026-04-24T09:31:45.808-04:00 LOGGER waiting_for_port glob=/dev/cu.usbmodem*
2026-04-24T09:31:47.814-04:00 LOGGER waiting_for_port glob=/dev/cu.usbmodem*
2026-04-24T09:31:49.822-04:00 LOGGER waiting_for_port glob=/dev/cu.usbmodem*
2026-04-24T09:31:51.834-04:00 LOGGER waiting_for_port glob=/dev/cu.usbmodem*
2026-04-24T09:31:53.838-04:00 LOGGER waiting_for_port glob=/dev/cu.usbmodem*
2026-04-24T09:31:55.841-04:00 LOGGER waiting_for_port glob=/dev/cu.usbmodem*
2026-04-24T09:31:57.849-04:00 LOGGER waiting_for_port glob=/dev/cu.usbmodem*
2026-04-24T09:31:59.854-04:00 LOGGER waiting_for_port glob=/dev/cu.usbmodem*
2026-04-24T09:32:01.856-04:00 LOGGER waiting_for_port glob=/dev/cu.usbmodem*
2026-04-24T09:32:03.864-04:00 LOGGER waiting_for_port glob=/dev/cu.usbmodem*
2026-04-24T09:32:05.870-04:00 LOGGER waiting_for_port glob=/dev/cu.usbmodem*
2026-04-24T09:32:07.882-04:00 LOGGER waiting_for_port glob=/dev/cu.usbmodem*
2026-04-24T09:32:09.894-04:00 LOGGER waiting_for_port glob=/dev/cu.usbmodem*
2026-04-24T09:32:11.896-04:00 LOGGER waiting_for_port glob=/dev/cu.usbmodem*
2026-04-24T09:32:13.907-04:00 LOGGER waiting_for_port glob=/dev/cu.usbmodem*
2026-04-24T09:32:15.913-04:00 LOGGER waiting_for_port glob=/dev/cu.usbmodem*
2026-04-24T09:32:17.919-04:00 LOGGER waiting_for_port glob=/dev/cu.usbmodem*
2026-04-24T09:32:19.930-04:00 LOGGER waiting_for_port glob=/dev/cu.usbmodem*
2026-04-24T09:32:21.942-04:00 LOGGER waiting_for_port glob=/dev/cu.usbmodem*
2026-04-24T09:32:23.952-04:00 LOGGER waiting_for_port glob=/dev/cu.usbmodem*
2026-04-24T09:32:25.964-04:00 LOGGER waiting_for_port glob=/dev/cu.usbmodem*
2026-04-24T09:32:27.971-04:00 LOGGER waiting_for_port glob=/dev/cu.usbmodem*
2026-04-24T09:32:29.974-04:00 LOGGER waiting_for_port glob=/dev/cu.usbmodem*
2026-04-24T09:32:31.985-04:00 LOGGER waiting_for_port glob=/dev/cu.usbmodem*
2026-04-24T09:32:33.995-04:00 LOGGER waiting_for_port glob=/dev/cu.usbmodem*
2026-04-24T09:32:36.003-04:00 LOGGER waiting_for_port glob=/dev/cu.usbmodem*
2026-04-24T09:32:38.008-04:00 LOGGER waiting_for_port glob=/dev/cu.usbmodem*
2026-04-24T09:32:40.020-04:00 LOGGER waiting_for_port glob=/dev/cu.usbmodem*
2026-04-24T09:32:42.028-04:00 LOGGER waiting_for_port glob=/dev/cu.usbmodem*
2026-04-24T09:32:44.033-04:00 LOGGER waiting_for_port glob=/dev/cu.usbmodem*
2026-04-24T09:32:46.042-04:00 LOGGER waiting_for_port glob=/dev/cu.usbmodem*
2026-04-24T09:32:48.051-04:00 LOGGER waiting_for_port glob=/dev/cu.usbmodem*
2026-04-24T09:32:50.054-04:00 LOGGER waiting_for_port glob=/dev/cu.usbmodem*
2026-04-24T09:32:52.061-04:00 LOGGER waiting_for_port glob=/dev/cu.usbmodem*
2026-04-24T09:32:54.068-04:00 LOGGER waiting_for_port glob=/dev/cu.usbmodem*
2026-04-24T09:32:56.074-04:00 LOGGER waiting_for_port glob=/dev/cu.usbmodem*
2026-04-24T09:32:58.082-04:00 LOGGER waiting_for_port glob=/dev/cu.usbmodem*
2026-04-24T09:33:00.090-04:00 LOGGER waiting_for_port glob=/dev/cu.usbmodem*
2026-04-24T09:33:02.100-04:00 LOGGER waiting_for_port glob=/dev/cu.usbmodem*
2026-04-24T09:33:04.112-04:00 LOGGER waiting_for_port glob=/dev/cu.usbmodem*
2026-04-24T09:33:06.118-04:00 LOGGER waiting_for_port glob=/dev/cu.usbmodem*
2026-04-24T09:33:08.123-04:00 LOGGER waiting_for_port glob=/dev/cu.usbmodem*
2026-04-24T09:33:10.130-04:00 LOGGER waiting_for_port glob=/dev/cu.usbmodem*
2026-04-24T09:33:12.142-04:00 LOGGER waiting_for_port glob=/dev/cu.usbmodem*
2026-04-24T09:33:14.149-04:00 LOGGER waiting_for_port glob=/dev/cu.usbmodem*
2026-04-24T09:33:16.159-04:00 LOGGER waiting_for_port glob=/dev/cu.usbmodem*
2026-04-24T09:33:18.165-04:00 LOGGER waiting_for_port glob=/dev/cu.usbmodem*
2026-04-24T09:33:20.177-04:00 LOGGER waiting_for_port glob=/dev/cu.usbmodem*
2026-04-24T09:33:22.183-04:00 LOGGER waiting_for_port glob=/dev/cu.usbmodem*
2026-04-24T09:33:24.193-04:00 LOGGER waiting_for_port glob=/dev/cu.usbmodem*
2026-04-24T09:33:26.198-04:00 LOGGER waiting_for_port glob=/dev/cu.usbmodem*
2026-04-24T09:33:28.205-04:00 LOGGER waiting_for_port glob=/dev/cu.usbmodem*
2026-04-24T09:33:30.209-04:00 LOGGER waiting_for_port glob=/dev/cu.usbmodem*
2026-04-24T09:33:32.214-04:00 LOGGER waiting_for_port glob=/dev/cu.usbmodem*
2026-04-24T09:33:34.221-04:00 LOGGER waiting_for_port glob=/dev/cu.usbmodem*
2026-04-24T09:33:36.231-04:00 LOGGER waiting_for_port glob=/dev/cu.usbmodem*
2026-04-24T09:33:38.238-04:00 LOGGER waiting_for_port glob=/dev/cu.usbmodem*
2026-04-24T09:33:40.248-04:00 LOGGER waiting_for_port glob=/dev/cu.usbmodem*
2026-04-24T09:33:42.256-04:00 LOGGER waiting_for_port glob=/dev/cu.usbmodem*
2026-04-24T09:33:44.264-04:00 LOGGER waiting_for_port glob=/dev/cu.usbmodem*
2026-04-24T09:33:46.271-04:00 LOGGER waiting_for_port glob=/dev/cu.usbmodem*
2026-04-24T09:33:48.273-04:00 LOGGER waiting_for_port glob=/dev/cu.usbmodem*
2026-04-24T09:33:50.280-04:00 LOGGER waiting_for_port glob=/dev/cu.usbmodem*
2026-04-24T09:33:52.289-04:00 LOGGER waiting_for_port glob=/dev/cu.usbmodem*
2026-04-24T09:33:54.297-04:00 LOGGER waiting_for_port glob=/dev/cu.usbmodem*
2026-04-24T09:33:56.309-04:00 LOGGER waiting_for_port glob=/dev/cu.usbmodem*
2026-04-24T09:33:58.321-04:00 LOGGER waiting_for_port glob=/dev/cu.usbmodem*
2026-04-24T09:34:00.324-04:00 LOGGER waiting_for_port glob=/dev/cu.usbmodem*
2026-04-24T09:34:02.336-04:00 LOGGER waiting_for_port glob=/dev/cu.usbmodem*
2026-04-24T09:34:04.344-04:00 LOGGER waiting_for_port glob=/dev/cu.usbmodem*
2026-04-24T09:34:06.356-04:00 LOGGER waiting_for_port glob=/dev/cu.usbmodem*
2026-04-24T09:34:08.366-04:00 LOGGER waiting_for_port glob=/dev/cu.usbmodem*
2026-04-24T09:34:10.375-04:00 LOGGER waiting_for_port glob=/dev/cu.usbmodem*
2026-04-24T09:34:12.377-04:00 LOGGER waiting_for_port glob=/dev/cu.usbmodem*
2026-04-24T09:34:14.389-04:00 LOGGER waiting_for_port glob=/dev/cu.usbmodem*
2026-04-24T09:34:16.400-04:00 LOGGER waiting_for_port glob=/dev/cu.usbmodem*
2026-04-24T09:34:18.405-04:00 LOGGER waiting_for_port glob=/dev/cu.usbmodem*
2026-04-24T09:34:20.429-04:00 LOGGER waiting_for_port glob=/dev/cu.usbmodem*
2026-04-24T09:34:22.437-04:00 LOGGER waiting_for_port glob=/dev/cu.usbmodem*
2026-04-24T09:34:24.439-04:00 LOGGER waiting_for_port glob=/dev/cu.usbmodem*
2026-04-24T09:34:26.445-04:00 LOGGER waiting_for_port glob=/dev/cu.usbmodem*
2026-04-24T09:34:28.450-04:00 LOGGER waiting_for_port glob=/dev/cu.usbmodem*
2026-04-24T09:34:30.462-04:00 LOGGER waiting_for_port glob=/dev/cu.usbmodem*
2026-04-24T09:34:32.467-04:00 LOGGER waiting_for_port glob=/dev/cu.usbmodem*
2026-04-24T09:34:34.473-04:00 LOGGER waiting_for_port glob=/dev/cu.usbmodem*
2026-04-24T09:34:36.485-04:00 LOGGER waiting_for_port glob=/dev/cu.usbmodem*
2026-04-24T09:34:38.494-04:00 LOGGER waiting_for_port glob=/dev/cu.usbmodem*
2026-04-24T09:34:40.506-04:00 LOGGER waiting_for_port glob=/dev/cu.usbmodem*
2026-04-24T09:34:42.509-04:00 LOGGER waiting_for_port glob=/dev/cu.usbmodem*
2026-04-24T09:34:44.512-04:00 LOGGER waiting_for_port glob=/dev/cu.usbmodem*
2026-04-24T09:34:46.519-04:00 LOGGER waiting_for_port glob=/dev/cu.usbmodem*
2026-04-24T09:34:48.521-04:00 LOGGER waiting_for_port glob=/dev/cu.usbmodem*
2026-04-24T09:34:50.528-04:00 LOGGER waiting_for_port glob=/dev/cu.usbmodem*
2026-04-24T09:34:52.535-04:00 LOGGER waiting_for_port glob=/dev/cu.usbmodem*
2026-04-24T09:34:54.539-04:00 LOGGER waiting_for_port glob=/dev/cu.usbmodem*
2026-04-24T09:34:56.546-04:00 LOGGER waiting_for_port glob=/dev/cu.usbmodem*
2026-04-24T09:34:58.552-04:00 LOGGER waiting_for_port glob=/dev/cu.usbmodem*
2026-04-24T09:35:00.564-04:00 LOGGER waiting_for_port glob=/dev/cu.usbmodem*
2026-04-24T09:35:02.576-04:00 LOGGER waiting_for_port glob=/dev/cu.usbmodem*
2026-04-24T09:35:04.579-04:00 LOGGER waiting_for_port glob=/dev/cu.usbmodem*
2026-04-24T09:35:06.586-04:00 LOGGER waiting_for_port glob=/dev/cu.usbmodem*
2026-04-24T09:35:08.598-04:00 LOGGER waiting_for_port glob=/dev/cu.usbmodem*
2026-04-24T09:35:10.609-04:00 LOGGER waiting_for_port glob=/dev/cu.usbmodem*
2026-04-24T09:35:12.611-04:00 LOGGER waiting_for_port glob=/dev/cu.usbmodem*
2026-04-24T09:35:14.624-04:00 LOGGER waiting_for_port glob=/dev/cu.usbmodem*
2026-04-24T09:35:16.633-04:00 LOGGER waiting_for_port glob=/dev/cu.usbmodem*
2026-04-24T09:35:18.641-04:00 LOGGER waiting_for_port glob=/dev/cu.usbmodem*
2026-04-24T09:35:20.648-04:00 LOGGER waiting_for_port glob=/dev/cu.usbmodem*
2026-04-24T09:35:22.654-04:00 LOGGER waiting_for_port glob=/dev/cu.usbmodem*
2026-04-24T09:35:24.660-04:00 LOGGER waiting_for_port glob=/dev/cu.usbmodem*
2026-04-24T09:35:26.672-04:00 LOGGER waiting_for_port glob=/dev/cu.usbmodem*
2026-04-24T09:35:28.678-04:00 LOGGER waiting_for_port glob=/dev/cu.usbmodem*
2026-04-24T09:35:30.688-04:00 LOGGER waiting_for_port glob=/dev/cu.usbmodem*
2026-04-24T09:35:32.694-04:00 LOGGER waiting_for_port glob=/dev/cu.usbmodem*
2026-04-24T09:35:34.701-04:00 LOGGER waiting_for_port glob=/dev/cu.usbmodem*
2026-04-24T09:35:36.707-04:00 LOGGER waiting_for_port glob=/dev/cu.usbmodem*
2026-04-24T09:35:38.719-04:00 LOGGER waiting_for_port glob=/dev/cu.usbmodem*
2026-04-24T09:35:40.724-04:00 LOGGER waiting_for_port glob=/dev/cu.usbmodem*
2026-04-24T09:35:42.734-04:00 LOGGER waiting_for_port glob=/dev/cu.usbmodem*
2026-04-24T09:35:44.740-04:00 LOGGER waiting_for_port glob=/dev/cu.usbmodem*
2026-04-24T09:35:46.746-04:00 LOGGER waiting_for_port glob=/dev/cu.usbmodem*
2026-04-24T09:35:48.757-04:00 LOGGER waiting_for_port glob=/dev/cu.usbmodem*
2026-04-24T09:35:50.761-04:00 LOGGER waiting_for_port glob=/dev/cu.usbmodem*
2026-04-24T09:35:52.772-04:00 LOGGER waiting_for_port glob=/dev/cu.usbmodem*
2026-04-24T09:35:54.782-04:00 LOGGER waiting_for_port glob=/dev/cu.usbmodem*
2026-04-24T09:35:56.793-04:00 LOGGER waiting_for_port glob=/dev/cu.usbmodem*
2026-04-24T09:35:58.799-04:00 LOGGER waiting_for_port glob=/dev/cu.usbmodem*
2026-04-24T09:36:00.805-04:00 LOGGER waiting_for_port glob=/dev/cu.usbmodem*
2026-04-24T09:36:02.813-04:00 LOGGER waiting_for_port glob=/dev/cu.usbmodem*
2026-04-24T09:36:04.818-04:00 LOGGER waiting_for_port glob=/dev/cu.usbmodem*
2026-04-24T09:36:06.824-04:00 LOGGER waiting_for_port glob=/dev/cu.usbmodem*
2026-04-24T09:36:08.831-04:00 LOGGER waiting_for_port glob=/dev/cu.usbmodem*
2026-04-24T09:36:10.837-04:00 LOGGER waiting_for_port glob=/dev/cu.usbmodem*
2026-04-24T09:36:12.849-04:00 LOGGER waiting_for_port glob=/dev/cu.usbmodem*
2026-04-24T09:36:14.858-04:00 LOGGER waiting_for_port glob=/dev/cu.usbmodem*
2026-04-24T09:36:16.864-04:00 LOGGER waiting_for_port glob=/dev/cu.usbmodem*
2026-04-24T09:36:18.876-04:00 LOGGER waiting_for_port glob=/dev/cu.usbmodem*
2026-04-24T09:36:20.883-04:00 LOGGER waiting_for_port glob=/dev/cu.usbmodem*
2026-04-24T09:36:22.893-04:00 LOGGER waiting_for_port glob=/dev/cu.usbmodem*
2026-04-24T09:36:24.904-04:00 LOGGER waiting_for_port glob=/dev/cu.usbmodem*
2026-04-24T09:36:26.910-04:00 LOGGER waiting_for_port glob=/dev/cu.usbmodem*
2026-04-24T09:36:28.913-04:00 LOGGER waiting_for_port glob=/dev/cu.usbmodem*
2026-04-24T09:36:30.925-04:00 LOGGER waiting_for_port glob=/dev/cu.usbmodem*
2026-04-24T09:36:32.931-04:00 LOGGER waiting_for_port glob=/dev/cu.usbmodem*
2026-04-24T09:36:34.937-04:00 LOGGER waiting_for_port glob=/dev/cu.usbmodem*
2026-04-24T09:36:36.943-04:00 LOGGER waiting_for_port glob=/dev/cu.usbmodem*
2026-04-24T09:36:38.949-04:00 LOGGER waiting_for_port glob=/dev/cu.usbmodem*
2026-04-24T09:36:40.955-04:00 LOGGER waiting_for_port glob=/dev/cu.usbmodem*
2026-04-24T09:36:42.957-04:00 LOGGER waiting_for_port glob=/dev/cu.usbmodem*
2026-04-24T09:36:44.969-04:00 LOGGER waiting_for_port glob=/dev/cu.usbmodem*
2026-04-24T09:36:46.976-04:00 LOGGER waiting_for_port glob=/dev/cu.usbmodem*
2026-04-24T09:36:48.987-04:00 LOGGER waiting_for_port glob=/dev/cu.usbmodem*
2026-04-24T09:36:50.993-04:00 LOGGER waiting_for_port glob=/dev/cu.usbmodem*
2026-04-24T09:36:53.005-04:00 LOGGER waiting_for_port glob=/dev/cu.usbmodem*
2026-04-24T09:36:55.012-04:00 LOGGER waiting_for_port glob=/dev/cu.usbmodem*
2026-04-24T09:36:57.022-04:00 LOGGER waiting_for_port glob=/dev/cu.usbmodem*
2026-04-24T09:36:59.028-04:00 LOGGER waiting_for_port glob=/dev/cu.usbmodem*
2026-04-24T09:37:01.039-04:00 LOGGER waiting_for_port glob=/dev/cu.usbmodem*
2026-04-24T09:37:03.049-04:00 LOGGER waiting_for_port glob=/dev/cu.usbmodem*
2026-04-24T09:37:05.061-04:00 LOGGER waiting_for_port glob=/dev/cu.usbmodem*
2026-04-24T09:37:07.068-04:00 LOGGER waiting_for_port glob=/dev/cu.usbmodem*
2026-04-24T09:37:09.080-04:00 LOGGER waiting_for_port glob=/dev/cu.usbmodem*
2026-04-24T09:37:11.084-04:00 LOGGER waiting_for_port glob=/dev/cu.usbmodem*
2026-04-24T09:37:13.091-04:00 LOGGER waiting_for_port glob=/dev/cu.usbmodem*
2026-04-24T09:37:15.101-04:00 LOGGER waiting_for_port glob=/dev/cu.usbmodem*
2026-04-24T09:37:17.108-04:00 LOGGER waiting_for_port glob=/dev/cu.usbmodem*
2026-04-24T09:37:19.120-04:00 LOGGER waiting_for_port glob=/dev/cu.usbmodem*
2026-04-24T09:37:21.125-04:00 LOGGER waiting_for_port glob=/dev/cu.usbmodem*
2026-04-24T09:37:23.137-04:00 LOGGER waiting_for_port glob=/dev/cu.usbmodem*
2026-04-24T09:37:25.143-04:00 LOGGER waiting_for_port glob=/dev/cu.usbmodem*
2026-04-24T09:37:27.149-04:00 LOGGER waiting_for_port glob=/dev/cu.usbmodem*
2026-04-24T09:37:29.158-04:00 LOGGER waiting_for_port glob=/dev/cu.usbmodem*
2026-04-24T09:37:31.163-04:00 LOGGER waiting_for_port glob=/dev/cu.usbmodem*
2026-04-24T09:37:33.174-04:00 LOGGER waiting_for_port glob=/dev/cu.usbmodem*
2026-04-24T09:37:35.183-04:00 LOGGER waiting_for_port glob=/dev/cu.usbmodem*
2026-04-24T09:37:37.189-04:00 LOGGER waiting_for_port glob=/dev/cu.usbmodem*
2026-04-24T09:37:39.192-04:00 LOGGER waiting_for_port glob=/dev/cu.usbmodem*
2026-04-24T09:37:41.197-04:00 LOGGER waiting_for_port glob=/dev/cu.usbmodem*
2026-04-24T09:37:43.209-04:00 LOGGER waiting_for_port glob=/dev/cu.usbmodem*
2026-04-24T09:37:45.218-04:00 LOGGER waiting_for_port glob=/dev/cu.usbmodem*
2026-04-24T09:37:47.230-04:00 LOGGER waiting_for_port glob=/dev/cu.usbmodem*
2026-04-24T09:37:49.242-04:00 LOGGER waiting_for_port glob=/dev/cu.usbmodem*
2026-04-24T09:37:51.248-04:00 LOGGER waiting_for_port glob=/dev/cu.usbmodem*
2026-04-24T09:37:53.255-04:00 LOGGER waiting_for_port glob=/dev/cu.usbmodem*
2026-04-24T09:37:55.267-04:00 LOGGER waiting_for_port glob=/dev/cu.usbmodem*
2026-04-24T09:37:57.274-04:00 LOGGER waiting_for_port glob=/dev/cu.usbmodem*
2026-04-24T09:37:59.286-04:00 LOGGER waiting_for_port glob=/dev/cu.usbmodem*
2026-04-24T09:38:01.295-04:00 LOGGER waiting_for_port glob=/dev/cu.usbmodem*
2026-04-24T09:38:03.307-04:00 LOGGER waiting_for_port glob=/dev/cu.usbmodem*
2026-04-24T09:38:05.316-04:00 LOGGER waiting_for_port glob=/dev/cu.usbmodem*
2026-04-24T09:38:07.328-04:00 LOGGER waiting_for_port glob=/dev/cu.usbmodem*
2026-04-24T09:38:09.331-04:00 LOGGER waiting_for_port glob=/dev/cu.usbmodem*
2026-04-24T09:38:11.337-04:00 LOGGER waiting_for_port glob=/dev/cu.usbmodem*
2026-04-24T09:38:13.344-04:00 LOGGER waiting_for_port glob=/dev/cu.usbmodem*
2026-04-24T09:38:15.345-04:00 LOGGER waiting_for_port glob=/dev/cu.usbmodem*
2026-04-24T09:38:17.348-04:00 LOGGER waiting_for_port glob=/dev/cu.usbmodem*
2026-04-24T09:38:19.357-04:00 LOGGER waiting_for_port glob=/dev/cu.usbmodem*
2026-04-24T09:38:21.363-04:00 LOGGER waiting_for_port glob=/dev/cu.usbmodem*
2026-04-24T09:38:23.375-04:00 LOGGER waiting_for_port glob=/dev/cu.usbmodem*
2026-04-24T09:38:25.380-04:00 LOGGER waiting_for_port glob=/dev/cu.usbmodem*
2026-04-24T09:38:27.386-04:00 LOGGER waiting_for_port glob=/dev/cu.usbmodem*
2026-04-24T09:38:29.398-04:00 LOGGER waiting_for_port glob=/dev/cu.usbmodem*
2026-04-24T09:38:31.406-04:00 LOGGER waiting_for_port glob=/dev/cu.usbmodem*
2026-04-24T09:38:33.413-04:00 LOGGER waiting_for_port glob=/dev/cu.usbmodem*
2026-04-24T09:38:35.423-04:00 LOGGER waiting_for_port glob=/dev/cu.usbmodem*
2026-04-24T09:38:37.427-04:00 LOGGER waiting_for_port glob=/dev/cu.usbmodem*
2026-04-24T09:38:39.431-04:00 LOGGER waiting_for_port glob=/dev/cu.usbmodem*
2026-04-24T09:38:41.438-04:00 LOGGER waiting_for_port glob=/dev/cu.usbmodem*
2026-04-24T09:38:43.446-04:00 LOGGER waiting_for_port glob=/dev/cu.usbmodem*
2026-04-24T09:38:45.454-04:00 LOGGER waiting_for_port glob=/dev/cu.usbmodem*
2026-04-24T09:38:47.457-04:00 LOGGER waiting_for_port glob=/dev/cu.usbmodem*
2026-04-24T09:38:49.467-04:00 LOGGER waiting_for_port glob=/dev/cu.usbmodem*
2026-04-24T09:38:51.473-04:00 LOGGER waiting_for_port glob=/dev/cu.usbmodem*
2026-04-24T09:38:53.478-04:00 LOGGER waiting_for_port glob=/dev/cu.usbmodem*
2026-04-24T09:38:55.483-04:00 LOGGER waiting_for_port glob=/dev/cu.usbmodem*
2026-04-24T09:38:57.490-04:00 LOGGER waiting_for_port glob=/dev/cu.usbmodem*
2026-04-24T09:38:59.493-04:00 LOGGER waiting_for_port glob=/dev/cu.usbmodem*
2026-04-24T09:39:01.503-04:00 LOGGER waiting_for_port glob=/dev/cu.usbmodem*
2026-04-24T09:39:03.511-04:00 LOGGER waiting_for_port glob=/dev/cu.usbmodem*
2026-04-24T09:39:05.519-04:00 LOGGER waiting_for_port glob=/dev/cu.usbmodem*
2026-04-24T09:39:07.529-04:00 LOGGER waiting_for_port glob=/dev/cu.usbmodem*
2026-04-24T09:39:09.541-04:00 LOGGER waiting_for_port glob=/dev/cu.usbmodem*
2026-04-24T09:39:11.544-04:00 LOGGER waiting_for_port glob=/dev/cu.usbmodem*
2026-04-24T09:39:13.550-04:00 LOGGER waiting_for_port glob=/dev/cu.usbmodem*
2026-04-24T09:39:15.562-04:00 LOGGER waiting_for_port glob=/dev/cu.usbmodem*
2026-04-24T09:39:17.574-04:00 LOGGER waiting_for_port glob=/dev/cu.usbmodem*
2026-04-24T09:39:19.586-04:00 LOGGER waiting_for_port glob=/dev/cu.usbmodem*
2026-04-24T09:39:21.593-04:00 LOGGER waiting_for_port glob=/dev/cu.usbmodem*
2026-04-24T09:39:23.598-04:00 LOGGER waiting_for_port glob=/dev/cu.usbmodem*
2026-04-24T09:39:25.610-04:00 LOGGER waiting_for_port glob=/dev/cu.usbmodem*
2026-04-24T09:39:27.619-04:00 LOGGER waiting_for_port glob=/dev/cu.usbmodem*
2026-04-24T09:39:29.625-04:00 LOGGER waiting_for_port glob=/dev/cu.usbmodem*
2026-04-24T09:39:31.637-04:00 LOGGER waiting_for_port glob=/dev/cu.usbmodem*
2026-04-24T09:39:33.644-04:00 LOGGER waiting_for_port glob=/dev/cu.usbmodem*
2026-04-24T09:39:35.656-04:00 LOGGER waiting_for_port glob=/dev/cu.usbmodem*
2026-04-24T09:39:37.663-04:00 LOGGER waiting_for_port glob=/dev/cu.usbmodem*
2026-04-24T09:39:39.666-04:00 LOGGER waiting_for_port glob=/dev/cu.usbmodem*
2026-04-24T09:39:41.675-04:00 LOGGER waiting_for_port glob=/dev/cu.usbmodem*
2026-04-24T09:39:43.687-04:00 LOGGER waiting_for_port glob=/dev/cu.usbmodem*
2026-04-24T09:39:45.693-04:00 LOGGER waiting_for_port glob=/dev/cu.usbmodem*
2026-04-24T09:39:47.702-04:00 LOGGER waiting_for_port glob=/dev/cu.usbmodem*
2026-04-24T09:39:49.705-04:00 LOGGER waiting_for_port glob=/dev/cu.usbmodem*
2026-04-24T09:39:51.715-04:00 LOGGER waiting_for_port glob=/dev/cu.usbmodem*
2026-04-24T09:39:53.724-04:00 LOGGER waiting_for_port glob=/dev/cu.usbmodem*
2026-04-24T09:39:55.730-04:00 LOGGER waiting_for_port glob=/dev/cu.usbmodem*
2026-04-24T09:39:57.741-04:00 LOGGER waiting_for_port glob=/dev/cu.usbmodem*
2026-04-24T09:39:59.745-04:00 LOGGER waiting_for_port glob=/dev/cu.usbmodem*
2026-04-24T09:40:01.756-04:00 LOGGER waiting_for_port glob=/dev/cu.usbmodem*
2026-04-24T09:40:03.768-04:00 LOGGER waiting_for_port glob=/dev/cu.usbmodem*
2026-04-24T09:40:05.774-04:00 LOGGER waiting_for_port glob=/dev/cu.usbmodem*
2026-04-24T09:40:07.781-04:00 LOGGER waiting_for_port glob=/dev/cu.usbmodem*
2026-04-24T09:40:09.791-04:00 LOGGER waiting_for_port glob=/dev/cu.usbmodem*
2026-04-24T09:40:11.794-04:00 LOGGER waiting_for_port glob=/dev/cu.usbmodem*
2026-04-24T09:40:13.799-04:00 LOGGER waiting_for_port glob=/dev/cu.usbmodem*
2026-04-24T09:40:15.810-04:00 LOGGER waiting_for_port glob=/dev/cu.usbmodem*
2026-04-24T09:40:17.817-04:00 LOGGER waiting_for_port glob=/dev/cu.usbmodem*
2026-04-24T09:40:19.829-04:00 LOGGER waiting_for_port glob=/dev/cu.usbmodem*
2026-04-24T09:40:21.839-04:00 LOGGER waiting_for_port glob=/dev/cu.usbmodem*
2026-04-24T09:40:23.845-04:00 LOGGER waiting_for_port glob=/dev/cu.usbmodem*
2026-04-24T09:40:25.855-04:00 LOGGER waiting_for_port glob=/dev/cu.usbmodem*
2026-04-24T09:40:27.866-04:00 LOGGER waiting_for_port glob=/dev/cu.usbmodem*
2026-04-24T09:40:29.878-04:00 LOGGER waiting_for_port glob=/dev/cu.usbmodem*
2026-04-24T09:40:31.883-04:00 LOGGER waiting_for_port glob=/dev/cu.usbmodem*
2026-04-24T09:40:33.888-04:00 LOGGER waiting_for_port glob=/dev/cu.usbmodem*
2026-04-24T09:40:35.900-04:00 LOGGER waiting_for_port glob=/dev/cu.usbmodem*
2026-04-24T09:40:37.903-04:00 LOGGER waiting_for_port glob=/dev/cu.usbmodem*
2026-04-24T09:40:39.915-04:00 LOGGER waiting_for_port glob=/dev/cu.usbmodem*
2026-04-24T09:40:41.921-04:00 LOGGER waiting_for_port glob=/dev/cu.usbmodem*
2026-04-24T09:40:43.931-04:00 LOGGER waiting_for_port glob=/dev/cu.usbmodem*
2026-04-24T09:40:45.938-04:00 LOGGER waiting_for_port glob=/dev/cu.usbmodem*
2026-04-24T09:40:47.944-04:00 LOGGER waiting_for_port glob=/dev/cu.usbmodem*
2026-04-24T09:40:49.956-04:00 LOGGER waiting_for_port glob=/dev/cu.usbmodem*
2026-04-24T09:40:51.967-04:00 LOGGER waiting_for_port glob=/dev/cu.usbmodem*
2026-04-24T09:40:53.971-04:00 LOGGER waiting_for_port glob=/dev/cu.usbmodem*
2026-04-24T09:40:55.978-04:00 LOGGER waiting_for_port glob=/dev/cu.usbmodem*
2026-04-24T09:40:57.987-04:00 LOGGER waiting_for_port glob=/dev/cu.usbmodem*
2026-04-24T09:40:59.999-04:00 LOGGER waiting_for_port glob=/dev/cu.usbmodem*
2026-04-24T09:41:02.004-04:00 LOGGER waiting_for_port glob=/dev/cu.usbmodem*
2026-04-24T09:41:04.009-04:00 LOGGER waiting_for_port glob=/dev/cu.usbmodem*
2026-04-24T09:41:06.020-04:00 LOGGER waiting_for_port glob=/dev/cu.usbmodem*
2026-04-24T09:41:08.027-04:00 LOGGER waiting_for_port glob=/dev/cu.usbmodem*
2026-04-24T09:41:10.035-04:00 LOGGER waiting_for_port glob=/dev/cu.usbmodem*
2026-04-24T09:41:12.044-04:00 LOGGER waiting_for_port glob=/dev/cu.usbmodem*
2026-04-24T09:41:14.052-04:00 LOGGER waiting_for_port glob=/dev/cu.usbmodem*
2026-04-24T09:41:16.061-04:00 LOGGER waiting_for_port glob=/dev/cu.usbmodem*
2026-04-24T09:41:18.073-04:00 LOGGER waiting_for_port glob=/dev/cu.usbmodem*
2026-04-24T09:41:20.080-04:00 LOGGER waiting_for_port glob=/dev/cu.usbmodem*
2026-04-24T09:41:22.085-04:00 LOGGER waiting_for_port glob=/dev/cu.usbmodem*
2026-04-24T09:41:24.097-04:00 LOGGER waiting_for_port glob=/dev/cu.usbmodem*
2026-04-24T09:41:26.109-04:00 LOGGER waiting_for_port glob=/dev/cu.usbmodem*
2026-04-24T09:41:28.117-04:00 LOGGER waiting_for_port glob=/dev/cu.usbmodem*
2026-04-24T09:41:30.129-04:00 LOGGER waiting_for_port glob=/dev/cu.usbmodem*
2026-04-24T09:41:32.136-04:00 LOGGER waiting_for_port glob=/dev/cu.usbmodem*
2026-04-24T09:41:34.141-04:00 LOGGER waiting_for_port glob=/dev/cu.usbmodem*
2026-04-24T09:41:36.145-04:00 LOGGER waiting_for_port glob=/dev/cu.usbmodem*
2026-04-24T09:41:38.152-04:00 LOGGER waiting_for_port glob=/dev/cu.usbmodem*
2026-04-24T09:41:40.164-04:00 LOGGER waiting_for_port glob=/dev/cu.usbmodem*
2026-04-24T09:41:42.171-04:00 LOGGER waiting_for_port glob=/dev/cu.usbmodem*
2026-04-24T09:41:44.175-04:00 LOGGER waiting_for_port glob=/dev/cu.usbmodem*
2026-04-24T09:41:46.184-04:00 LOGGER waiting_for_port glob=/dev/cu.usbmodem*
2026-04-24T09:41:48.194-04:00 LOGGER waiting_for_port glob=/dev/cu.usbmodem*
2026-04-24T09:41:50.203-04:00 LOGGER waiting_for_port glob=/dev/cu.usbmodem*
2026-04-24T09:41:52.215-04:00 LOGGER waiting_for_port glob=/dev/cu.usbmodem*
2026-04-24T09:41:54.227-04:00 LOGGER waiting_for_port glob=/dev/cu.usbmodem*
2026-04-24T09:41:56.235-04:00 LOGGER waiting_for_port glob=/dev/cu.usbmodem*
2026-04-24T09:41:58.242-04:00 LOGGER waiting_for_port glob=/dev/cu.usbmodem*
2026-04-24T09:42:00.253-04:00 LOGGER waiting_for_port glob=/dev/cu.usbmodem*
2026-04-24T09:42:02.262-04:00 LOGGER waiting_for_port glob=/dev/cu.usbmodem*
2026-04-24T09:42:04.274-04:00 LOGGER waiting_for_port glob=/dev/cu.usbmodem*
2026-04-24T09:42:06.277-04:00 LOGGER waiting_for_port glob=/dev/cu.usbmodem*
2026-04-24T09:42:08.282-04:00 LOGGER waiting_for_port glob=/dev/cu.usbmodem*
2026-04-24T09:42:10.291-04:00 LOGGER waiting_for_port glob=/dev/cu.usbmodem*
2026-04-24T09:42:12.301-04:00 LOGGER waiting_for_port glob=/dev/cu.usbmodem*
2026-04-24T09:42:14.309-04:00 LOGGER waiting_for_port glob=/dev/cu.usbmodem*
2026-04-24T09:42:16.318-04:00 LOGGER waiting_for_port glob=/dev/cu.usbmodem*
2026-04-24T09:42:18.329-04:00 LOGGER waiting_for_port glob=/dev/cu.usbmodem*
2026-04-24T09:42:20.334-04:00 LOGGER waiting_for_port glob=/dev/cu.usbmodem*
2026-04-24T09:42:22.345-04:00 LOGGER waiting_for_port glob=/dev/cu.usbmodem*
2026-04-24T09:42:24.352-04:00 LOGGER waiting_for_port glob=/dev/cu.usbmodem*
2026-04-24T09:42:26.359-04:00 LOGGER waiting_for_port glob=/dev/cu.usbmodem*
2026-04-24T09:42:28.362-04:00 LOGGER waiting_for_port glob=/dev/cu.usbmodem*
2026-04-24T09:42:30.368-04:00 LOGGER waiting_for_port glob=/dev/cu.usbmodem*
2026-04-24T09:42:32.372-04:00 LOGGER waiting_for_port glob=/dev/cu.usbmodem*
2026-04-24T09:42:34.384-04:00 LOGGER waiting_for_port glob=/dev/cu.usbmodem*
2026-04-24T09:42:36.391-04:00 LOGGER waiting_for_port glob=/dev/cu.usbmodem*
2026-04-24T09:42:38.395-04:00 LOGGER waiting_for_port glob=/dev/cu.usbmodem*
2026-04-24T09:42:40.402-04:00 LOGGER waiting_for_port glob=/dev/cu.usbmodem*
2026-04-24T09:42:42.409-04:00 LOGGER waiting_for_port glob=/dev/cu.usbmodem*
2026-04-24T09:42:44.422-04:00 LOGGER waiting_for_port glob=/dev/cu.usbmodem*
2026-04-24T09:42:46.428-04:00 LOGGER waiting_for_port glob=/dev/cu.usbmodem*
2026-04-24T09:42:48.433-04:00 LOGGER waiting_for_port glob=/dev/cu.usbmodem*
2026-04-24T09:42:50.446-04:00 LOGGER waiting_for_port glob=/dev/cu.usbmodem*
2026-04-24T09:42:52.452-04:00 LOGGER waiting_for_port glob=/dev/cu.usbmodem*
2026-04-24T09:42:54.463-04:00 LOGGER waiting_for_port glob=/dev/cu.usbmodem*
2026-04-24T09:42:56.474-04:00 LOGGER waiting_for_port glob=/dev/cu.usbmodem*
2026-04-24T09:42:58.486-04:00 LOGGER waiting_for_port glob=/dev/cu.usbmodem*
2026-04-24T09:43:00.497-04:00 LOGGER waiting_for_port glob=/dev/cu.usbmodem*
2026-04-24T09:43:02.501-04:00 LOGGER waiting_for_port glob=/dev/cu.usbmodem*
2026-04-24T09:43:04.506-04:00 LOGGER waiting_for_port glob=/dev/cu.usbmodem*
2026-04-24T09:43:06.512-04:00 LOGGER waiting_for_port glob=/dev/cu.usbmodem*
2026-04-24T09:43:08.524-04:00 LOGGER waiting_for_port glob=/dev/cu.usbmodem*
2026-04-24T09:43:10.532-04:00 LOGGER waiting_for_port glob=/dev/cu.usbmodem*
2026-04-24T09:43:12.539-04:00 LOGGER waiting_for_port glob=/dev/cu.usbmodem*
2026-04-24T09:43:14.544-04:00 LOGGER waiting_for_port glob=/dev/cu.usbmodem*
2026-04-24T09:43:16.549-04:00 LOGGER waiting_for_port glob=/dev/cu.usbmodem*
2026-04-24T09:43:18.560-04:00 LOGGER waiting_for_port glob=/dev/cu.usbmodem*
2026-04-24T09:43:20.568-04:00 LOGGER waiting_for_port glob=/dev/cu.usbmodem*
2026-04-24T09:43:22.575-04:00 LOGGER waiting_for_port glob=/dev/cu.usbmodem*
2026-04-24T09:43:24.586-04:00 LOGGER waiting_for_port glob=/dev/cu.usbmodem*
2026-04-24T09:43:26.594-04:00 LOGGER waiting_for_port glob=/dev/cu.usbmodem*
2026-04-24T09:43:28.601-04:00 LOGGER waiting_for_port glob=/dev/cu.usbmodem*
2026-04-24T09:43:30.607-04:00 LOGGER waiting_for_port glob=/dev/cu.usbmodem*
2026-04-24T09:43:32.611-04:00 LOGGER waiting_for_port glob=/dev/cu.usbmodem*
2026-04-24T09:43:34.622-04:00 LOGGER waiting_for_port glob=/dev/cu.usbmodem*
2026-04-24T09:43:36.629-04:00 LOGGER waiting_for_port glob=/dev/cu.usbmodem*
2026-04-24T09:43:38.641-04:00 LOGGER waiting_for_port glob=/dev/cu.usbmodem*
2026-04-24T09:43:40.647-04:00 LOGGER waiting_for_port glob=/dev/cu.usbmodem*
2026-04-24T09:43:42.658-04:00 LOGGER waiting_for_port glob=/dev/cu.usbmodem*
2026-04-24T09:43:44.669-04:00 LOGGER waiting_for_port glob=/dev/cu.usbmodem*
2026-04-24T09:43:46.675-04:00 LOGGER waiting_for_port glob=/dev/cu.usbmodem*
2026-04-24T09:43:48.684-04:00 LOGGER waiting_for_port glob=/dev/cu.usbmodem*
2026-04-24T09:43:50.689-04:00 LOGGER waiting_for_port glob=/dev/cu.usbmodem*
2026-04-24T09:43:52.701-04:00 LOGGER waiting_for_port glob=/dev/cu.usbmodem*
2026-04-24T09:43:54.708-04:00 LOGGER waiting_for_port glob=/dev/cu.usbmodem*
2026-04-24T09:43:56.717-04:00 LOGGER waiting_for_port glob=/dev/cu.usbmodem*
2026-04-24T09:43:58.723-04:00 LOGGER waiting_for_port glob=/dev/cu.usbmodem*
2026-04-24T09:44:00.729-04:00 LOGGER waiting_for_port glob=/dev/cu.usbmodem*
2026-04-24T09:44:02.740-04:00 LOGGER waiting_for_port glob=/dev/cu.usbmodem*
2026-04-24T09:44:04.747-04:00 LOGGER waiting_for_port glob=/dev/cu.usbmodem*
2026-04-24T09:44:06.758-04:00 LOGGER waiting_for_port glob=/dev/cu.usbmodem*
2026-04-24T09:44:08.765-04:00 LOGGER waiting_for_port glob=/dev/cu.usbmodem*
2026-04-24T09:44:10.776-04:00 LOGGER waiting_for_port glob=/dev/cu.usbmodem*
2026-04-24T09:44:12.779-04:00 LOGGER waiting_for_port glob=/dev/cu.usbmodem*
2026-04-24T09:44:14.787-04:00 LOGGER waiting_for_port glob=/dev/cu.usbmodem*
2026-04-24T09:44:16.793-04:00 LOGGER waiting_for_port glob=/dev/cu.usbmodem*
2026-04-24T09:44:18.800-04:00 LOGGER waiting_for_port glob=/dev/cu.usbmodem*
2026-04-24T09:44:20.808-04:00 LOGGER waiting_for_port glob=/dev/cu.usbmodem*
2026-04-24T09:44:22.813-04:00 LOGGER waiting_for_port glob=/dev/cu.usbmodem*
2026-04-24T09:44:24.820-04:00 LOGGER waiting_for_port glob=/dev/cu.usbmodem*
2026-04-24T09:44:26.832-04:00 LOGGER waiting_for_port glob=/dev/cu.usbmodem*
2026-04-24T09:44:28.835-04:00 LOGGER waiting_for_port glob=/dev/cu.usbmodem*
2026-04-24T09:44:30.843-04:00 LOGGER waiting_for_port glob=/dev/cu.usbmodem*
2026-04-24T09:44:32.847-04:00 LOGGER waiting_for_port glob=/dev/cu.usbmodem*
2026-04-24T09:44:34.859-04:00 LOGGER waiting_for_port glob=/dev/cu.usbmodem*
2026-04-24T09:44:36.863-04:00 LOGGER waiting_for_port glob=/dev/cu.usbmodem*
2026-04-24T09:44:38.875-04:00 LOGGER waiting_for_port glob=/dev/cu.usbmodem*
2026-04-24T09:44:40.885-04:00 LOGGER waiting_for_port glob=/dev/cu.usbmodem*
2026-04-24T09:44:42.889-04:00 LOGGER waiting_for_port glob=/dev/cu.usbmodem*
2026-04-24T09:44:44.893-04:00 LOGGER waiting_for_port glob=/dev/cu.usbmodem*
2026-04-24T09:44:46.903-04:00 LOGGER waiting_for_port glob=/dev/cu.usbmodem*
2026-04-24T09:44:48.906-04:00 LOGGER waiting_for_port glob=/dev/cu.usbmodem*
2026-04-24T09:44:50.916-04:00 LOGGER waiting_for_port glob=/dev/cu.usbmodem*
2026-04-24T09:44:52.928-04:00 LOGGER waiting_for_port glob=/dev/cu.usbmodem*
2026-04-24T09:44:54.935-04:00 LOGGER waiting_for_port glob=/dev/cu.usbmodem*
2026-04-24T09:44:56.942-04:00 LOGGER waiting_for_port glob=/dev/cu.usbmodem*
2026-04-24T09:44:58.947-04:00 LOGGER waiting_for_port glob=/dev/cu.usbmodem*
2026-04-24T09:45:00.956-04:00 LOGGER waiting_for_port glob=/dev/cu.usbmodem*
2026-04-24T09:45:02.968-04:00 LOGGER waiting_for_port glob=/dev/cu.usbmodem*
2026-04-24T09:45:04.978-04:00 LOGGER waiting_for_port glob=/dev/cu.usbmodem*
2026-04-24T09:45:06.985-04:00 LOGGER waiting_for_port glob=/dev/cu.usbmodem*
2026-04-24T09:45:08.994-04:00 LOGGER waiting_for_port glob=/dev/cu.usbmodem*
2026-04-24T09:45:11.006-04:00 LOGGER waiting_for_port glob=/dev/cu.usbmodem*
2026-04-24T09:45:13.012-04:00 LOGGER waiting_for_port glob=/dev/cu.usbmodem*
2026-04-24T09:45:15.023-04:00 LOGGER waiting_for_port glob=/dev/cu.usbmodem*
2026-04-24T09:45:17.027-04:00 LOGGER waiting_for_port glob=/dev/cu.usbmodem*
2026-04-24T09:45:19.037-04:00 LOGGER waiting_for_port glob=/dev/cu.usbmodem*
2026-04-24T09:45:21.047-04:00 LOGGER waiting_for_port glob=/dev/cu.usbmodem*
2026-04-24T09:45:23.051-04:00 LOGGER waiting_for_port glob=/dev/cu.usbmodem*
2026-04-24T09:45:25.062-04:00 LOGGER waiting_for_port glob=/dev/cu.usbmodem*
2026-04-24T09:45:27.070-04:00 LOGGER waiting_for_port glob=/dev/cu.usbmodem*
2026-04-24T09:45:29.080-04:00 LOGGER waiting_for_port glob=/dev/cu.usbmodem*
2026-04-24T09:45:31.087-04:00 LOGGER waiting_for_port glob=/dev/cu.usbmodem*
2026-04-24T09:45:33.096-04:00 LOGGER waiting_for_port glob=/dev/cu.usbmodem*
2026-04-24T09:45:35.106-04:00 LOGGER waiting_for_port glob=/dev/cu.usbmodem*
2026-04-24T09:45:37.111-04:00 LOGGER waiting_for_port glob=/dev/cu.usbmodem*
2026-04-24T09:45:39.123-04:00 LOGGER waiting_for_port glob=/dev/cu.usbmodem*
2026-04-24T09:45:41.129-04:00 LOGGER waiting_for_port glob=/dev/cu.usbmodem*
2026-04-24T09:45:43.135-04:00 LOGGER waiting_for_port glob=/dev/cu.usbmodem*
2026-04-24T09:45:45.146-04:00 LOGGER waiting_for_port glob=/dev/cu.usbmodem*
2026-04-24T09:45:47.158-04:00 LOGGER waiting_for_port glob=/dev/cu.usbmodem*
2026-04-24T09:45:49.170-04:00 LOGGER waiting_for_port glob=/dev/cu.usbmodem*
2026-04-24T09:45:51.174-04:00 LOGGER waiting_for_port glob=/dev/cu.usbmodem*
2026-04-24T09:45:53.186-04:00 LOGGER waiting_for_port glob=/dev/cu.usbmodem*
2026-04-24T09:45:55.191-04:00 LOGGER waiting_for_port glob=/dev/cu.usbmodem*
2026-04-24T09:45:57.199-04:00 LOGGER waiting_for_port glob=/dev/cu.usbmodem*
2026-04-24T09:45:59.211-04:00 LOGGER waiting_for_port glob=/dev/cu.usbmodem*
2026-04-24T09:46:01.223-04:00 LOGGER waiting_for_port glob=/dev/cu.usbmodem*
2026-04-24T09:46:03.231-04:00 LOGGER waiting_for_port glob=/dev/cu.usbmodem*
2026-04-24T09:46:05.234-04:00 LOGGER waiting_for_port glob=/dev/cu.usbmodem*
2026-04-24T09:46:07.237-04:00 LOGGER waiting_for_port glob=/dev/cu.usbmodem*
2026-04-24T09:46:09.244-04:00 LOGGER waiting_for_port glob=/dev/cu.usbmodem*
2026-04-24T09:46:11.256-04:00 LOGGER waiting_for_port glob=/dev/cu.usbmodem*
2026-04-24T09:46:13.259-04:00 LOGGER waiting_for_port glob=/dev/cu.usbmodem*
2026-04-24T09:46:15.266-04:00 LOGGER waiting_for_port glob=/dev/cu.usbmodem*
2026-04-24T09:46:17.270-04:00 LOGGER waiting_for_port glob=/dev/cu.usbmodem*
2026-04-24T09:46:19.281-04:00 LOGGER waiting_for_port glob=/dev/cu.usbmodem*
2026-04-24T09:46:21.283-04:00 LOGGER waiting_for_port glob=/dev/cu.usbmodem*
2026-04-24T09:46:23.292-04:00 LOGGER waiting_for_port glob=/dev/cu.usbmodem*
2026-04-24T09:46:25.298-04:00 LOGGER waiting_for_port glob=/dev/cu.usbmodem*
2026-04-24T09:46:27.302-04:00 LOGGER waiting_for_port glob=/dev/cu.usbmodem*
2026-04-24T09:46:29.311-04:00 LOGGER waiting_for_port glob=/dev/cu.usbmodem*
2026-04-24T09:46:31.315-04:00 LOGGER waiting_for_port glob=/dev/cu.usbmodem*
2026-04-24T09:46:33.327-04:00 LOGGER waiting_for_port glob=/dev/cu.usbmodem*
2026-04-24T09:46:35.336-04:00 LOGGER waiting_for_port glob=/dev/cu.usbmodem*
2026-04-24T09:46:37.348-04:00 LOGGER waiting_for_port glob=/dev/cu.usbmodem*
2026-04-24T09:46:39.352-04:00 LOGGER waiting_for_port glob=/dev/cu.usbmodem*
2026-04-24T09:46:41.364-04:00 LOGGER waiting_for_port glob=/dev/cu.usbmodem*
2026-04-24T09:46:43.373-04:00 LOGGER waiting_for_port glob=/dev/cu.usbmodem*
2026-04-24T09:46:45.377-04:00 LOGGER waiting_for_port glob=/dev/cu.usbmodem*
2026-04-24T09:46:47.379-04:00 LOGGER waiting_for_port glob=/dev/cu.usbmodem*
2026-04-24T09:46:49.385-04:00 LOGGER waiting_for_port glob=/dev/cu.usbmodem*
2026-04-24T09:46:51.393-04:00 LOGGER waiting_for_port glob=/dev/cu.usbmodem*
2026-04-24T09:46:53.397-04:00 LOGGER waiting_for_port glob=/dev/cu.usbmodem*
2026-04-24T09:46:55.408-04:00 LOGGER waiting_for_port glob=/dev/cu.usbmodem*
2026-04-24T09:46:57.413-04:00 LOGGER waiting_for_port glob=/dev/cu.usbmodem*
2026-04-24T09:46:59.419-04:00 LOGGER waiting_for_port glob=/dev/cu.usbmodem*
2026-04-24T09:47:01.431-04:00 LOGGER waiting_for_port glob=/dev/cu.usbmodem*
2026-04-24T09:47:03.443-04:00 LOGGER waiting_for_port glob=/dev/cu.usbmodem*
2026-04-24T09:47:05.454-04:00 LOGGER waiting_for_port glob=/dev/cu.usbmodem*
2026-04-24T09:47:07.466-04:00 LOGGER waiting_for_port glob=/dev/cu.usbmodem*
2026-04-24T09:47:09.473-04:00 LOGGER waiting_for_port glob=/dev/cu.usbmodem*
2026-04-24T09:47:11.485-04:00 LOGGER waiting_for_port glob=/dev/cu.usbmodem*
2026-04-24T09:47:13.497-04:00 LOGGER waiting_for_port glob=/dev/cu.usbmodem*
2026-04-24T09:47:15.501-04:00 LOGGER waiting_for_port glob=/dev/cu.usbmodem*
2026-04-24T09:47:17.506-04:00 LOGGER waiting_for_port glob=/dev/cu.usbmodem*
2026-04-24T09:47:19.513-04:00 LOGGER waiting_for_port glob=/dev/cu.usbmodem*
2026-04-24T09:47:21.519-04:00 LOGGER waiting_for_port glob=/dev/cu.usbmodem*
2026-04-24T09:47:23.527-04:00 LOGGER waiting_for_port glob=/dev/cu.usbmodem*
2026-04-24T09:47:25.539-04:00 LOGGER waiting_for_port glob=/dev/cu.usbmodem*
2026-04-24T09:47:27.545-04:00 LOGGER waiting_for_port glob=/dev/cu.usbmodem*
2026-04-24T09:47:29.557-04:00 LOGGER waiting_for_port glob=/dev/cu.usbmodem*
2026-04-24T09:47:31.566-04:00 LOGGER waiting_for_port glob=/dev/cu.usbmodem*
2026-04-24T09:47:33.577-04:00 LOGGER waiting_for_port glob=/dev/cu.usbmodem*
2026-04-24T09:47:35.587-04:00 LOGGER waiting_for_port glob=/dev/cu.usbmodem*
2026-04-24T09:47:37.599-04:00 LOGGER waiting_for_port glob=/dev/cu.usbmodem*
2026-04-24T09:47:39.606-04:00 LOGGER waiting_for_port glob=/dev/cu.usbmodem*
2026-04-24T09:47:41.618-04:00 LOGGER waiting_for_port glob=/dev/cu.usbmodem*
2026-04-24T09:47:43.627-04:00 LOGGER waiting_for_port glob=/dev/cu.usbmodem*
2026-04-24T09:47:45.638-04:00 LOGGER waiting_for_port glob=/dev/cu.usbmodem*
2026-04-24T09:47:47.643-04:00 LOGGER waiting_for_port glob=/dev/cu.usbmodem*
2026-04-24T09:47:49.654-04:00 LOGGER waiting_for_port glob=/dev/cu.usbmodem*
2026-04-24T09:47:51.657-04:00 LOGGER waiting_for_port glob=/dev/cu.usbmodem*
2026-04-24T09:47:53.660-04:00 LOGGER waiting_for_port glob=/dev/cu.usbmodem*
2026-04-24T09:47:55.664-04:00 LOGGER waiting_for_port glob=/dev/cu.usbmodem*
2026-04-24T09:47:57.676-04:00 LOGGER waiting_for_port glob=/dev/cu.usbmodem*
2026-04-24T09:47:59.683-04:00 LOGGER waiting_for_port glob=/dev/cu.usbmodem*
2026-04-24T09:48:01.687-04:00 LOGGER waiting_for_port glob=/dev/cu.usbmodem*
2026-04-24T09:48:03.693-04:00 LOGGER waiting_for_port glob=/dev/cu.usbmodem*
2026-04-24T09:48:05.705-04:00 LOGGER waiting_for_port glob=/dev/cu.usbmodem*
2026-04-24T09:48:07.712-04:00 LOGGER waiting_for_port glob=/dev/cu.usbmodem*
2026-04-24T09:48:09.716-04:00 LOGGER waiting_for_port glob=/dev/cu.usbmodem*
2026-04-24T09:48:11.721-04:00 LOGGER waiting_for_port glob=/dev/cu.usbmodem*
2026-04-24T09:48:13.732-04:00 LOGGER waiting_for_port glob=/dev/cu.usbmodem*
2026-04-24T09:48:15.739-04:00 LOGGER waiting_for_port glob=/dev/cu.usbmodem*
2026-04-24T09:48:17.745-04:00 LOGGER waiting_for_port glob=/dev/cu.usbmodem*
2026-04-24T09:48:19.751-04:00 LOGGER waiting_for_port glob=/dev/cu.usbmodem*
2026-04-24T09:48:21.756-04:00 LOGGER waiting_for_port glob=/dev/cu.usbmodem*
2026-04-24T09:48:23.759-04:00 LOGGER waiting_for_port glob=/dev/cu.usbmodem*
2026-04-24T09:48:25.769-04:00 LOGGER waiting_for_port glob=/dev/cu.usbmodem*
2026-04-24T09:48:27.776-04:00 LOGGER waiting_for_port glob=/dev/cu.usbmodem*
2026-04-24T09:48:29.787-04:00 LOGGER waiting_for_port glob=/dev/cu.usbmodem*
2026-04-24T09:48:31.789-04:00 LOGGER waiting_for_port glob=/dev/cu.usbmodem*
2026-04-24T09:48:33.801-04:00 LOGGER waiting_for_port glob=/dev/cu.usbmodem*
2026-04-24T09:48:35.805-04:00 LOGGER waiting_for_port glob=/dev/cu.usbmodem*
2026-04-24T09:48:37.816-04:00 LOGGER waiting_for_port glob=/dev/cu.usbmodem*
2026-04-24T09:48:39.828-04:00 LOGGER waiting_for_port glob=/dev/cu.usbmodem*
2026-04-24T09:48:41.834-04:00 LOGGER waiting_for_port glob=/dev/cu.usbmodem*
2026-04-24T09:48:43.841-04:00 LOGGER waiting_for_port glob=/dev/cu.usbmodem*
2026-04-24T09:48:45.851-04:00 LOGGER waiting_for_port glob=/dev/cu.usbmodem*
2026-04-24T09:48:47.854-04:00 LOGGER waiting_for_port glob=/dev/cu.usbmodem*
2026-04-24T09:48:49.857-04:00 LOGGER waiting_for_port glob=/dev/cu.usbmodem*
2026-04-24T09:48:51.862-04:00 LOGGER waiting_for_port glob=/dev/cu.usbmodem*
2026-04-24T09:48:53.874-04:00 LOGGER waiting_for_port glob=/dev/cu.usbmodem*
2026-04-24T09:48:55.880-04:00 LOGGER waiting_for_port glob=/dev/cu.usbmodem*
2026-04-24T09:48:57.889-04:00 LOGGER waiting_for_port glob=/dev/cu.usbmodem*
2026-04-24T09:48:59.901-04:00 LOGGER waiting_for_port glob=/dev/cu.usbmodem*
2026-04-24T09:49:01.907-04:00 LOGGER waiting_for_port glob=/dev/cu.usbmodem*
2026-04-24T09:49:03.919-04:00 LOGGER waiting_for_port glob=/dev/cu.usbmodem*
2026-04-24T09:49:05.931-04:00 LOGGER waiting_for_port glob=/dev/cu.usbmodem*
2026-04-24T09:49:07.938-04:00 LOGGER waiting_for_port glob=/dev/cu.usbmodem*
2026-04-24T09:49:09.946-04:00 LOGGER waiting_for_port glob=/dev/cu.usbmodem*
2026-04-24T09:49:11.956-04:00 LOGGER waiting_for_port glob=/dev/cu.usbmodem*
2026-04-24T09:49:13.959-04:00 LOGGER waiting_for_port glob=/dev/cu.usbmodem*
2026-04-24T09:49:15.966-04:00 LOGGER waiting_for_port glob=/dev/cu.usbmodem*
2026-04-24T09:49:17.977-04:00 LOGGER waiting_for_port glob=/dev/cu.usbmodem*
2026-04-24T09:49:19.984-04:00 LOGGER waiting_for_port glob=/dev/cu.usbmodem*
2026-04-24T09:49:21.989-04:00 LOGGER waiting_for_port glob=/dev/cu.usbmodem*
2026-04-24T09:49:24.001-04:00 LOGGER waiting_for_port glob=/dev/cu.usbmodem*
2026-04-24T09:49:26.005-04:00 LOGGER waiting_for_port glob=/dev/cu.usbmodem*
2026-04-24T09:49:28.008-04:00 LOGGER waiting_for_port glob=/dev/cu.usbmodem*
2026-04-24T09:49:30.020-04:00 LOGGER waiting_for_port glob=/dev/cu.usbmodem*
2026-04-24T09:49:32.030-04:00 LOGGER waiting_for_port glob=/dev/cu.usbmodem*
2026-04-24T09:49:34.040-04:00 LOGGER waiting_for_port glob=/dev/cu.usbmodem*
2026-04-24T09:49:36.052-04:00 LOGGER waiting_for_port glob=/dev/cu.usbmodem*
2026-04-24T09:49:38.062-04:00 LOGGER waiting_for_port glob=/dev/cu.usbmodem*
2026-04-24T09:49:40.072-04:00 LOGGER waiting_for_port glob=/dev/cu.usbmodem*
2026-04-24T09:49:42.076-04:00 LOGGER waiting_for_port glob=/dev/cu.usbmodem*
2026-04-24T09:49:44.082-04:00 LOGGER waiting_for_port glob=/dev/cu.usbmodem*
2026-04-24T09:49:46.090-04:00 LOGGER waiting_for_port glob=/dev/cu.usbmodem*
2026-04-24T09:49:48.096-04:00 LOGGER waiting_for_port glob=/dev/cu.usbmodem*
2026-04-24T09:49:50.100-04:00 LOGGER waiting_for_port glob=/dev/cu.usbmodem*
2026-04-24T09:49:52.103-04:00 LOGGER waiting_for_port glob=/dev/cu.usbmodem*
2026-04-24T09:49:54.115-04:00 LOGGER waiting_for_port glob=/dev/cu.usbmodem*
2026-04-24T09:49:56.126-04:00 LOGGER waiting_for_port glob=/dev/cu.usbmodem*
2026-04-24T09:49:58.136-04:00 LOGGER waiting_for_port glob=/dev/cu.usbmodem*
2026-04-24T09:50:00.139-04:00 LOGGER waiting_for_port glob=/dev/cu.usbmodem*
2026-04-24T09:50:02.151-04:00 LOGGER waiting_for_port glob=/dev/cu.usbmodem*
2026-04-24T09:50:04.156-04:00 LOGGER waiting_for_port glob=/dev/cu.usbmodem*
2026-04-24T09:50:06.163-04:00 LOGGER waiting_for_port glob=/dev/cu.usbmodem*
2026-04-24T09:50:08.169-04:00 LOGGER waiting_for_port glob=/dev/cu.usbmodem*
2026-04-24T09:50:10.176-04:00 LOGGER waiting_for_port glob=/dev/cu.usbmodem*
2026-04-24T09:50:12.182-04:00 LOGGER waiting_for_port glob=/dev/cu.usbmodem*
2026-04-24T09:50:14.188-04:00 LOGGER waiting_for_port glob=/dev/cu.usbmodem*
2026-04-24T09:50:16.195-04:00 LOGGER waiting_for_port glob=/dev/cu.usbmodem*
2026-04-24T09:50:18.205-04:00 LOGGER waiting_for_port glob=/dev/cu.usbmodem*
2026-04-24T09:50:20.213-04:00 LOGGER waiting_for_port glob=/dev/cu.usbmodem*
2026-04-24T09:50:22.220-04:00 LOGGER waiting_for_port glob=/dev/cu.usbmodem*
2026-04-24T09:50:24.228-04:00 LOGGER waiting_for_port glob=/dev/cu.usbmodem*
2026-04-24T09:50:26.235-04:00 LOGGER waiting_for_port glob=/dev/cu.usbmodem*
2026-04-24T09:50:28.237-04:00 LOGGER waiting_for_port glob=/dev/cu.usbmodem*
2026-04-24T09:50:30.244-04:00 LOGGER waiting_for_port glob=/dev/cu.usbmodem*
2026-04-24T09:50:32.250-04:00 LOGGER waiting_for_port glob=/dev/cu.usbmodem*
2026-04-24T09:50:34.257-04:00 LOGGER waiting_for_port glob=/dev/cu.usbmodem*
2026-04-24T09:50:36.268-04:00 LOGGER waiting_for_port glob=/dev/cu.usbmodem*
2026-04-24T09:50:38.275-04:00 LOGGER waiting_for_port glob=/dev/cu.usbmodem*
2026-04-24T09:50:40.283-04:00 LOGGER waiting_for_port glob=/dev/cu.usbmodem*
2026-04-24T09:50:42.295-04:00 LOGGER waiting_for_port glob=/dev/cu.usbmodem*
2026-04-24T09:50:44.302-04:00 LOGGER waiting_for_port glob=/dev/cu.usbmodem*
2026-04-24T09:50:46.306-04:00 LOGGER waiting_for_port glob=/dev/cu.usbmodem*
2026-04-24T09:50:48.309-04:00 LOGGER waiting_for_port glob=/dev/cu.usbmodem*
2026-04-24T09:50:50.312-04:00 LOGGER waiting_for_port glob=/dev/cu.usbmodem*
2026-04-24T09:50:52.319-04:00 LOGGER waiting_for_port glob=/dev/cu.usbmodem*
2026-04-24T09:50:54.326-04:00 LOGGER waiting_for_port glob=/dev/cu.usbmodem*
2026-04-24T09:50:56.333-04:00 LOGGER waiting_for_port glob=/dev/cu.usbmodem*
2026-04-24T09:50:58.339-04:00 LOGGER waiting_for_port glob=/dev/cu.usbmodem*
2026-04-24T09:51:00.349-04:00 LOGGER waiting_for_port glob=/dev/cu.usbmodem*
2026-04-24T09:51:02.353-04:00 LOGGER waiting_for_port glob=/dev/cu.usbmodem*
2026-04-24T09:51:04.365-04:00 LOGGER waiting_for_port glob=/dev/cu.usbmodem*
2026-04-24T09:51:06.377-04:00 LOGGER waiting_for_port glob=/dev/cu.usbmodem*
2026-04-24T09:51:08.382-04:00 LOGGER waiting_for_port glob=/dev/cu.usbmodem*
2026-04-24T09:51:10.389-04:00 LOGGER waiting_for_port glob=/dev/cu.usbmodem*
2026-04-24T09:51:12.394-04:00 LOGGER waiting_for_port glob=/dev/cu.usbmodem*
2026-04-24T09:51:14.402-04:00 LOGGER waiting_for_port glob=/dev/cu.usbmodem*
2026-04-24T09:51:16.414-04:00 LOGGER waiting_for_port glob=/dev/cu.usbmodem*
2026-04-24T09:51:18.420-04:00 LOGGER waiting_for_port glob=/dev/cu.usbmodem*
2026-04-24T09:51:20.432-04:00 LOGGER waiting_for_port glob=/dev/cu.usbmodem*
2026-04-24T09:51:22.441-04:00 LOGGER waiting_for_port glob=/dev/cu.usbmodem*
2026-04-24T09:51:24.448-04:00 LOGGER waiting_for_port glob=/dev/cu.usbmodem*
2026-04-24T09:51:26.451-04:00 LOGGER waiting_for_port glob=/dev/cu.usbmodem*
2026-04-24T09:51:28.458-04:00 LOGGER waiting_for_port glob=/dev/cu.usbmodem*
2026-04-24T09:51:30.463-04:00 LOGGER waiting_for_port glob=/dev/cu.usbmodem*
2026-04-24T09:51:32.470-04:00 LOGGER waiting_for_port glob=/dev/cu.usbmodem*
2026-04-24T09:51:34.477-04:00 LOGGER waiting_for_port glob=/dev/cu.usbmodem*
2026-04-24T09:51:36.482-04:00 LOGGER waiting_for_port glob=/dev/cu.usbmodem*
2026-04-24T09:51:38.489-04:00 LOGGER waiting_for_port glob=/dev/cu.usbmodem*
2026-04-24T09:51:40.496-04:00 LOGGER waiting_for_port glob=/dev/cu.usbmodem*
2026-04-24T09:51:42.503-04:00 LOGGER waiting_for_port glob=/dev/cu.usbmodem*
2026-04-24T09:51:44.512-04:00 LOGGER waiting_for_port glob=/dev/cu.usbmodem*
2026-04-24T09:51:46.521-04:00 LOGGER waiting_for_port glob=/dev/cu.usbmodem*
2026-04-24T09:51:48.527-04:00 LOGGER waiting_for_port glob=/dev/cu.usbmodem*
2026-04-24T09:51:50.538-04:00 LOGGER waiting_for_port glob=/dev/cu.usbmodem*
2026-04-24T09:51:52.546-04:00 LOGGER waiting_for_port glob=/dev/cu.usbmodem*
2026-04-24T09:51:54.550-04:00 LOGGER waiting_for_port glob=/dev/cu.usbmodem*
2026-04-24T09:51:56.556-04:00 LOGGER waiting_for_port glob=/dev/cu.usbmodem*
2026-04-24T09:51:58.559-04:00 LOGGER waiting_for_port glob=/dev/cu.usbmodem*
2026-04-24T09:52:00.565-04:00 LOGGER waiting_for_port glob=/dev/cu.usbmodem*
2026-04-24T09:52:02.572-04:00 LOGGER waiting_for_port glob=/dev/cu.usbmodem*
2026-04-24T09:52:04.575-04:00 LOGGER waiting_for_port glob=/dev/cu.usbmodem*
2026-04-24T09:52:06.583-04:00 LOGGER waiting_for_port glob=/dev/cu.usbmodem*
2026-04-24T09:52:08.593-04:00 LOGGER waiting_for_port glob=/dev/cu.usbmodem*
2026-04-24T09:52:10.600-04:00 LOGGER waiting_for_port glob=/dev/cu.usbmodem*
2026-04-24T09:52:12.612-04:00 LOGGER waiting_for_port glob=/dev/cu.usbmodem*
2026-04-24T09:52:14.619-04:00 LOGGER waiting_for_port glob=/dev/cu.usbmodem*
2026-04-24T09:52:16.629-04:00 LOGGER waiting_for_port glob=/dev/cu.usbmodem*
2026-04-24T09:52:18.641-04:00 LOGGER waiting_for_port glob=/dev/cu.usbmodem*
2026-04-24T09:52:20.647-04:00 LOGGER waiting_for_port glob=/dev/cu.usbmodem*
2026-04-24T09:52:22.651-04:00 LOGGER waiting_for_port glob=/dev/cu.usbmodem*
2026-04-24T09:52:24.663-04:00 LOGGER waiting_for_port glob=/dev/cu.usbmodem*
2026-04-24T09:52:26.675-04:00 LOGGER waiting_for_port glob=/dev/cu.usbmodem*
2026-04-24T09:52:28.681-04:00 LOGGER waiting_for_port glob=/dev/cu.usbmodem*
2026-04-24T09:52:30.687-04:00 LOGGER waiting_for_port glob=/dev/cu.usbmodem*
2026-04-24T09:52:32.694-04:00 LOGGER waiting_for_port glob=/dev/cu.usbmodem*
2026-04-24T09:52:34.700-04:00 LOGGER waiting_for_port glob=/dev/cu.usbmodem*
2026-04-24T09:52:36.710-04:00 LOGGER waiting_for_port glob=/dev/cu.usbmodem*
2026-04-24T09:52:38.720-04:00 LOGGER waiting_for_port glob=/dev/cu.usbmodem*
2026-04-24T09:52:40.724-04:00 LOGGER waiting_for_port glob=/dev/cu.usbmodem*
2026-04-24T09:52:42.735-04:00 LOGGER waiting_for_port glob=/dev/cu.usbmodem*
2026-04-24T09:52:44.739-04:00 LOGGER waiting_for_port glob=/dev/cu.usbmodem*
2026-04-24T09:52:46.746-04:00 LOGGER waiting_for_port glob=/dev/cu.usbmodem*
2026-04-24T09:52:48.750-04:00 LOGGER waiting_for_port glob=/dev/cu.usbmodem*
2026-04-24T09:52:50.757-04:00 LOGGER waiting_for_port glob=/dev/cu.usbmodem*
2026-04-24T09:52:52.763-04:00 LOGGER waiting_for_port glob=/dev/cu.usbmodem*
2026-04-24T09:52:54.765-04:00 LOGGER waiting_for_port glob=/dev/cu.usbmodem*
2026-04-24T09:52:56.777-04:00 LOGGER waiting_for_port glob=/dev/cu.usbmodem*
2026-04-24T09:52:58.785-04:00 LOGGER waiting_for_port glob=/dev/cu.usbmodem*
2026-04-24T09:53:00.791-04:00 LOGGER waiting_for_port glob=/dev/cu.usbmodem*
2026-04-24T09:53:02.803-04:00 LOGGER waiting_for_port glob=/dev/cu.usbmodem*
2026-04-24T09:53:04.810-04:00 LOGGER waiting_for_port glob=/dev/cu.usbmodem*
2026-04-24T09:53:06.820-04:00 LOGGER waiting_for_port glob=/dev/cu.usbmodem*
2026-04-24T09:53:08.824-04:00 LOGGER waiting_for_port glob=/dev/cu.usbmodem*
2026-04-24T09:53:10.828-04:00 LOGGER waiting_for_port glob=/dev/cu.usbmodem*
2026-04-24T09:53:12.838-04:00 LOGGER waiting_for_port glob=/dev/cu.usbmodem*
2026-04-24T09:53:14.848-04:00 LOGGER waiting_for_port glob=/dev/cu.usbmodem*
2026-04-24T09:53:16.854-04:00 LOGGER waiting_for_port glob=/dev/cu.usbmodem*
2026-04-24T09:53:18.863-04:00 LOGGER waiting_for_port glob=/dev/cu.usbmodem*
2026-04-24T09:53:20.870-04:00 LOGGER waiting_for_port glob=/dev/cu.usbmodem*
2026-04-24T09:53:22.880-04:00 LOGGER waiting_for_port glob=/dev/cu.usbmodem*
2026-04-24T09:53:24.887-04:00 LOGGER waiting_for_port glob=/dev/cu.usbmodem*
2026-04-24T09:53:26.899-04:00 LOGGER waiting_for_port glob=/dev/cu.usbmodem*
2026-04-24T09:53:28.903-04:00 LOGGER waiting_for_port glob=/dev/cu.usbmodem*
2026-04-24T09:53:30.910-04:00 LOGGER waiting_for_port glob=/dev/cu.usbmodem*
2026-04-24T09:53:32.920-04:00 LOGGER waiting_for_port glob=/dev/cu.usbmodem*
2026-04-24T09:53:34.927-04:00 LOGGER waiting_for_port glob=/dev/cu.usbmodem*
2026-04-24T09:53:36.933-04:00 LOGGER waiting_for_port glob=/dev/cu.usbmodem*
2026-04-24T09:53:38.946-04:00 LOGGER waiting_for_port glob=/dev/cu.usbmodem*
2026-04-24T09:53:40.958-04:00 LOGGER waiting_for_port glob=/dev/cu.usbmodem*
2026-04-24T09:53:42.964-04:00 LOGGER waiting_for_port glob=/dev/cu.usbmodem*
2026-04-24T09:53:44.976-04:00 LOGGER waiting_for_port glob=/dev/cu.usbmodem*
2026-04-24T09:53:46.983-04:00 LOGGER waiting_for_port glob=/dev/cu.usbmodem*
2026-04-24T09:53:48.989-04:00 LOGGER waiting_for_port glob=/dev/cu.usbmodem*
2026-04-24T09:53:50.995-04:00 LOGGER waiting_for_port glob=/dev/cu.usbmodem*
2026-04-24T09:53:53.008-04:00 LOGGER waiting_for_port glob=/dev/cu.usbmodem*
2026-04-24T09:53:55.015-04:00 LOGGER waiting_for_port glob=/dev/cu.usbmodem*
2026-04-24T09:53:57.019-04:00 LOGGER waiting_for_port glob=/dev/cu.usbmodem*
2026-04-24T09:53:59.026-04:00 LOGGER waiting_for_port glob=/dev/cu.usbmodem*
2026-04-24T09:54:01.029-04:00 LOGGER waiting_for_port glob=/dev/cu.usbmodem*
2026-04-24T09:54:03.031-04:00 LOGGER waiting_for_port glob=/dev/cu.usbmodem*
2026-04-24T09:54:05.043-04:00 LOGGER waiting_for_port glob=/dev/cu.usbmodem*
2026-04-24T09:54:07.054-04:00 LOGGER waiting_for_port glob=/dev/cu.usbmodem*
2026-04-24T09:54:09.058-04:00 LOGGER waiting_for_port glob=/dev/cu.usbmodem*
2026-04-24T09:54:11.070-04:00 LOGGER waiting_for_port glob=/dev/cu.usbmodem*
2026-04-24T09:54:13.076-04:00 LOGGER waiting_for_port glob=/dev/cu.usbmodem*
2026-04-24T09:54:15.088-04:00 LOGGER waiting_for_port glob=/dev/cu.usbmodem*
2026-04-24T09:54:17.096-04:00 LOGGER waiting_for_port glob=/dev/cu.usbmodem*
2026-04-24T09:54:19.107-04:00 LOGGER waiting_for_port glob=/dev/cu.usbmodem*
2026-04-24T09:54:21.119-04:00 LOGGER waiting_for_port glob=/dev/cu.usbmodem*
2026-04-24T09:54:23.126-04:00 LOGGER waiting_for_port glob=/dev/cu.usbmodem*
2026-04-24T09:54:25.135-04:00 LOGGER waiting_for_port glob=/dev/cu.usbmodem*
2026-04-24T09:54:27.146-04:00 LOGGER waiting_for_port glob=/dev/cu.usbmodem*
2026-04-24T09:54:29.155-04:00 LOGGER waiting_for_port glob=/dev/cu.usbmodem*
2026-04-24T09:54:31.162-04:00 LOGGER waiting_for_port glob=/dev/cu.usbmodem*
2026-04-24T09:54:33.174-04:00 LOGGER waiting_for_port glob=/dev/cu.usbmodem*
2026-04-24T09:54:35.180-04:00 LOGGER waiting_for_port glob=/dev/cu.usbmodem*
2026-04-24T09:54:37.191-04:00 LOGGER waiting_for_port glob=/dev/cu.usbmodem*
2026-04-24T09:54:39.202-04:00 LOGGER waiting_for_port glob=/dev/cu.usbmodem*
2026-04-24T09:54:41.215-04:00 LOGGER waiting_for_port glob=/dev/cu.usbmodem*
2026-04-24T09:54:43.227-04:00 LOGGER waiting_for_port glob=/dev/cu.usbmodem*
2026-04-24T09:54:45.235-04:00 LOGGER waiting_for_port glob=/dev/cu.usbmodem*
2026-04-24T09:54:47.239-04:00 LOGGER waiting_for_port glob=/dev/cu.usbmodem*
2026-04-24T09:54:49.247-04:00 LOGGER waiting_for_port glob=/dev/cu.usbmodem*
2026-04-24T09:54:51.254-04:00 LOGGER waiting_for_port glob=/dev/cu.usbmodem*
2026-04-24T09:54:53.258-04:00 LOGGER waiting_for_port glob=/dev/cu.usbmodem*
2026-04-24T09:54:55.268-04:00 LOGGER waiting_for_port glob=/dev/cu.usbmodem*
2026-04-24T09:54:57.278-04:00 LOGGER waiting_for_port glob=/dev/cu.usbmodem*
2026-04-24T09:54:59.285-04:00 LOGGER waiting_for_port glob=/dev/cu.usbmodem*
2026-04-24T09:55:01.288-04:00 LOGGER waiting_for_port glob=/dev/cu.usbmodem*
2026-04-24T09:55:03.298-04:00 LOGGER waiting_for_port glob=/dev/cu.usbmodem*
2026-04-24T09:55:05.300-04:00 LOGGER waiting_for_port glob=/dev/cu.usbmodem*
2026-04-24T09:55:07.307-04:00 LOGGER waiting_for_port glob=/dev/cu.usbmodem*
2026-04-24T09:55:09.319-04:00 LOGGER waiting_for_port glob=/dev/cu.usbmodem*
2026-04-24T09:55:11.330-04:00 LOGGER waiting_for_port glob=/dev/cu.usbmodem*
2026-04-24T09:55:13.333-04:00 LOGGER waiting_for_port glob=/dev/cu.usbmodem*
2026-04-24T09:55:15.340-04:00 LOGGER waiting_for_port glob=/dev/cu.usbmodem*
2026-04-24T09:55:17.352-04:00 LOGGER waiting_for_port glob=/dev/cu.usbmodem*
2026-04-24T09:55:19.359-04:00 LOGGER waiting_for_port glob=/dev/cu.usbmodem*
2026-04-24T09:55:21.365-04:00 LOGGER waiting_for_port glob=/dev/cu.usbmodem*
2026-04-24T09:55:23.376-04:00 LOGGER waiting_for_port glob=/dev/cu.usbmodem*
2026-04-24T09:55:25.384-04:00 LOGGER waiting_for_port glob=/dev/cu.usbmodem*
2026-04-24T09:55:27.396-04:00 LOGGER waiting_for_port glob=/dev/cu.usbmodem*
2026-04-24T09:55:29.403-04:00 LOGGER waiting_for_port glob=/dev/cu.usbmodem*
2026-04-24T09:55:31.406-04:00 LOGGER waiting_for_port glob=/dev/cu.usbmodem*
2026-04-24T09:55:33.416-04:00 LOGGER waiting_for_port glob=/dev/cu.usbmodem*
2026-04-24T09:55:35.424-04:00 LOGGER waiting_for_port glob=/dev/cu.usbmodem*
2026-04-24T09:55:37.436-04:00 LOGGER waiting_for_port glob=/dev/cu.usbmodem*
2026-04-24T09:55:39.441-04:00 LOGGER waiting_for_port glob=/dev/cu.usbmodem*
2026-04-24T09:55:41.449-04:00 LOGGER waiting_for_port glob=/dev/cu.usbmodem*
2026-04-24T09:55:43.453-04:00 LOGGER waiting_for_port glob=/dev/cu.usbmodem*
2026-04-24T09:55:45.458-04:00 LOGGER waiting_for_port glob=/dev/cu.usbmodem*
2026-04-24T09:55:47.468-04:00 LOGGER waiting_for_port glob=/dev/cu.usbmodem*
2026-04-24T09:55:49.480-04:00 LOGGER waiting_for_port glob=/dev/cu.usbmodem*
2026-04-24T09:55:51.487-04:00 LOGGER waiting_for_port glob=/dev/cu.usbmodem*
2026-04-24T09:55:53.495-04:00 LOGGER waiting_for_port glob=/dev/cu.usbmodem*
2026-04-24T09:55:55.505-04:00 LOGGER waiting_for_port glob=/dev/cu.usbmodem*
2026-04-24T09:55:57.512-04:00 LOGGER waiting_for_port glob=/dev/cu.usbmodem*
2026-04-24T09:55:59.523-04:00 LOGGER waiting_for_port glob=/dev/cu.usbmodem*
2026-04-24T09:56:01.530-04:00 LOGGER waiting_for_port glob=/dev/cu.usbmodem*
2026-04-24T09:56:03.542-04:00 LOGGER waiting_for_port glob=/dev/cu.usbmodem*
2026-04-24T09:56:05.547-04:00 LOGGER waiting_for_port glob=/dev/cu.usbmodem*
2026-04-24T09:56:07.552-04:00 LOGGER waiting_for_port glob=/dev/cu.usbmodem*
2026-04-24T09:56:09.560-04:00 LOGGER waiting_for_port glob=/dev/cu.usbmodem*
2026-04-24T09:56:11.563-04:00 LOGGER waiting_for_port glob=/dev/cu.usbmodem*
2026-04-24T09:56:13.570-04:00 LOGGER waiting_for_port glob=/dev/cu.usbmodem*
2026-04-24T09:56:15.575-04:00 LOGGER waiting_for_port glob=/dev/cu.usbmodem*
2026-04-24T09:56:17.581-04:00 LOGGER waiting_for_port glob=/dev/cu.usbmodem*
2026-04-24T09:56:19.586-04:00 LOGGER waiting_for_port glob=/dev/cu.usbmodem*
2026-04-24T09:56:21.591-04:00 LOGGER waiting_for_port glob=/dev/cu.usbmodem*
2026-04-24T09:56:23.598-04:00 LOGGER waiting_for_port glob=/dev/cu.usbmodem*
2026-04-24T09:56:25.608-04:00 LOGGER waiting_for_port glob=/dev/cu.usbmodem*
2026-04-24T09:56:27.620-04:00 LOGGER waiting_for_port glob=/dev/cu.usbmodem*
2026-04-24T09:56:29.623-04:00 LOGGER waiting_for_port glob=/dev/cu.usbmodem*
2026-04-24T09:56:31.630-04:00 LOGGER waiting_for_port glob=/dev/cu.usbmodem*
2026-04-24T09:56:33.638-04:00 LOGGER waiting_for_port glob=/dev/cu.usbmodem*
2026-04-24T09:56:35.645-04:00 LOGGER waiting_for_port glob=/dev/cu.usbmodem*
2026-04-24T09:56:37.653-04:00 LOGGER waiting_for_port glob=/dev/cu.usbmodem*
2026-04-24T09:56:39.663-04:00 LOGGER waiting_for_port glob=/dev/cu.usbmodem*
2026-04-24T09:56:41.667-04:00 LOGGER waiting_for_port glob=/dev/cu.usbmodem*
2026-04-24T09:56:43.678-04:00 LOGGER waiting_for_port glob=/dev/cu.usbmodem*
2026-04-24T09:56:45.688-04:00 LOGGER waiting_for_port glob=/dev/cu.usbmodem*
2026-04-24T09:56:47.694-04:00 LOGGER waiting_for_port glob=/dev/cu.usbmodem*
2026-04-24T09:56:49.705-04:00 LOGGER waiting_for_port glob=/dev/cu.usbmodem*
2026-04-24T09:56:51.714-04:00 LOGGER waiting_for_port glob=/dev/cu.usbmodem*
2026-04-24T09:56:53.722-04:00 LOGGER waiting_for_port glob=/dev/cu.usbmodem*
2026-04-24T09:56:55.727-04:00 LOGGER waiting_for_port glob=/dev/cu.usbmodem*
2026-04-24T09:56:57.734-04:00 LOGGER waiting_for_port glob=/dev/cu.usbmodem*
2026-04-24T09:56:59.737-04:00 LOGGER waiting_for_port glob=/dev/cu.usbmodem*
2026-04-24T09:57:01.740-04:00 LOGGER waiting_for_port glob=/dev/cu.usbmodem*
2026-04-24T09:57:03.743-04:00 LOGGER waiting_for_port glob=/dev/cu.usbmodem*
2026-04-24T09:57:05.754-04:00 LOGGER waiting_for_port glob=/dev/cu.usbmodem*
2026-04-24T09:57:07.759-04:00 LOGGER waiting_for_port glob=/dev/cu.usbmodem*
2026-04-24T09:57:09.771-04:00 LOGGER waiting_for_port glob=/dev/cu.usbmodem*
2026-04-24T09:57:11.779-04:00 LOGGER waiting_for_port glob=/dev/cu.usbmodem*
2026-04-24T09:57:13.784-04:00 LOGGER waiting_for_port glob=/dev/cu.usbmodem*
2026-04-24T09:57:15.788-04:00 LOGGER waiting_for_port glob=/dev/cu.usbmodem*
2026-04-24T09:57:17.795-04:00 LOGGER waiting_for_port glob=/dev/cu.usbmodem*
2026-04-24T09:57:19.807-04:00 LOGGER waiting_for_port glob=/dev/cu.usbmodem*
2026-04-24T09:57:21.819-04:00 LOGGER waiting_for_port glob=/dev/cu.usbmodem*
2026-04-24T09:57:23.831-04:00 LOGGER waiting_for_port glob=/dev/cu.usbmodem*
2026-04-24T09:57:25.843-04:00 LOGGER waiting_for_port glob=/dev/cu.usbmodem*
2026-04-24T09:57:27.855-04:00 LOGGER waiting_for_port glob=/dev/cu.usbmodem*
2026-04-24T09:57:29.861-04:00 LOGGER waiting_for_port glob=/dev/cu.usbmodem*
2026-04-24T09:57:31.864-04:00 LOGGER waiting_for_port glob=/dev/cu.usbmodem*
2026-04-24T09:57:33.875-04:00 LOGGER waiting_for_port glob=/dev/cu.usbmodem*
2026-04-24T09:57:35.887-04:00 LOGGER waiting_for_port glob=/dev/cu.usbmodem*
2026-04-24T09:57:37.893-04:00 LOGGER waiting_for_port glob=/dev/cu.usbmodem*
2026-04-24T09:57:39.898-04:00 LOGGER waiting_for_port glob=/dev/cu.usbmodem*
2026-04-24T09:57:41.907-04:00 LOGGER waiting_for_port glob=/dev/cu.usbmodem*
2026-04-24T09:57:43.918-04:00 LOGGER waiting_for_port glob=/dev/cu.usbmodem*
2026-04-24T09:57:45.921-04:00 LOGGER waiting_for_port glob=/dev/cu.usbmodem*
2026-04-24T09:57:47.925-04:00 LOGGER waiting_for_port glob=/dev/cu.usbmodem*
2026-04-24T09:57:49.937-04:00 LOGGER waiting_for_port glob=/dev/cu.usbmodem*
2026-04-24T09:57:51.941-04:00 LOGGER waiting_for_port glob=/dev/cu.usbmodem*
2026-04-24T09:57:53.948-04:00 LOGGER waiting_for_port glob=/dev/cu.usbmodem*
2026-04-24T09:57:55.960-04:00 LOGGER waiting_for_port glob=/dev/cu.usbmodem*
2026-04-24T09:57:57.967-04:00 LOGGER waiting_for_port glob=/dev/cu.usbmodem*
2026-04-24T09:57:59.978-04:00 LOGGER waiting_for_port glob=/dev/cu.usbmodem*
2026-04-24T09:58:01.989-04:00 LOGGER waiting_for_port glob=/dev/cu.usbmodem*
2026-04-24T09:58:03.992-04:00 LOGGER waiting_for_port glob=/dev/cu.usbmodem*
2026-04-24T09:58:06.000-04:00 LOGGER waiting_for_port glob=/dev/cu.usbmodem*
2026-04-24T09:58:08.009-04:00 LOGGER waiting_for_port glob=/dev/cu.usbmodem*
2026-04-24T09:58:10.019-04:00 LOGGER waiting_for_port glob=/dev/cu.usbmodem*
2026-04-24T09:58:12.024-04:00 LOGGER waiting_for_port glob=/dev/cu.usbmodem*
2026-04-24T09:58:14.029-04:00 LOGGER waiting_for_port glob=/dev/cu.usbmodem*
2026-04-24T09:58:16.041-04:00 LOGGER waiting_for_port glob=/dev/cu.usbmodem*
2026-04-24T09:58:18.048-04:00 LOGGER waiting_for_port glob=/dev/cu.usbmodem*
2026-04-24T09:58:20.060-04:00 LOGGER waiting_for_port glob=/dev/cu.usbmodem*
2026-04-24T09:58:22.065-04:00 LOGGER waiting_for_port glob=/dev/cu.usbmodem*
2026-04-24T09:58:24.077-04:00 LOGGER waiting_for_port glob=/dev/cu.usbmodem*
2026-04-24T09:58:26.088-04:00 LOGGER waiting_for_port glob=/dev/cu.usbmodem*
2026-04-24T09:58:28.101-04:00 LOGGER waiting_for_port glob=/dev/cu.usbmodem*
2026-04-24T09:58:30.107-04:00 LOGGER waiting_for_port glob=/dev/cu.usbmodem*
2026-04-24T09:58:32.114-04:00 LOGGER waiting_for_port glob=/dev/cu.usbmodem*
2026-04-24T09:58:34.121-04:00 LOGGER waiting_for_port glob=/dev/cu.usbmodem*
2026-04-24T09:58:36.124-04:00 LOGGER waiting_for_port glob=/dev/cu.usbmodem*
2026-04-24T09:58:38.130-04:00 LOGGER waiting_for_port glob=/dev/cu.usbmodem*
2026-04-24T09:58:40.136-04:00 LOGGER waiting_for_port glob=/dev/cu.usbmodem*
2026-04-24T09:58:42.140-04:00 LOGGER waiting_for_port glob=/dev/cu.usbmodem*
2026-04-24T09:58:44.146-04:00 LOGGER waiting_for_port glob=/dev/cu.usbmodem*
2026-04-24T09:58:46.152-04:00 LOGGER waiting_for_port glob=/dev/cu.usbmodem*
2026-04-24T09:58:48.158-04:00 LOGGER waiting_for_port glob=/dev/cu.usbmodem*
2026-04-24T09:58:50.165-04:00 LOGGER waiting_for_port glob=/dev/cu.usbmodem*
2026-04-24T09:58:52.177-04:00 LOGGER waiting_for_port glob=/dev/cu.usbmodem*
2026-04-24T09:58:54.181-04:00 LOGGER waiting_for_port glob=/dev/cu.usbmodem*
2026-04-24T09:58:56.187-04:00 LOGGER waiting_for_port glob=/dev/cu.usbmodem*
2026-04-24T09:58:58.191-04:00 LOGGER waiting_for_port glob=/dev/cu.usbmodem*
2026-04-24T09:59:00.196-04:00 LOGGER waiting_for_port glob=/dev/cu.usbmodem*
2026-04-24T09:59:02.208-04:00 LOGGER waiting_for_port glob=/dev/cu.usbmodem*
2026-04-24T09:59:04.218-04:00 LOGGER waiting_for_port glob=/dev/cu.usbmodem*
2026-04-24T09:59:06.228-04:00 LOGGER waiting_for_port glob=/dev/cu.usbmodem*
2026-04-24T09:59:08.238-04:00 LOGGER waiting_for_port glob=/dev/cu.usbmodem*
2026-04-24T09:59:10.247-04:00 LOGGER waiting_for_port glob=/dev/cu.usbmodem*
2026-04-24T09:59:12.252-04:00 LOGGER waiting_for_port glob=/dev/cu.usbmodem*
2026-04-24T09:59:14.264-04:00 LOGGER waiting_for_port glob=/dev/cu.usbmodem*
2026-04-24T09:59:16.266-04:00 LOGGER waiting_for_port glob=/dev/cu.usbmodem*
2026-04-24T09:59:18.275-04:00 LOGGER waiting_for_port glob=/dev/cu.usbmodem*
2026-04-24T09:59:20.281-04:00 LOGGER waiting_for_port glob=/dev/cu.usbmodem*
2026-04-24T09:59:22.285-04:00 LOGGER waiting_for_port glob=/dev/cu.usbmodem*
2026-04-24T09:59:24.293-04:00 LOGGER waiting_for_port glob=/dev/cu.usbmodem*
2026-04-24T09:59:26.298-04:00 LOGGER waiting_for_port glob=/dev/cu.usbmodem*
2026-04-24T09:59:28.302-04:00 LOGGER waiting_for_port glob=/dev/cu.usbmodem*
2026-04-24T09:59:30.303-04:00 LOGGER waiting_for_port glob=/dev/cu.usbmodem*
2026-04-24T09:59:32.315-04:00 LOGGER waiting_for_port glob=/dev/cu.usbmodem*
2026-04-24T09:59:34.317-04:00 LOGGER waiting_for_port glob=/dev/cu.usbmodem*
2026-04-24T09:59:36.320-04:00 LOGGER waiting_for_port glob=/dev/cu.usbmodem*
2026-04-24T09:59:38.332-04:00 LOGGER waiting_for_port glob=/dev/cu.usbmodem*
2026-04-24T09:59:40.344-04:00 LOGGER waiting_for_port glob=/dev/cu.usbmodem*
2026-04-24T09:59:42.350-04:00 LOGGER waiting_for_port glob=/dev/cu.usbmodem*
2026-04-24T09:59:44.357-04:00 LOGGER waiting_for_port glob=/dev/cu.usbmodem*
2026-04-24T09:59:46.369-04:00 LOGGER waiting_for_port glob=/dev/cu.usbmodem*
2026-04-24T09:59:48.376-04:00 LOGGER waiting_for_port glob=/dev/cu.usbmodem*
2026-04-24T09:59:50.386-04:00 LOGGER waiting_for_port glob=/dev/cu.usbmodem*
2026-04-24T09:59:52.396-04:00 LOGGER waiting_for_port glob=/dev/cu.usbmodem*
2026-04-24T09:59:54.404-04:00 LOGGER waiting_for_port glob=/dev/cu.usbmodem*
2026-04-24T09:59:56.415-04:00 LOGGER waiting_for_port glob=/dev/cu.usbmodem*
2026-04-24T09:59:58.426-04:00 LOGGER waiting_for_port glob=/dev/cu.usbmodem*
2026-04-24T10:00:00.431-04:00 LOGGER waiting_for_port glob=/dev/cu.usbmodem*
2026-04-24T10:00:02.443-04:00 LOGGER waiting_for_port glob=/dev/cu.usbmodem*
2026-04-24T10:00:04.449-04:00 LOGGER waiting_for_port glob=/dev/cu.usbmodem*
2026-04-24T10:00:06.451-04:00 LOGGER waiting_for_port glob=/dev/cu.usbmodem*
2026-04-24T10:00:08.456-04:00 LOGGER waiting_for_port glob=/dev/cu.usbmodem*
2026-04-24T10:00:10.462-04:00 LOGGER waiting_for_port glob=/dev/cu.usbmodem*
2026-04-24T10:00:12.469-04:00 LOGGER waiting_for_port glob=/dev/cu.usbmodem*
2026-04-24T10:00:14.481-04:00 LOGGER waiting_for_port glob=/dev/cu.usbmodem*
2026-04-24T10:00:16.486-04:00 LOGGER waiting_for_port glob=/dev/cu.usbmodem*
2026-04-24T10:00:18.498-04:00 LOGGER waiting_for_port glob=/dev/cu.usbmodem*
2026-04-24T10:00:20.508-04:00 LOGGER waiting_for_port glob=/dev/cu.usbmodem*
2026-04-24T10:00:22.520-04:00 LOGGER waiting_for_port glob=/dev/cu.usbmodem*
2026-04-24T10:00:24.526-04:00 LOGGER waiting_for_port glob=/dev/cu.usbmodem*
2026-04-24T10:00:26.536-04:00 LOGGER waiting_for_port glob=/dev/cu.usbmodem*
2026-04-24T10:00:28.542-04:00 LOGGER waiting_for_port glob=/dev/cu.usbmodem*
2026-04-24T10:00:30.548-04:00 LOGGER waiting_for_port glob=/dev/cu.usbmodem*
2026-04-24T10:00:32.555-04:00 LOGGER waiting_for_port glob=/dev/cu.usbmodem*
2026-04-24T10:00:34.565-04:00 LOGGER waiting_for_port glob=/dev/cu.usbmodem*
2026-04-24T10:00:36.573-04:00 LOGGER waiting_for_port glob=/dev/cu.usbmodem*
2026-04-24T10:00:38.585-04:00 LOGGER waiting_for_port glob=/dev/cu.usbmodem*
2026-04-24T10:00:40.592-04:00 LOGGER waiting_for_port glob=/dev/cu.usbmodem*
2026-04-24T10:00:42.604-04:00 LOGGER waiting_for_port glob=/dev/cu.usbmodem*
2026-04-24T10:00:44.609-04:00 LOGGER waiting_for_port glob=/dev/cu.usbmodem*
2026-04-24T10:00:46.619-04:00 LOGGER waiting_for_port glob=/dev/cu.usbmodem*
2026-04-24T10:00:48.625-04:00 LOGGER waiting_for_port glob=/dev/cu.usbmodem*
2026-04-24T10:00:50.627-04:00 LOGGER waiting_for_port glob=/dev/cu.usbmodem*
2026-04-24T10:00:52.634-04:00 LOGGER waiting_for_port glob=/dev/cu.usbmodem*
2026-04-24T10:00:54.637-04:00 LOGGER waiting_for_port glob=/dev/cu.usbmodem*
2026-04-24T10:00:56.645-04:00 LOGGER waiting_for_port glob=/dev/cu.usbmodem*
2026-04-24T10:00:58.652-04:00 LOGGER waiting_for_port glob=/dev/cu.usbmodem*
2026-04-24T10:01:00.663-04:00 LOGGER waiting_for_port glob=/dev/cu.usbmodem*
2026-04-24T10:01:02.675-04:00 LOGGER waiting_for_port glob=/dev/cu.usbmodem*
2026-04-24T10:01:04.680-04:00 LOGGER waiting_for_port glob=/dev/cu.usbmodem*
2026-04-24T10:01:06.691-04:00 LOGGER waiting_for_port glob=/dev/cu.usbmodem*
2026-04-24T10:01:08.699-04:00 LOGGER waiting_for_port glob=/dev/cu.usbmodem*
2026-04-24T10:01:10.711-04:00 LOGGER waiting_for_port glob=/dev/cu.usbmodem*
2026-04-24T10:01:12.717-04:00 LOGGER waiting_for_port glob=/dev/cu.usbmodem*
2026-04-24T10:01:14.727-04:00 LOGGER waiting_for_port glob=/dev/cu.usbmodem*
2026-04-24T10:01:16.729-04:00 LOGGER waiting_for_port glob=/dev/cu.usbmodem*
2026-04-24T10:01:18.734-04:00 LOGGER waiting_for_port glob=/dev/cu.usbmodem*
2026-04-24T10:01:20.741-04:00 LOGGER waiting_for_port glob=/dev/cu.usbmodem*
2026-04-24T10:01:22.744-04:00 LOGGER waiting_for_port glob=/dev/cu.usbmodem*
2026-04-24T10:01:24.751-04:00 LOGGER waiting_for_port glob=/dev/cu.usbmodem*
2026-04-24T10:01:26.760-04:00 LOGGER waiting_for_port glob=/dev/cu.usbmodem*
2026-04-24T10:01:28.770-04:00 LOGGER waiting_for_port glob=/dev/cu.usbmodem*
2026-04-24T10:01:30.776-04:00 LOGGER waiting_for_port glob=/dev/cu.usbmodem*
2026-04-24T10:01:32.783-04:00 LOGGER waiting_for_port glob=/dev/cu.usbmodem*
2026-04-24T10:01:34.793-04:00 LOGGER waiting_for_port glob=/dev/cu.usbmodem*
2026-04-24T10:01:36.801-04:00 LOGGER waiting_for_port glob=/dev/cu.usbmodem*
2026-04-24T10:01:38.807-04:00 LOGGER waiting_for_port glob=/dev/cu.usbmodem*
2026-04-24T10:01:40.819-04:00 LOGGER waiting_for_port glob=/dev/cu.usbmodem*
2026-04-24T10:01:42.830-04:00 LOGGER waiting_for_port glob=/dev/cu.usbmodem*
2026-04-24T10:01:44.836-04:00 LOGGER waiting_for_port glob=/dev/cu.usbmodem*
2026-04-24T10:01:46.842-04:00 LOGGER waiting_for_port glob=/dev/cu.usbmodem*
2026-04-24T10:01:48.849-04:00 LOGGER waiting_for_port glob=/dev/cu.usbmodem*
2026-04-24T10:01:50.858-04:00 LOGGER waiting_for_port glob=/dev/cu.usbmodem*
2026-04-24T10:01:52.865-04:00 LOGGER waiting_for_port glob=/dev/cu.usbmodem*
2026-04-24T10:01:54.874-04:00 LOGGER waiting_for_port glob=/dev/cu.usbmodem*
2026-04-24T10:01:56.885-04:00 LOGGER waiting_for_port glob=/dev/cu.usbmodem*
2026-04-24T10:01:58.892-04:00 LOGGER waiting_for_port glob=/dev/cu.usbmodem*
2026-04-24T10:02:00.900-04:00 LOGGER waiting_for_port glob=/dev/cu.usbmodem*
2026-04-24T10:02:02.906-04:00 LOGGER waiting_for_port glob=/dev/cu.usbmodem*
2026-04-24T10:02:04.915-04:00 LOGGER waiting_for_port glob=/dev/cu.usbmodem*
2026-04-24T10:02:06.922-04:00 LOGGER waiting_for_port glob=/dev/cu.usbmodem*
2026-04-24T10:02:08.927-04:00 LOGGER waiting_for_port glob=/dev/cu.usbmodem*
2026-04-24T10:02:10.935-04:00 LOGGER waiting_for_port glob=/dev/cu.usbmodem*
2026-04-24T10:02:12.944-04:00 LOGGER waiting_for_port glob=/dev/cu.usbmodem*
2026-04-24T10:02:14.950-04:00 LOGGER waiting_for_port glob=/dev/cu.usbmodem*
2026-04-24T10:02:16.953-04:00 LOGGER waiting_for_port glob=/dev/cu.usbmodem*
2026-04-24T10:02:18.959-04:00 LOGGER waiting_for_port glob=/dev/cu.usbmodem*
2026-04-24T10:02:20.968-04:00 LOGGER waiting_for_port glob=/dev/cu.usbmodem*
2026-04-24T10:02:22.975-04:00 LOGGER waiting_for_port glob=/dev/cu.usbmodem*
2026-04-24T10:02:24.986-04:00 LOGGER waiting_for_port glob=/dev/cu.usbmodem*
2026-04-24T10:02:26.992-04:00 LOGGER waiting_for_port glob=/dev/cu.usbmodem*
2026-04-24T10:02:29.002-04:00 LOGGER waiting_for_port glob=/dev/cu.usbmodem*
2026-04-24T10:02:31.006-04:00 LOGGER waiting_for_port glob=/dev/cu.usbmodem*
2026-04-24T10:02:33.012-04:00 LOGGER waiting_for_port glob=/dev/cu.usbmodem*
2026-04-24T10:02:35.020-04:00 LOGGER waiting_for_port glob=/dev/cu.usbmodem*
2026-04-24T10:02:37.030-04:00 LOGGER waiting_for_port glob=/dev/cu.usbmodem*
2026-04-24T10:02:39.037-04:00 LOGGER waiting_for_port glob=/dev/cu.usbmodem*
2026-04-24T10:02:41.043-04:00 LOGGER waiting_for_port glob=/dev/cu.usbmodem*
2026-04-24T10:02:43.048-04:00 LOGGER waiting_for_port glob=/dev/cu.usbmodem*
2026-04-24T10:02:45.054-04:00 LOGGER waiting_for_port glob=/dev/cu.usbmodem*
2026-04-24T10:02:47.060-04:00 LOGGER waiting_for_port glob=/dev/cu.usbmodem*
2026-04-24T10:02:49.068-04:00 LOGGER waiting_for_port glob=/dev/cu.usbmodem*
2026-04-24T10:02:51.078-04:00 LOGGER waiting_for_port glob=/dev/cu.usbmodem*
2026-04-24T10:02:53.087-04:00 LOGGER waiting_for_port glob=/dev/cu.usbmodem*
2026-04-24T10:02:55.091-04:00 LOGGER waiting_for_port glob=/dev/cu.usbmodem*
2026-04-24T10:02:57.097-04:00 LOGGER waiting_for_port glob=/dev/cu.usbmodem*
2026-04-24T10:02:59.105-04:00 LOGGER waiting_for_port glob=/dev/cu.usbmodem*
2026-04-24T10:03:01.116-04:00 LOGGER waiting_for_port glob=/dev/cu.usbmodem*
2026-04-24T10:03:03.123-04:00 LOGGER waiting_for_port glob=/dev/cu.usbmodem*
2026-04-24T10:03:05.129-04:00 LOGGER waiting_for_port glob=/dev/cu.usbmodem*
2026-04-24T10:03:07.137-04:00 LOGGER waiting_for_port glob=/dev/cu.usbmodem*
2026-04-24T10:03:09.141-04:00 LOGGER waiting_for_port glob=/dev/cu.usbmodem*
2026-04-24T10:03:11.144-04:00 LOGGER waiting_for_port glob=/dev/cu.usbmodem*
2026-04-24T10:03:13.154-04:00 LOGGER waiting_for_port glob=/dev/cu.usbmodem*
2026-04-24T10:03:15.160-04:00 LOGGER waiting_for_port glob=/dev/cu.usbmodem*
2026-04-24T10:03:17.171-04:00 LOGGER waiting_for_port glob=/dev/cu.usbmodem*
2026-04-24T10:03:19.182-04:00 LOGGER waiting_for_port glob=/dev/cu.usbmodem*
2026-04-24T10:03:21.188-04:00 LOGGER waiting_for_port glob=/dev/cu.usbmodem*
2026-04-24T10:03:23.196-04:00 LOGGER waiting_for_port glob=/dev/cu.usbmodem*
2026-04-24T10:03:25.207-04:00 LOGGER waiting_for_port glob=/dev/cu.usbmodem*
2026-04-24T10:03:27.209-04:00 LOGGER waiting_for_port glob=/dev/cu.usbmodem*
2026-04-24T10:03:29.218-04:00 LOGGER waiting_for_port glob=/dev/cu.usbmodem*
2026-04-24T10:03:31.229-04:00 LOGGER waiting_for_port glob=/dev/cu.usbmodem*
2026-04-24T10:03:33.238-04:00 LOGGER waiting_for_port glob=/dev/cu.usbmodem*
2026-04-24T10:03:35.240-04:00 LOGGER waiting_for_port glob=/dev/cu.usbmodem*
2026-04-24T10:03:37.243-04:00 LOGGER waiting_for_port glob=/dev/cu.usbmodem*
2026-04-24T10:03:39.249-04:00 LOGGER waiting_for_port glob=/dev/cu.usbmodem*
2026-04-24T10:03:41.254-04:00 LOGGER waiting_for_port glob=/dev/cu.usbmodem*
2026-04-24T10:03:43.260-04:00 LOGGER waiting_for_port glob=/dev/cu.usbmodem*
2026-04-24T10:03:45.265-04:00 LOGGER waiting_for_port glob=/dev/cu.usbmodem*
2026-04-24T10:03:47.272-04:00 LOGGER waiting_for_port glob=/dev/cu.usbmodem*
2026-04-24T10:03:49.280-04:00 LOGGER waiting_for_port glob=/dev/cu.usbmodem*
2026-04-24T10:03:51.285-04:00 LOGGER waiting_for_port glob=/dev/cu.usbmodem*
2026-04-24T10:03:53.288-04:00 LOGGER waiting_for_port glob=/dev/cu.usbmodem*
2026-04-24T10:03:55.289-04:00 LOGGER waiting_for_port glob=/dev/cu.usbmodem*
2026-04-24T10:03:57.294-04:00 LOGGER waiting_for_port glob=/dev/cu.usbmodem*
2026-04-24T10:03:59.298-04:00 LOGGER waiting_for_port glob=/dev/cu.usbmodem*
2026-04-24T10:04:01.299-04:00 LOGGER waiting_for_port glob=/dev/cu.usbmodem*
2026-04-24T10:04:03.307-04:00 LOGGER waiting_for_port glob=/dev/cu.usbmodem*
2026-04-24T10:04:05.316-04:00 LOGGER waiting_for_port glob=/dev/cu.usbmodem*
2026-04-24T10:04:07.322-04:00 LOGGER waiting_for_port glob=/dev/cu.usbmodem*
2026-04-24T10:04:09.328-04:00 LOGGER waiting_for_port glob=/dev/cu.usbmodem*
2026-04-24T10:04:11.333-04:00 LOGGER waiting_for_port glob=/dev/cu.usbmodem*
2026-04-24T10:04:13.339-04:00 LOGGER waiting_for_port glob=/dev/cu.usbmodem*
2026-04-24T10:04:15.348-04:00 LOGGER waiting_for_port glob=/dev/cu.usbmodem*
2026-04-24T10:04:17.359-04:00 LOGGER waiting_for_port glob=/dev/cu.usbmodem*
2026-04-24T10:04:19.363-04:00 LOGGER waiting_for_port glob=/dev/cu.usbmodem*
2026-04-24T10:04:21.378-04:00 LOGGER waiting_for_port glob=/dev/cu.usbmodem*
2026-04-24T10:04:23.389-04:00 LOGGER waiting_for_port glob=/dev/cu.usbmodem*
2026-04-24T10:04:25.394-04:00 LOGGER waiting_for_port glob=/dev/cu.usbmodem*
2026-04-24T10:04:27.399-04:00 LOGGER waiting_for_port glob=/dev/cu.usbmodem*
2026-04-24T10:04:29.408-04:00 LOGGER waiting_for_port glob=/dev/cu.usbmodem*
2026-04-24T10:04:31.418-04:00 LOGGER waiting_for_port glob=/dev/cu.usbmodem*
2026-04-24T10:04:33.424-04:00 LOGGER waiting_for_port glob=/dev/cu.usbmodem*
2026-04-24T10:04:35.434-04:00 LOGGER waiting_for_port glob=/dev/cu.usbmodem*
2026-04-24T10:04:37.449-04:00 LOGGER waiting_for_port glob=/dev/cu.usbmodem*
2026-04-24T10:04:39.457-04:00 LOGGER waiting_for_port glob=/dev/cu.usbmodem*
2026-04-24T10:04:41.465-04:00 LOGGER waiting_for_port glob=/dev/cu.usbmodem*
2026-04-24T10:04:43.477-04:00 LOGGER waiting_for_port glob=/dev/cu.usbmodem*
2026-04-24T10:04:45.481-04:00 LOGGER waiting_for_port glob=/dev/cu.usbmodem*
2026-04-24T10:04:47.490-04:00 LOGGER waiting_for_port glob=/dev/cu.usbmodem*
2026-04-24T10:04:49.502-04:00 LOGGER waiting_for_port glob=/dev/cu.usbmodem*
2026-04-24T10:04:51.503-04:00 LOGGER waiting_for_port glob=/dev/cu.usbmodem*
2026-04-24T10:04:53.512-04:00 LOGGER waiting_for_port glob=/dev/cu.usbmodem*
2026-04-24T10:04:55.518-04:00 LOGGER waiting_for_port glob=/dev/cu.usbmodem*
2026-04-24T10:04:57.524-04:00 LOGGER waiting_for_port glob=/dev/cu.usbmodem*
2026-04-24T10:04:59.527-04:00 LOGGER waiting_for_port glob=/dev/cu.usbmodem*
2026-04-24T10:05:01.534-04:00 LOGGER waiting_for_port glob=/dev/cu.usbmodem*
2026-04-24T10:05:03.539-04:00 LOGGER waiting_for_port glob=/dev/cu.usbmodem*
2026-04-24T10:05:05.544-04:00 LOGGER waiting_for_port glob=/dev/cu.usbmodem*
2026-04-24T10:05:07.553-04:00 LOGGER waiting_for_port glob=/dev/cu.usbmodem*
2026-04-24T10:05:09.562-04:00 LOGGER waiting_for_port glob=/dev/cu.usbmodem*
2026-04-24T10:05:11.572-04:00 LOGGER waiting_for_port glob=/dev/cu.usbmodem*
2026-04-24T10:05:13.577-04:00 LOGGER waiting_for_port glob=/dev/cu.usbmodem*
2026-04-24T10:05:15.584-04:00 LOGGER waiting_for_port glob=/dev/cu.usbmodem*
2026-04-24T10:05:17.590-04:00 LOGGER waiting_for_port glob=/dev/cu.usbmodem*
2026-04-24T10:05:19.597-04:00 LOGGER waiting_for_port glob=/dev/cu.usbmodem*
2026-04-24T10:05:21.608-04:00 LOGGER waiting_for_port glob=/dev/cu.usbmodem*
2026-04-24T10:05:23.611-04:00 LOGGER waiting_for_port glob=/dev/cu.usbmodem*
2026-04-24T10:05:25.616-04:00 LOGGER waiting_for_port glob=/dev/cu.usbmodem*
2026-04-24T10:05:27.621-04:00 LOGGER waiting_for_port glob=/dev/cu.usbmodem*
2026-04-24T10:05:29.633-04:00 LOGGER waiting_for_port glob=/dev/cu.usbmodem*
2026-04-24T10:05:31.641-04:00 LOGGER waiting_for_port glob=/dev/cu.usbmodem*
2026-04-24T10:05:33.646-04:00 LOGGER waiting_for_port glob=/dev/cu.usbmodem*
2026-04-24T10:05:35.654-04:00 LOGGER waiting_for_port glob=/dev/cu.usbmodem*
2026-04-24T10:05:37.662-04:00 LOGGER waiting_for_port glob=/dev/cu.usbmodem*
2026-04-24T10:05:39.674-04:00 LOGGER waiting_for_port glob=/dev/cu.usbmodem*
2026-04-24T10:05:41.680-04:00 LOGGER waiting_for_port glob=/dev/cu.usbmodem*
2026-04-24T10:05:43.689-04:00 LOGGER waiting_for_port glob=/dev/cu.usbmodem*
2026-04-24T10:05:45.695-04:00 LOGGER waiting_for_port glob=/dev/cu.usbmodem*
2026-04-24T10:05:47.706-04:00 LOGGER waiting_for_port glob=/dev/cu.usbmodem*
2026-04-24T10:05:49.718-04:00 LOGGER waiting_for_port glob=/dev/cu.usbmodem*
2026-04-24T10:05:51.726-04:00 LOGGER waiting_for_port glob=/dev/cu.usbmodem*
2026-04-24T10:05:53.735-04:00 LOGGER waiting_for_port glob=/dev/cu.usbmodem*
2026-04-24T10:05:55.746-04:00 LOGGER waiting_for_port glob=/dev/cu.usbmodem*
2026-04-24T10:05:57.753-04:00 LOGGER waiting_for_port glob=/dev/cu.usbmodem*
2026-04-24T10:05:59.765-04:00 LOGGER waiting_for_port glob=/dev/cu.usbmodem*
2026-04-24T10:06:01.775-04:00 LOGGER waiting_for_port glob=/dev/cu.usbmodem*
2026-04-24T10:06:03.786-04:00 LOGGER waiting_for_port glob=/dev/cu.usbmodem*
2026-04-24T10:06:05.798-04:00 LOGGER waiting_for_port glob=/dev/cu.usbmodem*
2026-04-24T10:06:07.808-04:00 LOGGER waiting_for_port glob=/dev/cu.usbmodem*
2026-04-24T10:06:09.819-04:00 LOGGER waiting_for_port glob=/dev/cu.usbmodem*
2026-04-24T10:06:11.828-04:00 LOGGER waiting_for_port glob=/dev/cu.usbmodem*
2026-04-24T10:06:13.830-04:00 LOGGER waiting_for_port glob=/dev/cu.usbmodem*
2026-04-24T10:06:15.834-04:00 LOGGER waiting_for_port glob=/dev/cu.usbmodem*
2026-04-24T10:06:17.846-04:00 LOGGER waiting_for_port glob=/dev/cu.usbmodem*
2026-04-24T10:06:19.853-04:00 LOGGER waiting_for_port glob=/dev/cu.usbmodem*
2026-04-24T10:06:21.861-04:00 LOGGER waiting_for_port glob=/dev/cu.usbmodem*
2026-04-24T10:06:23.867-04:00 LOGGER waiting_for_port glob=/dev/cu.usbmodem*
2026-04-24T10:06:25.869-04:00 LOGGER waiting_for_port glob=/dev/cu.usbmodem*
2026-04-24T10:06:27.878-04:00 LOGGER waiting_for_port glob=/dev/cu.usbmodem*
2026-04-24T10:06:29.883-04:00 LOGGER waiting_for_port glob=/dev/cu.usbmodem*
2026-04-24T10:06:31.889-04:00 LOGGER waiting_for_port glob=/dev/cu.usbmodem*
2026-04-24T10:06:33.895-04:00 LOGGER waiting_for_port glob=/dev/cu.usbmodem*
2026-04-24T10:06:35.907-04:00 LOGGER waiting_for_port glob=/dev/cu.usbmodem*
2026-04-24T10:06:37.908-04:00 LOGGER waiting_for_port glob=/dev/cu.usbmodem*
2026-04-24T10:06:39.915-04:00 LOGGER waiting_for_port glob=/dev/cu.usbmodem*
2026-04-24T10:06:41.923-04:00 LOGGER waiting_for_port glob=/dev/cu.usbmodem*
2026-04-24T10:06:43.929-04:00 LOGGER waiting_for_port glob=/dev/cu.usbmodem*
2026-04-24T10:06:45.935-04:00 LOGGER waiting_for_port glob=/dev/cu.usbmodem*
2026-04-24T10:06:47.938-04:00 LOGGER waiting_for_port glob=/dev/cu.usbmodem*
2026-04-24T10:06:49.944-04:00 LOGGER waiting_for_port glob=/dev/cu.usbmodem*
2026-04-24T10:06:51.955-04:00 LOGGER waiting_for_port glob=/dev/cu.usbmodem*
2026-04-24T10:06:53.961-04:00 LOGGER waiting_for_port glob=/dev/cu.usbmodem*
2026-04-24T10:06:55.972-04:00 LOGGER waiting_for_port glob=/dev/cu.usbmodem*
2026-04-24T10:06:57.982-04:00 LOGGER waiting_for_port glob=/dev/cu.usbmodem*
2026-04-24T10:06:59.988-04:00 LOGGER waiting_for_port glob=/dev/cu.usbmodem*
2026-04-24T10:07:01.998-04:00 LOGGER waiting_for_port glob=/dev/cu.usbmodem*
2026-04-24T10:07:04.005-04:00 LOGGER waiting_for_port glob=/dev/cu.usbmodem*
2026-04-24T10:07:06.015-04:00 LOGGER waiting_for_port glob=/dev/cu.usbmodem*
2026-04-24T10:07:08.020-04:00 LOGGER waiting_for_port glob=/dev/cu.usbmodem*
2026-04-24T10:07:10.031-04:00 LOGGER waiting_for_port glob=/dev/cu.usbmodem*
2026-04-24T10:07:12.037-04:00 LOGGER waiting_for_port glob=/dev/cu.usbmodem*
2026-04-24T10:07:14.041-04:00 LOGGER waiting_for_port glob=/dev/cu.usbmodem*
2026-04-24T10:07:16.051-04:00 LOGGER waiting_for_port glob=/dev/cu.usbmodem*
2026-04-24T10:07:18.054-04:00 LOGGER waiting_for_port glob=/dev/cu.usbmodem*
2026-04-24T10:07:20.066-04:00 LOGGER waiting_for_port glob=/dev/cu.usbmodem*
2026-04-24T10:07:22.077-04:00 LOGGER waiting_for_port glob=/dev/cu.usbmodem*
2026-04-24T10:07:24.081-04:00 LOGGER waiting_for_port glob=/dev/cu.usbmodem*
2026-04-24T10:07:26.090-04:00 LOGGER waiting_for_port glob=/dev/cu.usbmodem*
2026-04-24T10:07:28.097-04:00 LOGGER waiting_for_port glob=/dev/cu.usbmodem*
2026-04-24T10:07:30.100-04:00 LOGGER waiting_for_port glob=/dev/cu.usbmodem*
2026-04-24T10:07:32.106-04:00 LOGGER waiting_for_port glob=/dev/cu.usbmodem*
2026-04-24T10:07:34.116-04:00 LOGGER waiting_for_port glob=/dev/cu.usbmodem*
2026-04-24T10:07:36.122-04:00 LOGGER waiting_for_port glob=/dev/cu.usbmodem*
2026-04-24T10:07:38.133-04:00 LOGGER waiting_for_port glob=/dev/cu.usbmodem*
2026-04-24T10:07:40.143-04:00 LOGGER waiting_for_port glob=/dev/cu.usbmodem*
2026-04-24T10:07:42.154-04:00 LOGGER waiting_for_port glob=/dev/cu.usbmodem*
2026-04-24T10:07:44.157-04:00 LOGGER waiting_for_port glob=/dev/cu.usbmodem*
2026-04-24T10:07:46.165-04:00 LOGGER waiting_for_port glob=/dev/cu.usbmodem*
2026-04-24T10:07:48.177-04:00 LOGGER waiting_for_port glob=/dev/cu.usbmodem*
2026-04-24T10:07:50.181-04:00 LOGGER waiting_for_port glob=/dev/cu.usbmodem*
2026-04-24T10:07:52.191-04:00 LOGGER waiting_for_port glob=/dev/cu.usbmodem*
2026-04-24T10:07:54.200-04:00 LOGGER waiting_for_port glob=/dev/cu.usbmodem*
2026-04-24T10:07:56.211-04:00 LOGGER waiting_for_port glob=/dev/cu.usbmodem*
2026-04-24T10:07:58.214-04:00 LOGGER waiting_for_port glob=/dev/cu.usbmodem*
2026-04-24T10:08:00.219-04:00 LOGGER waiting_for_port glob=/dev/cu.usbmodem*
2026-04-24T10:08:02.227-04:00 LOGGER waiting_for_port glob=/dev/cu.usbmodem*
2026-04-24T10:08:04.236-04:00 LOGGER waiting_for_port glob=/dev/cu.usbmodem*
2026-04-24T10:08:06.244-04:00 LOGGER waiting_for_port glob=/dev/cu.usbmodem*
2026-04-24T10:08:08.250-04:00 LOGGER waiting_for_port glob=/dev/cu.usbmodem*
2026-04-24T10:08:10.256-04:00 LOGGER waiting_for_port glob=/dev/cu.usbmodem*
2026-04-24T10:08:12.261-04:00 LOGGER waiting_for_port glob=/dev/cu.usbmodem*
2026-04-24T10:08:14.267-04:00 LOGGER waiting_for_port glob=/dev/cu.usbmodem*
2026-04-24T10:08:16.276-04:00 LOGGER waiting_for_port glob=/dev/cu.usbmodem*
2026-04-24T10:08:18.288-04:00 LOGGER waiting_for_port glob=/dev/cu.usbmodem*
2026-04-24T10:08:20.289-04:00 LOGGER waiting_for_port glob=/dev/cu.usbmodem*
2026-04-24T10:08:22.299-04:00 LOGGER waiting_for_port glob=/dev/cu.usbmodem*
2026-04-24T10:08:24.305-04:00 LOGGER waiting_for_port glob=/dev/cu.usbmodem*
2026-04-24T10:08:26.307-04:00 LOGGER waiting_for_port glob=/dev/cu.usbmodem*
2026-04-24T10:08:28.312-04:00 LOGGER waiting_for_port glob=/dev/cu.usbmodem*
2026-04-24T10:08:30.317-04:00 LOGGER waiting_for_port glob=/dev/cu.usbmodem*
2026-04-24T10:08:32.327-04:00 LOGGER waiting_for_port glob=/dev/cu.usbmodem*
2026-04-24T10:08:34.333-04:00 LOGGER waiting_for_port glob=/dev/cu.usbmodem*
2026-04-24T10:08:36.343-04:00 LOGGER waiting_for_port glob=/dev/cu.usbmodem*
2026-04-24T10:08:38.349-04:00 LOGGER waiting_for_port glob=/dev/cu.usbmodem*
2026-04-24T10:08:40.355-04:00 LOGGER waiting_for_port glob=/dev/cu.usbmodem*
2026-04-24T10:08:42.359-04:00 LOGGER waiting_for_port glob=/dev/cu.usbmodem*
2026-04-24T10:08:44.362-04:00 LOGGER waiting_for_port glob=/dev/cu.usbmodem*
2026-04-24T10:08:46.374-04:00 LOGGER waiting_for_port glob=/dev/cu.usbmodem*
2026-04-24T10:08:48.378-04:00 LOGGER waiting_for_port glob=/dev/cu.usbmodem*
2026-04-24T10:08:50.384-04:00 LOGGER waiting_for_port glob=/dev/cu.usbmodem*
2026-04-24T10:08:52.395-04:00 LOGGER waiting_for_port glob=/dev/cu.usbmodem*
2026-04-24T10:08:54.406-04:00 LOGGER waiting_for_port glob=/dev/cu.usbmodem*
2026-04-24T10:08:56.411-04:00 LOGGER waiting_for_port glob=/dev/cu.usbmodem*
2026-04-24T10:08:58.422-04:00 LOGGER waiting_for_port glob=/dev/cu.usbmodem*
2026-04-24T10:09:00.432-04:00 LOGGER waiting_for_port glob=/dev/cu.usbmodem*
2026-04-24T10:09:02.434-04:00 LOGGER waiting_for_port glob=/dev/cu.usbmodem*
2026-04-24T10:09:04.440-04:00 LOGGER waiting_for_port glob=/dev/cu.usbmodem*
2026-04-24T10:09:06.447-04:00 LOGGER waiting_for_port glob=/dev/cu.usbmodem*
2026-04-24T10:09:08.457-04:00 LOGGER waiting_for_port glob=/dev/cu.usbmodem*
2026-04-24T10:09:10.467-04:00 LOGGER waiting_for_port glob=/dev/cu.usbmodem*
2026-04-24T10:09:12.470-04:00 LOGGER waiting_for_port glob=/dev/cu.usbmodem*
2026-04-24T10:09:14.480-04:00 LOGGER waiting_for_port glob=/dev/cu.usbmodem*
2026-04-24T10:09:16.491-04:00 LOGGER waiting_for_port glob=/dev/cu.usbmodem*
2026-04-24T10:09:18.503-04:00 LOGGER waiting_for_port glob=/dev/cu.usbmodem*
2026-04-24T10:09:20.513-04:00 LOGGER waiting_for_port glob=/dev/cu.usbmodem*
2026-04-24T10:09:22.520-04:00 LOGGER waiting_for_port glob=/dev/cu.usbmodem*
2026-04-24T10:09:24.532-04:00 LOGGER waiting_for_port glob=/dev/cu.usbmodem*
2026-04-24T10:09:26.536-04:00 LOGGER waiting_for_port glob=/dev/cu.usbmodem*
2026-04-24T10:09:28.545-04:00 LOGGER waiting_for_port glob=/dev/cu.usbmodem*
2026-04-24T10:09:30.557-04:00 LOGGER waiting_for_port glob=/dev/cu.usbmodem*
2026-04-24T10:09:32.562-04:00 LOGGER waiting_for_port glob=/dev/cu.usbmodem*
2026-04-24T10:09:34.572-04:00 LOGGER waiting_for_port glob=/dev/cu.usbmodem*
2026-04-24T10:09:36.577-04:00 LOGGER waiting_for_port glob=/dev/cu.usbmodem*
2026-04-24T10:09:38.585-04:00 LOGGER waiting_for_port glob=/dev/cu.usbmodem*
2026-04-24T10:09:40.592-04:00 LOGGER waiting_for_port glob=/dev/cu.usbmodem*
2026-04-24T10:09:42.597-04:00 LOGGER waiting_for_port glob=/dev/cu.usbmodem*
2026-04-24T10:09:44.604-04:00 LOGGER waiting_for_port glob=/dev/cu.usbmodem*
2026-04-24T10:09:46.614-04:00 LOGGER waiting_for_port glob=/dev/cu.usbmodem*
2026-04-24T10:09:48.619-04:00 LOGGER waiting_for_port glob=/dev/cu.usbmodem*
2026-04-24T10:09:50.621-04:00 LOGGER waiting_for_port glob=/dev/cu.usbmodem*
2026-04-24T10:09:52.627-04:00 LOGGER waiting_for_port glob=/dev/cu.usbmodem*
2026-04-24T10:09:54.632-04:00 LOGGER waiting_for_port glob=/dev/cu.usbmodem*
2026-04-24T10:09:56.637-04:00 LOGGER waiting_for_port glob=/dev/cu.usbmodem*
2026-04-24T10:09:58.645-04:00 LOGGER waiting_for_port glob=/dev/cu.usbmodem*
2026-04-24T10:10:00.651-04:00 LOGGER waiting_for_port glob=/dev/cu.usbmodem*
2026-04-24T10:10:02.657-04:00 LOGGER waiting_for_port glob=/dev/cu.usbmodem*
2026-04-24T10:10:04.660-04:00 LOGGER waiting_for_port glob=/dev/cu.usbmodem*
2026-04-24T10:10:06.663-04:00 LOGGER waiting_for_port glob=/dev/cu.usbmodem*
2026-04-24T10:10:08.671-04:00 LOGGER waiting_for_port glob=/dev/cu.usbmodem*
2026-04-24T10:10:10.674-04:00 LOGGER waiting_for_port glob=/dev/cu.usbmodem*
2026-04-24T10:10:12.685-04:00 LOGGER waiting_for_port glob=/dev/cu.usbmodem*
2026-04-24T10:10:14.693-04:00 LOGGER waiting_for_port glob=/dev/cu.usbmodem*
2026-04-24T10:10:16.696-04:00 LOGGER waiting_for_port glob=/dev/cu.usbmodem*
2026-04-24T10:10:18.705-04:00 LOGGER waiting_for_port glob=/dev/cu.usbmodem*
2026-04-24T10:10:20.711-04:00 LOGGER waiting_for_port glob=/dev/cu.usbmodem*
2026-04-24T10:10:22.719-04:00 LOGGER waiting_for_port glob=/dev/cu.usbmodem*
2026-04-24T10:10:24.730-04:00 LOGGER waiting_for_port glob=/dev/cu.usbmodem*
2026-04-24T10:10:26.735-04:00 LOGGER waiting_for_port glob=/dev/cu.usbmodem*
2026-04-24T10:10:28.740-04:00 LOGGER waiting_for_port glob=/dev/cu.usbmodem*
2026-04-24T10:10:30.746-04:00 LOGGER waiting_for_port glob=/dev/cu.usbmodem*
2026-04-24T10:10:32.753-04:00 LOGGER waiting_for_port glob=/dev/cu.usbmodem*
2026-04-24T10:10:34.760-04:00 LOGGER waiting_for_port glob=/dev/cu.usbmodem*
2026-04-24T10:10:36.766-04:00 LOGGER waiting_for_port glob=/dev/cu.usbmodem*
2026-04-24T10:10:38.774-04:00 LOGGER waiting_for_port glob=/dev/cu.usbmodem*
2026-04-24T10:10:40.779-04:00 LOGGER waiting_for_port glob=/dev/cu.usbmodem*
2026-04-24T10:10:42.788-04:00 LOGGER waiting_for_port glob=/dev/cu.usbmodem*
2026-04-24T10:10:44.790-04:00 LOGGER waiting_for_port glob=/dev/cu.usbmodem*
2026-04-24T10:10:46.793-04:00 LOGGER waiting_for_port glob=/dev/cu.usbmodem*
2026-04-24T10:10:48.803-04:00 LOGGER waiting_for_port glob=/dev/cu.usbmodem*
2026-04-24T10:10:50.806-04:00 LOGGER waiting_for_port glob=/dev/cu.usbmodem*
2026-04-24T10:10:52.812-04:00 LOGGER waiting_for_port glob=/dev/cu.usbmodem*
2026-04-24T10:10:54.814-04:00 LOGGER waiting_for_port glob=/dev/cu.usbmodem*
2026-04-24T10:10:56.825-04:00 LOGGER waiting_for_port glob=/dev/cu.usbmodem*
2026-04-24T10:10:58.835-04:00 LOGGER waiting_for_port glob=/dev/cu.usbmodem*
2026-04-24T10:11:00.845-04:00 LOGGER waiting_for_port glob=/dev/cu.usbmodem*
2026-04-24T10:11:02.856-04:00 LOGGER waiting_for_port glob=/dev/cu.usbmodem*
2026-04-24T10:11:04.863-04:00 LOGGER waiting_for_port glob=/dev/cu.usbmodem*
2026-04-24T10:11:06.866-04:00 LOGGER waiting_for_port glob=/dev/cu.usbmodem*
2026-04-24T10:11:08.878-04:00 LOGGER waiting_for_port glob=/dev/cu.usbmodem*
2026-04-24T10:11:10.885-04:00 LOGGER waiting_for_port glob=/dev/cu.usbmodem*
2026-04-24T10:11:12.896-04:00 LOGGER waiting_for_port glob=/dev/cu.usbmodem*
2026-04-24T10:11:14.905-04:00 LOGGER waiting_for_port glob=/dev/cu.usbmodem*
2026-04-24T10:11:16.917-04:00 LOGGER waiting_for_port glob=/dev/cu.usbmodem*
2026-04-24T10:11:18.922-04:00 LOGGER waiting_for_port glob=/dev/cu.usbmodem*
2026-04-24T10:11:20.933-04:00 LOGGER waiting_for_port glob=/dev/cu.usbmodem*
2026-04-24T10:11:22.938-04:00 LOGGER waiting_for_port glob=/dev/cu.usbmodem*
2026-04-24T10:11:24.950-04:00 LOGGER waiting_for_port glob=/dev/cu.usbmodem*
2026-04-24T10:11:26.955-04:00 LOGGER waiting_for_port glob=/dev/cu.usbmodem*
2026-04-24T10:11:28.958-04:00 LOGGER waiting_for_port glob=/dev/cu.usbmodem*
2026-04-24T10:11:30.965-04:00 LOGGER waiting_for_port glob=/dev/cu.usbmodem*
2026-04-24T10:11:32.976-04:00 LOGGER waiting_for_port glob=/dev/cu.usbmodem*
2026-04-24T10:11:34.982-04:00 LOGGER waiting_for_port glob=/dev/cu.usbmodem*
2026-04-24T10:11:36.993-04:00 LOGGER waiting_for_port glob=/dev/cu.usbmodem*
2026-04-24T10:11:39.003-04:00 LOGGER waiting_for_port glob=/dev/cu.usbmodem*
2026-04-24T10:11:41.009-04:00 LOGGER waiting_for_port glob=/dev/cu.usbmodem*
2026-04-24T10:11:43.021-04:00 LOGGER waiting_for_port glob=/dev/cu.usbmodem*
2026-04-24T10:11:45.032-04:00 LOGGER waiting_for_port glob=/dev/cu.usbmodem*
2026-04-24T10:11:47.037-04:00 LOGGER waiting_for_port glob=/dev/cu.usbmodem*
2026-04-24T10:11:49.045-04:00 LOGGER waiting_for_port glob=/dev/cu.usbmodem*
2026-04-24T10:11:51.057-04:00 LOGGER waiting_for_port glob=/dev/cu.usbmodem*
2026-04-24T10:11:53.061-04:00 LOGGER waiting_for_port glob=/dev/cu.usbmodem*
2026-04-24T10:11:55.072-04:00 LOGGER waiting_for_port glob=/dev/cu.usbmodem*
2026-04-24T10:11:57.080-04:00 LOGGER waiting_for_port glob=/dev/cu.usbmodem*
2026-04-24T10:11:59.084-04:00 LOGGER waiting_for_port glob=/dev/cu.usbmodem*
2026-04-24T10:12:01.087-04:00 LOGGER waiting_for_port glob=/dev/cu.usbmodem*
2026-04-24T10:12:03.096-04:00 LOGGER waiting_for_port glob=/dev/cu.usbmodem*
2026-04-24T10:12:05.102-04:00 LOGGER waiting_for_port glob=/dev/cu.usbmodem*
2026-04-24T10:12:07.110-04:00 LOGGER waiting_for_port glob=/dev/cu.usbmodem*
2026-04-24T10:12:09.119-04:00 LOGGER waiting_for_port glob=/dev/cu.usbmodem*
2026-04-24T10:12:11.123-04:00 LOGGER waiting_for_port glob=/dev/cu.usbmodem*
2026-04-24T10:12:13.129-04:00 LOGGER waiting_for_port glob=/dev/cu.usbmodem*
2026-04-24T10:12:15.139-04:00 LOGGER waiting_for_port glob=/dev/cu.usbmodem*
2026-04-24T10:12:17.145-04:00 LOGGER waiting_for_port glob=/dev/cu.usbmodem*
2026-04-24T10:12:19.155-04:00 LOGGER waiting_for_port glob=/dev/cu.usbmodem*
2026-04-24T10:12:21.163-04:00 LOGGER waiting_for_port glob=/dev/cu.usbmodem*
2026-04-24T10:12:23.174-04:00 LOGGER waiting_for_port glob=/dev/cu.usbmodem*
2026-04-24T10:12:25.184-04:00 LOGGER waiting_for_port glob=/dev/cu.usbmodem*
2026-04-24T10:12:27.194-04:00 LOGGER waiting_for_port glob=/dev/cu.usbmodem*
2026-04-24T10:12:29.206-04:00 LOGGER waiting_for_port glob=/dev/cu.usbmodem*
2026-04-24T10:12:31.212-04:00 LOGGER waiting_for_port glob=/dev/cu.usbmodem*
2026-04-24T10:12:33.219-04:00 LOGGER waiting_for_port glob=/dev/cu.usbmodem*
2026-04-24T10:12:35.227-04:00 LOGGER waiting_for_port glob=/dev/cu.usbmodem*
2026-04-24T10:12:37.233-04:00 LOGGER waiting_for_port glob=/dev/cu.usbmodem*
2026-04-24T10:12:39.237-04:00 LOGGER waiting_for_port glob=/dev/cu.usbmodem*
2026-04-24T10:12:41.244-04:00 LOGGER waiting_for_port glob=/dev/cu.usbmodem*
2026-04-24T10:12:43.252-04:00 LOGGER waiting_for_port glob=/dev/cu.usbmodem*
2026-04-24T10:12:45.256-04:00 LOGGER waiting_for_port glob=/dev/cu.usbmodem*
2026-04-24T10:12:47.263-04:00 LOGGER waiting_for_port glob=/dev/cu.usbmodem*
2026-04-24T10:12:49.270-04:00 LOGGER waiting_for_port glob=/dev/cu.usbmodem*
2026-04-24T10:12:51.281-04:00 LOGGER waiting_for_port glob=/dev/cu.usbmodem*
2026-04-24T10:12:53.286-04:00 LOGGER waiting_for_port glob=/dev/cu.usbmodem*
2026-04-24T10:12:55.288-04:00 LOGGER waiting_for_port glob=/dev/cu.usbmodem*
2026-04-24T10:12:57.299-04:00 LOGGER waiting_for_port glob=/dev/cu.usbmodem*
2026-04-24T10:12:59.306-04:00 LOGGER waiting_for_port glob=/dev/cu.usbmodem*
2026-04-24T10:13:01.315-04:00 LOGGER waiting_for_port glob=/dev/cu.usbmodem*
2026-04-24T10:13:03.321-04:00 LOGGER waiting_for_port glob=/dev/cu.usbmodem*
2026-04-24T10:13:05.325-04:00 LOGGER waiting_for_port glob=/dev/cu.usbmodem*
2026-04-24T10:13:07.333-04:00 LOGGER waiting_for_port glob=/dev/cu.usbmodem*
2026-04-24T10:13:09.339-04:00 LOGGER waiting_for_port glob=/dev/cu.usbmodem*
2026-04-24T10:13:11.342-04:00 LOGGER waiting_for_port glob=/dev/cu.usbmodem*
2026-04-24T10:13:13.353-04:00 LOGGER waiting_for_port glob=/dev/cu.usbmodem*
2026-04-24T10:13:15.357-04:00 LOGGER waiting_for_port glob=/dev/cu.usbmodem*
2026-04-24T10:13:17.364-04:00 LOGGER waiting_for_port glob=/dev/cu.usbmodem*
2026-04-24T10:13:19.374-04:00 LOGGER waiting_for_port glob=/dev/cu.usbmodem*
2026-04-24T10:13:21.380-04:00 LOGGER waiting_for_port glob=/dev/cu.usbmodem*
2026-04-24T10:13:23.389-04:00 LOGGER waiting_for_port glob=/dev/cu.usbmodem*
2026-04-24T10:13:25.395-04:00 LOGGER waiting_for_port glob=/dev/cu.usbmodem*
2026-04-24T10:13:27.407-04:00 LOGGER waiting_for_port glob=/dev/cu.usbmodem*
2026-04-24T10:13:29.413-04:00 LOGGER waiting_for_port glob=/dev/cu.usbmodem*
2026-04-24T10:13:31.424-04:00 LOGGER waiting_for_port glob=/dev/cu.usbmodem*
2026-04-24T10:13:33.426-04:00 LOGGER waiting_for_port glob=/dev/cu.usbmodem*
2026-04-24T10:13:35.430-04:00 LOGGER waiting_for_port glob=/dev/cu.usbmodem*
2026-04-24T10:13:37.437-04:00 LOGGER waiting_for_port glob=/dev/cu.usbmodem*
2026-04-24T10:13:39.446-04:00 LOGGER waiting_for_port glob=/dev/cu.usbmodem*
2026-04-24T10:13:41.455-04:00 LOGGER waiting_for_port glob=/dev/cu.usbmodem*
2026-04-24T10:13:43.467-04:00 LOGGER waiting_for_port glob=/dev/cu.usbmodem*
2026-04-24T10:13:45.478-04:00 LOGGER waiting_for_port glob=/dev/cu.usbmodem*
2026-04-24T10:13:47.490-04:00 LOGGER waiting_for_port glob=/dev/cu.usbmodem*
2026-04-24T10:13:49.499-04:00 LOGGER waiting_for_port glob=/dev/cu.usbmodem*
2026-04-24T10:13:51.505-04:00 LOGGER waiting_for_port glob=/dev/cu.usbmodem*
2026-04-24T10:13:53.510-04:00 LOGGER waiting_for_port glob=/dev/cu.usbmodem*
2026-04-24T10:13:55.520-04:00 LOGGER waiting_for_port glob=/dev/cu.usbmodem*
2026-04-24T10:13:57.531-04:00 LOGGER waiting_for_port glob=/dev/cu.usbmodem*
2026-04-24T10:13:59.539-04:00 LOGGER waiting_for_port glob=/dev/cu.usbmodem*
2026-04-24T10:14:01.549-04:00 LOGGER waiting_for_port glob=/dev/cu.usbmodem*
2026-04-24T10:14:03.553-04:00 LOGGER waiting_for_port glob=/dev/cu.usbmodem*
2026-04-24T10:14:05.561-04:00 LOGGER waiting_for_port glob=/dev/cu.usbmodem*
2026-04-24T10:14:07.573-04:00 LOGGER waiting_for_port glob=/dev/cu.usbmodem*
2026-04-24T10:14:09.579-04:00 LOGGER waiting_for_port glob=/dev/cu.usbmodem*
2026-04-24T10:14:11.583-04:00 LOGGER waiting_for_port glob=/dev/cu.usbmodem*
2026-04-24T10:14:13.587-04:00 LOGGER waiting_for_port glob=/dev/cu.usbmodem*
2026-04-24T10:14:15.591-04:00 LOGGER waiting_for_port glob=/dev/cu.usbmodem*
2026-04-24T10:14:17.597-04:00 LOGGER waiting_for_port glob=/dev/cu.usbmodem*
2026-04-24T10:14:19.604-04:00 LOGGER waiting_for_port glob=/dev/cu.usbmodem*
2026-04-24T10:14:21.610-04:00 LOGGER waiting_for_port glob=/dev/cu.usbmodem*
2026-04-24T10:14:23.620-04:00 LOGGER waiting_for_port glob=/dev/cu.usbmodem*
2026-04-24T10:14:25.631-04:00 LOGGER waiting_for_port glob=/dev/cu.usbmodem*
2026-04-24T10:14:27.638-04:00 LOGGER waiting_for_port glob=/dev/cu.usbmodem*
2026-04-24T10:14:29.650-04:00 LOGGER waiting_for_port glob=/dev/cu.usbmodem*
2026-04-24T10:14:31.660-04:00 LOGGER waiting_for_port glob=/dev/cu.usbmodem*
2026-04-24T10:14:33.665-04:00 LOGGER waiting_for_port glob=/dev/cu.usbmodem*
2026-04-24T10:14:35.677-04:00 LOGGER waiting_for_port glob=/dev/cu.usbmodem*
2026-04-24T10:14:37.688-04:00 LOGGER waiting_for_port glob=/dev/cu.usbmodem*
2026-04-24T10:14:39.694-04:00 LOGGER waiting_for_port glob=/dev/cu.usbmodem*
2026-04-24T10:14:41.701-04:00 LOGGER waiting_for_port glob=/dev/cu.usbmodem*
2026-04-24T10:14:43.713-04:00 LOGGER waiting_for_port glob=/dev/cu.usbmodem*
2026-04-24T10:14:45.724-04:00 LOGGER waiting_for_port glob=/dev/cu.usbmodem*
2026-04-24T10:14:47.732-04:00 LOGGER waiting_for_port glob=/dev/cu.usbmodem*
2026-04-24T10:14:49.735-04:00 LOGGER waiting_for_port glob=/dev/cu.usbmodem*
2026-04-24T10:14:51.746-04:00 LOGGER waiting_for_port glob=/dev/cu.usbmodem*
2026-04-24T10:14:53.752-04:00 LOGGER waiting_for_port glob=/dev/cu.usbmodem*
2026-04-24T10:14:55.758-04:00 LOGGER waiting_for_port glob=/dev/cu.usbmodem*
2026-04-24T10:14:57.770-04:00 LOGGER waiting_for_port glob=/dev/cu.usbmodem*
2026-04-24T10:14:59.774-04:00 LOGGER waiting_for_port glob=/dev/cu.usbmodem*
2026-04-24T10:15:01.782-04:00 LOGGER waiting_for_port glob=/dev/cu.usbmodem*
2026-04-24T10:15:03.792-04:00 LOGGER waiting_for_port glob=/dev/cu.usbmodem*
2026-04-24T10:15:05.794-04:00 LOGGER waiting_for_port glob=/dev/cu.usbmodem*
2026-04-24T10:15:07.798-04:00 LOGGER waiting_for_port glob=/dev/cu.usbmodem*
2026-04-24T10:15:09.805-04:00 LOGGER waiting_for_port glob=/dev/cu.usbmodem*
2026-04-24T10:15:11.808-04:00 LOGGER waiting_for_port glob=/dev/cu.usbmodem*
2026-04-24T10:15:13.814-04:00 LOGGER waiting_for_port glob=/dev/cu.usbmodem*
2026-04-24T10:15:15.820-04:00 LOGGER waiting_for_port glob=/dev/cu.usbmodem*
2026-04-24T10:15:17.831-04:00 LOGGER waiting_for_port glob=/dev/cu.usbmodem*
2026-04-24T10:15:19.837-04:00 LOGGER waiting_for_port glob=/dev/cu.usbmodem*
2026-04-24T10:15:21.848-04:00 LOGGER waiting_for_port glob=/dev/cu.usbmodem*
2026-04-24T10:15:23.854-04:00 LOGGER waiting_for_port glob=/dev/cu.usbmodem*
2026-04-24T10:15:25.861-04:00 LOGGER waiting_for_port glob=/dev/cu.usbmodem*
2026-04-24T10:15:27.866-04:00 LOGGER waiting_for_port glob=/dev/cu.usbmodem*
2026-04-24T10:15:29.873-04:00 LOGGER waiting_for_port glob=/dev/cu.usbmodem*
2026-04-24T10:15:31.879-04:00 LOGGER waiting_for_port glob=/dev/cu.usbmodem*
2026-04-24T10:15:33.890-04:00 LOGGER waiting_for_port glob=/dev/cu.usbmodem*
2026-04-24T10:15:35.896-04:00 LOGGER waiting_for_port glob=/dev/cu.usbmodem*
2026-04-24T10:15:37.902-04:00 LOGGER waiting_for_port glob=/dev/cu.usbmodem*
2026-04-24T10:15:39.906-04:00 LOGGER waiting_for_port glob=/dev/cu.usbmodem*
2026-04-24T10:15:41.915-04:00 LOGGER waiting_for_port glob=/dev/cu.usbmodem*
2026-04-24T10:15:43.924-04:00 LOGGER waiting_for_port glob=/dev/cu.usbmodem*
2026-04-24T10:15:45.930-04:00 LOGGER waiting_for_port glob=/dev/cu.usbmodem*
2026-04-24T10:15:47.942-04:00 LOGGER waiting_for_port glob=/dev/cu.usbmodem*
2026-04-24T10:15:49.946-04:00 LOGGER waiting_for_port glob=/dev/cu.usbmodem*
2026-04-24T10:15:51.955-04:00 LOGGER waiting_for_port glob=/dev/cu.usbmodem*
2026-04-24T10:15:53.961-04:00 LOGGER waiting_for_port glob=/dev/cu.usbmodem*
2026-04-24T10:15:55.971-04:00 LOGGER waiting_for_port glob=/dev/cu.usbmodem*
2026-04-24T10:15:57.982-04:00 LOGGER waiting_for_port glob=/dev/cu.usbmodem*
2026-04-24T10:15:59.987-04:00 LOGGER waiting_for_port glob=/dev/cu.usbmodem*
2026-04-24T10:16:01.989-04:00 LOGGER waiting_for_port glob=/dev/cu.usbmodem*
2026-04-24T10:16:03.995-04:00 LOGGER waiting_for_port glob=/dev/cu.usbmodem*
2026-04-24T10:16:06.001-04:00 LOGGER waiting_for_port glob=/dev/cu.usbmodem*
2026-04-24T10:16:08.008-04:00 LOGGER waiting_for_port glob=/dev/cu.usbmodem*
2026-04-24T10:16:10.020-04:00 LOGGER waiting_for_port glob=/dev/cu.usbmodem*
2026-04-24T10:16:12.024-04:00 LOGGER waiting_for_port glob=/dev/cu.usbmodem*
2026-04-24T10:16:14.028-04:00 LOGGER waiting_for_port glob=/dev/cu.usbmodem*
2026-04-24T10:16:16.039-04:00 LOGGER waiting_for_port glob=/dev/cu.usbmodem*
2026-04-24T10:16:18.049-04:00 LOGGER waiting_for_port glob=/dev/cu.usbmodem*
2026-04-24T10:16:20.053-04:00 LOGGER waiting_for_port glob=/dev/cu.usbmodem*
2026-04-24T10:16:22.058-04:00 LOGGER waiting_for_port glob=/dev/cu.usbmodem*
2026-04-24T10:16:24.069-04:00 LOGGER waiting_for_port glob=/dev/cu.usbmodem*
2026-04-24T10:16:26.075-04:00 LOGGER waiting_for_port glob=/dev/cu.usbmodem*
2026-04-24T10:16:28.085-04:00 LOGGER waiting_for_port glob=/dev/cu.usbmodem*
2026-04-24T10:16:30.089-04:00 LOGGER waiting_for_port glob=/dev/cu.usbmodem*
2026-04-24T10:16:32.095-04:00 LOGGER waiting_for_port glob=/dev/cu.usbmodem*
2026-04-24T10:16:34.102-04:00 LOGGER waiting_for_port glob=/dev/cu.usbmodem*
2026-04-24T10:16:36.107-04:00 LOGGER waiting_for_port glob=/dev/cu.usbmodem*
2026-04-24T10:16:38.109-04:00 LOGGER waiting_for_port glob=/dev/cu.usbmodem*
2026-04-24T10:16:40.114-04:00 LOGGER waiting_for_port glob=/dev/cu.usbmodem*
2026-04-24T10:16:42.121-04:00 LOGGER waiting_for_port glob=/dev/cu.usbmodem*
2026-04-24T10:16:44.132-04:00 LOGGER waiting_for_port glob=/dev/cu.usbmodem*
2026-04-24T10:16:46.138-04:00 LOGGER waiting_for_port glob=/dev/cu.usbmodem*
2026-04-24T10:16:48.150-04:00 LOGGER waiting_for_port glob=/dev/cu.usbmodem*
2026-04-24T10:16:50.156-04:00 LOGGER waiting_for_port glob=/dev/cu.usbmodem*
2026-04-24T10:16:52.163-04:00 LOGGER waiting_for_port glob=/dev/cu.usbmodem*
2026-04-24T10:16:54.174-04:00 LOGGER waiting_for_port glob=/dev/cu.usbmodem*
2026-04-24T10:16:56.178-04:00 LOGGER waiting_for_port glob=/dev/cu.usbmodem*
2026-04-24T10:16:58.184-04:00 LOGGER waiting_for_port glob=/dev/cu.usbmodem*
2026-04-24T10:17:00.187-04:00 LOGGER waiting_for_port glob=/dev/cu.usbmodem*
2026-04-24T10:17:02.194-04:00 LOGGER waiting_for_port glob=/dev/cu.usbmodem*
2026-04-24T10:17:04.200-04:00 LOGGER waiting_for_port glob=/dev/cu.usbmodem*
2026-04-24T10:17:06.207-04:00 LOGGER waiting_for_port glob=/dev/cu.usbmodem*
2026-04-24T10:17:08.212-04:00 LOGGER waiting_for_port glob=/dev/cu.usbmodem*
2026-04-24T10:17:10.219-04:00 LOGGER waiting_for_port glob=/dev/cu.usbmodem*
2026-04-24T10:17:12.230-04:00 LOGGER waiting_for_port glob=/dev/cu.usbmodem*
2026-04-24T10:17:14.236-04:00 LOGGER waiting_for_port glob=/dev/cu.usbmodem*
2026-04-24T10:17:16.243-04:00 LOGGER waiting_for_port glob=/dev/cu.usbmodem*
2026-04-24T10:17:18.248-04:00 LOGGER waiting_for_port glob=/dev/cu.usbmodem*
2026-04-24T10:17:20.252-04:00 LOGGER waiting_for_port glob=/dev/cu.usbmodem*
2026-04-24T10:17:22.258-04:00 LOGGER waiting_for_port glob=/dev/cu.usbmodem*
2026-04-24T10:17:24.262-04:00 LOGGER waiting_for_port glob=/dev/cu.usbmodem*
2026-04-24T10:17:26.266-04:00 LOGGER waiting_for_port glob=/dev/cu.usbmodem*
2026-04-24T10:17:28.273-04:00 LOGGER waiting_for_port glob=/dev/cu.usbmodem*
2026-04-24T10:17:30.275-04:00 LOGGER waiting_for_port glob=/dev/cu.usbmodem*
2026-04-24T10:17:32.278-04:00 LOGGER waiting_for_port glob=/dev/cu.usbmodem*
2026-04-24T10:17:34.290-04:00 LOGGER waiting_for_port glob=/dev/cu.usbmodem*
2026-04-24T10:17:36.296-04:00 LOGGER waiting_for_port glob=/dev/cu.usbmodem*
2026-04-24T10:17:38.302-04:00 LOGGER waiting_for_port glob=/dev/cu.usbmodem*
2026-04-24T10:17:40.308-04:00 LOGGER waiting_for_port glob=/dev/cu.usbmodem*
2026-04-24T10:17:42.319-04:00 LOGGER waiting_for_port glob=/dev/cu.usbmodem*
2026-04-24T10:17:44.331-04:00 LOGGER waiting_for_port glob=/dev/cu.usbmodem*
2026-04-24T10:17:46.334-04:00 LOGGER waiting_for_port glob=/dev/cu.usbmodem*
2026-04-24T10:17:48.339-04:00 LOGGER waiting_for_port glob=/dev/cu.usbmodem*
2026-04-24T10:17:50.349-04:00 LOGGER waiting_for_port glob=/dev/cu.usbmodem*
2026-04-24T10:17:52.356-04:00 LOGGER waiting_for_port glob=/dev/cu.usbmodem*
2026-04-24T10:17:54.362-04:00 LOGGER waiting_for_port glob=/dev/cu.usbmodem*
2026-04-24T10:17:56.367-04:00 LOGGER waiting_for_port glob=/dev/cu.usbmodem*
2026-04-24T10:17:58.371-04:00 LOGGER waiting_for_port glob=/dev/cu.usbmodem*
2026-04-24T10:18:00.383-04:00 LOGGER waiting_for_port glob=/dev/cu.usbmodem*
2026-04-24T10:18:02.391-04:00 LOGGER waiting_for_port glob=/dev/cu.usbmodem*
2026-04-24T10:18:04.397-04:00 LOGGER waiting_for_port glob=/dev/cu.usbmodem*
2026-04-24T10:18:06.409-04:00 LOGGER waiting_for_port glob=/dev/cu.usbmodem*
2026-04-24T10:18:08.421-04:00 LOGGER waiting_for_port glob=/dev/cu.usbmodem*
2026-04-24T10:18:10.432-04:00 LOGGER waiting_for_port glob=/dev/cu.usbmodem*
2026-04-24T10:18:12.435-04:00 LOGGER waiting_for_port glob=/dev/cu.usbmodem*
2026-04-24T10:18:14.439-04:00 LOGGER waiting_for_port glob=/dev/cu.usbmodem*
2026-04-24T10:18:16.443-04:00 LOGGER waiting_for_port glob=/dev/cu.usbmodem*
2026-04-24T10:18:18.448-04:00 LOGGER waiting_for_port glob=/dev/cu.usbmodem*
2026-04-24T10:18:20.452-04:00 LOGGER waiting_for_port glob=/dev/cu.usbmodem*
2026-04-24T10:18:22.458-04:00 LOGGER waiting_for_port glob=/dev/cu.usbmodem*
2026-04-24T10:18:24.460-04:00 LOGGER waiting_for_port glob=/dev/cu.usbmodem*
2026-04-24T10:18:26.472-04:00 LOGGER waiting_for_port glob=/dev/cu.usbmodem*
2026-04-24T10:18:28.482-04:00 LOGGER waiting_for_port glob=/dev/cu.usbmodem*
2026-04-24T10:18:30.492-04:00 LOGGER waiting_for_port glob=/dev/cu.usbmodem*
2026-04-24T10:18:32.495-04:00 LOGGER waiting_for_port glob=/dev/cu.usbmodem*
2026-04-24T10:18:34.499-04:00 LOGGER waiting_for_port glob=/dev/cu.usbmodem*
2026-04-24T10:18:36.502-04:00 LOGGER waiting_for_port glob=/dev/cu.usbmodem*
2026-04-24T10:18:38.509-04:00 LOGGER waiting_for_port glob=/dev/cu.usbmodem*
2026-04-24T10:18:40.519-04:00 LOGGER waiting_for_port glob=/dev/cu.usbmodem*
2026-04-24T10:18:42.524-04:00 LOGGER waiting_for_port glob=/dev/cu.usbmodem*
2026-04-24T10:18:44.530-04:00 LOGGER waiting_for_port glob=/dev/cu.usbmodem*
2026-04-24T10:18:46.537-04:00 LOGGER waiting_for_port glob=/dev/cu.usbmodem*
2026-04-24T10:18:48.543-04:00 LOGGER waiting_for_port glob=/dev/cu.usbmodem*
2026-04-24T10:18:50.554-04:00 LOGGER waiting_for_port glob=/dev/cu.usbmodem*
2026-04-24T10:18:52.565-04:00 LOGGER waiting_for_port glob=/dev/cu.usbmodem*
2026-04-24T10:18:54.571-04:00 LOGGER waiting_for_port glob=/dev/cu.usbmodem*
2026-04-24T10:18:56.576-04:00 LOGGER waiting_for_port glob=/dev/cu.usbmodem*
2026-04-24T10:18:58.578-04:00 LOGGER waiting_for_port glob=/dev/cu.usbmodem*
2026-04-24T10:19:00.584-04:00 LOGGER waiting_for_port glob=/dev/cu.usbmodem*
2026-04-24T10:19:02.591-04:00 LOGGER waiting_for_port glob=/dev/cu.usbmodem*
2026-04-24T10:19:04.597-04:00 LOGGER waiting_for_port glob=/dev/cu.usbmodem*
2026-04-24T10:19:06.609-04:00 LOGGER waiting_for_port glob=/dev/cu.usbmodem*
2026-04-24T10:19:08.620-04:00 LOGGER waiting_for_port glob=/dev/cu.usbmodem*
2026-04-24T10:19:10.630-04:00 LOGGER waiting_for_port glob=/dev/cu.usbmodem*
2026-04-24T10:19:12.636-04:00 LOGGER waiting_for_port glob=/dev/cu.usbmodem*
2026-04-24T10:19:14.641-04:00 LOGGER waiting_for_port glob=/dev/cu.usbmodem*
2026-04-24T10:19:16.653-04:00 LOGGER waiting_for_port glob=/dev/cu.usbmodem*
2026-04-24T10:19:18.662-04:00 LOGGER waiting_for_port glob=/dev/cu.usbmodem*
2026-04-24T10:19:20.665-04:00 LOGGER waiting_for_port glob=/dev/cu.usbmodem*
2026-04-24T10:19:22.675-04:00 LOGGER waiting_for_port glob=/dev/cu.usbmodem*
2026-04-24T10:19:24.685-04:00 LOGGER waiting_for_port glob=/dev/cu.usbmodem*
2026-04-24T10:19:26.690-04:00 LOGGER waiting_for_port glob=/dev/cu.usbmodem*
2026-04-24T10:19:28.701-04:00 LOGGER waiting_for_port glob=/dev/cu.usbmodem*
2026-04-24T10:19:30.713-04:00 LOGGER waiting_for_port glob=/dev/cu.usbmodem*
2026-04-24T10:19:32.723-04:00 LOGGER waiting_for_port glob=/dev/cu.usbmodem*
2026-04-24T10:19:34.728-04:00 LOGGER waiting_for_port glob=/dev/cu.usbmodem*
2026-04-24T10:19:36.734-04:00 LOGGER waiting_for_port glob=/dev/cu.usbmodem*
2026-04-24T10:19:38.736-04:00 LOGGER waiting_for_port glob=/dev/cu.usbmodem*
2026-04-24T10:19:40.743-04:00 LOGGER waiting_for_port glob=/dev/cu.usbmodem*
2026-04-24T10:19:42.749-04:00 LOGGER waiting_for_port glob=/dev/cu.usbmodem*
2026-04-24T10:19:44.761-04:00 LOGGER waiting_for_port glob=/dev/cu.usbmodem*
2026-04-24T10:19:46.771-04:00 LOGGER waiting_for_port glob=/dev/cu.usbmodem*
2026-04-24T10:19:48.773-04:00 LOGGER waiting_for_port glob=/dev/cu.usbmodem*
2026-04-24T10:19:50.777-04:00 LOGGER waiting_for_port glob=/dev/cu.usbmodem*
2026-04-24T10:19:52.786-04:00 LOGGER waiting_for_port glob=/dev/cu.usbmodem*
2026-04-24T10:19:54.792-04:00 LOGGER waiting_for_port glob=/dev/cu.usbmodem*
2026-04-24T10:19:56.800-04:00 LOGGER waiting_for_port glob=/dev/cu.usbmodem*
2026-04-24T10:19:58.811-04:00 LOGGER waiting_for_port glob=/dev/cu.usbmodem*
2026-04-24T10:20:00.822-04:00 LOGGER waiting_for_port glob=/dev/cu.usbmodem*
2026-04-24T10:20:02.834-04:00 LOGGER waiting_for_port glob=/dev/cu.usbmodem*
2026-04-24T10:20:04.842-04:00 LOGGER waiting_for_port glob=/dev/cu.usbmodem*
2026-04-24T10:20:06.848-04:00 LOGGER waiting_for_port glob=/dev/cu.usbmodem*
2026-04-24T10:20:08.853-04:00 LOGGER waiting_for_port glob=/dev/cu.usbmodem*
2026-04-24T10:20:10.860-04:00 LOGGER waiting_for_port glob=/dev/cu.usbmodem*
2026-04-24T10:20:12.871-04:00 LOGGER waiting_for_port glob=/dev/cu.usbmodem*
2026-04-24T10:20:14.874-04:00 LOGGER waiting_for_port glob=/dev/cu.usbmodem*
2026-04-24T10:20:16.885-04:00 LOGGER waiting_for_port glob=/dev/cu.usbmodem*
2026-04-24T10:20:18.890-04:00 LOGGER waiting_for_port glob=/dev/cu.usbmodem*
2026-04-24T10:20:20.896-04:00 LOGGER waiting_for_port glob=/dev/cu.usbmodem*
2026-04-24T10:20:22.904-04:00 LOGGER waiting_for_port glob=/dev/cu.usbmodem*
2026-04-24T10:20:24.906-04:00 LOGGER waiting_for_port glob=/dev/cu.usbmodem*
2026-04-24T10:20:26.918-04:00 LOGGER waiting_for_port glob=/dev/cu.usbmodem*
2026-04-24T10:20:28.923-04:00 LOGGER waiting_for_port glob=/dev/cu.usbmodem*
2026-04-24T10:20:30.932-04:00 LOGGER waiting_for_port glob=/dev/cu.usbmodem*
2026-04-24T10:20:32.937-04:00 LOGGER waiting_for_port glob=/dev/cu.usbmodem*
2026-04-24T10:20:34.943-04:00 LOGGER waiting_for_port glob=/dev/cu.usbmodem*
2026-04-24T10:20:36.955-04:00 LOGGER waiting_for_port glob=/dev/cu.usbmodem*
2026-04-24T10:20:38.965-04:00 LOGGER waiting_for_port glob=/dev/cu.usbmodem*
2026-04-24T10:20:40.971-04:00 LOGGER waiting_for_port glob=/dev/cu.usbmodem*
2026-04-24T10:20:42.980-04:00 LOGGER waiting_for_port glob=/dev/cu.usbmodem*
2026-04-24T10:20:44.987-04:00 LOGGER waiting_for_port glob=/dev/cu.usbmodem*
2026-04-24T10:20:46.989-04:00 LOGGER waiting_for_port glob=/dev/cu.usbmodem*
2026-04-24T10:20:49.000-04:00 LOGGER waiting_for_port glob=/dev/cu.usbmodem*
2026-04-24T10:20:51.002-04:00 LOGGER waiting_for_port glob=/dev/cu.usbmodem*
2026-04-24T10:20:53.013-04:00 LOGGER waiting_for_port glob=/dev/cu.usbmodem*
2026-04-24T10:20:55.019-04:00 LOGGER waiting_for_port glob=/dev/cu.usbmodem*
2026-04-24T10:20:57.026-04:00 LOGGER waiting_for_port glob=/dev/cu.usbmodem*
2026-04-24T10:20:59.031-04:00 LOGGER waiting_for_port glob=/dev/cu.usbmodem*
2026-04-24T10:21:01.041-04:00 LOGGER waiting_for_port glob=/dev/cu.usbmodem*
2026-04-24T10:21:03.052-04:00 LOGGER waiting_for_port glob=/dev/cu.usbmodem*
2026-04-24T10:21:05.062-04:00 LOGGER waiting_for_port glob=/dev/cu.usbmodem*
2026-04-24T10:21:07.071-04:00 LOGGER waiting_for_port glob=/dev/cu.usbmodem*
2026-04-24T10:21:09.083-04:00 LOGGER waiting_for_port glob=/dev/cu.usbmodem*
2026-04-24T10:21:11.091-04:00 LOGGER waiting_for_port glob=/dev/cu.usbmodem*
2026-04-24T10:21:13.098-04:00 LOGGER waiting_for_port glob=/dev/cu.usbmodem*
2026-04-24T10:21:15.104-04:00 LOGGER waiting_for_port glob=/dev/cu.usbmodem*
2026-04-24T10:21:17.110-04:00 LOGGER waiting_for_port glob=/dev/cu.usbmodem*
2026-04-24T10:21:19.116-04:00 LOGGER waiting_for_port glob=/dev/cu.usbmodem*
2026-04-24T10:21:21.122-04:00 LOGGER waiting_for_port glob=/dev/cu.usbmodem*
2026-04-24T10:21:23.131-04:00 LOGGER waiting_for_port glob=/dev/cu.usbmodem*
2026-04-24T10:21:25.136-04:00 LOGGER waiting_for_port glob=/dev/cu.usbmodem*
2026-04-24T10:21:27.139-04:00 LOGGER waiting_for_port glob=/dev/cu.usbmodem*
2026-04-24T10:21:29.144-04:00 LOGGER waiting_for_port glob=/dev/cu.usbmodem*
2026-04-24T10:21:31.150-04:00 LOGGER waiting_for_port glob=/dev/cu.usbmodem*
2026-04-24T10:21:33.162-04:00 LOGGER waiting_for_port glob=/dev/cu.usbmodem*
2026-04-24T10:21:35.171-04:00 LOGGER waiting_for_port glob=/dev/cu.usbmodem*
2026-04-24T10:21:37.178-04:00 LOGGER waiting_for_port glob=/dev/cu.usbmodem*
2026-04-24T10:21:39.187-04:00 LOGGER waiting_for_port glob=/dev/cu.usbmodem*
2026-04-24T10:21:41.190-04:00 LOGGER waiting_for_port glob=/dev/cu.usbmodem*
2026-04-24T10:21:43.198-04:00 LOGGER waiting_for_port glob=/dev/cu.usbmodem*
2026-04-24T10:21:45.205-04:00 LOGGER waiting_for_port glob=/dev/cu.usbmodem*
2026-04-24T10:21:47.210-04:00 LOGGER waiting_for_port glob=/dev/cu.usbmodem*
2026-04-24T10:21:49.214-04:00 LOGGER waiting_for_port glob=/dev/cu.usbmodem*
2026-04-24T10:21:51.220-04:00 LOGGER waiting_for_port glob=/dev/cu.usbmodem*
2026-04-24T10:21:53.230-04:00 LOGGER waiting_for_port glob=/dev/cu.usbmodem*
2026-04-24T10:21:55.241-04:00 LOGGER waiting_for_port glob=/dev/cu.usbmodem*
2026-04-24T10:21:57.247-04:00 LOGGER waiting_for_port glob=/dev/cu.usbmodem*
2026-04-24T10:21:59.258-04:00 LOGGER waiting_for_port glob=/dev/cu.usbmodem*
2026-04-24T10:22:01.270-04:00 LOGGER waiting_for_port glob=/dev/cu.usbmodem*
2026-04-24T10:22:03.281-04:00 LOGGER waiting_for_port glob=/dev/cu.usbmodem*
2026-04-24T10:22:05.284-04:00 LOGGER waiting_for_port glob=/dev/cu.usbmodem*
2026-04-24T10:22:07.295-04:00 LOGGER waiting_for_port glob=/dev/cu.usbmodem*
2026-04-24T10:22:09.299-04:00 LOGGER waiting_for_port glob=/dev/cu.usbmodem*
2026-04-24T10:22:11.305-04:00 LOGGER waiting_for_port glob=/dev/cu.usbmodem*
2026-04-24T10:22:13.316-04:00 LOGGER waiting_for_port glob=/dev/cu.usbmodem*
2026-04-24T10:22:15.327-04:00 LOGGER waiting_for_port glob=/dev/cu.usbmodem*
2026-04-24T10:22:17.330-04:00 LOGGER waiting_for_port glob=/dev/cu.usbmodem*
2026-04-24T10:22:19.338-04:00 LOGGER waiting_for_port glob=/dev/cu.usbmodem*
2026-04-24T10:22:21.342-04:00 LOGGER waiting_for_port glob=/dev/cu.usbmodem*
2026-04-24T10:22:23.347-04:00 LOGGER waiting_for_port glob=/dev/cu.usbmodem*
2026-04-24T10:22:25.350-04:00 LOGGER waiting_for_port glob=/dev/cu.usbmodem*
2026-04-24T10:22:27.356-04:00 LOGGER waiting_for_port glob=/dev/cu.usbmodem*
2026-04-24T10:22:29.367-04:00 LOGGER waiting_for_port glob=/dev/cu.usbmodem*
2026-04-24T10:22:31.372-04:00 LOGGER waiting_for_port glob=/dev/cu.usbmodem*
2026-04-24T10:22:33.375-04:00 LOGGER waiting_for_port glob=/dev/cu.usbmodem*
2026-04-24T10:22:35.379-04:00 LOGGER waiting_for_port glob=/dev/cu.usbmodem*
2026-04-24T10:22:37.385-04:00 LOGGER waiting_for_port glob=/dev/cu.usbmodem*
2026-04-24T10:22:39.389-04:00 LOGGER waiting_for_port glob=/dev/cu.usbmodem*
2026-04-24T10:22:41.391-04:00 LOGGER waiting_for_port glob=/dev/cu.usbmodem*
2026-04-24T10:22:43.395-04:00 LOGGER waiting_for_port glob=/dev/cu.usbmodem*
2026-04-24T10:22:45.401-04:00 LOGGER waiting_for_port glob=/dev/cu.usbmodem*
2026-04-24T10:22:47.404-04:00 LOGGER waiting_for_port glob=/dev/cu.usbmodem*
2026-04-24T10:22:49.410-04:00 LOGGER waiting_for_port glob=/dev/cu.usbmodem*
2026-04-24T10:22:51.415-04:00 LOGGER waiting_for_port glob=/dev/cu.usbmodem*
2026-04-24T10:22:53.420-04:00 LOGGER waiting_for_port glob=/dev/cu.usbmodem*
2026-04-24T10:22:55.430-04:00 LOGGER waiting_for_port glob=/dev/cu.usbmodem*
2026-04-24T10:22:57.437-04:00 LOGGER waiting_for_port glob=/dev/cu.usbmodem*
2026-04-24T10:22:59.438-04:00 LOGGER waiting_for_port glob=/dev/cu.usbmodem*
2026-04-24T10:23:01.450-04:00 LOGGER waiting_for_port glob=/dev/cu.usbmodem*
2026-04-24T10:23:03.454-04:00 LOGGER waiting_for_port glob=/dev/cu.usbmodem*
2026-04-24T10:23:05.464-04:00 LOGGER waiting_for_port glob=/dev/cu.usbmodem*
2026-04-24T10:23:07.469-04:00 LOGGER waiting_for_port glob=/dev/cu.usbmodem*
2026-04-24T10:23:09.480-04:00 LOGGER waiting_for_port glob=/dev/cu.usbmodem*
2026-04-24T10:23:11.490-04:00 LOGGER waiting_for_port glob=/dev/cu.usbmodem*
2026-04-24T10:23:13.498-04:00 LOGGER waiting_for_port glob=/dev/cu.usbmodem*
2026-04-24T10:23:15.501-04:00 LOGGER waiting_for_port glob=/dev/cu.usbmodem*
2026-04-24T10:23:17.506-04:00 LOGGER waiting_for_port glob=/dev/cu.usbmodem*
2026-04-24T10:23:19.510-04:00 LOGGER waiting_for_port glob=/dev/cu.usbmodem*
2026-04-24T10:23:21.520-04:00 LOGGER waiting_for_port glob=/dev/cu.usbmodem*
2026-04-24T10:23:23.530-04:00 LOGGER waiting_for_port glob=/dev/cu.usbmodem*
2026-04-24T10:23:25.541-04:00 LOGGER waiting_for_port glob=/dev/cu.usbmodem*
2026-04-24T10:23:27.546-04:00 LOGGER waiting_for_port glob=/dev/cu.usbmodem*
2026-04-24T10:23:29.552-04:00 LOGGER waiting_for_port glob=/dev/cu.usbmodem*
2026-04-24T10:23:31.554-04:00 LOGGER waiting_for_port glob=/dev/cu.usbmodem*
2026-04-24T10:23:33.566-04:00 LOGGER waiting_for_port glob=/dev/cu.usbmodem*
2026-04-24T10:23:35.576-04:00 LOGGER waiting_for_port glob=/dev/cu.usbmodem*
2026-04-24T10:23:37.585-04:00 LOGGER waiting_for_port glob=/dev/cu.usbmodem*
2026-04-24T10:23:39.590-04:00 LOGGER waiting_for_port glob=/dev/cu.usbmodem*
2026-04-24T10:23:41.592-04:00 LOGGER waiting_for_port glob=/dev/cu.usbmodem*
2026-04-24T10:23:43.601-04:00 LOGGER waiting_for_port glob=/dev/cu.usbmodem*
2026-04-24T10:23:45.610-04:00 LOGGER waiting_for_port glob=/dev/cu.usbmodem*
2026-04-24T10:23:47.618-04:00 LOGGER waiting_for_port glob=/dev/cu.usbmodem*
2026-04-24T10:23:49.628-04:00 LOGGER waiting_for_port glob=/dev/cu.usbmodem*
2026-04-24T10:23:51.634-04:00 LOGGER waiting_for_port glob=/dev/cu.usbmodem*
2026-04-24T10:23:53.645-04:00 LOGGER waiting_for_port glob=/dev/cu.usbmodem*
2026-04-24T10:23:55.649-04:00 LOGGER waiting_for_port glob=/dev/cu.usbmodem*
2026-04-24T10:23:57.651-04:00 LOGGER waiting_for_port glob=/dev/cu.usbmodem*
2026-04-24T10:23:59.657-04:00 LOGGER waiting_for_port glob=/dev/cu.usbmodem*
2026-04-24T10:24:01.667-04:00 LOGGER waiting_for_port glob=/dev/cu.usbmodem*
2026-04-24T10:24:03.673-04:00 LOGGER waiting_for_port glob=/dev/cu.usbmodem*
2026-04-24T10:24:05.685-04:00 LOGGER waiting_for_port glob=/dev/cu.usbmodem*
2026-04-24T10:24:07.695-04:00 LOGGER waiting_for_port glob=/dev/cu.usbmodem*
2026-04-24T10:24:09.706-04:00 LOGGER waiting_for_port glob=/dev/cu.usbmodem*
2026-04-24T10:24:11.712-04:00 LOGGER waiting_for_port glob=/dev/cu.usbmodem*
2026-04-24T10:24:13.723-04:00 LOGGER waiting_for_port glob=/dev/cu.usbmodem*
2026-04-24T10:24:15.727-04:00 LOGGER waiting_for_port glob=/dev/cu.usbmodem*
2026-04-24T10:24:17.736-04:00 LOGGER waiting_for_port glob=/dev/cu.usbmodem*
2026-04-24T10:24:19.741-04:00 LOGGER waiting_for_port glob=/dev/cu.usbmodem*
2026-04-24T10:24:21.745-04:00 LOGGER waiting_for_port glob=/dev/cu.usbmodem*
2026-04-24T10:24:23.756-04:00 LOGGER waiting_for_port glob=/dev/cu.usbmodem*
2026-04-24T10:24:25.762-04:00 LOGGER waiting_for_port glob=/dev/cu.usbmodem*
2026-04-24T10:24:27.767-04:00 LOGGER waiting_for_port glob=/dev/cu.usbmodem*
2026-04-24T10:24:29.776-04:00 LOGGER waiting_for_port glob=/dev/cu.usbmodem*
2026-04-24T10:24:31.786-04:00 LOGGER waiting_for_port glob=/dev/cu.usbmodem*
2026-04-24T10:24:33.791-04:00 LOGGER waiting_for_port glob=/dev/cu.usbmodem*
2026-04-24T10:24:35.800-04:00 LOGGER waiting_for_port glob=/dev/cu.usbmodem*
2026-04-24T10:24:37.803-04:00 LOGGER waiting_for_port glob=/dev/cu.usbmodem*
2026-04-24T10:24:39.807-04:00 LOGGER waiting_for_port glob=/dev/cu.usbmodem*
2026-04-24T10:24:41.815-04:00 LOGGER waiting_for_port glob=/dev/cu.usbmodem*
2026-04-24T10:24:43.820-04:00 LOGGER waiting_for_port glob=/dev/cu.usbmodem*
2026-04-24T10:24:45.826-04:00 LOGGER waiting_for_port glob=/dev/cu.usbmodem*
2026-04-24T10:24:47.832-04:00 LOGGER waiting_for_port glob=/dev/cu.usbmodem*
2026-04-24T10:24:49.843-04:00 LOGGER waiting_for_port glob=/dev/cu.usbmodem*
2026-04-24T10:24:51.855-04:00 LOGGER waiting_for_port glob=/dev/cu.usbmodem*
2026-04-24T10:24:53.866-04:00 LOGGER waiting_for_port glob=/dev/cu.usbmodem*
2026-04-24T10:24:55.871-04:00 LOGGER waiting_for_port glob=/dev/cu.usbmodem*
2026-04-24T10:24:57.877-04:00 LOGGER waiting_for_port glob=/dev/cu.usbmodem*
2026-04-24T10:24:59.883-04:00 LOGGER waiting_for_port glob=/dev/cu.usbmodem*
2026-04-24T10:25:01.891-04:00 LOGGER waiting_for_port glob=/dev/cu.usbmodem*
2026-04-24T10:25:03.899-04:00 LOGGER waiting_for_port glob=/dev/cu.usbmodem*
2026-04-24T10:25:05.905-04:00 LOGGER waiting_for_port glob=/dev/cu.usbmodem*
2026-04-24T10:25:07.909-04:00 LOGGER waiting_for_port glob=/dev/cu.usbmodem*
2026-04-24T10:25:09.917-04:00 LOGGER waiting_for_port glob=/dev/cu.usbmodem*
2026-04-24T10:25:11.920-04:00 LOGGER waiting_for_port glob=/dev/cu.usbmodem*
2026-04-24T10:25:13.926-04:00 LOGGER waiting_for_port glob=/dev/cu.usbmodem*
2026-04-24T10:25:15.936-04:00 LOGGER waiting_for_port glob=/dev/cu.usbmodem*
2026-04-24T10:25:17.941-04:00 LOGGER waiting_for_port glob=/dev/cu.usbmodem*
2026-04-24T10:25:19.951-04:00 LOGGER waiting_for_port glob=/dev/cu.usbmodem*
2026-04-24T10:25:21.954-04:00 LOGGER waiting_for_port glob=/dev/cu.usbmodem*
2026-04-24T10:25:23.961-04:00 LOGGER waiting_for_port glob=/dev/cu.usbmodem*
2026-04-24T10:25:25.967-04:00 LOGGER waiting_for_port glob=/dev/cu.usbmodem*
2026-04-24T10:25:27.972-04:00 LOGGER waiting_for_port glob=/dev/cu.usbmodem*
2026-04-24T10:25:29.983-04:00 LOGGER waiting_for_port glob=/dev/cu.usbmodem*
2026-04-24T10:25:31.994-04:00 LOGGER waiting_for_port glob=/dev/cu.usbmodem*
2026-04-24T10:25:34.000-04:00 LOGGER waiting_for_port glob=/dev/cu.usbmodem*
2026-04-24T10:25:36.004-04:00 LOGGER waiting_for_port glob=/dev/cu.usbmodem*
2026-04-24T10:25:38.009-04:00 LOGGER waiting_for_port glob=/dev/cu.usbmodem*
2026-04-24T10:25:40.010-04:00 LOGGER waiting_for_port glob=/dev/cu.usbmodem*
2026-04-24T10:25:42.018-04:00 LOGGER waiting_for_port glob=/dev/cu.usbmodem*
2026-04-24T10:25:44.027-04:00 LOGGER waiting_for_port glob=/dev/cu.usbmodem*
2026-04-24T10:25:46.039-04:00 LOGGER waiting_for_port glob=/dev/cu.usbmodem*
2026-04-24T10:25:48.045-04:00 LOGGER waiting_for_port glob=/dev/cu.usbmodem*
2026-04-24T10:25:50.050-04:00 LOGGER waiting_for_port glob=/dev/cu.usbmodem*
2026-04-24T10:25:52.059-04:00 LOGGER waiting_for_port glob=/dev/cu.usbmodem*
2026-04-24T10:25:54.065-04:00 LOGGER waiting_for_port glob=/dev/cu.usbmodem*
2026-04-24T10:25:56.073-04:00 LOGGER waiting_for_port glob=/dev/cu.usbmodem*
2026-04-24T10:25:58.083-04:00 LOGGER waiting_for_port glob=/dev/cu.usbmodem*
2026-04-24T10:26:00.091-04:00 LOGGER waiting_for_port glob=/dev/cu.usbmodem*
2026-04-24T10:26:02.100-04:00 LOGGER waiting_for_port glob=/dev/cu.usbmodem*
2026-04-24T10:26:04.110-04:00 LOGGER waiting_for_port glob=/dev/cu.usbmodem*
2026-04-24T10:26:06.116-04:00 LOGGER waiting_for_port glob=/dev/cu.usbmodem*
2026-04-24T10:26:08.122-04:00 LOGGER waiting_for_port glob=/dev/cu.usbmodem*
2026-04-24T10:26:10.126-04:00 LOGGER waiting_for_port glob=/dev/cu.usbmodem*
2026-04-24T10:26:12.132-04:00 LOGGER waiting_for_port glob=/dev/cu.usbmodem*
2026-04-24T10:26:14.139-04:00 LOGGER waiting_for_port glob=/dev/cu.usbmodem*
2026-04-24T10:26:16.141-04:00 LOGGER waiting_for_port glob=/dev/cu.usbmodem*
2026-04-24T10:26:18.147-04:00 LOGGER waiting_for_port glob=/dev/cu.usbmodem*
2026-04-24T10:26:20.157-04:00 LOGGER waiting_for_port glob=/dev/cu.usbmodem*
2026-04-24T10:26:22.165-04:00 LOGGER waiting_for_port glob=/dev/cu.usbmodem*
2026-04-24T10:26:24.169-04:00 LOGGER waiting_for_port glob=/dev/cu.usbmodem*
2026-04-24T10:26:26.180-04:00 LOGGER waiting_for_port glob=/dev/cu.usbmodem*
2026-04-24T10:26:28.181-04:00 LOGGER waiting_for_port glob=/dev/cu.usbmodem*
2026-04-24T10:26:30.184-04:00 LOGGER waiting_for_port glob=/dev/cu.usbmodem*
2026-04-24T10:26:32.195-04:00 LOGGER waiting_for_port glob=/dev/cu.usbmodem*
2026-04-24T10:26:34.206-04:00 LOGGER waiting_for_port glob=/dev/cu.usbmodem*
2026-04-24T10:26:36.217-04:00 LOGGER waiting_for_port glob=/dev/cu.usbmodem*
2026-04-24T10:26:38.228-04:00 LOGGER waiting_for_port glob=/dev/cu.usbmodem*
2026-04-24T10:26:40.230-04:00 LOGGER waiting_for_port glob=/dev/cu.usbmodem*
2026-04-24T10:26:42.236-04:00 LOGGER waiting_for_port glob=/dev/cu.usbmodem*
2026-04-24T10:26:44.247-04:00 LOGGER waiting_for_port glob=/dev/cu.usbmodem*
2026-04-24T10:26:46.255-04:00 LOGGER waiting_for_port glob=/dev/cu.usbmodem*
2026-04-24T10:26:48.264-04:00 LOGGER waiting_for_port glob=/dev/cu.usbmodem*
2026-04-24T10:26:50.271-04:00 LOGGER waiting_for_port glob=/dev/cu.usbmodem*
2026-04-24T10:26:52.280-04:00 LOGGER waiting_for_port glob=/dev/cu.usbmodem*
2026-04-24T10:30:47.930-04:00 LOGGER waiting_for_port glob=/dev/cu.usbmodem*
2026-04-24T10:30:49.938-04:00 LOGGER waiting_for_port glob=/dev/cu.usbmodem*
2026-04-24T10:30:51.947-04:00 LOGGER waiting_for_port glob=/dev/cu.usbmodem*
2026-04-24T10:30:53.948-04:00 LOGGER waiting_for_port glob=/dev/cu.usbmodem*
2026-04-24T10:30:55.961-04:00 LOGGER waiting_for_port glob=/dev/cu.usbmodem*
2026-04-24T10:30:57.970-04:00 LOGGER waiting_for_port glob=/dev/cu.usbmodem*
2026-04-24T10:30:59.974-04:00 LOGGER waiting_for_port glob=/dev/cu.usbmodem*
2026-04-24T10:31:01.976-04:00 LOGGER waiting_for_port glob=/dev/cu.usbmodem*
2026-04-24T10:31:03.984-04:00 LOGGER waiting_for_port glob=/dev/cu.usbmodem*
2026-04-24T10:31:05.991-04:00 LOGGER waiting_for_port glob=/dev/cu.usbmodem*
2026-04-24T10:31:07.994-04:00 LOGGER waiting_for_port glob=/dev/cu.usbmodem*
2026-04-24T10:31:10.004-04:00 LOGGER waiting_for_port glob=/dev/cu.usbmodem*
2026-04-24T10:31:12.014-04:00 LOGGER waiting_for_port glob=/dev/cu.usbmodem*
2026-04-24T10:31:14.021-04:00 LOGGER waiting_for_port glob=/dev/cu.usbmodem*
2026-04-24T10:31:16.023-04:00 LOGGER waiting_for_port glob=/dev/cu.usbmodem*
2026-04-24T10:31:18.035-04:00 LOGGER waiting_for_port glob=/dev/cu.usbmodem*
2026-04-24T10:31:20.046-04:00 LOGGER waiting_for_port glob=/dev/cu.usbmodem*
2026-04-24T10:31:22.051-04:00 LOGGER waiting_for_port glob=/dev/cu.usbmodem*
2026-04-24T10:31:24.058-04:00 LOGGER waiting_for_port glob=/dev/cu.usbmodem*
2026-04-24T10:31:26.062-04:00 LOGGER waiting_for_port glob=/dev/cu.usbmodem*
2026-04-24T10:31:28.063-04:00 LOGGER waiting_for_port glob=/dev/cu.usbmodem*
2026-04-24T10:31:30.070-04:00 LOGGER waiting_for_port glob=/dev/cu.usbmodem*
2026-04-24T10:31:32.078-04:00 LOGGER waiting_for_port glob=/dev/cu.usbmodem*
2026-04-24T10:46:12.138-04:00 LOGGER waiting_for_port glob=/dev/cu.usbmodem*
2026-04-24T10:46:14.141-04:00 LOGGER waiting_for_port glob=/dev/cu.usbmodem*
2026-04-24T10:46:16.146-04:00 LOGGER waiting_for_port glob=/dev/cu.usbmodem*
2026-04-24T10:46:18.157-04:00 LOGGER waiting_for_port glob=/dev/cu.usbmodem*
2026-04-24T10:46:20.161-04:00 LOGGER waiting_for_port glob=/dev/cu.usbmodem*
2026-04-24T10:46:22.173-04:00 LOGGER waiting_for_port glob=/dev/cu.usbmodem*
2026-04-24T10:46:24.179-04:00 LOGGER waiting_for_port glob=/dev/cu.usbmodem*
2026-04-24T10:46:26.185-04:00 LOGGER waiting_for_port glob=/dev/cu.usbmodem*
2026-04-24T10:46:28.196-04:00 LOGGER waiting_for_port glob=/dev/cu.usbmodem*
2026-04-24T10:46:30.202-04:00 LOGGER waiting_for_port glob=/dev/cu.usbmodem*
2026-04-24T10:46:32.210-04:00 LOGGER waiting_for_port glob=/dev/cu.usbmodem*
2026-04-24T10:46:34.222-04:00 LOGGER waiting_for_port glob=/dev/cu.usbmodem*
2026-04-24T10:46:36.229-04:00 LOGGER waiting_for_port glob=/dev/cu.usbmodem*
2026-04-24T10:46:38.236-04:00 LOGGER waiting_for_port glob=/dev/cu.usbmodem*
2026-04-24T10:46:40.242-04:00 LOGGER waiting_for_port glob=/dev/cu.usbmodem*
2026-04-24T10:46:42.252-04:00 LOGGER waiting_for_port glob=/dev/cu.usbmodem*
2026-04-24T10:46:44.257-04:00 LOGGER waiting_for_port glob=/dev/cu.usbmodem*
2026-04-24T10:46:46.260-04:00 LOGGER waiting_for_port glob=/dev/cu.usbmodem*
2026-04-24T10:46:48.265-04:00 LOGGER waiting_for_port glob=/dev/cu.usbmodem*
2026-04-24T10:46:50.276-04:00 LOGGER waiting_for_port glob=/dev/cu.usbmodem*
2026-04-24T10:46:52.285-04:00 LOGGER waiting_for_port glob=/dev/cu.usbmodem*
2026-04-24T10:46:54.297-04:00 LOGGER waiting_for_port glob=/dev/cu.usbmodem*
2026-04-24T10:46:56.309-04:00 LOGGER waiting_for_port glob=/dev/cu.usbmodem*
2026-04-24T10:46:58.318-04:00 LOGGER waiting_for_port glob=/dev/cu.usbmodem*
2026-04-24T10:47:37.839-04:00 LOGGER waiting_for_port glob=/dev/cu.usbmodem*
2026-04-24T10:47:39.843-04:00 LOGGER waiting_for_port glob=/dev/cu.usbmodem*
2026-04-24T10:47:41.849-04:00 LOGGER waiting_for_port glob=/dev/cu.usbmodem*
2026-04-24T10:47:43.854-04:00 LOGGER waiting_for_port glob=/dev/cu.usbmodem*
2026-04-24T10:47:45.857-04:00 LOGGER waiting_for_port glob=/dev/cu.usbmodem*
2026-04-24T10:47:47.861-04:00 LOGGER waiting_for_port glob=/dev/cu.usbmodem*
2026-04-24T10:47:49.866-04:00 LOGGER waiting_for_port glob=/dev/cu.usbmodem*
2026-04-24T10:47:51.873-04:00 LOGGER waiting_for_port glob=/dev/cu.usbmodem*
2026-04-24T10:47:53.875-04:00 LOGGER waiting_for_port glob=/dev/cu.usbmodem*
2026-04-24T10:47:55.877-04:00 LOGGER waiting_for_port glob=/dev/cu.usbmodem*
2026-04-24T10:47:57.880-04:00 LOGGER waiting_for_port glob=/dev/cu.usbmodem*
2026-04-24T10:47:59.884-04:00 LOGGER waiting_for_port glob=/dev/cu.usbmodem*
2026-04-24T10:48:01.886-04:00 LOGGER waiting_for_port glob=/dev/cu.usbmodem*
2026-04-24T10:48:03.891-04:00 LOGGER waiting_for_port glob=/dev/cu.usbmodem*
2026-04-24T10:48:05.895-04:00 LOGGER waiting_for_port glob=/dev/cu.usbmodem*
2026-04-24T10:48:07.900-04:00 LOGGER waiting_for_port glob=/dev/cu.usbmodem*
2026-04-24T10:48:09.905-04:00 LOGGER waiting_for_port glob=/dev/cu.usbmodem*
2026-04-24T10:48:11.914-04:00 LOGGER waiting_for_port glob=/dev/cu.usbmodem*
2026-04-24T10:48:13.921-04:00 LOGGER waiting_for_port glob=/dev/cu.usbmodem*
2026-04-24T10:48:15.927-04:00 LOGGER waiting_for_port glob=/dev/cu.usbmodem*
2026-04-24T10:48:17.930-04:00 LOGGER waiting_for_port glob=/dev/cu.usbmodem*
2026-04-24T10:48:19.936-04:00 LOGGER waiting_for_port glob=/dev/cu.usbmodem*
2026-04-24T10:48:21.943-04:00 LOGGER waiting_for_port glob=/dev/cu.usbmodem*
2026-04-24T10:48:23.947-04:00 LOGGER waiting_for_port glob=/dev/cu.usbmodem*
2026-04-24T10:48:25.952-04:00 LOGGER waiting_for_port glob=/dev/cu.usbmodem*
2026-04-24T10:48:27.954-04:00 LOGGER waiting_for_port glob=/dev/cu.usbmodem*
2026-04-24T10:48:29.958-04:00 LOGGER waiting_for_port glob=/dev/cu.usbmodem*
2026-04-24T10:48:31.964-04:00 LOGGER waiting_for_port glob=/dev/cu.usbmodem*
2026-04-24T10:48:33.971-04:00 LOGGER waiting_for_port glob=/dev/cu.usbmodem*
2026-04-24T10:48:35.974-04:00 LOGGER waiting_for_port glob=/dev/cu.usbmodem*
2026-04-24T10:48:37.981-04:00 LOGGER waiting_for_port glob=/dev/cu.usbmodem*
2026-04-24T10:48:39.985-04:00 LOGGER waiting_for_port glob=/dev/cu.usbmodem*
2026-04-24T10:48:41.988-04:00 LOGGER waiting_for_port glob=/dev/cu.usbmodem*
2026-04-24T10:48:43.994-04:00 LOGGER waiting_for_port glob=/dev/cu.usbmodem*
2026-04-24T10:48:45.997-04:00 LOGGER waiting_for_port glob=/dev/cu.usbmodem*
2026-04-24T10:48:48.001-04:00 LOGGER waiting_for_port glob=/dev/cu.usbmodem*
2026-04-24T10:48:50.004-04:00 LOGGER waiting_for_port glob=/dev/cu.usbmodem*
2026-04-24T10:48:52.010-04:00 LOGGER waiting_for_port glob=/dev/cu.usbmodem*
2026-04-24T10:48:54.012-04:00 LOGGER waiting_for_port glob=/dev/cu.usbmodem*
2026-04-24T10:48:56.018-04:00 LOGGER waiting_for_port glob=/dev/cu.usbmodem*
2026-04-24T10:48:58.021-04:00 LOGGER waiting_for_port glob=/dev/cu.usbmodem*
2026-04-24T10:49:00.026-04:00 LOGGER waiting_for_port glob=/dev/cu.usbmodem*
2026-04-24T10:49:02.033-04:00 LOGGER waiting_for_port glob=/dev/cu.usbmodem*
2026-04-24T10:49:04.036-04:00 LOGGER waiting_for_port glob=/dev/cu.usbmodem*
2026-04-24T10:49:06.043-04:00 LOGGER waiting_for_port glob=/dev/cu.usbmodem*
2026-04-24T10:49:08.046-04:00 LOGGER waiting_for_port glob=/dev/cu.usbmodem*
2026-04-24T10:49:10.049-04:00 LOGGER waiting_for_port glob=/dev/cu.usbmodem*
2026-04-24T10:49:12.053-04:00 LOGGER waiting_for_port glob=/dev/cu.usbmodem*
2026-04-24T10:49:14.059-04:00 LOGGER waiting_for_port glob=/dev/cu.usbmodem*
2026-04-24T10:49:16.066-04:00 LOGGER waiting_for_port glob=/dev/cu.usbmodem*
2026-04-24T10:49:18.072-04:00 LOGGER waiting_for_port glob=/dev/cu.usbmodem*
2026-04-24T10:49:20.080-04:00 LOGGER waiting_for_port glob=/dev/cu.usbmodem*
2026-04-24T10:49:22.086-04:00 LOGGER waiting_for_port glob=/dev/cu.usbmodem*
2026-04-24T10:49:24.091-04:00 LOGGER waiting_for_port glob=/dev/cu.usbmodem*
2026-04-24T10:49:26.098-04:00 LOGGER waiting_for_port glob=/dev/cu.usbmodem*
2026-04-24T10:49:28.103-04:00 LOGGER waiting_for_port glob=/dev/cu.usbmodem*
2026-04-24T10:49:30.110-04:00 LOGGER waiting_for_port glob=/dev/cu.usbmodem*
2026-04-24T10:49:32.116-04:00 LOGGER waiting_for_port glob=/dev/cu.usbmodem*
2026-04-24T10:49:34.120-04:00 LOGGER waiting_for_port glob=/dev/cu.usbmodem*
2026-04-24T10:49:36.127-04:00 LOGGER waiting_for_port glob=/dev/cu.usbmodem*
2026-04-24T10:49:38.131-04:00 LOGGER waiting_for_port glob=/dev/cu.usbmodem*
2026-04-24T10:49:40.137-04:00 LOGGER waiting_for_port glob=/dev/cu.usbmodem*
2026-04-24T10:49:42.142-04:00 LOGGER waiting_for_port glob=/dev/cu.usbmodem*
2026-04-24T10:49:44.147-04:00 LOGGER waiting_for_port glob=/dev/cu.usbmodem*
2026-04-24T10:49:46.153-04:00 LOGGER waiting_for_port glob=/dev/cu.usbmodem*
2026-04-24T10:49:48.156-04:00 LOGGER waiting_for_port glob=/dev/cu.usbmodem*
2026-04-24T10:49:50.163-04:00 LOGGER waiting_for_port glob=/dev/cu.usbmodem*
2026-04-24T10:49:52.169-04:00 LOGGER waiting_for_port glob=/dev/cu.usbmodem*
2026-04-24T10:49:54.176-04:00 LOGGER waiting_for_port glob=/dev/cu.usbmodem*
2026-04-24T10:49:56.179-04:00 LOGGER waiting_for_port glob=/dev/cu.usbmodem*
2026-04-24T10:49:58.186-04:00 LOGGER waiting_for_port glob=/dev/cu.usbmodem*
2026-04-24T10:50:00.192-04:00 LOGGER waiting_for_port glob=/dev/cu.usbmodem*
2026-04-24T10:50:02.201-04:00 LOGGER waiting_for_port glob=/dev/cu.usbmodem*
2026-04-24T10:50:04.203-04:00 LOGGER waiting_for_port glob=/dev/cu.usbmodem*
2026-04-24T10:50:06.209-04:00 LOGGER waiting_for_port glob=/dev/cu.usbmodem*
2026-04-24T10:50:08.212-04:00 LOGGER waiting_for_port glob=/dev/cu.usbmodem*
2026-04-24T10:50:10.217-04:00 LOGGER waiting_for_port glob=/dev/cu.usbmodem*
2026-04-24T10:50:12.220-04:00 LOGGER waiting_for_port glob=/dev/cu.usbmodem*
2026-04-24T10:50:14.225-04:00 LOGGER waiting_for_port glob=/dev/cu.usbmodem*
2026-04-24T10:50:16.228-04:00 LOGGER waiting_for_port glob=/dev/cu.usbmodem*
2026-04-24T10:50:18.230-04:00 LOGGER waiting_for_port glob=/dev/cu.usbmodem*
2026-04-24T10:50:20.237-04:00 LOGGER waiting_for_port glob=/dev/cu.usbmodem*
2026-04-24T10:50:22.239-04:00 LOGGER waiting_for_port glob=/dev/cu.usbmodem*
2026-04-24T10:50:24.242-04:00 LOGGER waiting_for_port glob=/dev/cu.usbmodem*
2026-04-24T10:50:26.243-04:00 LOGGER waiting_for_port glob=/dev/cu.usbmodem*
2026-04-24T10:50:28.245-04:00 LOGGER waiting_for_port glob=/dev/cu.usbmodem*
2026-04-24T10:50:30.249-04:00 LOGGER waiting_for_port glob=/dev/cu.usbmodem*
2026-04-24T10:50:32.252-04:00 LOGGER waiting_for_port glob=/dev/cu.usbmodem*
2026-04-24T10:50:34.257-04:00 LOGGER waiting_for_port glob=/dev/cu.usbmodem*
2026-04-24T10:50:36.264-04:00 LOGGER waiting_for_port glob=/dev/cu.usbmodem*
2026-04-24T10:50:38.271-04:00 LOGGER waiting_for_port glob=/dev/cu.usbmodem*
2026-04-24T10:50:40.278-04:00 LOGGER waiting_for_port glob=/dev/cu.usbmodem*
2026-04-24T10:50:42.284-04:00 LOGGER waiting_for_port glob=/dev/cu.usbmodem*
2026-04-24T10:50:44.289-04:00 LOGGER waiting_for_port glob=/dev/cu.usbmodem*
2026-04-24T10:50:46.295-04:00 LOGGER waiting_for_port glob=/dev/cu.usbmodem*
2026-04-24T10:50:48.302-04:00 LOGGER waiting_for_port glob=/dev/cu.usbmodem*
2026-04-24T10:50:50.305-04:00 LOGGER waiting_for_port glob=/dev/cu.usbmodem*
2026-04-24T10:50:52.310-04:00 LOGGER waiting_for_port glob=/dev/cu.usbmodem*
2026-04-24T10:50:54.312-04:00 LOGGER waiting_for_port glob=/dev/cu.usbmodem*
2026-04-24T10:50:56.317-04:00 LOGGER waiting_for_port glob=/dev/cu.usbmodem*
2026-04-24T10:50:58.323-04:00 LOGGER waiting_for_port glob=/dev/cu.usbmodem*
2026-04-24T10:51:00.330-04:00 LOGGER waiting_for_port glob=/dev/cu.usbmodem*
2026-04-24T10:51:02.335-04:00 LOGGER waiting_for_port glob=/dev/cu.usbmodem*
2026-04-24T10:51:04.341-04:00 LOGGER waiting_for_port glob=/dev/cu.usbmodem*
2026-04-24T10:51:06.343-04:00 LOGGER waiting_for_port glob=/dev/cu.usbmodem*
2026-04-24T10:51:08.349-04:00 LOGGER waiting_for_port glob=/dev/cu.usbmodem*
2026-04-24T10:51:10.353-04:00 LOGGER waiting_for_port glob=/dev/cu.usbmodem*
2026-04-24T10:51:12.360-04:00 LOGGER waiting_for_port glob=/dev/cu.usbmodem*
2026-04-24T10:51:14.364-04:00 LOGGER waiting_for_port glob=/dev/cu.usbmodem*
2026-04-24T10:51:16.368-04:00 LOGGER waiting_for_port glob=/dev/cu.usbmodem*
2026-04-24T10:51:18.374-04:00 LOGGER waiting_for_port glob=/dev/cu.usbmodem*
2026-04-24T10:51:20.380-04:00 LOGGER waiting_for_port glob=/dev/cu.usbmodem*
2026-04-24T10:51:22.384-04:00 LOGGER waiting_for_port glob=/dev/cu.usbmodem*
